run,t_s,rho_per_m2,speed_mps,n_in_area
crossing_90_a_01,10.562,0.25,1.02074,1
crossing_90_a_01,11.062,0.25,1.01417,1
crossing_90_a_01,11.562,0.25,0.998974,1
crossing_90_a_01,12.062,0.25,1.02526,1
crossing_90_a_01,13.062,0.25,1.016,1
crossing_90_a_01,13.562,0.25,0.96376,1
crossing_90_a_01,14.062,0.25,0.979664,1
crossing_90_a_01,14.562,0.25,1.00699,1
crossing_90_a_01,16.062,0.25,1.05611,1
crossing_90_a_01,16.562,0.25,1.03005,1
crossing_90_a_01,17.062,0.25,1.04146,1
crossing_90_a_01,18.562,0.25,0.980343,1
crossing_90_a_01,19.062,0.25,0.957673,1
crossing_90_a_01,19.562,0.25,0.903074,1
crossing_90_a_01,20.062,0.5,0.909486,2
crossing_90_a_01,20.562,0.25,0.912428,1
crossing_90_a_01,21.062,0.25,0.871515,1
crossing_90_a_01,21.562,0.25,0.900687,1
crossing_90_a_01,23.062,0.5,0.859241,2
crossing_90_a_01,23.562,0.5,0.85046,2
crossing_90_a_01,24.062,0.5,0.871695,2
crossing_90_a_01,24.562,0.5,0.877492,2
crossing_90_a_01,25.062,0.5,0.883605,2
crossing_90_a_01,26.062,0.25,0.808145,1
crossing_90_a_01,26.562,0.25,0.813343,1
crossing_90_a_01,27.062,0.5,0.751012,2
crossing_90_a_01,27.562,0.5,0.759689,2
crossing_90_a_01,28.062,1.25,0.680261,5
crossing_90_a_01,28.562,1,0.647164,4
crossing_90_a_01,29.062,1.5,0.643735,6
crossing_90_a_01,29.562,1.25,0.655415,5
crossing_90_a_01,30.062,1.25,0.629971,5
crossing_90_a_01,30.562,1.25,0.605616,5
crossing_90_a_01,31.062,1,0.581623,4
crossing_90_a_01,31.562,1.25,0.574603,5
crossing_90_a_01,32.062,1.5,0.653074,6
crossing_90_a_01,32.562,1.25,0.692493,5
crossing_90_a_01,33.062,1,0.705687,4
crossing_90_a_01,33.562,0.75,0.786149,3
crossing_90_a_01,34.062,0.5,0.812263,2
crossing_90_a_01,34.562,0.25,0.795692,1
crossing_90_a_01,35.062,0.25,0.966359,1
crossing_90_a_01,35.562,0.5,0.889025,2
crossing_90_a_01,36.062,1,0.76433,4
crossing_90_a_01,36.562,1.25,0.761553,5
crossing_90_a_01,37.062,1,0.737724,4
crossing_90_a_01,37.562,1,0.784075,4
crossing_90_a_01,38.062,0.75,0.816796,3
crossing_90_a_01,38.562,0.5,0.870179,2
crossing_90_a_01,39.062,0.25,0.732687,1
crossing_90_a_01,39.562,0.25,0.837179,1
crossing_90_a_01,40.062,0.5,0.697393,2
crossing_90_a_01,40.562,0.75,0.800803,3
crossing_90_a_01,41.062,0.75,0.840793,3
crossing_90_a_01,41.562,0.5,0.827711,2
crossing_90_a_01,42.062,0.5,0.834612,2
crossing_90_a_01,42.562,1,0.883254,4
crossing_90_a_01,43.062,0.5,0.881513,2
crossing_90_a_01,43.562,0.75,0.849475,3
crossing_90_a_01,44.062,0.75,0.862927,3
crossing_90_a_01,44.562,1,0.894034,4
crossing_90_a_01,45.062,0.5,0.884094,2
crossing_90_a_01,45.562,1,0.937499,4
crossing_90_a_01,46.062,0.75,0.960764,3
crossing_90_a_01,46.562,0.5,0.991895,2
crossing_90_a_01,47.062,0.5,0.998293,2
crossing_90_a_01,48.062,0.5,1.06355,2
crossing_90_a_01,48.562,0.75,0.946964,3
crossing_90_a_01,49.062,1,0.973667,4
crossing_90_a_01,49.562,0.5,0.823099,2
crossing_90_a_01,50.062,0.5,0.831125,2
crossing_90_a_01,50.562,0.25,0.810514,1
crossing_90_a_01,51.062,0.25,0.862712,1
crossing_90_a_01,51.562,0.25,0.861114,1
crossing_90_a_01,52.062,0.5,0.896892,2
crossing_90_a_01,52.562,0.5,0.908184,2
crossing_90_a_01,53.062,0.5,0.977574,2
crossing_90_a_01,53.562,0.5,0.986212,2
crossing_90_a_01,54.062,0.5,1.00359,2
crossing_90_a_01,54.562,0.25,1.01617,1
crossing_90_a_01,55.562,0.25,0.95559,1
crossing_90_a_01,56.062,0.5,1.02799,2
crossing_90_a_01,56.562,0.5,1.03899,2
crossing_90_a_01,57.062,0.5,1.07826,2
crossing_90_a_01,58.562,0.25,0.976597,1
crossing_90_a_01,59.062,0.25,0.964105,1
crossing_90_a_01,59.562,0.25,0.972764,1
crossing_90_a_01,60.062,0.5,1.04372,2
crossing_90_a_01,60.562,0.25,1.15732,1
crossing_90_a_01,61.062,0.5,1.03972,2
crossing_90_a_01,61.562,0.25,0.900392,1
crossing_90_a_01,62.062,0.5,0.918983,2
crossing_90_a_01,62.562,0.5,0.960864,2
crossing_90_a_01,63.062,0.5,0.936332,2
crossing_90_a_01,63.562,0.5,0.954989,2
crossing_90_a_01,64.062,0.75,0.930255,3
crossing_90_a_01,64.562,0.5,0.969133,2
crossing_90_a_01,65.062,0.5,0.978791,2
crossing_90_a_01,65.562,0.5,0.99526,2
crossing_90_a_01,66.062,1,0.89141,4
crossing_90_a_01,66.562,0.75,0.913187,3
crossing_90_a_01,67.062,0.75,0.934408,3
crossing_90_a_01,67.562,0.5,0.94093,2
crossing_90_a_01,68.062,0.25,0.991581,1
crossing_90_a_01,68.562,0.25,0.994816,1
crossing_90_a_01,69.062,0.5,1.02942,2
crossing_90_a_01,69.562,0.5,1.00113,2
crossing_90_a_01,70.062,0.5,1.00463,2
crossing_90_a_01,70.562,0.75,1.00533,3
crossing_90_a_01,71.062,0.5,1.00188,2
crossing_90_a_01,71.562,0.25,0.968918,1
crossing_90_a_01,72.062,0.5,0.941668,2
crossing_90_a_01,72.562,0.25,0.882221,1
crossing_90_a_01,73.062,0.75,0.927319,3
crossing_90_a_01,73.562,1,0.896686,4
crossing_90_a_01,74.062,1,0.920995,4
crossing_90_a_01,74.562,0.75,0.992852,3
crossing_90_a_01,75.062,0.25,0.956477,1
crossing_90_a_01,75.562,0.5,0.913946,2
crossing_90_a_01,76.062,0.25,0.789713,1
crossing_90_a_01,76.562,0.75,0.845526,3
crossing_90_a_01,77.062,0.75,0.815313,3
crossing_90_a_01,77.562,0.75,0.825539,3
crossing_90_a_01,78.062,0.75,0.868498,3
crossing_90_a_01,78.562,0.5,0.86722,2
crossing_90_a_01,79.062,0.25,0.895182,1
crossing_90_a_01,79.562,0.25,0.908364,1
crossing_90_a_01,80.062,0.5,0.936791,2
crossing_90_a_01,80.562,0.25,0.96419,1
crossing_90_a_01,81.062,0.25,0.979031,1
crossing_90_a_01,81.562,0.25,0.952553,1
crossing_90_a_01,82.062,0.25,1.01133,1
crossing_90_a_01,82.562,0.25,0.995022,1
crossing_90_a_01,83.062,0.5,0.834302,2
crossing_90_a_01,83.562,1,0.804731,4
crossing_90_a_01,84.062,0.75,0.79864,3
crossing_90_a_01,84.562,0.75,0.832453,3
crossing_90_a_01,85.062,0.75,0.869698,3
crossing_90_a_01,85.562,0.25,0.856907,1
crossing_90_a_01,86.062,0.5,0.583616,2
crossing_90_a_01,86.562,0.5,0.49712,2
crossing_90_a_01,87.062,0.5,0.621194,2
crossing_90_a_01,87.562,0.5,0.789378,2
crossing_90_a_01,88.062,0.5,0.899478,2
crossing_90_a_01,88.562,0.25,0.965257,1
crossing_90_a_01,89.062,0.25,0.787205,1
crossing_90_a_01,89.562,0.5,0.937513,2
crossing_90_a_01,90.062,0.75,0.867987,3
crossing_90_a_01,90.562,0.75,0.88241,3
crossing_90_a_01,91.062,1,0.915553,4
crossing_90_a_01,91.562,0.5,0.927173,2
crossing_90_a_01,92.062,1,0.934324,4
crossing_90_a_01,92.562,0.75,0.945926,3
crossing_90_a_01,93.062,0.5,0.970947,2
crossing_90_a_01,93.562,0.5,1.00579,2
crossing_90_a_01,94.062,0.25,0.961544,1
crossing_90_a_01,94.562,0.25,0.84163,1
crossing_90_a_01,95.062,0.25,0.874369,1
crossing_90_a_01,95.562,0.25,0.889076,1
crossing_90_a_01,96.062,0.75,0.882446,3
crossing_90_a_01,96.562,0.75,0.892966,3
crossing_90_a_01,97.062,0.5,0.925558,2
crossing_90_a_01,97.562,0.75,0.963479,3
crossing_90_a_01,98.062,0.75,0.977117,3
crossing_90_a_01,98.562,0.75,1.00524,3
crossing_90_a_01,99.062,0.75,1.00716,3
crossing_90_a_01,99.562,0.5,0.992916,2
crossing_90_a_01,100.062,0.5,0.910198,2
crossing_90_a_01,100.562,0.25,0.802373,1
crossing_90_a_01,101.062,0.5,1.06912,2
crossing_90_a_01,101.562,0.75,0.932701,3
crossing_90_a_01,102.062,0.5,0.923712,2
crossing_90_a_01,102.562,0.75,1.10381,3
crossing_90_a_01,103.062,0.75,1.04761,3
crossing_90_a_01,103.562,0.75,1.05691,3
crossing_90_a_01,104.062,0.25,0.997084,1
crossing_90_a_01,104.562,0.25,0.969415,1
crossing_90_a_01,105.562,0.25,0.944348,1
crossing_90_a_01,106.062,0.25,0.948478,1
crossing_90_a_01,106.562,0.25,1.00949,1
crossing_90_a_01,107.062,0.5,1.06475,2
crossing_90_a_01,107.562,0.5,0.833485,2
crossing_90_a_01,108.062,0.5,0.781864,2
crossing_90_a_01,108.562,0.75,0.752957,3
crossing_90_a_01,109.062,0.5,0.575687,2
crossing_90_a_01,109.562,0.5,0.543835,2
crossing_90_a_01,110.062,0.75,0.666746,3
crossing_90_a_01,110.562,0.75,0.744782,3
crossing_90_a_01,111.062,0.5,0.764584,2
crossing_90_a_01,111.562,0.5,0.814846,2
crossing_90_a_01,112.062,0.25,0.762636,1
crossing_90_a_01,112.562,0.25,0.74829,1
crossing_90_a_01,113.062,0.25,0.736416,1
crossing_90_a_01,113.562,0.75,0.887785,3
crossing_90_a_01,114.062,0.75,0.811898,3
crossing_90_a_01,114.562,1,0.806198,4
crossing_90_a_01,115.062,1,0.809701,4
crossing_90_a_01,115.562,0.75,0.846935,3
crossing_90_a_01,116.062,0.5,0.893596,2
crossing_90_a_01,116.562,0.25,0.878092,1
crossing_90_a_01,117.062,0.25,0.86,1
crossing_90_a_01,117.562,0.5,1.03411,2
crossing_90_a_01,118.062,0.5,0.994374,2
crossing_90_a_01,118.562,0.5,0.984864,2
crossing_90_a_01,119.062,0.25,0.874611,1
crossing_90_a_01,119.562,0.5,0.926431,2
crossing_90_a_01,120.062,0.25,0.878996,1
crossing_90_a_01,120.562,0.5,0.886381,2
crossing_90_a_01,121.062,0.5,0.859199,2
crossing_90_a_01,121.562,0.75,0.833387,3
crossing_90_a_01,122.062,0.5,0.980984,2
crossing_90_a_01,122.562,0.5,0.962234,2
crossing_90_a_01,123.062,0.5,0.963204,2
crossing_90_a_01,123.562,0.5,0.935,2
crossing_90_a_01,124.062,0.5,0.929611,2
crossing_90_a_01,124.562,0.5,0.936212,2
crossing_90_a_01,125.062,0.5,0.895268,2
crossing_90_a_01,125.562,0.75,0.884028,3
crossing_90_a_01,126.062,0.75,0.933192,3
crossing_90_a_01,126.562,0.75,0.951441,3
crossing_90_a_01,127.062,1,0.936724,4
crossing_90_a_01,127.562,0.25,0.907393,1
crossing_90_a_01,128.062,0.25,0.90916,1
crossing_90_a_01,128.562,0.25,0.921918,1
crossing_90_a_01,129.062,0.25,0.926357,1
crossing_90_a_01,130.062,0.25,0.748023,1
crossing_90_a_01,130.562,0.75,0.852094,3
crossing_90_a_01,131.062,1,0.910652,4
crossing_90_a_01,131.562,1,0.894137,4
crossing_90_a_01,132.062,1,0.905368,4
crossing_90_a_01,132.562,1,0.902052,4
crossing_90_a_01,133.062,0.25,0.948754,1
crossing_90_a_01,133.562,0.25,0.961011,1
crossing_90_a_01,134.062,0.5,0.81299,2
crossing_90_a_01,134.562,0.5,0.627597,2
crossing_90_a_01,135.062,0.5,0.642057,2
crossing_90_a_01,135.562,0.75,0.749598,3
crossing_90_a_01,136.062,1,0.810448,4
crossing_90_a_01,136.562,1,0.863783,4
crossing_90_a_01,137.062,0.75,0.898666,3
crossing_90_a_01,137.562,0.5,0.797264,2
crossing_90_a_01,138.062,0.25,0.713081,1
crossing_90_a_01,138.562,0.5,0.874789,2
crossing_90_a_01,139.062,0.75,0.925169,3
crossing_90_a_01,139.562,0.75,0.94051,3
crossing_90_a_01,140.062,0.75,0.975668,3
crossing_90_a_01,140.562,0.25,1.03142,1
crossing_90_a_01,141.562,0.25,1.0757,1
crossing_90_a_01,142.062,0.25,1.11394,1
crossing_90_a_01,142.562,0.5,0.83948,2
crossing_90_a_01,143.062,0.75,0.829113,3
crossing_90_a_01,143.562,0.5,0.581824,2
crossing_90_a_01,144.062,1,0.762674,4
crossing_90_a_01,144.562,1,0.805505,4
crossing_90_a_01,145.062,0.75,0.716919,3
crossing_90_a_01,145.562,1.25,0.744853,5
crossing_90_a_01,146.062,0.75,0.72747,3
crossing_90_a_01,146.562,0.75,0.754521,3
crossing_90_a_01,147.062,0.5,0.825236,2
crossing_90_a_01,147.562,0.25,0.777515,1
crossing_90_a_01,148.062,0.5,0.895551,2
crossing_90_a_01,148.562,0.25,0.988903,1
crossing_90_a_01,149.062,0.25,1.0095,1
crossing_90_a_01,149.562,0.75,0.968811,3
crossing_90_a_01,150.062,0.5,0.948866,2
crossing_90_a_01,150.562,0.5,0.961714,2
crossing_90_a_01,151.062,0.75,0.96807,3
crossing_90_a_01,151.562,0.25,0.89993,1
crossing_90_a_01,152.062,0.25,0.9338,1
crossing_90_a_01,152.562,0.25,0.89523,1
crossing_90_a_01,153.062,0.75,0.843647,3
crossing_90_a_01,153.562,1,0.901108,4
crossing_90_a_01,154.062,1,0.911251,4
crossing_90_a_01,154.562,1,0.936214,4
crossing_90_a_01,155.062,0.5,0.942106,2
crossing_90_a_01,156.062,0.25,0.880822,1
crossing_90_a_01,156.562,0.25,0.943511,1
crossing_90_a_01,157.062,0.5,0.876995,2
crossing_90_a_01,157.562,0.75,0.870811,3
crossing_90_a_01,158.062,0.75,0.795963,3
crossing_90_a_01,158.562,0.75,0.821502,3
crossing_90_a_01,159.062,0.75,0.850261,3
crossing_90_a_01,159.562,0.5,0.849667,2
crossing_90_a_01,160.062,0.5,0.898032,2
crossing_90_a_01,160.562,0.75,0.905166,3
crossing_90_a_01,161.062,0.5,0.8923,2
crossing_90_a_01,161.562,0.5,0.911379,2
crossing_90_a_01,162.062,0.25,0.877006,1
crossing_90_a_01,163.062,0.25,0.740601,1
crossing_90_a_01,163.562,1,0.86253,4
crossing_90_a_01,164.062,1,0.886996,4
crossing_90_a_01,164.562,1,0.916537,4
crossing_90_a_01,165.062,1,0.921028,4
crossing_90_a_01,168.062,0.5,0.827766,2
crossing_90_a_01,168.562,0.75,0.83133,3
crossing_90_a_01,169.062,1,0.888734,4
crossing_90_a_01,169.562,1,0.896554,4
crossing_90_a_01,170.062,1.25,0.917973,5
crossing_90_a_01,170.562,0.5,0.996662,2
crossing_90_a_01,171.062,0.25,0.90192,1
crossing_90_a_01,171.562,0.25,0.935923,1
crossing_90_a_01,172.062,0.25,0.99392,1
crossing_90_a_01,172.562,0.25,1.0547,1
crossing_90_a_01,173.062,0.25,0.995717,1
crossing_90_a_01,173.562,0.25,0.995317,1
crossing_90_a_01,174.062,0.5,0.911785,2
crossing_90_a_01,174.562,0.5,0.920814,2
crossing_90_a_01,175.062,0.5,0.922733,2
crossing_90_a_01,175.562,0.5,0.967898,2
crossing_90_a_01,176.062,0.5,0.969269,2
crossing_90_a_01,176.562,0.25,1.04863,1
crossing_90_a_01,177.062,0.5,1.04081,2
crossing_90_a_01,177.562,0.5,1.00581,2
crossing_90_a_01,178.062,0.25,0.934106,1
crossing_90_a_01,178.562,0.25,0.9193,1
crossing_90_a_01,179.062,0.25,0.879603,1
crossing_90_a_01,179.562,0.25,0.938063,1
crossing_90_a_01,180.062,0.5,0.927565,2
crossing_90_a_01,180.562,0.5,0.913368,2
crossing_90_a_01,181.062,0.25,0.894016,1
crossing_90_a_01,181.562,0.25,0.900007,1
crossing_90_a_01,182.062,0.25,0.738307,1
crossing_90_a_01,182.562,0.5,0.839951,2
crossing_90_a_01,183.062,0.75,0.865867,3
crossing_90_a_01,183.562,0.75,0.902595,3
crossing_90_a_01,184.062,0.75,0.904667,3
crossing_90_a_01,184.562,0.5,0.896708,2
crossing_90_a_01,186.062,0.25,0.816273,1
crossing_90_a_01,186.562,0.75,0.816541,3
crossing_90_a_01,187.062,0.75,0.83308,3
crossing_90_a_01,187.562,0.75,0.837461,3
crossing_90_a_01,188.062,0.75,0.865167,3
crossing_90_a_01,188.562,0.5,0.907212,2
crossing_90_a_01,189.562,0.25,0.842682,1
crossing_90_a_01,190.062,0.5,0.86819,2
crossing_90_a_01,190.562,0.75,0.782092,3
crossing_90_a_01,191.062,0.75,0.768279,3
crossing_90_a_01,191.562,0.75,0.786809,3
crossing_90_a_01,192.062,0.5,0.902623,2
crossing_90_a_01,194.062,0.25,0.749656,1
crossing_90_a_01,194.562,0.5,0.80883,2
crossing_90_a_01,195.062,1,0.798486,4
crossing_90_a_01,195.562,1,0.813373,4
crossing_90_a_01,196.062,1,0.79432,4
crossing_90_a_01,196.562,1,0.670589,4
crossing_90_a_01,197.062,1,0.594501,4
crossing_90_a_01,197.562,0.5,0.264388,2
crossing_90_a_01,198.062,0.5,0.616197,2
crossing_90_a_01,198.562,0.75,0.742141,3
crossing_90_a_01,199.062,0.75,0.88682,3
crossing_90_a_01,199.562,0.75,0.935089,3
crossing_90_a_01,200.062,0.75,0.921506,3
crossing_90_a_01,200.562,0.5,0.973384,2
crossing_90_a_01,201.062,0.25,0.935312,1
crossing_90_a_01,201.562,0.25,0.944726,1
crossing_90_a_01,202.062,0.25,0.872503,1
crossing_90_a_01,202.562,0.25,0.918868,1
crossing_90_a_01,203.062,0.25,0.942288,1
crossing_90_a_01,203.562,0.25,0.971938,1
crossing_90_a_01,204.062,0.25,0.967706,1
crossing_90_a_01,204.562,0.5,0.854158,2
crossing_90_a_01,205.062,0.5,0.821183,2
crossing_90_a_01,205.562,0.75,0.835969,3
crossing_90_a_01,206.062,0.75,0.784768,3
crossing_90_a_01,206.562,1,0.854608,4
crossing_90_a_01,207.062,0.75,0.916051,3
crossing_90_a_01,207.562,0.75,0.916394,3
crossing_90_a_01,208.062,0.75,0.880819,3
crossing_90_a_01,208.562,0.5,0.998799,2
crossing_90_a_01,209.062,0.5,1.00697,2
crossing_90_a_01,209.562,0.5,1.00906,2
crossing_90_a_01,210.062,0.25,0.919665,1
crossing_90_a_01,210.562,0.5,0.916668,2
crossing_90_a_01,211.062,0.5,0.925447,2
crossing_90_a_01,211.562,0.5,0.942869,2
crossing_90_a_01,212.062,0.25,0.991174,1
crossing_90_a_01,213.062,0.25,0.899312,1
crossing_90_a_01,213.562,0.25,0.918684,1
crossing_90_a_01,214.062,0.5,0.900059,2
crossing_90_a_01,214.562,0.75,0.862776,3
crossing_90_a_01,215.062,0.75,0.900544,3
crossing_90_a_01,215.562,0.75,0.878737,3
crossing_90_a_01,216.062,0.75,0.881953,3
crossing_90_a_01,216.562,0.75,0.872863,3
crossing_90_a_01,217.062,0.25,0.917196,1
crossing_90_a_01,217.562,0.25,0.930781,1
crossing_90_a_01,218.062,0.5,0.932502,2
crossing_90_a_01,218.562,0.75,0.956351,3
crossing_90_a_01,219.062,0.5,0.984321,2
crossing_90_a_01,219.562,0.5,1.00586,2
crossing_90_a_01,220.062,0.25,1.12947,1
crossing_90_a_01,220.562,0.25,0.91485,1
crossing_90_a_01,221.062,0.25,0.914305,1
crossing_90_a_01,221.562,0.5,0.984545,2
crossing_90_a_01,222.062,0.5,0.98152,2
crossing_90_a_01,222.562,0.25,0.985312,1
crossing_90_a_01,223.062,0.75,0.856283,3
crossing_90_a_01,223.562,0.5,0.771691,2
crossing_90_a_01,224.062,0.5,0.776492,2
crossing_90_a_01,224.562,0.5,0.807844,2
crossing_90_a_01,225.062,0.75,0.813902,3
crossing_90_a_01,225.562,0.75,0.817667,3
crossing_90_a_01,226.062,0.5,0.864121,2
crossing_90_a_01,226.562,0.5,0.871636,2
crossing_90_a_01,227.062,0.5,0.861972,2
crossing_90_a_01,228.062,0.25,0.796287,1
crossing_90_a_01,228.562,0.75,0.802295,3
crossing_90_a_01,229.062,0.75,0.751754,3
crossing_90_a_01,229.562,1,0.798153,4
crossing_90_a_01,230.062,1,0.752092,4
crossing_90_a_01,230.562,1,0.76827,4
crossing_90_a_01,231.062,0.5,0.796399,2
crossing_90_a_01,231.562,0.25,0.878027,1
crossing_90_a_01,232.062,0.5,1.0087,2
crossing_90_a_01,232.562,0.5,1.031,2
crossing_90_a_01,233.062,0.25,1.06112,1
crossing_90_a_01,233.562,0.5,1.0353,2
crossing_90_a_01,234.062,0.5,0.943398,2
crossing_90_a_01,234.562,0.75,0.911886,3
crossing_90_a_01,235.062,0.75,0.909469,3
crossing_90_a_01,235.562,0.5,0.886374,2
crossing_90_a_01,236.062,0.25,0.875812,1
crossing_90_a_01,236.562,0.25,0.898346,1
crossing_90_a_01,237.062,0.25,0.884837,1
crossing_90_a_01,237.562,0.5,0.860929,2
crossing_90_a_01,238.062,0.5,0.849172,2
crossing_90_a_01,238.562,0.5,0.854026,2
crossing_90_a_01,239.062,0.25,0.789522,1
crossing_90_a_01,239.562,0.5,0.839436,2
crossing_90_a_01,240.062,0.5,0.903846,2
crossing_90_a_01,240.562,0.5,0.904804,2
crossing_90_a_01,241.062,0.5,0.906178,2
crossing_90_a_01,241.562,0.25,0.922946,1
crossing_90_a_01,242.062,0.25,0.92674,1
crossing_90_a_01,242.562,0.25,0.889757,1
crossing_90_a_01,243.062,0.25,0.932566,1
crossing_90_a_01,243.562,0.25,0.904531,1
crossing_90_a_01,244.062,0.25,0.88058,1
crossing_90_a_01,244.562,0.25,0.805489,1
crossing_90_a_01,245.062,1,0.843263,4
crossing_90_a_01,245.562,1,0.85865,4
crossing_90_a_01,246.062,1,0.872361,4
crossing_90_a_01,246.562,0.75,0.881336,3
crossing_90_a_01,247.062,0.25,0.791408,1
crossing_90_a_01,248.562,0.25,0.831006,1
crossing_90_a_01,249.062,0.5,0.80289,2
crossing_90_a_01,249.562,0.75,0.880869,3
crossing_90_a_01,250.062,1,0.879848,4
crossing_90_a_01,250.562,1,0.907641,4
crossing_90_a_01,251.062,0.5,0.882281,2
crossing_90_a_01,251.562,0.25,0.887601,1
crossing_90_a_01,252.562,0.5,0.924586,2
crossing_90_a_01,253.062,0.5,0.926636,2
crossing_90_a_01,253.562,0.5,0.943926,2
crossing_90_a_01,254.062,0.5,0.950229,2
crossing_90_a_01,254.562,0.25,0.974694,1
crossing_90_a_01,255.062,0.25,0.957916,1
crossing_90_a_01,255.562,0.75,0.907227,3
crossing_90_a_01,256.062,0.75,0.907757,3
crossing_90_a_01,256.562,0.75,0.903789,3
crossing_90_a_01,257.062,0.75,0.921126,3
crossing_90_a_01,257.562,0.5,0.897025,2
crossing_90_a_01,258.062,0.25,0.98924,1
crossing_90_a_01,259.562,0.25,0.818326,1
crossing_90_a_01,260.062,0.5,0.760425,2
crossing_90_a_01,260.562,0.75,0.801913,3
crossing_90_a_01,261.062,1,0.859788,4
crossing_90_a_01,261.562,1,0.869817,4
crossing_90_a_01,262.062,0.75,0.891804,3
crossing_90_a_01,262.562,0.25,1.04927,1
crossing_90_a_01,263.062,0.25,0.944928,1
crossing_90_a_01,263.562,0.25,0.938287,1
crossing_90_a_01,264.062,0.25,0.959606,1
crossing_90_a_01,264.562,0.25,0.934681,1
crossing_90_a_01,265.562,0.25,0.796159,1
crossing_90_a_01,266.062,0.5,0.724872,2
crossing_90_a_01,266.562,0.75,0.591671,3
crossing_90_a_01,267.062,0.75,0.460845,3
crossing_90_a_01,267.562,0.75,0.344415,3
crossing_90_a_01,268.062,0.75,0.249718,3
crossing_90_a_01,268.562,0.5,0.0304304,2
crossing_90_a_01,269.062,0.5,0.0175144,2
crossing_90_a_02,10.562,0.25,1.04802,1
crossing_90_a_02,11.062,0.25,0.995364,1
crossing_90_a_02,11.562,0.25,0.969532,1
crossing_90_a_02,12.062,0.25,1.0115,1
crossing_90_a_02,12.562,0.75,0.882914,3
crossing_90_a_02,13.062,1,0.859,4
crossing_90_a_02,13.562,1,0.873831,4
crossing_90_a_02,14.062,1.25,0.843396,5
crossing_90_a_02,14.562,1,0.808218,4
crossing_90_a_02,15.062,0.75,0.784921,3
crossing_90_a_02,15.562,0.75,0.855173,3
crossing_90_a_02,16.062,1,0.892411,4
crossing_90_a_02,16.562,1,0.882521,4
crossing_90_a_02,17.062,1.25,0.875469,5
crossing_90_a_02,17.562,1,0.870043,4
crossing_90_a_02,18.062,1,0.760603,4
crossing_90_a_02,18.562,1.75,0.741751,7
crossing_90_a_02,19.062,1.75,0.635789,7
crossing_90_a_02,19.562,1.75,0.552573,7
crossing_90_a_02,20.062,1.75,0.55969,7
crossing_90_a_02,20.562,2,0.618463,8
crossing_90_a_02,21.062,2.25,0.649282,9
crossing_90_a_02,21.562,2,0.574674,8
crossing_90_a_02,22.062,1.5,0.595675,6
crossing_90_a_02,22.562,1.5,0.587082,6
crossing_90_a_02,23.062,1.5,0.628611,6
crossing_90_a_02,23.562,1.75,0.640218,7
crossing_90_a_02,24.062,1.75,0.581018,7
crossing_90_a_02,24.562,1.75,0.562878,7
crossing_90_a_02,25.062,1.25,0.537458,5
crossing_90_a_02,25.562,1.5,0.555494,6
crossing_90_a_02,26.062,2,0.48149,8
crossing_90_a_02,26.562,1.75,0.452046,7
crossing_90_a_02,27.062,1.75,0.404909,7
crossing_90_a_02,27.562,2.25,0.415305,9
crossing_90_a_02,28.062,2.25,0.426279,9
crossing_90_a_02,28.562,2.25,0.389407,9
crossing_90_a_02,29.062,2.25,0.409726,9
crossing_90_a_02,29.562,2.25,0.461156,9
crossing_90_a_02,30.062,2.25,0.530177,9
crossing_90_a_02,30.562,2.25,0.465746,9
crossing_90_a_02,31.062,2.5,0.501876,10
crossing_90_a_02,31.562,2,0.447186,8
crossing_90_a_02,32.062,2.75,0.387521,11
crossing_90_a_02,32.562,2.75,0.416271,11
crossing_90_a_02,33.062,3,0.445457,12
crossing_90_a_02,33.562,2.75,0.42548,11
crossing_90_a_02,34.062,3.5,0.455858,14
crossing_90_a_02,34.562,2.75,0.441303,11
crossing_90_a_02,35.062,2.75,0.504582,11
crossing_90_a_02,35.562,2.75,0.514725,11
crossing_90_a_02,36.062,2.25,0.539734,9
crossing_90_a_02,36.562,1.75,0.483389,7
crossing_90_a_02,37.062,2.25,0.410119,9
crossing_90_a_02,37.562,2.25,0.429493,9
crossing_90_a_02,38.062,2,0.405405,8
crossing_90_a_02,38.562,2.25,0.402467,9
crossing_90_a_02,39.062,2.5,0.382645,10
crossing_90_a_02,39.562,2.5,0.344998,10
crossing_90_a_02,40.062,2.25,0.321983,9
crossing_90_a_02,40.562,2.25,0.364287,9
crossing_90_a_02,41.062,2.25,0.415815,9
crossing_90_a_02,41.562,2.25,0.413313,9
crossing_90_a_02,42.062,2.25,0.429151,9
crossing_90_a_02,42.562,2.75,0.42023,11
crossing_90_a_02,43.062,2.75,0.399676,11
crossing_90_a_02,43.562,2.75,0.374723,11
crossing_90_a_02,44.062,3.25,0.369956,13
crossing_90_a_02,44.562,3.5,0.421412,14
crossing_90_a_02,45.062,3,0.416227,12
crossing_90_a_02,45.562,2.75,0.417458,11
crossing_90_a_02,46.062,3,0.382389,12
crossing_90_a_02,46.562,2.5,0.368381,10
crossing_90_a_02,47.062,2.25,0.362359,9
crossing_90_a_02,47.562,2.5,0.346849,10
crossing_90_a_02,48.062,2.5,0.351329,10
crossing_90_a_02,48.562,3.25,0.330985,13
crossing_90_a_02,49.062,3.5,0.367202,14
crossing_90_a_02,49.562,2.75,0.382194,11
crossing_90_a_02,50.062,2.75,0.406069,11
crossing_90_a_02,50.562,2.75,0.413355,11
crossing_90_a_02,51.062,1.75,0.315792,7
crossing_90_a_02,51.562,2.5,0.387582,10
crossing_90_a_02,52.062,2,0.323598,8
crossing_90_a_02,52.562,2.75,0.353991,11
crossing_90_a_02,53.062,2.5,0.328547,10
crossing_90_a_02,53.562,3,0.343285,12
crossing_90_a_02,54.062,3.5,0.321808,14
crossing_90_a_02,54.562,3.25,0.289579,13
crossing_90_a_02,55.062,3.75,0.278966,15
crossing_90_a_02,55.562,3.75,0.262865,15
crossing_90_a_02,56.062,3.25,0.308951,13
crossing_90_a_02,56.562,3.5,0.296407,14
crossing_90_a_02,57.062,3.25,0.280469,13
crossing_90_a_02,57.562,3,0.234778,12
crossing_90_a_02,58.062,3,0.244419,12
crossing_90_a_02,58.562,3,0.252474,12
crossing_90_a_02,59.062,2.5,0.268299,10
crossing_90_a_02,59.562,2.5,0.297132,10
crossing_90_a_02,60.062,3.5,0.322256,14
crossing_90_a_02,60.562,3,0.293998,12
crossing_90_a_02,61.062,3,0.339872,12
crossing_90_a_02,61.562,3,0.378972,12
crossing_90_a_02,62.062,3,0.326241,12
crossing_90_a_02,62.562,2.75,0.322806,11
crossing_90_a_02,63.062,3,0.337749,12
crossing_90_a_02,63.562,3,0.336296,12
crossing_90_a_02,64.062,2.5,0.267863,10
crossing_90_a_02,64.562,3,0.277902,12
crossing_90_a_02,65.062,2.75,0.28633,11
crossing_90_a_02,65.562,3,0.340231,12
crossing_90_a_02,66.062,2.75,0.34608,11
crossing_90_a_02,66.562,2.5,0.405389,10
crossing_90_a_02,67.062,2,0.389618,8
crossing_90_a_02,67.562,2.25,0.364444,9
crossing_90_a_02,68.062,2.25,0.364532,9
crossing_90_a_02,68.562,2.5,0.380111,10
crossing_90_a_02,69.062,2,0.340056,8
crossing_90_a_02,69.562,2,0.30807,8
crossing_90_a_02,70.062,2.75,0.379747,11
crossing_90_a_02,70.562,2.5,0.373106,10
crossing_90_a_02,71.062,2.5,0.354061,10
crossing_90_a_02,71.562,2.5,0.36996,10
crossing_90_a_02,72.062,2.5,0.409821,10
crossing_90_a_02,72.562,2.75,0.428295,11
crossing_90_a_02,73.062,2.5,0.439073,10
crossing_90_a_02,73.562,2.25,0.462865,9
crossing_90_a_02,74.062,1.75,0.458924,7
crossing_90_a_02,74.562,2,0.441996,8
crossing_90_a_02,75.062,2,0.434638,8
crossing_90_a_02,75.562,2.25,0.422231,9
crossing_90_a_02,76.062,2.75,0.470632,11
crossing_90_a_02,76.562,2.5,0.496989,10
crossing_90_a_02,77.062,2.25,0.404527,9
crossing_90_a_02,77.562,2.5,0.404832,10
crossing_90_a_02,78.062,2.25,0.425013,9
crossing_90_a_02,78.562,2.25,0.411754,9
crossing_90_a_02,79.062,2.5,0.40621,10
crossing_90_a_02,79.562,3,0.394296,12
crossing_90_a_02,80.062,2.75,0.42592,11
crossing_90_a_02,80.562,2.5,0.339011,10
crossing_90_a_02,81.062,3.25,0.357879,13
crossing_90_a_02,81.562,3.25,0.343375,13
crossing_90_a_02,82.062,3,0.332312,12
crossing_90_a_02,82.562,2.75,0.341572,11
crossing_90_a_02,83.062,3.25,0.348803,13
crossing_90_a_02,83.562,2.75,0.332639,11
crossing_90_a_02,84.062,2.75,0.338299,11
crossing_90_a_02,84.562,2.75,0.351692,11
crossing_90_a_02,85.062,2.25,0.352885,9
crossing_90_a_02,85.562,2.75,0.303644,11
crossing_90_a_02,86.062,2.25,0.266486,9
crossing_90_a_02,86.562,3,0.266089,12
crossing_90_a_02,87.062,2.75,0.264134,11
crossing_90_a_02,87.562,2.75,0.26522,11
crossing_90_a_02,88.062,3.25,0.28841,13
crossing_90_a_02,88.562,3.25,0.30309,13
crossing_90_a_02,89.062,3.25,0.301015,13
crossing_90_a_02,89.562,3,0.301596,12
crossing_90_a_02,90.062,2.75,0.313359,11
crossing_90_a_02,90.562,3.25,0.347852,13
crossing_90_a_02,91.062,2.75,0.342993,11
crossing_90_a_02,91.562,2.75,0.352039,11
crossing_90_a_02,92.062,2.5,0.381783,10
crossing_90_a_02,92.562,3,0.406248,12
crossing_90_a_02,93.062,2.5,0.382775,10
crossing_90_a_02,93.562,2.25,0.419723,9
crossing_90_a_02,94.062,1.75,0.410257,7
crossing_90_a_02,94.562,1.75,0.393595,7
crossing_90_a_02,95.062,1.75,0.367765,7
crossing_90_a_02,95.562,2.75,0.409215,11
crossing_90_a_02,96.062,2,0.32893,8
crossing_90_a_02,96.562,2,0.330072,8
crossing_90_a_02,97.062,2.5,0.380647,10
crossing_90_a_02,97.562,2,0.40497,8
crossing_90_a_02,98.062,2.75,0.362807,11
crossing_90_a_02,98.562,2.75,0.323545,11
crossing_90_a_02,99.062,2.5,0.306277,10
crossing_90_a_02,99.562,2.75,0.289063,11
crossing_90_a_02,100.062,3,0.27803,12
crossing_90_a_02,100.562,2.75,0.277247,11
crossing_90_a_02,101.062,3,0.24799,12
crossing_90_a_02,101.562,3.25,0.229576,13
crossing_90_a_02,102.062,3,0.253013,12
crossing_90_a_02,102.562,3.5,0.331362,14
crossing_90_a_02,103.062,3,0.290189,12
crossing_90_a_02,103.562,3,0.296616,12
crossing_90_a_02,104.062,3.25,0.300676,13
crossing_90_a_02,104.562,3.25,0.307209,13
crossing_90_a_02,105.062,3,0.313908,12
crossing_90_a_02,105.562,3,0.298304,12
crossing_90_a_02,106.062,3,0.262249,12
crossing_90_a_02,106.562,3.25,0.292874,13
crossing_90_a_02,107.062,3,0.323428,12
crossing_90_a_02,107.562,2.25,0.299987,9
crossing_90_a_02,108.062,2.75,0.306845,11
crossing_90_a_02,108.562,3.25,0.312821,13
crossing_90_a_02,109.062,3.25,0.272381,13
crossing_90_a_02,109.562,3.25,0.269762,13
crossing_90_a_02,110.062,3.5,0.28194,14
crossing_90_a_02,110.562,3.25,0.279495,13
crossing_90_a_02,111.062,3,0.309786,12
crossing_90_a_02,111.562,2.75,0.348028,11
crossing_90_a_02,112.062,2.5,0.328759,10
crossing_90_a_02,112.562,2.75,0.361836,11
crossing_90_a_02,113.062,2.5,0.38665,10
crossing_90_a_02,113.562,2.5,0.440947,10
crossing_90_a_02,114.062,2,0.482562,8
crossing_90_a_02,114.562,2.25,0.432052,9
crossing_90_a_02,115.062,2,0.434357,8
crossing_90_a_02,115.562,2,0.386969,8
crossing_90_a_02,116.062,2.5,0.424044,10
crossing_90_a_02,116.562,2,0.412985,8
crossing_90_a_02,117.062,2,0.46636,8
crossing_90_a_02,117.562,2.5,0.506068,10
crossing_90_a_02,118.062,2.25,0.527083,9
crossing_90_a_02,118.562,2,0.497326,8
crossing_90_a_02,119.062,1.75,0.512739,7
crossing_90_a_02,119.562,1.5,0.388757,6
crossing_90_a_02,120.062,1.75,0.399549,7
crossing_90_a_02,120.562,2,0.380186,8
crossing_90_a_02,121.062,2,0.395846,8
crossing_90_a_02,121.562,2.25,0.338993,9
crossing_90_a_02,122.062,2.25,0.335319,9
crossing_90_a_02,122.562,2.25,0.340067,9
crossing_90_a_02,123.062,2,0.308774,8
crossing_90_a_02,123.562,2.25,0.342611,9
crossing_90_a_02,124.062,2.75,0.302865,11
crossing_90_a_02,124.562,2.5,0.255358,10
crossing_90_a_02,125.062,2.75,0.268076,11
crossing_90_a_02,125.562,3.25,0.277314,13
crossing_90_a_02,126.062,3.5,0.301791,14
crossing_90_a_02,126.562,3.5,0.278011,14
crossing_90_a_02,127.062,3.5,0.272817,14
crossing_90_a_02,127.562,3.25,0.28834,13
crossing_90_a_02,128.062,3.25,0.30768,13
crossing_90_a_02,128.562,3,0.291495,12
crossing_90_a_02,129.062,3,0.28757,12
crossing_90_a_02,129.562,3,0.329836,12
crossing_90_a_02,130.062,2.75,0.365671,11
crossing_90_a_02,130.562,2.25,0.328652,9
crossing_90_a_02,131.062,2.5,0.376821,10
crossing_90_a_02,131.562,2.5,0.36501,10
crossing_90_a_02,132.062,2.5,0.38695,10
crossing_90_a_02,132.562,2.25,0.424317,9
crossing_90_a_02,133.062,2.25,0.455092,9
crossing_90_a_02,133.562,1.75,0.432746,7
crossing_90_a_02,134.062,2.25,0.464167,9
crossing_90_a_02,134.562,2.25,0.520917,9
crossing_90_a_02,135.062,1.75,0.511068,7
crossing_90_a_02,135.562,2.5,0.46452,10
crossing_90_a_02,136.062,2,0.424238,8
crossing_90_a_02,136.562,2.25,0.416614,9
crossing_90_a_02,137.062,3,0.407735,12
crossing_90_a_02,137.562,2.5,0.358036,10
crossing_90_a_02,138.062,2.25,0.32126,9
crossing_90_a_02,138.562,3,0.269176,12
crossing_90_a_02,139.062,3,0.22171,12
crossing_90_a_02,139.562,3,0.24424,12
crossing_90_a_02,140.062,3.25,0.281226,13
crossing_90_a_02,140.562,3.25,0.279722,13
crossing_90_a_02,141.062,3.5,0.27125,14
crossing_90_a_02,141.562,3.5,0.241954,14
crossing_90_a_02,142.062,3.5,0.248809,14
crossing_90_a_02,142.562,3.75,0.250968,15
crossing_90_a_02,143.062,4,0.202606,16
crossing_90_a_02,143.562,4,0.211599,16
crossing_90_a_02,144.062,4,0.196943,16
crossing_90_a_02,144.562,4.25,0.174377,17
crossing_90_a_02,145.062,4.25,0.158255,17
crossing_90_a_02,145.562,4.5,0.193094,18
crossing_90_a_02,146.062,4.25,0.222777,17
crossing_90_a_02,146.562,3.5,0.19618,14
crossing_90_a_02,147.062,3.75,0.234051,15
crossing_90_a_02,147.562,3.75,0.238412,15
crossing_90_a_02,148.062,3.75,0.224916,15
crossing_90_a_02,148.562,3.5,0.221289,14
crossing_90_a_02,149.062,4,0.244791,16
crossing_90_a_02,149.562,4,0.204846,16
crossing_90_a_02,150.062,4,0.217885,16
crossing_90_a_02,150.562,4,0.24572,16
crossing_90_a_02,151.062,3.5,0.22321,14
crossing_90_a_02,151.562,3.5,0.279891,14
crossing_90_a_02,152.062,3.25,0.24386,13
crossing_90_a_02,152.562,4,0.239149,16
crossing_90_a_02,153.062,4,0.247373,16
crossing_90_a_02,153.562,3.75,0.226875,15
crossing_90_a_02,154.062,3.75,0.252559,15
crossing_90_a_02,154.562,3.75,0.250818,15
crossing_90_a_02,155.062,3.25,0.222412,13
crossing_90_a_02,155.562,3.75,0.210432,15
crossing_90_a_02,156.062,5,0.206956,20
crossing_90_a_02,156.562,4.5,0.19422,18
crossing_90_a_02,157.062,4.25,0.209057,17
crossing_90_a_02,157.562,4,0.211765,16
crossing_90_a_02,158.062,4.25,0.229512,17
crossing_90_a_02,158.562,4.25,0.250736,17
crossing_90_a_02,159.062,3.5,0.214419,14
crossing_90_a_02,159.562,3.75,0.244986,15
crossing_90_a_02,160.062,3.5,0.233127,14
crossing_90_a_02,160.562,4,0.236396,16
crossing_90_a_02,161.062,3.75,0.237775,15
crossing_90_a_02,161.562,4.25,0.244362,17
crossing_90_a_02,162.062,4,0.244354,16
crossing_90_a_02,162.562,3.75,0.263812,15
crossing_90_a_02,163.062,3.75,0.275918,15
crossing_90_a_02,163.562,4.5,0.28693,18
crossing_90_a_02,164.062,3.75,0.248007,15
crossing_90_a_02,164.562,3.5,0.298249,14
crossing_90_a_02,165.062,3.5,0.285679,14
crossing_90_a_02,165.562,3.25,0.28214,13
crossing_90_a_02,166.062,3.25,0.281088,13
crossing_90_a_02,166.562,3.25,0.290091,13
crossing_90_a_02,167.062,3.5,0.297618,14
crossing_90_a_02,167.562,3,0.257128,12
crossing_90_a_02,168.062,4,0.225519,16
crossing_90_a_02,168.562,3.75,0.183311,15
crossing_90_a_02,169.062,3.75,0.16505,15
crossing_90_a_02,169.562,3.25,0.106318,13
crossing_90_a_02,170.062,3.25,0.105104,13
crossing_90_a_02,170.562,3.5,0.0654963,14
crossing_90_a_02,171.062,3.75,0.0553013,15
crossing_90_a_02,171.562,3.5,0.0458234,14
crossing_90_a_02,172.062,3.75,0.0445475,15
crossing_90_a_02,172.562,3.25,0.0234861,13
crossing_90_a_02,173.062,3.5,0.027506,14
crossing_90_a_02,173.562,3.75,0.0612349,15
crossing_90_a_02,174.062,3.5,0.103315,14
crossing_90_a_02,174.562,3,0.124127,12
crossing_90_a_02,175.062,2.75,0.115665,11
crossing_90_a_02,175.562,3,0.166082,12
crossing_90_a_02,176.062,3.25,0.179812,13
crossing_90_a_02,176.562,3.25,0.208673,13
crossing_90_a_02,177.062,3.75,0.215246,15
crossing_90_a_02,177.562,3.75,0.176919,15
crossing_90_a_02,178.062,3.5,0.177724,14
crossing_90_a_02,178.562,3.5,0.201591,14
crossing_90_a_02,179.062,3.75,0.19619,15
crossing_90_a_02,179.562,4,0.204774,16
crossing_90_a_02,180.062,4.25,0.226349,17
crossing_90_a_02,180.562,4,0.211606,16
crossing_90_a_02,181.062,4.25,0.227093,17
crossing_90_a_02,181.562,3.75,0.222153,15
crossing_90_a_02,182.062,3.5,0.218016,14
crossing_90_a_02,182.562,3.25,0.208477,13
crossing_90_a_02,183.062,3.5,0.240226,14
crossing_90_a_02,183.562,3,0.201546,12
crossing_90_a_02,184.062,3.25,0.234939,13
crossing_90_a_02,184.562,3.5,0.257782,14
crossing_90_a_02,185.062,2.75,0.246707,11
crossing_90_a_02,185.562,3,0.235995,12
crossing_90_a_02,186.062,3.25,0.261058,13
crossing_90_a_02,186.562,3.75,0.24953,15
crossing_90_a_02,187.062,3.25,0.215907,13
crossing_90_a_02,187.562,3.25,0.204389,13
crossing_90_a_02,188.062,3,0.252987,12
crossing_90_a_02,188.562,3,0.237266,12
crossing_90_a_02,189.062,3.25,0.241787,13
crossing_90_a_02,189.562,3.75,0.218346,15
crossing_90_a_02,190.062,3.5,0.212117,14
crossing_90_a_02,190.562,3.75,0.225233,15
crossing_90_a_02,191.062,4,0.272668,16
crossing_90_a_02,191.562,3.75,0.221393,15
crossing_90_a_02,192.062,3.75,0.231574,15
crossing_90_a_02,192.562,4,0.257506,16
crossing_90_a_02,193.062,3.25,0.265374,13
crossing_90_a_02,193.562,3,0.228952,12
crossing_90_a_02,194.062,2.75,0.286194,11
crossing_90_a_02,194.562,2.5,0.275675,10
crossing_90_a_02,195.062,2.75,0.283397,11
crossing_90_a_02,195.562,2.25,0.279494,9
crossing_90_a_02,196.062,3,0.280121,12
crossing_90_a_02,196.562,3,0.300211,12
crossing_90_a_02,197.062,2.5,0.224363,10
crossing_90_a_02,197.562,2.5,0.237385,10
crossing_90_a_02,198.062,2.5,0.25319,10
crossing_90_a_02,198.562,2.75,0.272177,11
crossing_90_a_02,199.062,2.75,0.288396,11
crossing_90_a_02,199.562,2.5,0.284072,10
crossing_90_a_02,200.062,2.25,0.277553,9
crossing_90_a_02,200.562,2.5,0.344307,10
crossing_90_a_02,201.062,2,0.403948,8
crossing_90_a_02,201.562,2.25,0.444848,9
crossing_90_a_02,202.062,2.25,0.445264,9
crossing_90_a_02,202.562,1.5,0.439692,6
crossing_90_a_02,203.062,1.25,0.428292,5
crossing_90_a_02,203.562,1.5,0.484146,6
crossing_90_a_02,204.062,2,0.49626,8
crossing_90_a_02,204.562,1.5,0.467287,6
crossing_90_a_02,205.062,1.25,0.488958,5
crossing_90_a_02,205.562,1,0.509689,4
crossing_90_a_02,206.062,1.25,0.599869,5
crossing_90_a_02,206.562,1,0.672883,4
crossing_90_a_02,207.062,0.5,0.811584,2
crossing_90_a_02,207.562,0.25,0.98401,1
crossing_90_a_02,208.562,0.25,0.732564,1
crossing_90_a_02,209.062,0.25,0.830291,1
crossing_90_a_02,209.562,0.25,0.838329,1
crossing_90_a_02,210.062,0.25,0.881842,1
crossing_90_a_02,210.562,0.25,0.913996,1
crossing_90_a_03,8.25,0.25,1.30947,1
crossing_90_a_03,8.75,0.25,1.2571,1
crossing_90_a_03,9.25,0.25,1.22067,1
crossing_90_a_03,9.75,0.5,1.182,2
crossing_90_a_03,10.25,0.25,1.18307,1
crossing_90_a_03,10.75,0.75,0.984492,3
crossing_90_a_03,11.25,0.75,1.09421,3
crossing_90_a_03,11.75,0.5,1.03657,2
crossing_90_a_03,12.25,0.75,0.999943,3
crossing_90_a_03,12.75,0.5,0.984446,2
crossing_90_a_03,13.25,1,0.915137,4
crossing_90_a_03,13.75,1.25,0.948988,5
crossing_90_a_03,14.25,1,0.971582,4
crossing_90_a_03,14.75,1.25,0.921605,5
crossing_90_a_03,15.25,1.25,0.813069,5
crossing_90_a_03,15.75,1.5,0.796434,6
crossing_90_a_03,16.25,1,0.832056,4
crossing_90_a_03,16.75,1.25,0.819354,5
crossing_90_a_03,17.25,1.25,0.778141,5
crossing_90_a_03,17.75,0.75,0.706907,3
crossing_90_a_03,18.25,1.5,0.743647,6
crossing_90_a_03,18.75,1.5,0.728647,6
crossing_90_a_03,19.25,1.5,0.695793,6
crossing_90_a_03,19.75,1.5,0.708716,6
crossing_90_a_03,20.25,1.5,0.618091,6
crossing_90_a_03,20.75,2,0.60689,8
crossing_90_a_03,21.25,2,0.549906,8
crossing_90_a_03,21.75,1.75,0.5091,7
crossing_90_a_03,22.25,2,0.48567,8
crossing_90_a_03,22.75,2,0.499769,8
crossing_90_a_03,23.25,2,0.514678,8
crossing_90_a_03,23.75,2,0.458624,8
crossing_90_a_03,24.25,2.5,0.545123,10
crossing_90_a_03,24.75,2.5,0.538607,10
crossing_90_a_03,25.25,2,0.587961,8
crossing_90_a_03,25.75,1.75,0.555027,7
crossing_90_a_03,26.25,1.75,0.51671,7
crossing_90_a_03,26.75,1.75,0.56232,7
crossing_90_a_03,27.25,1.75,0.532912,7
crossing_90_a_03,27.75,1.75,0.555447,7
crossing_90_a_03,28.25,1,0.575253,4
crossing_90_a_03,28.75,2,0.504442,8
crossing_90_a_03,29.25,1.75,0.470503,7
crossing_90_a_03,29.75,1.5,0.443284,6
crossing_90_a_03,30.25,2.25,0.456709,9
crossing_90_a_03,30.75,2.5,0.448605,10
crossing_90_a_03,31.25,2.5,0.421592,10
crossing_90_a_03,31.75,2.5,0.421287,10
crossing_90_a_03,32.25,2.25,0.422569,9
crossing_90_a_03,32.75,1.75,0.420049,7
crossing_90_a_03,33.25,2,0.461897,8
crossing_90_a_03,33.75,2,0.479227,8
crossing_90_a_03,34.25,2,0.451982,8
crossing_90_a_03,34.75,2,0.42182,8
crossing_90_a_03,35.25,2.5,0.443605,10
crossing_90_a_03,35.75,2.25,0.408727,9
crossing_90_a_03,36.25,2.5,0.418163,10
crossing_90_a_03,36.75,2.75,0.433236,11
crossing_90_a_03,37.25,2.5,0.432057,10
crossing_90_a_03,37.75,2.5,0.452521,10
crossing_90_a_03,38.25,2.5,0.423096,10
crossing_90_a_03,38.75,2.75,0.378025,11
crossing_90_a_03,39.25,2.25,0.364041,9
crossing_90_a_03,39.75,2.5,0.395453,10
crossing_90_a_03,40.25,2.75,0.440207,11
crossing_90_a_03,40.75,2.25,0.467966,9
crossing_90_a_03,41.25,2.25,0.399343,9
crossing_90_a_03,41.75,2.5,0.388624,10
crossing_90_a_03,42.25,3,0.352458,12
crossing_90_a_03,42.75,3,0.319288,12
crossing_90_a_03,43.25,3,0.320446,12
crossing_90_a_03,43.75,3,0.271237,12
crossing_90_a_03,44.25,3.25,0.282286,13
crossing_90_a_03,44.75,3,0.290034,12
crossing_90_a_03,45.25,2.5,0.278297,10
crossing_90_a_03,45.75,3,0.356059,12
crossing_90_a_03,46.25,3,0.332498,12
crossing_90_a_03,46.75,3,0.338432,12
crossing_90_a_03,47.25,2.75,0.347518,11
crossing_90_a_03,47.75,2.5,0.285473,10
crossing_90_a_03,48.25,3.25,0.32263,13
crossing_90_a_03,48.75,3,0.368925,12
crossing_90_a_03,49.25,3,0.351785,12
crossing_90_a_03,49.75,3,0.349463,12
crossing_90_a_03,50.25,2.75,0.351155,11
crossing_90_a_03,50.75,2.5,0.385243,10
crossing_90_a_03,51.25,2.5,0.359128,10
crossing_90_a_03,51.75,3,0.367074,12
crossing_90_a_03,52.25,3,0.372776,12
crossing_90_a_03,52.75,3,0.365026,12
crossing_90_a_03,53.25,2.75,0.352474,11
crossing_90_a_03,53.75,2.5,0.300248,10
crossing_90_a_03,54.25,3,0.319994,12
crossing_90_a_03,54.75,2.75,0.321713,11
crossing_90_a_03,55.25,2.75,0.323839,11
crossing_90_a_03,55.75,3.25,0.311261,13
crossing_90_a_03,56.25,3.25,0.30971,13
crossing_90_a_03,56.75,3.25,0.286349,13
crossing_90_a_03,57.25,3.25,0.288793,13
crossing_90_a_03,57.75,3,0.292505,12
crossing_90_a_03,58.25,2.75,0.290998,11
crossing_90_a_03,58.75,3,0.314849,12
crossing_90_a_03,59.25,3,0.31223,12
crossing_90_a_03,59.75,3,0.278559,12
crossing_90_a_03,60.25,3.25,0.257628,13
crossing_90_a_03,60.75,3.75,0.236559,15
crossing_90_a_03,61.25,3.25,0.207449,13
crossing_90_a_03,61.75,3.5,0.216225,14
crossing_90_a_03,62.25,3.75,0.217466,15
crossing_90_a_03,62.75,4.25,0.220318,17
crossing_90_a_03,63.25,4.25,0.220319,17
crossing_90_a_03,63.75,4,0.235076,16
crossing_90_a_03,64.25,4,0.248854,16
crossing_90_a_03,64.75,3.5,0.216833,14
crossing_90_a_03,65.25,3.75,0.218244,15
crossing_90_a_03,65.75,3.25,0.180263,13
crossing_90_a_03,66.25,3.75,0.226323,15
crossing_90_a_03,66.75,3.75,0.274145,15
crossing_90_a_03,67.25,3,0.228774,12
crossing_90_a_03,67.75,3,0.207365,12
crossing_90_a_03,68.25,3.25,0.247175,13
crossing_90_a_03,68.75,2.75,0.254365,11
crossing_90_a_03,69.25,3,0.23543,12
crossing_90_a_03,69.75,3,0.233883,12
crossing_90_a_03,70.25,3.25,0.223325,13
crossing_90_a_03,70.75,3.75,0.225846,15
crossing_90_a_03,71.25,3.5,0.209536,14
crossing_90_a_03,71.75,3.75,0.187474,15
crossing_90_a_03,72.25,3.75,0.193689,15
crossing_90_a_03,72.75,3.75,0.190871,15
crossing_90_a_03,73.25,3.75,0.197342,15
crossing_90_a_03,73.75,3.75,0.16677,15
crossing_90_a_03,74.25,4.25,0.194441,17
crossing_90_a_03,74.75,4.5,0.186685,18
crossing_90_a_03,75.25,4.25,0.20507,17
crossing_90_a_03,75.75,4,0.217174,16
crossing_90_a_03,76.25,4,0.219628,16
crossing_90_a_03,76.75,3.75,0.202655,15
crossing_90_a_03,77.25,4,0.20395,16
crossing_90_a_03,77.75,4,0.203623,16
crossing_90_a_03,78.25,4,0.206656,16
crossing_90_a_03,78.75,4,0.177562,16
crossing_90_a_03,79.25,4.25,0.16964,17
crossing_90_a_03,79.75,4.5,0.178278,18
crossing_90_a_03,80.25,4.5,0.172126,18
crossing_90_a_03,80.75,4.25,0.176571,17
crossing_90_a_03,81.25,4.5,0.199506,18
crossing_90_a_03,81.75,4.5,0.203379,18
crossing_90_a_03,82.25,4.5,0.197941,18
crossing_90_a_03,82.75,4.5,0.241587,18
crossing_90_a_03,83.25,5,0.217732,20
crossing_90_a_03,83.75,4.25,0.198493,17
crossing_90_a_03,84.25,4.75,0.241367,19
crossing_90_a_03,84.75,4.5,0.260894,18
crossing_90_a_03,85.25,3.75,0.243137,15
crossing_90_a_03,85.75,4,0.263052,16
crossing_90_a_03,86.25,3.75,0.247893,15
crossing_90_a_03,86.75,3.75,0.267173,15
crossing_90_a_03,87.25,3.75,0.23495,15
crossing_90_a_03,87.75,4,0.248296,16
crossing_90_a_03,88.25,4,0.225303,16
crossing_90_a_03,88.75,4.25,0.200586,17
crossing_90_a_03,89.25,4.75,0.183288,19
crossing_90_a_03,89.75,4.75,0.177674,19
crossing_90_a_03,90.25,5,0.191159,20
crossing_90_a_03,90.75,4.75,0.190585,19
crossing_90_a_03,91.25,4.5,0.198135,18
crossing_90_a_03,91.75,4.25,0.196095,17
crossing_90_a_03,92.25,4.5,0.1936,18
crossing_90_a_03,92.75,4,0.198664,16
crossing_90_a_03,93.25,4.25,0.176994,17
crossing_90_a_03,93.75,4,0.190861,16
crossing_90_a_03,94.25,4.25,0.182625,17
crossing_90_a_03,94.75,4.25,0.18612,17
crossing_90_a_03,95.25,4.25,0.1948,17
crossing_90_a_03,95.75,4.5,0.187339,18
crossing_90_a_03,96.25,4.75,0.147494,19
crossing_90_a_03,96.75,5,0.130177,20
crossing_90_a_03,97.25,5,0.157383,20
crossing_90_a_03,97.75,4.75,0.182138,19
crossing_90_a_03,98.25,4,0.136015,16
crossing_90_a_03,98.75,4.25,0.126289,17
crossing_90_a_03,99.25,4.25,0.142465,17
crossing_90_a_03,99.75,4.25,0.167328,17
crossing_90_a_03,100.25,4.5,0.155335,18
crossing_90_a_03,100.75,4,0.133149,16
crossing_90_a_03,101.25,4.25,0.157317,17
crossing_90_a_03,101.75,4.5,0.150564,18
crossing_90_a_03,102.25,4.25,0.137991,17
crossing_90_a_03,102.75,4.25,0.142109,17
crossing_90_a_03,103.25,3.75,0.148069,15
crossing_90_a_03,103.75,4,0.189046,16
crossing_90_a_03,104.25,4,0.218914,16
crossing_90_a_03,104.75,3.75,0.193718,15
crossing_90_a_03,105.25,4,0.2067,16
crossing_90_a_03,105.75,4.5,0.216556,18
crossing_90_a_03,106.25,4.25,0.179829,17
crossing_90_a_03,106.75,4,0.16633,16
crossing_90_a_03,107.25,4.75,0.156081,19
crossing_90_a_03,107.75,5,0.148469,20
crossing_90_a_03,108.25,5.25,0.182406,21
crossing_90_a_03,108.75,5,0.174752,20
crossing_90_a_03,109.25,4.75,0.170887,19
crossing_90_a_03,109.75,5,0.182599,20
crossing_90_a_03,110.25,5,0.185638,20
crossing_90_a_03,110.75,4.75,0.166075,19
crossing_90_a_03,111.25,4.5,0.170376,18
crossing_90_a_03,111.75,5,0.195449,20
crossing_90_a_03,112.25,4.25,0.175259,17
crossing_90_a_03,112.75,4.5,0.162662,18
crossing_90_a_03,113.25,4.25,0.148396,17
crossing_90_a_03,113.75,4.5,0.159728,18
crossing_90_a_03,114.25,4.5,0.14614,18
crossing_90_a_03,114.75,5.25,0.154674,21
crossing_90_a_03,115.25,5,0.131047,20
crossing_90_a_03,115.75,5,0.151721,20
crossing_90_a_03,116.25,5,0.170619,20
crossing_90_a_03,116.75,4.75,0.17057,19
crossing_90_a_03,117.25,4.5,0.178451,18
crossing_90_a_03,117.75,4.5,0.188574,18
crossing_90_a_03,118.25,4.5,0.188305,18
crossing_90_a_03,118.75,3.75,0.183502,15
crossing_90_a_03,119.25,4,0.206679,16
crossing_90_a_03,119.75,3.75,0.164422,15
crossing_90_a_03,120.25,3.75,0.173155,15
crossing_90_a_03,120.75,4,0.196554,16
crossing_90_a_03,121.25,4.25,0.191871,17
crossing_90_a_03,121.75,4.5,0.212629,18
crossing_90_a_03,122.25,4.75,0.255986,19
crossing_90_a_03,122.75,4.5,0.25117,18
crossing_90_a_03,123.25,4,0.227851,16
crossing_90_a_03,123.75,3.75,0.228333,15
crossing_90_a_03,124.25,3.5,0.239897,14
crossing_90_a_03,124.75,3.25,0.26477,13
crossing_90_a_03,125.25,2.5,0.258658,10
crossing_90_a_03,125.75,2.75,0.34002,11
crossing_90_a_03,126.25,2.5,0.333434,10
crossing_90_a_03,126.75,2.25,0.357409,9
crossing_90_a_03,127.25,2.25,0.374174,9
crossing_90_a_03,127.75,1.75,0.327493,7
crossing_90_a_03,128.25,1.75,0.40051,7
crossing_90_a_03,128.75,1.5,0.465824,6
crossing_90_a_03,129.25,1.75,0.452285,7
crossing_90_a_03,129.75,1.5,0.445621,6
crossing_90_a_03,130.25,1.5,0.435545,6
crossing_90_a_03,130.75,2.25,0.439562,9
crossing_90_a_03,131.25,2.5,0.416381,10
crossing_90_a_03,131.75,1.75,0.390515,7
crossing_90_a_03,132.25,2,0.415059,8
crossing_90_a_03,132.75,2,0.408248,8
crossing_90_a_03,133.25,2,0.446646,8
crossing_90_a_03,133.75,2.25,0.400173,9
crossing_90_a_03,134.25,2,0.387317,8
crossing_90_a_03,134.75,2.25,0.408745,9
crossing_90_a_03,135.25,2,0.413808,8
crossing_90_a_03,135.75,1.75,0.445102,7
crossing_90_a_03,136.25,2,0.491445,8
crossing_90_a_03,136.75,1.75,0.465835,7
crossing_90_a_03,137.25,1.75,0.538887,7
crossing_90_a_03,137.75,1.5,0.591182,6
crossing_90_a_03,138.25,1.5,0.594091,6
crossing_90_a_03,138.75,1.25,0.615598,5
crossing_90_a_03,139.25,0.75,0.614842,3
crossing_90_a_03,139.75,1,0.546709,4
crossing_90_a_03,140.25,0.75,0.579112,3
crossing_90_a_03,140.75,1,0.586981,4
crossing_90_a_03,141.25,1,0.615908,4
crossing_90_a_03,141.75,0.75,0.62208,3
crossing_90_a_03,142.25,1,0.632002,4
crossing_90_a_03,142.75,1.25,0.67067,5
crossing_90_a_03,143.25,0.75,0.736592,3
crossing_90_a_03,143.75,0.5,0.767899,2
crossing_90_a_03,144.25,0.5,0.777075,2
crossing_90_a_03,144.75,0.5,0.751281,2
crossing_90_a_04,12.188,0.25,1.01732,1
crossing_90_a_04,12.688,0.75,0.883409,3
crossing_90_a_04,13.188,1.25,0.91686,5
crossing_90_a_04,13.688,1.5,0.882848,6
crossing_90_a_04,14.188,1.75,0.780458,7
crossing_90_a_04,14.688,1.5,0.731333,6
crossing_90_a_04,15.188,1.5,0.701173,6
crossing_90_a_04,15.688,2,0.567112,8
crossing_90_a_04,16.188,1.75,0.506156,7
crossing_90_a_04,16.688,2.5,0.440137,10
crossing_90_a_04,17.188,2.75,0.41002,11
crossing_90_a_04,17.688,2.5,0.373476,10
crossing_90_a_04,18.188,2.75,0.3472,11
crossing_90_a_04,18.688,2.5,0.34273,10
crossing_90_a_04,19.188,2.5,0.349358,10
crossing_90_a_04,19.688,2.5,0.349447,10
crossing_90_a_04,20.188,3,0.344499,12
crossing_90_a_04,20.688,3.25,0.355591,13
crossing_90_a_04,21.188,3,0.308331,12
crossing_90_a_04,21.688,3.25,0.32007,13
crossing_90_a_04,22.188,3.25,0.328462,13
crossing_90_a_04,22.688,3.25,0.290218,13
crossing_90_a_04,23.188,3.5,0.287031,14
crossing_90_a_04,23.688,3.5,0.280763,14
crossing_90_a_04,24.188,3.75,0.272014,15
crossing_90_a_04,24.688,3.25,0.24616,13
crossing_90_a_04,25.188,3.75,0.260124,15
crossing_90_a_04,25.688,3.75,0.248538,15
crossing_90_a_04,26.188,3.75,0.263307,15
crossing_90_a_04,26.688,3.5,0.23003,14
crossing_90_a_04,27.188,4,0.230821,16
crossing_90_a_04,27.688,3.75,0.243275,15
crossing_90_a_04,28.188,4.25,0.236676,17
crossing_90_a_04,28.688,4,0.243489,16
crossing_90_a_04,29.188,4.5,0.24296,18
crossing_90_a_04,29.688,4,0.208266,16
crossing_90_a_04,30.188,4,0.201203,16
crossing_90_a_04,30.688,4,0.168866,16
crossing_90_a_04,31.188,4.5,0.193067,18
crossing_90_a_04,31.688,4.25,0.221788,17
crossing_90_a_04,32.188,4.5,0.203851,18
crossing_90_a_04,32.688,4.25,0.177383,17
crossing_90_a_04,33.188,4.75,0.169743,19
crossing_90_a_04,33.688,4.75,0.173602,19
crossing_90_a_04,34.188,4.75,0.173809,19
crossing_90_a_04,34.688,5,0.158442,20
crossing_90_a_04,35.188,5.25,0.155118,21
crossing_90_a_04,35.688,5,0.165949,20
crossing_90_a_04,36.188,5.25,0.150655,21
crossing_90_a_04,36.688,5.25,0.140587,21
crossing_90_a_04,37.188,5.25,0.151375,21
crossing_90_a_04,37.688,5,0.178762,20
crossing_90_a_04,38.188,5.25,0.175414,21
crossing_90_a_04,38.688,5,0.159201,20
crossing_90_a_04,39.188,5.25,0.172247,21
crossing_90_a_04,39.688,5.75,0.168751,23
crossing_90_a_04,40.188,5.5,0.144972,22
crossing_90_a_04,40.688,5.5,0.169688,22
crossing_90_a_04,41.188,5,0.18524,20
crossing_90_a_04,41.688,4.75,0.15845,19
crossing_90_a_04,42.188,4.5,0.166809,18
crossing_90_a_04,42.688,4.5,0.171083,18
crossing_90_a_04,43.188,4.75,0.146195,19
crossing_90_a_04,43.688,5.5,0.147074,22
crossing_90_a_04,44.188,6,0.156742,24
crossing_90_a_04,44.688,6.25,0.156521,25
crossing_90_a_04,45.188,6.25,0.12635,25
crossing_90_a_04,45.688,6.5,0.134605,26
crossing_90_a_04,46.188,6.5,0.122929,26
crossing_90_a_04,46.688,7,0.122868,28
crossing_90_a_04,47.188,6.5,0.134782,26
crossing_90_a_04,47.688,6.25,0.141333,25
crossing_90_a_04,48.188,6,0.130412,24
crossing_90_a_04,48.688,6.25,0.136674,25
crossing_90_a_04,49.188,6.25,0.135289,25
crossing_90_a_04,49.688,6.5,0.123132,26
crossing_90_a_04,50.188,6.75,0.1413,27
crossing_90_a_04,50.688,6.25,0.129017,25
crossing_90_a_04,51.188,6.5,0.123254,26
crossing_90_a_04,51.688,6.25,0.138407,25
crossing_90_a_04,52.188,6.25,0.129686,25
crossing_90_a_04,52.688,6.25,0.136537,25
crossing_90_a_04,53.188,6.75,0.137639,27
crossing_90_a_04,53.688,6.25,0.134377,25
crossing_90_a_04,54.188,6,0.138894,24
crossing_90_a_04,54.688,6,0.136724,24
crossing_90_a_04,55.188,5.75,0.148294,23
crossing_90_a_04,55.688,5.5,0.140095,22
crossing_90_a_04,56.188,5.25,0.15554,21
crossing_90_a_04,56.688,4.75,0.150796,19
crossing_90_a_04,57.188,5,0.149156,20
crossing_90_a_04,57.688,5,0.140448,20
crossing_90_a_04,58.188,5.25,0.137838,21
crossing_90_a_04,58.688,5.5,0.130667,22
crossing_90_a_04,59.188,5.5,0.142434,22
crossing_90_a_04,59.688,5.25,0.14558,21
crossing_90_a_04,60.188,4.5,0.131864,18
crossing_90_a_04,60.688,4.5,0.12839,18
crossing_90_a_04,61.188,4.5,0.123169,18
crossing_90_a_04,61.688,4.75,0.125314,19
crossing_90_a_04,62.188,5,0.147858,20
crossing_90_a_04,62.688,4.5,0.150355,18
crossing_90_a_04,63.188,4.5,0.131841,18
crossing_90_a_04,63.688,4.75,0.11736,19
crossing_90_a_04,64.188,4.5,0.111726,18
crossing_90_a_04,64.688,4.5,0.117724,18
crossing_90_a_04,65.188,4.75,0.142005,19
crossing_90_a_04,65.688,4.25,0.117585,17
crossing_90_a_04,66.188,4,0.140049,16
crossing_90_a_04,66.688,4.25,0.155938,17
crossing_90_a_04,67.188,3.75,0.148055,15
crossing_90_a_04,67.688,3.25,0.14612,13
crossing_90_a_04,68.188,3.75,0.150131,15
crossing_90_a_04,68.688,4,0.149842,16
crossing_90_a_04,69.188,4.75,0.128859,19
crossing_90_a_04,69.688,4.75,0.126205,19
crossing_90_a_04,70.188,4,0.151439,16
crossing_90_a_04,70.688,3.75,0.154875,15
crossing_90_a_04,71.188,4.25,0.150527,17
crossing_90_a_04,71.688,4,0.115758,16
crossing_90_a_04,72.188,4.25,0.120135,17
crossing_90_a_04,72.688,4.5,0.158578,18
crossing_90_a_04,73.188,4.25,0.153759,17
crossing_90_a_04,73.688,4.25,0.133109,17
crossing_90_a_04,74.188,5.25,0.113408,21
crossing_90_a_04,74.688,5.25,0.121001,21
crossing_90_a_04,75.188,5.5,0.122183,22
crossing_90_a_04,75.688,6.25,0.107233,25
crossing_90_a_04,76.188,5.75,0.0830926,23
crossing_90_a_04,76.688,5.75,0.0959265,23
crossing_90_a_04,77.188,6,0.101349,24
crossing_90_a_04,77.688,6,0.0897582,24
crossing_90_a_04,78.188,5.75,0.0936493,23
crossing_90_a_04,78.688,5.75,0.0977929,23
crossing_90_a_04,79.188,6.25,0.079732,25
crossing_90_a_04,79.688,6.5,0.0754842,26
crossing_90_a_04,80.188,6.75,0.0825935,27
crossing_90_a_04,80.688,7,0.0798484,28
crossing_90_a_04,81.188,7,0.07375,28
crossing_90_a_04,81.688,7.25,0.0760694,29
crossing_90_a_04,82.188,7.25,0.0878441,29
crossing_90_a_04,82.688,7,0.0630129,28
crossing_90_a_04,83.188,7.25,0.0649527,29
crossing_90_a_04,83.688,7,0.072877,28
crossing_90_a_04,84.188,7.5,0.0759544,30
crossing_90_a_04,84.688,7.25,0.0814943,29
crossing_90_a_04,85.188,7.75,0.0805788,31
crossing_90_a_04,85.688,7.5,0.0979502,30
crossing_90_a_04,86.188,6.5,0.077758,26
crossing_90_a_04,86.688,6.5,0.0906375,26
crossing_90_a_04,87.188,6.75,0.0811185,27
crossing_90_a_04,87.688,7.75,0.0826962,31
crossing_90_a_04,88.188,7,0.0633496,28
crossing_90_a_04,88.688,7.5,0.0704552,30
crossing_90_a_04,89.188,7.5,0.0823989,30
crossing_90_a_04,89.688,7.5,0.0781012,30
crossing_90_a_04,90.188,7.75,0.0816057,31
crossing_90_a_04,90.688,7.5,0.0847698,30
crossing_90_a_04,91.188,7.25,0.091774,29
crossing_90_a_04,91.688,7.25,0.0862032,29
crossing_90_a_04,92.188,7.5,0.0885544,30
crossing_90_a_04,92.688,7.25,0.0953361,29
crossing_90_a_04,93.188,7.75,0.0987063,31
crossing_90_a_04,93.688,7.75,0.087899,31
crossing_90_a_04,94.188,7.75,0.0714364,31
crossing_90_a_04,94.688,7.25,0.0658498,29
crossing_90_a_04,95.188,7.25,0.0797263,29
crossing_90_a_04,95.688,7.5,0.0922883,30
crossing_90_a_04,96.188,7.25,0.0870964,29
crossing_90_a_04,96.688,7.25,0.082903,29
crossing_90_a_04,97.188,7.5,0.0863443,30
crossing_90_a_04,97.688,7.5,0.0864157,30
crossing_90_a_04,98.188,7,0.0840432,28
crossing_90_a_04,98.688,6.75,0.0837358,27
crossing_90_a_04,99.188,6.75,0.0900571,27
crossing_90_a_04,99.688,7,0.105445,28
crossing_90_a_04,100.188,6.75,0.0895166,27
crossing_90_a_04,100.688,7,0.0806629,28
crossing_90_a_04,101.188,7.5,0.0902521,30
crossing_90_a_04,101.688,7.5,0.0800104,30
crossing_90_a_04,102.188,7,0.0736617,28
crossing_90_a_04,102.688,7,0.0921135,28
crossing_90_a_04,103.188,7,0.0826669,28
crossing_90_a_04,103.688,7,0.0787596,28
crossing_90_a_04,104.188,7,0.0891041,28
crossing_90_a_04,104.688,7,0.0913235,28
crossing_90_a_04,105.188,7,0.0749979,28
crossing_90_a_04,105.688,7,0.069949,28
crossing_90_a_04,106.188,7.5,0.0897417,30
crossing_90_a_04,106.688,7.5,0.0763518,30
crossing_90_a_04,107.188,6.75,0.0942419,27
crossing_90_a_04,107.688,6.25,0.0923092,25
crossing_90_a_04,108.188,6.5,0.0892771,26
crossing_90_a_04,108.688,6.75,0.0842311,27
crossing_90_a_04,109.188,6.25,0.0722542,25
crossing_90_a_04,109.688,6.75,0.0858748,27
crossing_90_a_04,110.188,6.5,0.0912227,26
crossing_90_a_04,110.688,6.5,0.0822061,26
crossing_90_a_04,111.188,6.75,0.0898131,27
crossing_90_a_04,111.688,7,0.104881,28
crossing_90_a_04,112.188,6.75,0.101639,27
crossing_90_a_04,112.688,5.75,0.0997578,23
crossing_90_a_04,113.188,6,0.103647,24
crossing_90_a_04,113.688,6.5,0.117444,26
crossing_90_a_04,114.188,6,0.10838,24
crossing_90_a_04,114.688,5.75,0.123705,23
crossing_90_a_04,115.188,5.75,0.105112,23
crossing_90_a_04,115.688,5.75,0.0978233,23
crossing_90_a_04,116.188,5.75,0.104683,23
crossing_90_a_04,116.688,5.75,0.0847999,23
crossing_90_a_04,117.188,5.5,0.0832761,22
crossing_90_a_04,117.688,6,0.0886905,24
crossing_90_a_04,118.188,5.75,0.0826087,23
crossing_90_a_04,118.688,5.5,0.0823938,22
crossing_90_a_04,119.188,6,0.0981353,24
crossing_90_a_04,119.688,6.25,0.118056,25
crossing_90_a_04,120.188,6,0.103564,24
crossing_90_a_04,120.688,6.25,0.110954,25
crossing_90_a_04,121.188,6.25,0.108953,25
crossing_90_a_04,121.688,5.25,0.100881,21
crossing_90_a_04,122.188,6,0.105509,24
crossing_90_a_04,122.688,6.25,0.0922069,25
crossing_90_a_04,123.188,6.25,0.107053,25
crossing_90_a_04,123.688,6,0.097171,24
crossing_90_a_04,124.188,6,0.0906516,24
crossing_90_a_04,124.688,6,0.0841515,24
crossing_90_a_04,125.188,6.5,0.112552,26
crossing_90_a_04,125.688,6,0.117398,24
crossing_90_a_04,126.188,6,0.117977,24
crossing_90_a_04,126.688,5.5,0.102153,22
crossing_90_a_04,127.188,5.5,0.101047,22
crossing_90_a_04,127.688,5.25,0.12703,21
crossing_90_a_04,128.188,5.5,0.117525,22
crossing_90_a_04,128.688,5.5,0.104796,22
crossing_90_a_04,129.188,5.75,0.129788,23
crossing_90_a_04,129.688,5.5,0.121615,22
crossing_90_a_04,130.188,5.75,0.131461,23
crossing_90_a_04,130.688,5.75,0.116839,23
crossing_90_a_04,131.188,6,0.129324,24
crossing_90_a_04,131.688,6,0.136525,24
crossing_90_a_04,132.188,5.5,0.133453,22
crossing_90_a_04,132.688,5.75,0.117555,23
crossing_90_a_04,133.188,5.5,0.125464,22
crossing_90_a_04,133.688,5.25,0.136681,21
crossing_90_a_04,134.188,5.25,0.135261,21
crossing_90_a_04,134.688,4.75,0.122296,19
crossing_90_a_04,135.188,4.75,0.141141,19
crossing_90_a_04,135.688,5,0.148187,20
crossing_90_a_04,136.188,5,0.128473,20
crossing_90_a_04,136.688,5,0.124203,20
crossing_90_a_04,137.188,5,0.135238,20
crossing_90_a_04,137.688,5.25,0.124086,21
crossing_90_a_04,138.188,5,0.145928,20
crossing_90_a_04,138.688,5.25,0.16044,21
crossing_90_a_04,139.188,4.5,0.13031,18
crossing_90_a_04,139.688,4.75,0.117017,19
crossing_90_a_04,140.188,4.75,0.107539,19
crossing_90_a_04,140.688,4.75,0.1224,19
crossing_90_a_04,141.188,4.75,0.14983,19
crossing_90_a_04,141.688,5.25,0.118609,21
crossing_90_a_04,142.188,5,0.121862,20
crossing_90_a_04,142.688,4.75,0.122029,19
crossing_90_a_04,143.188,5,0.130361,20
crossing_90_a_04,143.688,5.75,0.112953,23
crossing_90_a_04,144.188,6,0.112664,24
crossing_90_a_04,144.688,6,0.114199,24
crossing_90_a_04,145.188,6,0.107944,24
crossing_90_a_04,145.688,6,0.105234,24
crossing_90_a_04,146.188,5.75,0.100781,23
crossing_90_a_04,146.688,6,0.103462,24
crossing_90_a_04,147.188,5.75,0.106162,23
crossing_90_a_04,147.688,5.75,0.113567,23
crossing_90_a_04,148.188,6,0.112183,24
crossing_90_a_04,148.688,6,0.110392,24
crossing_90_a_04,149.188,6,0.097803,24
crossing_90_a_04,149.688,5.5,0.109119,22
crossing_90_a_04,150.188,4.75,0.120838,19
crossing_90_a_04,150.688,4.25,0.142213,17
crossing_90_a_04,151.188,4.25,0.169741,17
crossing_90_a_04,151.688,4.5,0.177324,18
crossing_90_a_04,152.188,3.75,0.151176,15
crossing_90_a_04,152.688,4,0.150588,16
crossing_90_a_04,153.188,4.25,0.155783,17
crossing_90_a_04,153.688,4.25,0.162652,17
crossing_90_a_04,154.188,4.25,0.117807,17
crossing_90_a_04,154.688,4.5,0.152908,18
crossing_90_a_04,155.188,4.25,0.171104,17
crossing_90_a_04,155.688,4.25,0.174284,17
crossing_90_a_04,156.188,4,0.168804,16
crossing_90_a_04,156.688,4,0.179373,16
crossing_90_a_04,157.188,3.75,0.160608,15
crossing_90_a_04,157.688,3.75,0.17231,15
crossing_90_a_04,158.188,3.75,0.204784,15
crossing_90_a_04,158.688,3.25,0.210945,13
crossing_90_a_04,159.188,2.75,0.182732,11
crossing_90_a_04,159.688,2.75,0.209522,11
crossing_90_a_04,160.188,2.5,0.238265,10
crossing_90_a_04,160.688,2.5,0.292534,10
crossing_90_a_04,161.188,2,0.335092,8
crossing_90_a_04,161.688,1.75,0.338535,7
crossing_90_a_04,162.188,1.75,0.447951,7
crossing_90_a_04,162.688,1.5,0.554088,6
crossing_90_a_04,163.188,1.5,0.643365,6
crossing_90_a_04,163.688,1.25,0.655101,5
crossing_90_a_04,164.188,0.75,0.631151,3
crossing_90_a_04,164.688,0.25,0.670146,1
crossing_90_a_04,165.188,0.25,0.695777,1
crossing_90_a_05,6.312,0.25,1.06596,1
crossing_90_a_05,6.812,0.25,1.14337,1
crossing_90_a_05,7.312,0.25,1.1542,1
crossing_90_a_05,7.812,0.75,1.05748,3
crossing_90_a_05,8.312,0.75,1.01173,3
crossing_90_a_05,8.812,1.25,0.992429,5
crossing_90_a_05,9.312,1.5,0.980634,6
crossing_90_a_05,9.812,1.5,0.917067,6
crossing_90_a_05,10.312,2.5,0.665856,10
crossing_90_a_05,10.812,2.25,0.503638,9
crossing_90_a_05,11.312,2.25,0.469706,9
crossing_90_a_05,11.812,2.5,0.438321,10
crossing_90_a_05,12.312,2.75,0.392411,11
crossing_90_a_05,12.812,3.25,0.378357,13
crossing_90_a_05,13.312,2.75,0.355335,11
crossing_90_a_05,13.812,2.75,0.370385,11
crossing_90_a_05,14.312,3,0.359031,12
crossing_90_a_05,14.812,3.5,0.326642,14
crossing_90_a_05,15.312,3.5,0.311439,14
crossing_90_a_05,15.812,3.25,0.32907,13
crossing_90_a_05,16.312,3,0.331856,12
crossing_90_a_05,16.812,3,0.30488,12
crossing_90_a_05,17.312,3.5,0.315252,14
crossing_90_a_05,17.812,4.25,0.292348,17
crossing_90_a_05,18.312,3.5,0.270564,14
crossing_90_a_05,18.812,3.75,0.272073,15
crossing_90_a_05,19.312,4.25,0.295941,17
crossing_90_a_05,19.812,4.25,0.309634,17
crossing_90_a_05,20.312,3.75,0.292949,15
crossing_90_a_05,20.812,4,0.284067,16
crossing_90_a_05,21.312,3.75,0.260219,15
crossing_90_a_05,21.812,4.5,0.219356,18
crossing_90_a_05,22.312,4.5,0.223182,18
crossing_90_a_05,22.812,4.5,0.212996,18
crossing_90_a_05,23.312,3.75,0.187767,15
crossing_90_a_05,23.812,3.75,0.162416,15
crossing_90_a_05,24.312,4.75,0.162263,19
crossing_90_a_05,24.812,5.25,0.180687,21
crossing_90_a_05,25.312,4.75,0.173319,19
crossing_90_a_05,25.812,5,0.162536,20
crossing_90_a_05,26.312,4.5,0.157493,18
crossing_90_a_05,26.812,5,0.167487,20
crossing_90_a_05,27.312,5.25,0.166466,21
crossing_90_a_05,27.812,5,0.162709,20
crossing_90_a_05,28.312,5.25,0.156974,21
crossing_90_a_05,28.812,5.25,0.148022,21
crossing_90_a_05,29.312,4.75,0.143233,19
crossing_90_a_05,29.812,4.75,0.141642,19
crossing_90_a_05,30.312,5.25,0.137459,21
crossing_90_a_05,30.812,5,0.149853,20
crossing_90_a_05,31.312,4.75,0.164861,19
crossing_90_a_05,31.812,5.25,0.149515,21
crossing_90_a_05,32.312,5,0.164658,20
crossing_90_a_05,32.812,5.25,0.146888,21
crossing_90_a_05,33.312,6,0.141301,24
crossing_90_a_05,33.812,6,0.161587,24
crossing_90_a_05,34.312,5.25,0.128939,21
crossing_90_a_05,34.812,5.5,0.117584,22
crossing_90_a_05,35.312,4.75,0.126142,19
crossing_90_a_05,35.812,6,0.147637,24
crossing_90_a_05,36.312,5.75,0.124108,23
crossing_90_a_05,36.812,5.25,0.127637,21
crossing_90_a_05,37.312,5.25,0.132068,21
crossing_90_a_05,37.812,5.5,0.121768,22
crossing_90_a_05,38.312,5.5,0.13304,22
crossing_90_a_05,38.812,4.75,0.127972,19
crossing_90_a_05,39.312,4.5,0.139207,18
crossing_90_a_05,39.812,5,0.145705,20
crossing_90_a_05,40.312,5,0.121087,20
crossing_90_a_05,40.812,5.75,0.133703,23
crossing_90_a_05,41.312,5.5,0.138982,22
crossing_90_a_05,41.812,5.5,0.119658,22
crossing_90_a_05,42.312,5,0.149886,20
crossing_90_a_05,42.812,4.5,0.15567,18
crossing_90_a_05,43.312,4.75,0.139008,19
crossing_90_a_05,43.812,4.75,0.128027,19
crossing_90_a_05,44.312,5,0.12578,20
crossing_90_a_05,44.812,5,0.108069,20
crossing_90_a_05,45.312,5.25,0.111485,21
crossing_90_a_05,45.812,5.5,0.120362,22
crossing_90_a_05,46.312,5.25,0.113338,21
crossing_90_a_05,46.812,5,0.12616,20
crossing_90_a_05,47.312,6,0.117223,24
crossing_90_a_05,47.812,6,0.107889,24
crossing_90_a_05,48.312,6.25,0.1211,25
crossing_90_a_05,48.812,6.25,0.126584,25
crossing_90_a_05,49.312,6,0.0966953,24
crossing_90_a_05,49.812,5.75,0.0937885,23
crossing_90_a_05,50.312,6.25,0.103743,25
crossing_90_a_05,50.812,6.5,0.0923196,26
crossing_90_a_05,51.312,7,0.0904099,28
crossing_90_a_05,51.812,6.75,0.0783015,27
crossing_90_a_05,52.312,6.75,0.0951439,27
crossing_90_a_05,52.812,6.25,0.0950645,25
crossing_90_a_05,53.312,6.5,0.11249,26
crossing_90_a_05,53.812,6.5,0.0953866,26
crossing_90_a_05,54.312,6.5,0.103023,26
crossing_90_a_05,54.812,6.5,0.0925984,26
crossing_90_a_05,55.312,6.75,0.0911442,27
crossing_90_a_05,55.812,7.25,0.0773868,29
crossing_90_a_05,56.312,7.25,0.0849609,29
crossing_90_a_05,56.812,7.25,0.0822307,29
crossing_90_a_05,57.312,7.5,0.0868932,30
crossing_90_a_05,57.812,7,0.093575,28
crossing_90_a_05,58.312,7.25,0.091826,29
crossing_90_a_05,58.812,7.25,0.105783,29
crossing_90_a_05,59.312,7,0.09086,28
crossing_90_a_05,59.812,6.75,0.081113,27
crossing_90_a_05,60.312,6.75,0.0897614,27
crossing_90_a_05,60.812,6.25,0.0976774,25
crossing_90_a_05,61.312,6.75,0.0894783,27
crossing_90_a_05,61.812,6.75,0.101389,27
crossing_90_a_05,62.312,6.75,0.115747,27
crossing_90_a_05,62.812,6.75,0.0981019,27
crossing_90_a_05,63.312,7,0.0922833,28
crossing_90_a_05,63.812,7,0.0994928,28
crossing_90_a_05,64.312,7.5,0.108275,30
crossing_90_a_05,64.812,7.5,0.0973617,30
crossing_90_a_05,65.312,7.25,0.0973373,29
crossing_90_a_05,65.812,7,0.0922141,28
crossing_90_a_05,66.312,7.5,0.0925792,30
crossing_90_a_05,66.812,7.75,0.120216,31
crossing_90_a_05,67.312,7,0.0934749,28
crossing_90_a_05,67.812,7.25,0.0771172,29
crossing_90_a_05,68.312,7,0.0892259,28
crossing_90_a_05,68.812,7,0.089238,28
crossing_90_a_05,69.312,7.25,0.0780079,29
crossing_90_a_05,69.812,7.25,0.0890786,29
crossing_90_a_05,70.312,7,0.100282,28
crossing_90_a_05,70.812,6.5,0.0852569,26
crossing_90_a_05,71.312,6.25,0.0737938,25
crossing_90_a_05,71.812,6.75,0.0765584,27
crossing_90_a_05,72.312,7.5,0.0804365,30
crossing_90_a_05,72.812,7.5,0.0876964,30
crossing_90_a_05,73.312,7.5,0.0826836,30
crossing_90_a_05,73.812,7.75,0.0742394,31
crossing_90_a_05,74.312,7.25,0.0737678,29
crossing_90_a_05,74.812,7.25,0.0798375,29
crossing_90_a_05,75.312,7.5,0.0937083,30
crossing_90_a_05,75.812,7.5,0.096413,30
crossing_90_a_05,76.312,7.75,0.077604,31
crossing_90_a_05,76.812,7.75,0.0783623,31
crossing_90_a_05,77.312,7.75,0.0766965,31
crossing_90_a_05,77.812,7.75,0.0712389,31
crossing_90_a_05,78.312,7.75,0.0921389,31
crossing_90_a_05,78.812,7.25,0.0915851,29
crossing_90_a_05,79.312,6.75,0.0961221,27
crossing_90_a_05,79.812,6.75,0.079895,27
crossing_90_a_05,80.312,7,0.0725679,28
crossing_90_a_05,80.812,7.25,0.0832904,29
crossing_90_a_05,81.312,7,0.0943508,28
crossing_90_a_05,81.812,7,0.0954577,28
crossing_90_a_05,82.312,6.75,0.0810094,27
crossing_90_a_05,82.812,7,0.088317,28
crossing_90_a_05,83.312,7.25,0.108155,29
crossing_90_a_05,83.812,7,0.0866271,28
crossing_90_a_05,84.312,6.75,0.0974105,27
crossing_90_a_05,84.812,7.25,0.0888297,29
crossing_90_a_05,85.312,6.75,0.0994355,27
crossing_90_a_05,85.812,6.75,0.0987821,27
crossing_90_a_05,86.312,6.5,0.0836667,26
crossing_90_a_05,86.812,6.25,0.0934954,25
crossing_90_a_05,87.312,6.75,0.0843546,27
crossing_90_a_05,87.812,6.75,0.07437,27
crossing_90_a_05,88.312,7,0.0748843,28
crossing_90_a_05,88.812,7,0.0892561,28
crossing_90_a_05,89.312,6.5,0.0691945,26
crossing_90_a_05,89.812,7,0.065655,28
crossing_90_a_05,90.312,7.25,0.0725853,29
crossing_90_a_05,90.812,7,0.0746665,28
crossing_90_a_05,91.312,6.25,0.0680917,25
crossing_90_a_05,91.812,6.5,0.0723674,26
crossing_90_a_05,92.312,6.5,0.0754324,26
crossing_90_a_05,92.812,7,0.0873062,28
crossing_90_a_05,93.312,6.5,0.0880529,26
crossing_90_a_05,93.812,6.5,0.0769856,26
crossing_90_a_05,94.312,6.25,0.0914191,25
crossing_90_a_05,94.812,6.25,0.100124,25
crossing_90_a_05,95.312,7,0.109202,28
crossing_90_a_05,95.812,6.75,0.106406,27
crossing_90_a_05,96.312,6.25,0.105008,25
crossing_90_a_05,96.812,6,0.111421,24
crossing_90_a_05,97.312,6.5,0.111731,26
crossing_90_a_05,97.812,6.75,0.0819722,27
crossing_90_a_05,98.312,6.5,0.0959634,26
crossing_90_a_05,98.812,6.25,0.0963976,25
crossing_90_a_05,99.312,6,0.093455,24
crossing_90_a_05,99.812,6.25,0.111417,25
crossing_90_a_05,100.312,6.25,0.110997,25
crossing_90_a_05,100.812,5.75,0.0965031,23
crossing_90_a_05,101.312,5.75,0.10027,23
crossing_90_a_05,101.812,5.75,0.103719,23
crossing_90_a_05,102.312,6.25,0.108078,25
crossing_90_a_05,102.812,5.75,0.0958091,23
crossing_90_a_05,103.312,5.5,0.0869036,22
crossing_90_a_05,103.812,5.5,0.10129,22
crossing_90_a_05,104.312,5.5,0.0935575,22
crossing_90_a_05,104.812,5.75,0.094095,23
crossing_90_a_05,105.312,5.75,0.0901347,23
crossing_90_a_05,105.812,6,0.104662,24
crossing_90_a_05,106.312,6.25,0.104266,25
crossing_90_a_05,106.812,6,0.128216,24
crossing_90_a_05,107.312,6,0.103911,24
crossing_90_a_05,107.812,6,0.123968,24
crossing_90_a_05,108.312,6.25,0.124876,25
crossing_90_a_05,108.812,5.75,0.151626,23
crossing_90_a_05,109.312,5.25,0.166176,21
crossing_90_a_05,109.812,5.25,0.158041,21
crossing_90_a_05,110.312,5.75,0.168253,23
crossing_90_a_05,110.812,5.75,0.153642,23
crossing_90_a_05,111.312,5.25,0.187792,21
crossing_90_a_05,111.812,5.5,0.209154,22
crossing_90_a_05,112.312,4.5,0.169652,18
crossing_90_a_05,112.812,4.25,0.202681,17
crossing_90_a_05,113.312,4,0.200651,16
crossing_90_a_05,113.812,3.75,0.152289,15
crossing_90_a_05,114.312,4,0.179533,16
crossing_90_a_05,114.812,4.75,0.181257,19
crossing_90_a_05,115.312,3.75,0.177954,15
crossing_90_a_05,115.812,4,0.189552,16
crossing_90_a_05,116.312,4.5,0.206815,18
crossing_90_a_05,116.812,4,0.211198,16
crossing_90_a_05,117.312,4,0.234667,16
crossing_90_a_05,117.812,3.75,0.197633,15
crossing_90_a_05,118.312,3.25,0.192459,13
crossing_90_a_05,118.812,3.5,0.214617,14
crossing_90_a_05,119.312,4,0.227276,16
crossing_90_a_05,119.812,3.75,0.235177,15
crossing_90_a_05,120.312,3.5,0.243676,14
crossing_90_a_05,120.812,3.25,0.259297,13
crossing_90_a_05,121.312,3.25,0.264549,13
crossing_90_a_05,121.812,2.75,0.233011,11
crossing_90_a_05,122.312,2.5,0.247223,10
crossing_90_a_05,122.812,3,0.243117,12
crossing_90_a_05,123.312,3,0.228887,12
crossing_90_a_05,123.812,3.25,0.273771,13
crossing_90_a_05,124.312,3,0.227051,12
crossing_90_a_05,124.812,2.25,0.235978,9
crossing_90_a_05,125.312,2.5,0.269942,10
crossing_90_a_05,125.812,2.75,0.311952,11
crossing_90_a_05,126.312,3,0.379653,12
crossing_90_a_05,126.812,2,0.276439,8
crossing_90_a_05,127.312,1.75,0.358987,7
crossing_90_a_05,127.812,1.75,0.487424,7
crossing_90_a_05,128.312,1.5,0.488175,6
crossing_90_a_05,128.812,1.25,0.429585,5
crossing_90_a_05,129.312,1.5,0.420108,6
crossing_90_a_05,129.812,1.25,0.488648,5
crossing_90_a_05,130.312,1.5,0.534663,6
crossing_90_a_05,130.812,2,0.509265,8
crossing_90_a_05,131.312,1.75,0.512889,7
crossing_90_a_05,131.812,1.75,0.582208,7
crossing_90_a_05,132.312,1.75,0.533171,7
crossing_90_a_05,132.812,1.25,0.586788,5
crossing_90_a_05,133.312,0.75,0.473727,3
crossing_90_a_05,133.812,0.75,0.359344,3
crossing_90_a_05,134.312,0.75,0.313329,3
crossing_90_a_05,134.812,0.5,0.0977236,2
crossing_90_a_05,135.312,0.5,0.120713,2
crossing_90_a_05,135.812,0.75,0.521015,3
crossing_90_a_05,136.312,0.5,0.520193,2
crossing_90_a_05,136.812,0.5,0.623391,2
crossing_90_a_05,137.312,0.5,0.72139,2
crossing_90_a_06,10.5,0.25,1.2356,1
crossing_90_a_06,11,0.25,1.15185,1
crossing_90_a_06,11.5,0.25,1.045,1
crossing_90_a_06,12,0.75,0.869987,3
crossing_90_a_06,12.5,1.25,0.840468,5
crossing_90_a_06,13,1.5,0.771703,6
crossing_90_a_06,13.5,1.75,0.708734,7
crossing_90_a_06,14,2,0.651665,8
crossing_90_a_06,14.5,2.25,0.591948,9
crossing_90_a_06,15,2,0.579265,8
crossing_90_a_06,15.5,2.25,0.541675,9
crossing_90_a_06,16,2.75,0.448256,11
crossing_90_a_06,16.5,2.75,0.399619,11
crossing_90_a_06,17,3,0.337768,12
crossing_90_a_06,17.5,3.75,0.327594,15
crossing_90_a_06,18,3.25,0.264231,13
crossing_90_a_06,18.5,3.5,0.243213,14
crossing_90_a_06,19,4,0.257235,16
crossing_90_a_06,19.5,4.5,0.25277,18
crossing_90_a_06,20,4.75,0.247476,19
crossing_90_a_06,20.5,4.75,0.230322,19
crossing_90_a_06,21,4.5,0.208573,18
crossing_90_a_06,21.5,4.75,0.188602,19
crossing_90_a_06,22,4.75,0.188132,19
crossing_90_a_06,22.5,5,0.195861,20
crossing_90_a_06,23,5.5,0.197621,22
crossing_90_a_06,23.5,5.25,0.166202,21
crossing_90_a_06,24,5.75,0.141882,23
crossing_90_a_06,24.5,5.5,0.12462,22
crossing_90_a_06,25,5.5,0.124741,22
crossing_90_a_06,25.5,6.25,0.133031,25
crossing_90_a_06,26,6.25,0.134294,25
crossing_90_a_06,26.5,5.5,0.123849,22
crossing_90_a_06,27,5.75,0.134845,23
crossing_90_a_06,27.5,6.5,0.129657,26
crossing_90_a_06,28,6.5,0.0995182,26
crossing_90_a_06,28.5,6.5,0.10431,26
crossing_90_a_06,29,6.75,0.117763,27
crossing_90_a_06,29.5,7,0.0826775,28
crossing_90_a_06,30,6.75,0.0769793,27
crossing_90_a_06,30.5,6.75,0.0746357,27
crossing_90_a_06,31,6.75,0.0737442,27
crossing_90_a_06,31.5,7,0.0787724,28
crossing_90_a_06,32,7.25,0.100717,29
crossing_90_a_06,32.5,7.5,0.104217,30
crossing_90_a_06,33,7,0.087079,28
crossing_90_a_06,33.5,7,0.0809159,28
crossing_90_a_06,34,7,0.0837987,28
crossing_90_a_06,34.5,7,0.0996905,28
crossing_90_a_06,35,7,0.115886,28
crossing_90_a_06,35.5,7,0.10678,28
crossing_90_a_06,36,7,0.101854,28
crossing_90_a_06,36.5,6.5,0.103533,26
crossing_90_a_06,37,6.75,0.107531,27
crossing_90_a_06,37.5,6.5,0.122914,26
crossing_90_a_06,38,6.75,0.0941948,27
crossing_90_a_06,38.5,6.75,0.0807737,27
crossing_90_a_06,39,6.5,0.0893239,26
crossing_90_a_06,39.5,6.5,0.102902,26
crossing_90_a_06,40,6.75,0.0890082,27
crossing_90_a_06,40.5,7.25,0.0948067,29
crossing_90_a_06,41,7,0.102522,28
crossing_90_a_06,41.5,7.25,0.101883,29
crossing_90_a_06,42,7.25,0.102485,29
crossing_90_a_06,42.5,7.25,0.099016,29
crossing_90_a_06,43,7.25,0.0922374,29
crossing_90_a_06,43.5,7.25,0.084612,29
crossing_90_a_06,44,7.25,0.0719167,29
crossing_90_a_06,44.5,7.25,0.0897314,29
crossing_90_a_06,45,7.25,0.110747,29
crossing_90_a_06,45.5,7,0.0901447,28
crossing_90_a_06,46,7.5,0.0940857,30
crossing_90_a_06,46.5,7.25,0.0864473,29
crossing_90_a_06,47,7.5,0.0847307,30
crossing_90_a_06,47.5,7.25,0.0833951,29
crossing_90_a_06,48,7.25,0.0930509,29
crossing_90_a_06,48.5,7.5,0.0990712,30
crossing_90_a_06,49,7.5,0.0978007,30
crossing_90_a_06,49.5,7.25,0.0955343,29
crossing_90_a_06,50,7.25,0.102404,29
crossing_90_a_06,50.5,7.75,0.114445,31
crossing_90_a_06,51,7.5,0.0985573,30
crossing_90_a_06,51.5,7.5,0.101454,30
crossing_90_a_06,52,7.5,0.0977624,30
crossing_90_a_06,52.5,7.5,0.0910115,30
crossing_90_a_06,53,7.75,0.10928,31
crossing_90_a_06,53.5,7.75,0.107696,31
crossing_90_a_06,54,7.25,0.0876778,29
crossing_90_a_06,54.5,7.25,0.0942216,29
crossing_90_a_06,55,7.25,0.0995067,29
crossing_90_a_06,55.5,7.25,0.114351,29
crossing_90_a_06,56,7.5,0.104841,30
crossing_90_a_06,56.5,7.25,0.0840728,29
crossing_90_a_06,57,7.25,0.0969379,29
crossing_90_a_06,57.5,7.5,0.106333,30
crossing_90_a_06,58,8,0.0989182,32
crossing_90_a_06,58.5,8.25,0.103298,33
crossing_90_a_06,59,7.75,0.0804041,31
crossing_90_a_06,59.5,7.75,0.0904088,31
crossing_90_a_06,60,7.5,0.0944028,30
crossing_90_a_06,60.5,7.5,0.0773242,30
crossing_90_a_06,61,7.5,0.0855294,30
crossing_90_a_06,61.5,7,0.0797656,28
crossing_90_a_06,62,7,0.0751732,28
crossing_90_a_06,62.5,7,0.0789202,28
crossing_90_a_06,63,7.25,0.0866428,29
crossing_90_a_06,63.5,7.75,0.0792819,31
crossing_90_a_06,64,8,0.0933172,32
crossing_90_a_06,64.5,7.5,0.0681217,30
crossing_90_a_06,65,7.75,0.0760055,31
crossing_90_a_06,65.5,7.75,0.0760027,31
crossing_90_a_06,66,8.25,0.0788478,33
crossing_90_a_06,66.5,8,0.0761226,32
crossing_90_a_06,67,8.25,0.0793056,33
crossing_90_a_06,67.5,8,0.0763852,32
crossing_90_a_06,68,8,0.080915,32
crossing_90_a_06,68.5,8,0.0779211,32
crossing_90_a_06,69,8.5,0.080974,34
crossing_90_a_06,69.5,8.25,0.061794,33
crossing_90_a_06,70,8.5,0.0799944,34
crossing_90_a_06,70.5,8.5,0.0976628,34
crossing_90_a_06,71,8.5,0.0939941,34
crossing_90_a_06,71.5,8,0.0767104,32
crossing_90_a_06,72,8,0.0741404,32
crossing_90_a_06,72.5,8.75,0.0818205,35
crossing_90_a_06,73,8,0.0826395,32
crossing_90_a_06,73.5,8,0.0689184,32
crossing_90_a_06,74,7.5,0.0908886,30
crossing_90_a_06,74.5,7.25,0.0808985,29
crossing_90_a_06,75,7.75,0.0825534,31
crossing_90_a_06,75.5,7.25,0.0881413,29
crossing_90_a_06,76,7.25,0.0839443,29
crossing_90_a_06,76.5,7,0.0858369,28
crossing_90_a_06,77,6.75,0.0891499,27
crossing_90_a_06,77.5,7.5,0.0810427,30
crossing_90_a_06,78,7.25,0.0742549,29
crossing_90_a_06,78.5,6.75,0.0653324,27
crossing_90_a_06,79,7.25,0.0670334,29
crossing_90_a_06,79.5,7.25,0.0572795,29
crossing_90_a_06,80,7.5,0.0560161,30
crossing_90_a_06,80.5,7.25,0.0365019,29
crossing_90_a_06,81,7.25,0.0344376,29
crossing_90_a_06,81.5,7.25,0.0339316,29
crossing_90_a_07,11.375,0.25,1.23849,1
crossing_90_a_07,11.875,0.5,1.09311,2
crossing_90_a_07,12.375,0.75,1.06778,3
crossing_90_a_07,12.875,0.75,1.06548,3
crossing_90_a_07,13.375,0.5,1.0544,2
crossing_90_a_07,13.875,0.25,1.12097,1
crossing_90_a_07,14.375,0.5,0.912225,2
crossing_90_a_07,14.875,0.5,0.89435,2
crossing_90_a_07,15.375,1,0.825335,4
crossing_90_a_07,15.875,1,0.841427,4
crossing_90_a_07,16.375,0.75,0.857103,3
crossing_90_a_07,16.875,0.75,0.794305,3
crossing_90_a_07,17.375,1,0.768885,4
crossing_90_a_07,17.875,1,0.689505,4
crossing_90_a_07,18.375,1.25,0.631944,5
crossing_90_a_07,18.875,1.25,0.614794,5
crossing_90_a_07,19.375,1.75,0.643517,7
crossing_90_a_07,19.875,2,0.566321,8
crossing_90_a_07,20.375,1.75,0.639147,7
crossing_90_a_07,20.875,1.75,0.624536,7
crossing_90_a_07,21.375,1.5,0.53866,6
crossing_90_a_07,21.875,2,0.594777,8
crossing_90_a_07,22.375,1.5,0.532447,6
crossing_90_a_07,22.875,1.25,0.491991,5
crossing_90_a_07,23.375,1.25,0.53738,5
crossing_90_a_07,23.875,1.75,0.516386,7
crossing_90_a_07,24.375,1.75,0.510496,7
crossing_90_a_07,24.875,1.5,0.527763,6
crossing_90_a_07,25.375,1.25,0.468894,5
crossing_90_a_07,25.875,2,0.519013,8
crossing_90_a_07,26.375,2,0.563928,8
crossing_90_a_07,26.875,2.25,0.534231,9
crossing_90_a_07,27.375,2.25,0.516415,9
crossing_90_a_07,27.875,2.25,0.560845,9
crossing_90_a_07,28.375,2.25,0.602002,9
crossing_90_a_07,28.875,1.25,0.604671,5
crossing_90_a_07,29.375,1.5,0.54779,6
crossing_90_a_07,29.875,1.5,0.603953,6
crossing_90_a_07,30.375,1.5,0.592488,6
crossing_90_a_07,30.875,1.25,0.491431,5
crossing_90_a_07,31.375,1.5,0.471352,6
crossing_90_a_07,31.875,1.5,0.462795,6
crossing_90_a_07,32.375,2,0.586334,8
crossing_90_a_07,32.875,1.75,0.577641,7
crossing_90_a_07,33.375,1.75,0.542747,7
crossing_90_a_07,33.875,1.5,0.472338,6
crossing_90_a_07,34.375,2,0.459661,8
crossing_90_a_07,34.875,1.75,0.454793,7
crossing_90_a_07,35.375,1.75,0.472318,7
crossing_90_a_07,35.875,1.5,0.411842,6
crossing_90_a_07,36.375,1.75,0.461171,7
crossing_90_a_07,36.875,2,0.458611,8
crossing_90_a_07,37.375,2.5,0.423136,10
crossing_90_a_07,37.875,3,0.426912,12
crossing_90_a_07,38.375,2.5,0.42409,10
crossing_90_a_07,38.875,2.25,0.366467,9
crossing_90_a_07,39.375,2.25,0.320081,9
crossing_90_a_07,39.875,2.25,0.291603,9
crossing_90_a_07,40.375,2.25,0.262292,9
crossing_90_a_07,40.875,2.25,0.24818,9
crossing_90_a_07,41.375,2,0.253047,8
crossing_90_a_07,41.875,2.25,0.300872,9
crossing_90_a_07,42.375,2.25,0.293893,9
crossing_90_a_07,42.875,2.25,0.301311,9
crossing_90_a_07,43.375,2.5,0.343799,10
crossing_90_a_07,43.875,2.5,0.359848,10
crossing_90_a_07,44.375,2.5,0.389954,10
crossing_90_a_07,44.875,2.25,0.394588,9
crossing_90_a_07,45.375,2.75,0.35447,11
crossing_90_a_07,45.875,2.75,0.391012,11
crossing_90_a_07,46.375,2.75,0.451604,11
crossing_90_a_07,46.875,2.5,0.391231,10
crossing_90_a_07,47.375,2.25,0.347305,9
crossing_90_a_07,47.875,2.75,0.336581,11
crossing_90_a_07,48.375,2.5,0.275561,10
crossing_90_a_07,48.875,2.75,0.295114,11
crossing_90_a_07,49.375,3,0.287219,12
crossing_90_a_07,49.875,3,0.287424,12
crossing_90_a_07,50.375,3.25,0.321387,13
crossing_90_a_07,50.875,3.25,0.338804,13
crossing_90_a_07,51.375,3,0.286096,12
crossing_90_a_07,51.875,3.25,0.315127,13
crossing_90_a_07,52.375,3.25,0.343414,13
crossing_90_a_07,52.875,3,0.341254,12
crossing_90_a_07,53.375,3.25,0.349399,13
crossing_90_a_07,53.875,2.5,0.362285,10
crossing_90_a_07,54.375,2.5,0.399194,10
crossing_90_a_07,54.875,2.25,0.397407,9
crossing_90_a_07,55.375,2.75,0.344411,11
crossing_90_a_07,55.875,2.75,0.387144,11
crossing_90_a_07,56.375,1.75,0.309036,7
crossing_90_a_07,56.875,2,0.376437,8
crossing_90_a_07,57.375,2.25,0.428895,9
crossing_90_a_07,57.875,2.25,0.369993,9
crossing_90_a_07,58.375,2,0.342592,8
crossing_90_a_07,58.875,2.5,0.331395,10
crossing_90_a_07,59.375,2.5,0.352167,10
crossing_90_a_07,59.875,3.25,0.354735,13
crossing_90_a_07,60.375,2.75,0.326055,11
crossing_90_a_07,60.875,2.75,0.32861,11
crossing_90_a_07,61.375,3,0.35589,12
crossing_90_a_07,61.875,2.5,0.350806,10
crossing_90_a_07,62.375,2.5,0.345009,10
crossing_90_a_07,62.875,2.75,0.383627,11
crossing_90_a_07,63.375,2.25,0.373168,9
crossing_90_a_07,63.875,2.75,0.348964,11
crossing_90_a_07,64.375,3.25,0.329183,13
crossing_90_a_07,64.875,2.75,0.266676,11
crossing_90_a_07,65.375,3.25,0.23991,13
crossing_90_a_07,65.875,3.5,0.243899,14
crossing_90_a_07,66.375,3.25,0.223237,13
crossing_90_a_07,66.875,3,0.19242,12
crossing_90_a_07,67.375,3.5,0.195215,14
crossing_90_a_07,67.875,3.25,0.200231,13
crossing_90_a_07,68.375,3,0.216329,12
crossing_90_a_07,68.875,3.25,0.20537,13
crossing_90_a_07,69.375,3.75,0.222552,15
crossing_90_a_07,69.875,3.75,0.256011,15
crossing_90_a_07,70.375,4,0.231382,16
crossing_90_a_07,70.875,3.75,0.235667,15
crossing_90_a_07,71.375,3.75,0.245068,15
crossing_90_a_07,71.875,3.5,0.263625,14
crossing_90_a_07,72.375,3.25,0.244402,13
crossing_90_a_07,72.875,3.5,0.260782,14
crossing_90_a_07,73.375,3.5,0.237728,14
crossing_90_a_07,73.875,4,0.245138,16
crossing_90_a_07,74.375,3.75,0.221031,15
crossing_90_a_07,74.875,3.75,0.23796,15
crossing_90_a_07,75.375,3.5,0.261077,14
crossing_90_a_07,75.875,3.5,0.262276,14
crossing_90_a_07,76.375,3.5,0.265389,14
crossing_90_a_07,76.875,3.5,0.288192,14
crossing_90_a_07,77.375,3.5,0.261194,14
crossing_90_a_07,77.875,3,0.320833,12
crossing_90_a_07,78.375,3.25,0.304084,13
crossing_90_a_07,78.875,3.25,0.287795,13
crossing_90_a_07,79.375,3.25,0.314566,13
crossing_90_a_07,79.875,3,0.377161,12
crossing_90_a_07,80.375,2.25,0.333326,9
crossing_90_a_07,80.875,2.75,0.350409,11
crossing_90_a_07,81.375,2.5,0.334349,10
crossing_90_a_07,81.875,2.75,0.348742,11
crossing_90_a_07,82.375,3,0.303039,12
crossing_90_a_07,82.875,2.75,0.272162,11
crossing_90_a_07,83.375,3,0.233267,12
crossing_90_a_07,83.875,3.25,0.266539,13
crossing_90_a_07,84.375,3.5,0.237429,14
crossing_90_a_07,84.875,3.25,0.232002,13
crossing_90_a_07,85.375,3.25,0.226162,13
crossing_90_a_07,85.875,3.75,0.222389,15
crossing_90_a_07,86.375,3,0.177228,12
crossing_90_a_07,86.875,3.25,0.19725,13
crossing_90_a_07,87.375,3,0.173174,12
crossing_90_a_07,87.875,3.75,0.184594,15
crossing_90_a_07,88.375,3.75,0.178994,15
crossing_90_a_07,88.875,3.75,0.202877,15
crossing_90_a_07,89.375,4.25,0.224852,17
crossing_90_a_07,89.875,3.75,0.193754,15
crossing_90_a_07,90.375,4,0.214718,16
crossing_90_a_07,90.875,4,0.172735,16
crossing_90_a_07,91.375,3.5,0.155971,14
crossing_90_a_07,91.875,4.25,0.194234,17
crossing_90_a_07,92.375,4,0.210732,16
crossing_90_a_07,92.875,3.25,0.204084,13
crossing_90_a_07,93.375,3,0.179118,12
crossing_90_a_07,93.875,3,0.230274,12
crossing_90_a_07,94.375,3,0.225027,12
crossing_90_a_07,94.875,2.75,0.210755,11
crossing_90_a_07,95.375,2.75,0.253412,11
crossing_90_a_07,95.875,3,0.245217,12
crossing_90_a_07,96.375,2.75,0.25865,11
crossing_90_a_07,96.875,2.75,0.268772,11
crossing_90_a_07,97.375,2.5,0.268551,10
crossing_90_a_07,97.875,2.75,0.27879,11
crossing_90_a_07,98.375,2.75,0.279127,11
crossing_90_a_07,98.875,2.5,0.280543,10
crossing_90_a_07,99.375,2.25,0.303017,9
crossing_90_a_07,99.875,2,0.268685,8
crossing_90_a_07,100.375,2.25,0.251123,9
crossing_90_a_07,100.875,3,0.263502,12
crossing_90_a_07,101.375,3,0.289005,12
crossing_90_a_07,101.875,3,0.297718,12
crossing_90_a_07,102.375,2.25,0.29459,9
crossing_90_a_07,102.875,2.25,0.326929,9
crossing_90_a_07,103.375,3,0.306284,12
crossing_90_a_07,103.875,2.75,0.250274,11
crossing_90_a_07,104.375,3,0.278358,12
crossing_90_a_07,104.875,3,0.251057,12
crossing_90_a_07,105.375,3.25,0.244889,13
crossing_90_a_07,105.875,3.5,0.244757,14
crossing_90_a_07,106.375,3.75,0.222284,15
crossing_90_a_07,106.875,3.75,0.2378,15
crossing_90_a_07,107.375,3.25,0.240268,13
crossing_90_a_07,107.875,3.25,0.229132,13
crossing_90_a_07,108.375,3,0.277381,12
crossing_90_a_07,108.875,3.5,0.238781,14
crossing_90_a_07,109.375,2.75,0.245805,11
crossing_90_a_07,109.875,3.25,0.26369,13
crossing_90_a_07,110.375,3.25,0.297626,13
crossing_90_a_07,110.875,2.75,0.24466,11
crossing_90_a_07,111.375,3.25,0.283208,13
crossing_90_a_07,111.875,3.25,0.312104,13
crossing_90_a_07,112.375,2.75,0.285867,11
crossing_90_a_07,112.875,2.5,0.262337,10
crossing_90_a_07,113.375,3,0.312325,12
crossing_90_a_07,113.875,3.25,0.312486,13
crossing_90_a_07,114.375,3,0.215147,12
crossing_90_a_07,114.875,3.25,0.202009,13
crossing_90_a_07,115.375,3,0.175643,12
crossing_90_a_07,115.875,3.25,0.159654,13
crossing_90_a_07,116.375,4.25,0.150819,17
crossing_90_a_07,116.875,4.5,0.143165,18
crossing_90_a_07,117.375,4,0.113197,16
crossing_90_a_07,117.875,4.25,0.1121,17
crossing_90_a_07,118.375,4.25,0.106887,17
crossing_90_a_07,118.875,4.25,0.131452,17
crossing_90_a_07,119.375,4.75,0.116625,19
crossing_90_a_07,119.875,5,0.108951,20
crossing_90_a_07,120.375,5,0.141925,20
crossing_90_a_07,120.875,4.75,0.172186,19
crossing_90_a_07,121.375,4.75,0.144315,19
crossing_90_a_07,121.875,4.75,0.148773,19
crossing_90_a_07,122.375,5,0.169619,20
crossing_90_a_07,122.875,4.5,0.168755,18
crossing_90_a_07,123.375,4.5,0.159569,18
crossing_90_a_07,123.875,4.5,0.156611,18
crossing_90_a_07,124.375,4.25,0.187078,17
crossing_90_a_07,124.875,4.5,0.197489,18
crossing_90_a_07,125.375,4.25,0.20424,17
crossing_90_a_07,125.875,4.5,0.218449,18
crossing_90_a_07,126.375,4.25,0.219346,17
crossing_90_a_07,126.875,4,0.202591,16
crossing_90_a_07,127.375,4,0.203268,16
crossing_90_a_07,127.875,3.75,0.201339,15
crossing_90_a_07,128.375,3.5,0.18453,14
crossing_90_a_07,128.875,3.5,0.197806,14
crossing_90_a_07,129.375,3.75,0.216864,15
crossing_90_a_07,129.875,3.75,0.213022,15
crossing_90_a_07,130.375,4,0.241927,16
crossing_90_a_07,130.875,3.5,0.235996,14
crossing_90_a_07,131.375,3.5,0.26264,14
crossing_90_a_07,131.875,3,0.274787,12
crossing_90_a_07,132.375,3.5,0.287576,14
crossing_90_a_07,132.875,3.25,0.300741,13
crossing_90_a_07,133.375,2.75,0.274971,11
crossing_90_a_07,133.875,2.75,0.303202,11
crossing_90_a_07,134.375,3.25,0.308342,13
crossing_90_a_07,134.875,2.75,0.292283,11
crossing_90_a_07,135.375,2.75,0.292294,11
crossing_90_a_07,135.875,2.5,0.314082,10
crossing_90_a_07,136.375,2.75,0.379988,11
crossing_90_a_07,136.875,1.75,0.291832,7
crossing_90_a_07,137.375,1.75,0.348887,7
crossing_90_a_07,137.875,2,0.389759,8
crossing_90_a_07,138.375,2,0.375033,8
crossing_90_a_07,138.875,1.75,0.396434,7
crossing_90_a_07,139.375,2,0.420387,8
crossing_90_a_07,139.875,2,0.382997,8
crossing_90_a_07,140.375,1.75,0.405321,7
crossing_90_a_07,140.875,2,0.36594,8
crossing_90_a_07,141.375,2.25,0.372574,9
crossing_90_a_07,141.875,2,0.405493,8
crossing_90_a_07,142.375,2,0.290031,8
crossing_90_a_07,142.875,2,0.319733,8
crossing_90_a_07,143.375,2,0.3501,8
crossing_90_a_07,143.875,2.25,0.372184,9
crossing_90_a_07,144.375,2,0.397954,8
crossing_90_a_07,144.875,2,0.418666,8
crossing_90_a_07,145.375,2.25,0.40493,9
crossing_90_a_07,145.875,2,0.400651,8
crossing_90_a_07,146.375,1.5,0.433222,6
crossing_90_a_07,146.875,1.5,0.443227,6
crossing_90_a_07,147.375,1.75,0.389921,7
crossing_90_a_07,147.875,1.75,0.366008,7
crossing_90_a_07,148.375,1.75,0.381142,7
crossing_90_a_07,148.875,2,0.387897,8
crossing_90_a_07,149.375,1.75,0.335495,7
crossing_90_a_07,149.875,1.75,0.366598,7
crossing_90_a_07,150.375,1.75,0.423499,7
crossing_90_a_07,150.875,1.5,0.436693,6
crossing_90_a_07,151.375,1.25,0.490898,5
crossing_90_a_07,151.875,1,0.550684,4
crossing_90_a_07,152.375,1.25,0.65797,5
crossing_90_a_07,152.875,1,0.710739,4
crossing_90_a_07,153.375,1.25,0.667138,5
crossing_90_a_07,153.875,1,0.71326,4
crossing_90_a_07,154.375,1,0.743205,4
crossing_90_a_07,154.875,1.25,0.759564,5
crossing_90_a_07,155.375,1,0.765609,4
crossing_90_a_07,155.875,1,0.771257,4
crossing_90_a_07,156.375,0.75,0.712738,3
crossing_90_a_07,156.875,0.5,0.749581,2
crossing_90_a_07,157.375,0.25,0.67928,1
crossing_90_a_07,157.875,0.25,0.671174,1
crossing_90_a_07,158.375,0.25,0.663057,1
crossing_90_a_07,158.875,0.25,0.676987,1
crossing_90_a_08,9.25,0.25,1.37843,1
crossing_90_a_08,11.75,0.25,1.36999,1
crossing_90_a_08,12.25,0.5,1.17019,2
crossing_90_a_08,12.75,0.5,0.860638,2
crossing_90_a_08,13.25,1.25,0.741716,5
crossing_90_a_08,13.75,1.5,0.690445,6
crossing_90_a_08,14.25,1.5,0.654405,6
crossing_90_a_08,14.75,1.5,0.627623,6
crossing_90_a_08,15.25,1.75,0.532921,7
crossing_90_a_08,15.75,2,0.509011,8
crossing_90_a_08,16.25,2.75,0.490261,11
crossing_90_a_08,16.75,2.5,0.392763,10
crossing_90_a_08,17.25,3,0.348405,12
crossing_90_a_08,17.75,3,0.29642,12
crossing_90_a_08,18.25,3,0.271924,12
crossing_90_a_08,18.75,3.25,0.321469,13
crossing_90_a_08,19.25,3.25,0.261053,13
crossing_90_a_08,19.75,3.75,0.311937,15
crossing_90_a_08,20.25,3.75,0.302972,15
crossing_90_a_08,20.75,3.5,0.224172,14
crossing_90_a_08,21.25,4,0.22715,16
crossing_90_a_08,21.75,4,0.232457,16
crossing_90_a_08,22.25,4.25,0.227244,17
crossing_90_a_08,22.75,3.75,0.203425,15
crossing_90_a_08,23.25,4,0.211779,16
crossing_90_a_08,23.75,4.5,0.188863,18
crossing_90_a_08,24.25,4.75,0.193757,19
crossing_90_a_08,24.75,4.25,0.199979,17
crossing_90_a_08,25.25,4.25,0.217786,17
crossing_90_a_08,25.75,4.5,0.190979,18
crossing_90_a_08,26.25,4.75,0.201866,19
crossing_90_a_08,26.75,4.75,0.187672,19
crossing_90_a_08,27.25,4.5,0.193186,18
crossing_90_a_08,27.75,4.5,0.191488,18
crossing_90_a_08,28.25,4.5,0.199802,18
crossing_90_a_08,28.75,5.5,0.199694,22
crossing_90_a_08,29.25,5.25,0.205633,21
crossing_90_a_08,29.75,4.75,0.193266,19
crossing_90_a_08,30.25,4.75,0.21997,19
crossing_90_a_08,30.75,4.5,0.194503,18
crossing_90_a_08,31.25,4.25,0.186742,17
crossing_90_a_08,31.75,4.25,0.203648,17
crossing_90_a_08,32.25,4.5,0.210165,18
crossing_90_a_08,32.75,5.25,0.184935,21
crossing_90_a_08,33.25,4.75,0.17543,19
crossing_90_a_08,33.75,4.75,0.156501,19
crossing_90_a_08,34.25,4.75,0.168431,19
crossing_90_a_08,34.75,4.5,0.159078,18
crossing_90_a_08,35.25,4.5,0.14867,18
crossing_90_a_08,35.75,5.25,0.155288,21
crossing_90_a_08,36.25,4.5,0.178846,18
crossing_90_a_08,36.75,4.5,0.173331,18
crossing_90_a_08,37.25,4.75,0.146085,19
crossing_90_a_08,37.75,5.25,0.125486,21
crossing_90_a_08,38.25,5.25,0.137395,21
crossing_90_a_08,38.75,4.75,0.128979,19
crossing_90_a_08,39.25,5,0.128619,20
crossing_90_a_08,39.75,5,0.12962,20
crossing_90_a_08,40.25,5.75,0.120437,23
crossing_90_a_08,40.75,5.25,0.119896,21
crossing_90_a_08,41.25,5.75,0.1133,23
crossing_90_a_08,41.75,5.75,0.112901,23
crossing_90_a_08,42.25,6,0.118383,24
crossing_90_a_08,42.75,5.75,0.0927155,23
crossing_90_a_08,43.25,5.75,0.0857843,23
crossing_90_a_08,43.75,5.75,0.0738144,23
crossing_90_a_08,44.25,6.25,0.0933107,25
crossing_90_a_08,44.75,6.5,0.100147,26
crossing_90_a_08,45.25,6.25,0.0861801,25
crossing_90_a_08,45.75,6.25,0.0880976,25
crossing_90_a_08,46.25,6.75,0.0932966,27
crossing_90_a_08,46.75,7,0.0868181,28
crossing_90_a_08,47.25,7,0.0806561,28
crossing_90_a_08,47.75,6.75,0.0895896,27
crossing_90_a_08,48.25,6.5,0.0778151,26
crossing_90_a_08,48.75,6.25,0.0685816,25
crossing_90_a_08,49.25,6.25,0.0721654,25
crossing_90_a_08,49.75,6.25,0.0754591,25
crossing_90_a_08,50.25,6.25,0.0806254,25
crossing_90_a_08,50.75,6.75,0.0698496,27
crossing_90_a_08,51.25,6.75,0.0771086,27
crossing_90_a_08,51.75,6.5,0.0797364,26
crossing_90_a_08,52.25,7.25,0.0759917,29
crossing_90_a_08,52.75,7.25,0.0810859,29
crossing_90_a_08,53.25,6.75,0.0811806,27
crossing_90_a_08,53.75,6.5,0.0788922,26
crossing_90_a_08,54.25,6.75,0.0709444,27
crossing_90_a_08,54.75,7.25,0.0844329,29
crossing_90_a_08,55.25,7.25,0.093861,29
crossing_90_a_08,55.75,7.25,0.0822097,29
crossing_90_a_08,56.25,7,0.0854565,28
crossing_90_a_08,56.75,7,0.0803787,28
crossing_90_a_08,57.25,7.25,0.0825744,29
crossing_90_a_08,57.75,7.25,0.0796152,29
crossing_90_a_08,58.25,7,0.0825774,28
crossing_90_a_08,58.75,7,0.0761516,28
crossing_90_a_08,59.25,7.25,0.100445,29
crossing_90_a_08,59.75,6.75,0.0926851,27
crossing_90_a_08,60.25,7.75,0.0967601,31
crossing_90_a_08,60.75,7.25,0.0880473,29
crossing_90_a_08,61.25,7.5,0.0905764,30
crossing_90_a_08,61.75,7.75,0.0861366,31
crossing_90_a_08,62.25,7.5,0.0831338,30
crossing_90_a_08,62.75,7.5,0.0880678,30
crossing_90_a_08,63.25,7.25,0.0758434,29
crossing_90_a_08,63.75,7.5,0.0831374,30
crossing_90_a_08,64.25,7.25,0.0973232,29
crossing_90_a_08,64.75,7.5,0.086659,30
crossing_90_a_08,65.25,7.5,0.0866741,30
crossing_90_a_08,65.75,7.25,0.0760544,29
crossing_90_a_08,66.25,7,0.0826559,28
crossing_90_a_08,66.75,7.25,0.0803655,29
crossing_90_a_08,67.25,7.5,0.0812221,30
crossing_90_a_08,67.75,7.25,0.0754342,29
crossing_90_a_08,68.25,7.25,0.0679058,29
crossing_90_a_08,68.75,7.25,0.078902,29
crossing_90_a_08,69.25,7.25,0.087797,29
crossing_90_a_08,69.75,7.25,0.0789025,29
crossing_90_a_08,70.25,7.75,0.0756399,31
crossing_90_a_08,70.75,7.75,0.0675539,31
crossing_90_a_08,71.25,7.75,0.0698805,31
crossing_90_a_08,71.75,7.75,0.0723688,31
crossing_90_a_08,72.25,7.5,0.083531,30
crossing_90_a_08,72.75,7.25,0.0835415,29
crossing_90_a_08,73.25,7.5,0.0605092,30
crossing_90_a_08,73.75,7.5,0.0682388,30
crossing_90_a_08,74.25,7.25,0.0666031,29
crossing_90_a_08,74.75,7.25,0.0848765,29
crossing_90_a_08,75.25,7.75,0.0829693,31
crossing_90_a_08,75.75,7.5,0.0764895,30
crossing_90_a_08,76.25,7,0.0780084,28
crossing_90_a_08,76.75,7.25,0.0891979,29
crossing_90_a_08,77.25,6.75,0.0901325,27
crossing_90_a_08,77.75,6.75,0.0795314,27
crossing_90_a_08,78.25,7.25,0.0835206,29
crossing_90_a_08,78.75,7.25,0.0988656,29
crossing_90_a_08,79.25,7,0.0953083,28
crossing_90_a_08,79.75,6.75,0.0688397,27
crossing_90_a_08,80.25,6.5,0.0583454,26
crossing_90_a_08,80.75,7.25,0.0699103,29
crossing_90_a_08,81.25,7,0.0665524,28
crossing_90_a_08,81.75,6.75,0.0768055,27
crossing_90_a_08,82.25,6.5,0.0770402,26
crossing_90_a_08,82.75,6.75,0.0721018,27
crossing_90_a_08,83.25,7.25,0.0664735,29
crossing_90_a_08,83.75,7.25,0.0755379,29
crossing_90_a_08,84.25,7.5,0.0774194,30
crossing_90_a_08,84.75,7.5,0.0618065,30
crossing_90_a_08,85.25,7.5,0.0655958,30
crossing_90_a_08,85.75,7.5,0.0654565,30
crossing_90_a_08,86.25,7.5,0.0706301,30
crossing_90_a_08,86.75,7.25,0.0785089,29
crossing_90_a_08,87.25,7.5,0.0686716,30
crossing_90_a_08,87.75,7,0.0736847,28
crossing_90_a_08,88.25,7,0.0787462,28
crossing_90_a_08,88.75,7,0.071397,28
crossing_90_a_08,89.25,6.5,0.0745584,26
crossing_90_a_08,89.75,6.5,0.0864477,26
crossing_90_a_08,90.25,6.75,0.0839016,27
crossing_90_a_08,90.75,6.75,0.090248,27
crossing_90_a_08,91.25,7.25,0.0850975,29
crossing_90_a_08,91.75,7.25,0.0814767,29
crossing_90_a_08,92.25,7,0.0812339,28
crossing_90_a_08,92.75,7.5,0.0773737,30
crossing_90_a_08,93.25,7.75,0.0789662,31
crossing_90_a_08,93.75,7.25,0.0808017,29
crossing_90_a_08,94.25,7.5,0.079953,30
crossing_90_a_08,94.75,8,0.0876751,32
crossing_90_a_08,95.25,7.75,0.0827111,31
crossing_90_a_08,95.75,7.25,0.0890466,29
crossing_90_a_08,96.25,7.5,0.0797169,30
crossing_90_a_08,96.75,7,0.0858814,28
crossing_90_a_08,97.25,7.25,0.0801351,29
crossing_90_a_08,97.75,7.25,0.0882824,29
crossing_90_a_08,98.25,7.25,0.0756066,29
crossing_90_a_08,98.75,7.25,0.0935881,29
crossing_90_a_08,99.25,6.75,0.0941315,27
crossing_90_a_08,99.75,6.75,0.071696,27
crossing_90_a_08,100.25,7,0.0854866,28
crossing_90_a_08,100.75,7.5,0.081105,30
crossing_90_a_08,101.25,7.25,0.0825139,29
crossing_90_a_08,101.75,6.5,0.0796507,26
crossing_90_a_08,102.25,7,0.0777243,28
crossing_90_a_08,102.75,7.5,0.0954317,30
crossing_90_a_08,103.25,7,0.0903655,28
crossing_90_a_08,103.75,7,0.0679351,28
crossing_90_a_08,104.25,7.25,0.072549,29
crossing_90_a_08,104.75,7.25,0.0666917,29
crossing_90_a_08,105.25,7,0.0599597,28
crossing_90_a_08,105.75,7,0.0679052,28
crossing_90_a_08,106.25,6.75,0.0712309,27
crossing_90_a_08,106.75,7.5,0.0743098,30
crossing_90_a_08,107.25,6.75,0.0721737,27
crossing_90_a_08,107.75,6.5,0.074428,26
crossing_90_a_08,108.25,6.75,0.0738707,27
crossing_90_a_08,108.75,6.25,0.0811718,25
crossing_90_a_08,109.25,6.25,0.0707653,25
crossing_90_a_08,109.75,6,0.0689303,24
crossing_90_a_08,110.25,6.5,0.0663965,26
crossing_90_a_08,110.75,6.25,0.0628492,25
crossing_90_a_08,111.25,6.25,0.0711568,25
crossing_90_a_08,111.75,7,0.0654904,28
crossing_90_a_08,112.25,6.75,0.0567991,27
crossing_90_a_08,112.75,6.75,0.0668809,27
crossing_90_a_08,113.25,6.75,0.0707969,27
crossing_90_a_08,113.75,7,0.060886,28
crossing_90_a_08,114.25,6.5,0.0477432,26
crossing_90_a_08,114.75,6.5,0.062695,26
crossing_90_a_08,115.25,6.25,0.0636879,25
crossing_90_a_08,115.75,6.25,0.0464482,25
crossing_90_a_08,116.25,6.5,0.0391406,26
crossing_90_a_08,116.75,6.5,0.0424009,26
crossing_90_a_08,117.25,6.25,0.0445874,25
crossing_90_a_08,117.75,6.5,0.0331873,26
crossing_90_a_08,118.25,6,0.0317197,24
crossing_90_a_08,118.75,6,0.0339335,24
crossing_90_a_08,119.25,6.25,0.0379445,25
crossing_90_a_09,11.188,0.25,0.963435,1
crossing_90_a_09,11.688,0.25,0.892536,1
crossing_90_a_09,12.188,0.25,0.851253,1
crossing_90_a_09,12.688,0.25,0.846343,1
crossing_90_a_09,13.188,0.25,0.87872,1
crossing_90_a_09,14.688,0.25,0.959726,1
crossing_90_a_09,15.188,0.75,0.926588,3
crossing_90_a_09,15.688,1,0.850267,4
crossing_90_a_09,16.188,1.5,0.880106,6
crossing_90_a_09,16.688,1.25,0.867864,5
crossing_90_a_09,17.188,0.75,0.853266,3
crossing_90_a_09,17.688,0.5,0.763043,2
crossing_90_a_09,18.188,0.5,0.913346,2
crossing_90_a_09,18.688,0.25,1.13206,1
crossing_90_a_09,19.188,0.5,0.983222,2
crossing_90_a_09,19.688,0.5,0.886201,2
crossing_90_a_09,20.188,1,0.898575,4
crossing_90_a_09,20.688,0.75,0.928065,3
crossing_90_a_09,21.188,0.75,0.812842,3
crossing_90_a_09,21.688,1,0.832853,4
crossing_90_a_09,22.188,0.75,0.715849,3
crossing_90_a_09,22.688,1,0.703848,4
crossing_90_a_09,23.188,1.25,0.654669,5
crossing_90_a_09,23.688,1.25,0.658308,5
crossing_90_a_09,24.188,1,0.658673,4
crossing_90_a_09,24.688,0.75,0.692694,3
crossing_90_a_09,25.188,0.75,0.829836,3
crossing_90_a_09,25.688,0.5,0.897053,2
crossing_90_a_09,26.188,0.75,0.883734,3
crossing_90_a_09,26.688,0.75,0.845479,3
crossing_90_a_09,27.188,1,0.851871,4
crossing_90_a_09,27.688,0.5,0.742056,2
crossing_90_a_09,28.188,0.75,0.86375,3
crossing_90_a_09,28.688,0.75,0.873135,3
crossing_90_a_09,29.188,0.75,0.856902,3
crossing_90_a_09,29.688,0.5,0.855601,2
crossing_90_a_09,30.188,0.5,0.861933,2
crossing_90_a_09,30.688,0.75,0.852658,3
crossing_90_a_09,31.188,1,0.851387,4
crossing_90_a_09,31.688,1,0.85539,4
crossing_90_a_09,32.188,0.75,0.77219,3
crossing_90_a_09,32.688,0.5,0.803931,2
crossing_90_a_09,33.188,0.5,0.826814,2
crossing_90_a_09,33.688,1,0.863323,4
crossing_90_a_09,34.188,0.75,0.814726,3
crossing_90_a_09,34.688,1,0.793364,4
crossing_90_a_09,35.188,0.75,0.696294,3
crossing_90_a_09,35.688,0.75,0.718929,3
crossing_90_a_09,36.188,1,0.77194,4
crossing_90_a_09,36.688,1.25,0.7759,5
crossing_90_a_09,37.188,1,0.822671,4
crossing_90_a_09,37.688,1,0.850535,4
crossing_90_a_09,38.188,1,0.913308,4
crossing_90_a_09,38.688,0.5,0.823063,2
crossing_90_a_09,39.188,1,0.87374,4
crossing_90_a_09,39.688,0.75,0.896356,3
crossing_90_a_09,40.188,0.75,0.867374,3
crossing_90_a_09,40.688,0.5,0.736575,2
crossing_90_a_09,41.188,0.75,0.801229,3
crossing_90_a_09,41.688,1,0.767669,4
crossing_90_a_09,42.188,0.75,0.827979,3
crossing_90_a_09,42.688,1,0.870514,4
crossing_90_a_09,43.188,0.75,0.876827,3
crossing_90_a_09,43.688,0.5,0.880044,2
crossing_90_a_09,44.188,1,0.920119,4
crossing_90_a_09,44.688,0.5,0.970333,2
crossing_90_a_09,45.188,0.75,0.793181,3
crossing_90_a_09,45.688,0.75,0.799177,3
crossing_90_a_09,46.188,0.75,0.627134,3
crossing_90_a_09,46.688,1,0.658101,4
crossing_90_a_09,47.188,1,0.61154,4
crossing_90_a_09,47.688,0.75,0.502036,3
crossing_90_a_09,48.188,1,0.608168,4
crossing_90_a_09,48.688,1,0.510681,4
crossing_90_a_09,49.188,1,0.56557,4
crossing_90_a_09,49.688,1,0.598117,4
crossing_90_a_09,50.188,0.75,0.608562,3
crossing_90_a_09,50.688,1,0.624522,4
crossing_90_a_09,51.188,1.25,0.630837,5
crossing_90_a_09,51.688,0.75,0.588807,3
crossing_90_a_09,52.188,1.25,0.615336,5
crossing_90_a_09,52.688,1,0.654868,4
crossing_90_a_09,53.188,1.25,0.721711,5
crossing_90_a_09,53.688,1,0.685836,4
crossing_90_a_09,54.188,0.75,0.545033,3
crossing_90_a_09,54.688,0.75,0.563105,3
crossing_90_a_09,55.188,0.5,0.410309,2
crossing_90_a_09,55.688,0.75,0.504251,3
crossing_90_a_09,56.188,1,0.619615,4
crossing_90_a_09,56.688,1,0.661116,4
crossing_90_a_09,57.188,1,0.704204,4
crossing_90_a_09,57.688,1,0.700481,4
crossing_90_a_09,58.188,0.75,0.695153,3
crossing_90_a_09,58.688,0.75,0.742859,3
crossing_90_a_09,59.188,0.75,0.783993,3
crossing_90_a_09,59.688,0.5,0.699491,2
crossing_90_a_09,60.188,0.5,0.887342,2
crossing_90_a_09,60.688,0.5,0.903059,2
crossing_90_a_09,61.188,1.25,0.827453,5
crossing_90_a_09,61.688,1.25,0.812044,5
crossing_90_a_09,62.188,0.75,0.756359,3
crossing_90_a_09,62.688,0.75,0.786901,3
crossing_90_a_09,63.188,0.75,0.816319,3
crossing_90_a_09,63.688,0.5,0.733811,2
crossing_90_a_09,64.188,0.75,0.7045,3
crossing_90_a_09,64.688,0.75,0.682558,3
crossing_90_a_09,65.188,1,0.706544,4
crossing_90_a_09,65.688,0.75,0.779595,3
crossing_90_a_09,66.188,1,0.776166,4
crossing_90_a_09,66.688,0.75,0.779731,3
crossing_90_a_09,67.188,0.75,0.746773,3
crossing_90_a_09,67.688,0.75,0.801993,3
crossing_90_a_09,68.188,1.25,0.801255,5
crossing_90_a_09,68.688,1.5,0.754353,6
crossing_90_a_09,69.188,1.25,0.7564,5
crossing_90_a_09,69.688,1.5,0.738553,6
crossing_90_a_09,70.188,1.25,0.734586,5
crossing_90_a_09,70.688,1,0.757368,4
crossing_90_a_09,71.188,1,0.776828,4
crossing_90_a_09,71.688,1.25,0.744748,5
crossing_90_a_09,72.188,0.75,0.741254,3
crossing_90_a_09,72.688,0.75,0.753305,3
crossing_90_a_09,73.188,1,0.767523,4
crossing_90_a_09,73.688,1,0.73014,4
crossing_90_a_09,74.188,0.75,0.633761,3
crossing_90_a_09,74.688,1,0.604966,4
crossing_90_a_09,75.188,1.25,0.647458,5
crossing_90_a_09,75.688,1.5,0.634494,6
crossing_90_a_09,76.188,1.25,0.616572,5
crossing_90_a_09,76.688,1.25,0.594889,5
crossing_90_a_09,77.188,1,0.619023,4
crossing_90_a_09,77.688,1.5,0.633866,6
crossing_90_a_09,78.188,1.5,0.583158,6
crossing_90_a_09,78.688,1.5,0.599292,6
crossing_90_a_09,79.188,1.25,0.563622,5
crossing_90_a_09,79.688,1.5,0.594064,6
crossing_90_a_09,80.188,1.5,0.599123,6
crossing_90_a_09,80.688,1.5,0.639968,6
crossing_90_a_09,81.188,1.75,0.618464,7
crossing_90_a_09,81.688,1.25,0.555709,5
crossing_90_a_09,82.188,1.25,0.582455,5
crossing_90_a_09,82.688,1.25,0.697484,5
crossing_90_a_09,83.188,1,0.753966,4
crossing_90_a_09,83.688,0.75,0.762949,3
crossing_90_a_09,84.188,0.75,0.758562,3
crossing_90_a_09,84.688,1,0.731212,4
crossing_90_a_09,85.188,0.5,0.650336,2
crossing_90_a_09,85.688,1,0.709339,4
crossing_90_a_09,86.188,1.25,0.741226,5
crossing_90_a_09,86.688,1,0.72084,4
crossing_90_a_09,87.188,1.25,0.740596,5
crossing_90_a_09,87.688,1,0.737916,4
crossing_90_a_09,88.188,1.25,0.733498,5
crossing_90_a_09,88.688,1,0.748948,4
crossing_90_a_09,89.188,1,0.694743,4
crossing_90_a_09,89.688,1,0.731334,4
crossing_90_a_09,90.188,1,0.779837,4
crossing_90_a_09,90.688,1,0.795717,4
crossing_90_a_09,91.188,0.75,0.843821,3
crossing_90_a_09,91.688,0.25,0.904424,1
crossing_90_a_09,92.188,0.5,0.832722,2
crossing_90_a_09,92.688,0.5,0.702018,2
crossing_90_a_09,93.188,0.5,0.698596,2
crossing_90_a_09,93.688,1,0.755069,4
crossing_90_a_09,94.188,1.25,0.805769,5
crossing_90_a_09,94.688,1.25,0.708827,5
crossing_90_a_09,95.188,1.25,0.64838,5
crossing_90_a_09,95.688,1,0.565367,4
crossing_90_a_09,96.188,0.75,0.536416,3
crossing_90_a_09,96.688,1,0.645589,4
crossing_90_a_09,97.188,0.75,0.666608,3
crossing_90_a_09,97.688,0.75,0.622949,3
crossing_90_a_09,98.188,0.5,0.651984,2
crossing_90_a_09,98.688,0.5,0.640555,2
crossing_90_a_09,99.188,0.5,0.783734,2
crossing_90_a_09,99.688,0.75,0.79774,3
crossing_90_a_09,100.188,0.75,0.817222,3
crossing_90_a_09,100.688,0.5,0.780635,2
crossing_90_a_09,101.188,0.5,0.758743,2
crossing_90_a_09,101.688,0.5,0.588865,2
crossing_90_a_09,102.188,0.75,0.676119,3
crossing_90_a_09,102.688,0.5,0.704701,2
crossing_90_a_09,103.188,0.5,0.709109,2
crossing_90_a_09,103.688,0.75,0.742125,3
crossing_90_a_09,104.188,0.75,0.7403,3
crossing_90_a_09,104.688,1,0.722079,4
crossing_90_a_09,105.188,1,0.721504,4
crossing_90_a_09,105.688,1,0.669956,4
crossing_90_a_09,106.188,1,0.702563,4
crossing_90_a_09,106.688,1.25,0.701271,5
crossing_90_a_09,107.188,1,0.68081,4
crossing_90_a_09,107.688,0.75,0.608799,3
crossing_90_a_09,108.188,1,0.545563,4
crossing_90_a_09,108.688,0.75,0.561291,3
crossing_90_a_09,109.188,0.75,0.555196,3
crossing_90_a_09,109.688,1.25,0.695311,5
crossing_90_a_09,110.188,1.5,0.666609,6
crossing_90_a_09,110.688,1.25,0.629557,5
crossing_90_a_09,111.188,1.25,0.602518,5
crossing_90_a_09,111.688,1.25,0.55063,5
crossing_90_a_09,112.188,1.5,0.606351,6
crossing_90_a_09,112.688,1.75,0.64474,7
crossing_90_a_09,113.188,1.5,0.655025,6
crossing_90_a_09,113.688,0.75,0.564813,3
crossing_90_a_09,114.188,0.75,0.57549,3
crossing_90_a_09,114.688,0.75,0.58038,3
crossing_90_a_09,115.188,0.75,0.620554,3
crossing_90_a_09,115.688,1,0.680255,4
crossing_90_a_09,116.188,0.5,0.731877,2
crossing_90_a_09,116.688,0.5,0.674226,2
crossing_90_a_09,117.188,1.25,0.739628,5
crossing_90_a_09,117.688,1,0.678899,4
crossing_90_a_09,118.188,1,0.658943,4
crossing_90_a_09,118.688,1,0.684985,4
crossing_90_a_09,119.188,0.75,0.776727,3
crossing_90_a_09,119.688,0.75,0.723986,3
crossing_90_a_09,120.188,0.5,0.81663,2
crossing_90_a_09,120.688,0.75,0.785168,3
crossing_90_a_09,121.188,0.75,0.788102,3
crossing_90_a_09,121.688,0.5,0.701739,2
crossing_90_a_09,122.188,0.5,0.699173,2
crossing_90_a_09,122.688,1,0.699277,4
crossing_90_a_09,123.188,1,0.685054,4
crossing_90_a_09,123.688,1.25,0.726148,5
crossing_90_a_09,124.188,1.25,0.76002,5
crossing_90_a_09,124.688,1,0.822196,4
crossing_90_a_09,125.188,0.5,0.752698,2
crossing_90_a_09,125.688,0.5,0.761008,2
crossing_90_a_09,126.188,0.5,0.745912,2
crossing_90_a_09,126.688,0.75,0.7232,3
crossing_90_a_09,127.188,1,0.702616,4
crossing_90_a_09,127.688,1.25,0.714191,5
crossing_90_a_09,128.188,1,0.606039,4
crossing_90_a_09,128.688,1.25,0.614025,5
crossing_90_a_09,129.188,1.5,0.562866,6
crossing_90_a_09,129.688,1.25,0.489713,5
crossing_90_a_09,130.188,1.5,0.517231,6
crossing_90_a_09,130.688,1.25,0.543269,5
crossing_90_a_09,131.188,1.5,0.599073,6
crossing_90_a_09,131.688,1.5,0.627043,6
crossing_90_a_09,132.188,1,0.527324,4
crossing_90_a_09,132.688,1.5,0.614014,6
crossing_90_a_09,133.188,1.25,0.691194,5
crossing_90_a_09,133.688,1,0.677229,4
crossing_90_a_09,134.188,0.75,0.696883,3
crossing_90_a_09,134.688,1,0.724547,4
crossing_90_a_09,135.188,1,0.786416,4
crossing_90_a_09,135.688,0.75,0.759787,3
crossing_90_a_09,136.188,0.5,0.742949,2
crossing_90_a_09,136.688,0.75,0.76155,3
crossing_90_a_09,137.188,0.25,0.711524,1
crossing_90_a_09,137.688,0.5,0.901458,2
crossing_90_a_09,138.188,0.5,0.960036,2
crossing_90_a_09,138.688,0.5,0.991175,2
crossing_90_a_09,139.188,0.25,0.982249,1
crossing_90_a_09,139.688,0.5,0.994823,2
crossing_90_a_09,140.188,0.25,0.996547,1
crossing_90_a_09,140.688,0.75,0.878937,3
crossing_90_a_09,141.188,1,0.885156,4
crossing_90_a_09,141.688,0.75,0.863106,3
crossing_90_a_09,142.188,0.75,0.900653,3
crossing_90_a_09,142.688,0.75,0.773271,3
crossing_90_a_09,143.188,0.5,0.669241,2
crossing_90_a_09,143.688,0.75,0.818834,3
crossing_90_a_09,144.188,0.75,0.628164,3
crossing_90_a_09,144.688,0.75,0.709378,3
crossing_90_a_09,145.188,1,0.604114,4
crossing_90_a_09,145.688,1,0.654787,4
crossing_90_a_09,146.188,1,0.666448,4
crossing_90_a_09,146.688,1.25,0.618505,5
crossing_90_a_09,147.188,1,0.633456,4
crossing_90_a_09,147.688,0.75,0.704662,3
crossing_90_a_09,148.188,0.75,0.766692,3
crossing_90_a_09,148.688,1,0.774926,4
crossing_90_a_09,149.188,0.5,0.707612,2
crossing_90_a_09,149.688,0.75,0.725329,3
crossing_90_a_09,150.188,0.75,0.72186,3
crossing_90_a_09,150.688,0.75,0.725679,3
crossing_90_a_09,151.188,1.5,0.718861,6
crossing_90_a_09,151.688,1.5,0.728348,6
crossing_90_a_09,152.188,1.25,0.733443,5
crossing_90_a_09,152.688,1,0.769363,4
crossing_90_a_09,153.188,1,0.796298,4
crossing_90_a_09,153.688,0.75,0.737081,3
crossing_90_a_09,154.188,0.25,0.463931,1
crossing_90_a_09,154.688,0.25,0.849506,1
crossing_90_a_09,155.188,0.75,0.921869,3
crossing_90_a_09,155.688,0.75,0.940436,3
crossing_90_a_09,156.188,0.75,0.923626,3
crossing_90_a_09,156.688,1,0.848147,4
crossing_90_a_09,157.188,0.5,0.767485,2
crossing_90_a_09,157.688,0.5,0.789716,2
crossing_90_a_09,158.188,0.75,0.871345,3
crossing_90_a_09,158.688,0.25,0.794709,1
crossing_90_a_09,159.688,0.25,0.760344,1
crossing_90_a_09,160.188,0.75,0.759687,3
crossing_90_a_09,160.688,0.75,0.742636,3
crossing_90_a_09,161.188,1,0.80839,4
crossing_90_a_09,161.688,1.5,0.797257,6
crossing_90_a_09,162.188,1.25,0.810902,5
crossing_90_a_09,162.688,0.75,0.839487,3
crossing_90_a_09,163.188,0.5,0.797326,2
crossing_90_a_09,163.688,0.5,0.842773,2
crossing_90_a_09,165.688,0.5,0.875752,2
crossing_90_a_09,166.188,0.75,0.812045,3
crossing_90_a_09,166.688,1.25,0.792139,5
crossing_90_a_09,167.188,1.25,0.834668,5
crossing_90_a_09,167.688,0.75,0.796872,3
crossing_90_a_09,168.188,0.75,0.863278,3
crossing_90_a_09,168.688,1,0.829162,4
crossing_90_a_09,169.188,1.25,0.773361,5
crossing_90_a_09,169.688,1.25,0.798309,5
crossing_90_a_09,170.188,1.25,0.825242,5
crossing_90_a_09,170.688,1,0.856455,4
crossing_90_a_09,171.188,0.5,0.788465,2
crossing_90_a_09,171.688,0.5,0.822352,2
crossing_90_a_09,172.188,0.75,0.822552,3
crossing_90_a_09,172.688,0.5,0.837501,2
crossing_90_a_09,173.188,1.25,0.741387,5
crossing_90_a_09,173.688,1.25,0.724256,5
crossing_90_a_09,174.188,1.25,0.727506,5
crossing_90_a_09,174.688,0.5,0.589016,2
crossing_90_a_09,175.188,1,0.672041,4
crossing_90_a_09,175.688,1.25,0.636916,5
crossing_90_a_09,176.188,0.75,0.436556,3
crossing_90_a_09,176.688,0.75,0.479955,3
crossing_90_a_09,177.188,1,0.515209,4
crossing_90_a_09,177.688,1.5,0.516437,6
crossing_90_a_09,178.188,1.5,0.518064,6
crossing_90_a_09,178.688,1,0.468511,4
crossing_90_a_09,179.188,1.25,0.553732,5
crossing_90_a_09,179.688,1.5,0.592893,6
crossing_90_a_09,180.188,1.75,0.582413,7
crossing_90_a_09,180.688,1,0.522797,4
crossing_90_a_09,181.188,0.75,0.567232,3
crossing_90_a_09,181.688,1.25,0.610997,5
crossing_90_a_09,182.188,1,0.588603,4
crossing_90_a_09,182.688,1.25,0.578799,5
crossing_90_a_09,183.188,1,0.60697,4
crossing_90_a_09,183.688,0.75,0.557222,3
crossing_90_a_09,184.188,0.75,0.597156,3
crossing_90_a_09,184.688,0.5,0.635517,2
crossing_90_a_09,185.188,0.5,0.71507,2
crossing_90_a_09,185.688,0.25,0.811402,1
crossing_90_a_10,11.5,0.25,0.952041,1
crossing_90_a_10,12,0.5,0.938804,2
crossing_90_a_10,12.5,0.75,0.93133,3
crossing_90_a_10,13,0.75,0.971605,3
crossing_90_a_10,13.5,1.5,0.93265,6
crossing_90_a_10,14,1,0.857077,4
crossing_90_a_10,14.5,1.25,0.77594,5
crossing_90_a_10,15,1.25,0.803328,5
crossing_90_a_10,15.5,1.25,0.874956,5
crossing_90_a_10,16,0.75,0.900161,3
crossing_90_a_10,16.5,0.75,0.814038,3
crossing_90_a_10,17,0.75,0.854406,3
crossing_90_a_10,17.5,1,0.820763,4
crossing_90_a_10,18,1,0.750976,4
crossing_90_a_10,18.5,1.5,0.723366,6
crossing_90_a_10,19,2,0.739041,8
crossing_90_a_10,19.5,1.5,0.724287,6
crossing_90_a_10,20,1.5,0.717461,6
crossing_90_a_10,20.5,1.5,0.773074,6
crossing_90_a_10,21,0.75,0.694161,3
crossing_90_a_10,21.5,1,0.675079,4
crossing_90_a_10,22,1.25,0.642218,5
crossing_90_a_10,22.5,1.5,0.652059,6
crossing_90_a_10,23,1.25,0.652629,5
crossing_90_a_10,23.5,1.5,0.619056,6
crossing_90_a_10,24,1.5,0.614928,6
crossing_90_a_10,24.5,1.5,0.645517,6
crossing_90_a_10,25,1.5,0.687335,6
crossing_90_a_10,25.5,2,0.706357,8
crossing_90_a_10,26,2,0.685471,8
crossing_90_a_10,26.5,2,0.685102,8
crossing_90_a_10,27,1.75,0.688501,7
crossing_90_a_10,27.5,1.5,0.713078,6
crossing_90_a_10,28,1.25,0.665601,5
crossing_90_a_10,28.5,1.25,0.661606,5
crossing_90_a_10,29,1.75,0.596095,7
crossing_90_a_10,29.5,1.75,0.512285,7
crossing_90_a_10,30,1.75,0.533602,7
crossing_90_a_10,30.5,1.75,0.530354,7
crossing_90_a_10,31,2,0.524229,8
crossing_90_a_10,31.5,2.25,0.521689,9
crossing_90_a_10,32,2.25,0.514177,9
crossing_90_a_10,32.5,2.25,0.507733,9
crossing_90_a_10,33,1.75,0.494691,7
crossing_90_a_10,33.5,2,0.500576,8
crossing_90_a_10,34,1.75,0.501545,7
crossing_90_a_10,34.5,1.75,0.507439,7
crossing_90_a_10,35,2.25,0.506743,9
crossing_90_a_10,35.5,2.25,0.509991,9
crossing_90_a_10,36,2.25,0.456908,9
crossing_90_a_10,36.5,2.5,0.467863,10
crossing_90_a_10,37,2.5,0.471579,10
crossing_90_a_10,37.5,2,0.450842,8
crossing_90_a_10,38,2.25,0.452846,9
crossing_90_a_10,38.5,2,0.45752,8
crossing_90_a_10,39,2.5,0.492507,10
crossing_90_a_10,39.5,2.25,0.494196,9
crossing_90_a_10,40,2.25,0.517512,9
crossing_90_a_10,40.5,2,0.486985,8
crossing_90_a_10,41,1.75,0.454428,7
crossing_90_a_10,41.5,1.75,0.449625,7
crossing_90_a_10,42,2,0.499598,8
crossing_90_a_10,42.5,1.5,0.506362,6
crossing_90_a_10,43,1.25,0.498034,5
crossing_90_a_10,43.5,1.25,0.541939,5
crossing_90_a_10,44,1.75,0.57085,7
crossing_90_a_10,44.5,1.5,0.58015,6
crossing_90_a_10,45,1.5,0.548958,6
crossing_90_a_10,45.5,1,0.445277,4
crossing_90_a_10,46,1.25,0.457684,5
crossing_90_a_10,46.5,1.5,0.483869,6
crossing_90_a_10,47,1,0.425947,4
crossing_90_a_10,47.5,1.5,0.530406,6
crossing_90_a_10,48,1.75,0.51213,7
crossing_90_a_10,48.5,1.5,0.45475,6
crossing_90_a_10,49,2,0.462742,8
crossing_90_a_10,49.5,2.5,0.395237,10
crossing_90_a_10,50,2.25,0.392513,9
crossing_90_a_10,50.5,2.25,0.410257,9
crossing_90_a_10,51,2.25,0.431606,9
crossing_90_a_10,51.5,2,0.388755,8
crossing_90_a_10,52,2,0.400681,8
crossing_90_a_10,52.5,1.75,0.354634,7
crossing_90_a_10,53,2.25,0.382433,9
crossing_90_a_10,53.5,2,0.372512,8
crossing_90_a_10,54,2.25,0.347092,9
crossing_90_a_10,54.5,2.5,0.390492,10
crossing_90_a_10,55,1.75,0.431353,7
crossing_90_a_10,55.5,1.75,0.406451,7
crossing_90_a_10,56,1.75,0.398745,7
crossing_90_a_10,56.5,1.5,0.463906,6
crossing_90_a_10,57,2,0.416462,8
crossing_90_a_10,57.5,1.75,0.414188,7
crossing_90_a_10,58,2,0.416747,8
crossing_90_a_10,58.5,1.75,0.481259,7
crossing_90_a_10,59,1.75,0.462885,7
crossing_90_a_10,59.5,1.5,0.458825,6
crossing_90_a_10,60,1.75,0.520931,7
crossing_90_a_10,60.5,2,0.53918,8
crossing_90_a_10,61,1.75,0.468267,7
crossing_90_a_10,61.5,2,0.498548,8
crossing_90_a_10,62,2,0.468779,8
crossing_90_a_10,62.5,1.75,0.455113,7
crossing_90_a_10,63,2.25,0.45833,9
crossing_90_a_10,63.5,2.25,0.40728,9
crossing_90_a_10,64,2.25,0.455457,9
crossing_90_a_10,64.5,2,0.436347,8
crossing_90_a_10,65,2,0.493019,8
crossing_90_a_10,65.5,2,0.450778,8
crossing_90_a_10,66,1.75,0.417197,7
crossing_90_a_10,66.5,2,0.388793,8
crossing_90_a_10,67,2.5,0.41112,10
crossing_90_a_10,67.5,2,0.410691,8
crossing_90_a_10,68,2,0.446581,8
crossing_90_a_10,68.5,2,0.508223,8
crossing_90_a_10,69,1.75,0.482127,7
crossing_90_a_10,69.5,1.75,0.484662,7
crossing_90_a_10,70,2,0.524622,8
crossing_90_a_10,70.5,2.25,0.502752,9
crossing_90_a_10,71,2,0.52648,8
crossing_90_a_10,71.5,1.75,0.513408,7
crossing_90_a_10,72,1.75,0.470459,7
crossing_90_a_10,72.5,2.25,0.516537,9
crossing_90_a_10,73,1.75,0.486345,7
crossing_90_a_10,73.5,2,0.442522,8
crossing_90_a_10,74,1.75,0.497905,7
crossing_90_a_10,74.5,1.5,0.446154,6
crossing_90_a_10,75,1.75,0.455365,7
crossing_90_a_10,75.5,1.75,0.5009,7
crossing_90_a_10,76,1,0.485292,4
crossing_90_a_10,76.5,1.25,0.545505,5
crossing_90_a_10,77,1.5,0.579619,6
crossing_90_a_10,77.5,1,0.528076,4
crossing_90_a_10,78,1.25,0.541371,5
crossing_90_a_10,78.5,0.5,0.652787,2
crossing_90_a_10,79,1,0.557284,4
crossing_90_a_10,79.5,1.5,0.511026,6
crossing_90_a_10,80,1.75,0.501383,7
crossing_90_a_10,80.5,2.25,0.480282,9
crossing_90_a_10,81,2.25,0.455025,9
crossing_90_a_10,81.5,2.5,0.459211,10
crossing_90_a_10,82,2.5,0.411684,10
crossing_90_a_10,82.5,2.5,0.388703,10
crossing_90_a_10,83,2.75,0.386504,11
crossing_90_a_10,83.5,3,0.359513,12
crossing_90_a_10,84,3,0.362552,12
crossing_90_a_10,84.5,2.75,0.36328,11
crossing_90_a_10,85,2.25,0.346123,9
crossing_90_a_10,85.5,2.25,0.405029,9
crossing_90_a_10,86,2.25,0.4384,9
crossing_90_a_10,86.5,1.75,0.383841,7
crossing_90_a_10,87,1.75,0.373273,7
crossing_90_a_10,87.5,2,0.32817,8
crossing_90_a_10,88,2,0.33848,8
crossing_90_a_10,88.5,2.75,0.384559,11
crossing_90_a_10,89,2.25,0.356619,9
crossing_90_a_10,89.5,2,0.290705,8
crossing_90_a_10,90,2.5,0.301558,10
crossing_90_a_10,90.5,2.75,0.338618,11
crossing_90_a_10,91,2.5,0.34704,10
crossing_90_a_10,91.5,2.75,0.332519,11
crossing_90_a_10,92,2.75,0.337397,11
crossing_90_a_10,92.5,2.75,0.354899,11
crossing_90_a_10,93,2.75,0.376339,11
crossing_90_a_10,93.5,2.75,0.414381,11
crossing_90_a_10,94,2.25,0.345605,9
crossing_90_a_10,94.5,2.25,0.390537,9
crossing_90_a_10,95,2.75,0.39676,11
crossing_90_a_10,95.5,2.5,0.394704,10
crossing_90_a_10,96,2.5,0.388937,10
crossing_90_a_10,96.5,1.75,0.366957,7
crossing_90_a_10,97,1.75,0.389944,7
crossing_90_a_10,97.5,1.5,0.372038,6
crossing_90_a_10,98,2,0.401777,8
crossing_90_a_10,98.5,1.75,0.351579,7
crossing_90_a_10,99,1.75,0.332522,7
crossing_90_a_10,99.5,2,0.372276,8
crossing_90_a_10,100,2,0.39755,8
crossing_90_a_10,100.5,2.25,0.414681,9
crossing_90_a_10,101,2,0.384711,8
crossing_90_a_10,101.5,2,0.366202,8
crossing_90_a_10,102,2.25,0.359265,9
crossing_90_a_10,102.5,1.5,0.342656,6
crossing_90_a_10,103,1.25,0.342722,5
crossing_90_a_10,103.5,1.75,0.435976,7
crossing_90_a_10,104,1.5,0.528657,6
crossing_90_a_10,104.5,2,0.576025,8
crossing_90_a_10,105,1.25,0.529638,5
crossing_90_a_10,105.5,1.25,0.551936,5
crossing_90_a_10,106,1.25,0.550543,5
crossing_90_a_10,106.5,1.25,0.542726,5
crossing_90_a_10,107,1.25,0.563095,5
crossing_90_a_10,107.5,1.5,0.54434,6
crossing_90_a_10,108,1.75,0.478897,7
crossing_90_a_10,108.5,2.25,0.475469,9
crossing_90_a_10,109,1.75,0.476706,7
crossing_90_a_10,109.5,1.75,0.546801,7
crossing_90_a_10,110,1.5,0.61299,6
crossing_90_a_10,110.5,1.25,0.630165,5
crossing_90_a_10,111,1,0.64466,4
crossing_90_a_10,111.5,1,0.576805,4
crossing_90_a_10,112,0.75,0.576828,3
crossing_90_a_10,112.5,0.75,0.607356,3
crossing_90_a_10,113,1.5,0.62622,6
crossing_90_a_10,113.5,1.5,0.602963,6
crossing_90_a_10,114,1.5,0.559098,6
crossing_90_a_10,114.5,1,0.506252,4
crossing_90_a_10,115,1.5,0.560466,6
crossing_90_a_10,115.5,1.25,0.607523,5
crossing_90_a_10,116,1.25,0.608159,5
crossing_90_a_10,116.5,1.25,0.657139,5
crossing_90_a_10,117,1.25,0.750383,5
crossing_90_a_10,117.5,1.25,0.752329,5
crossing_90_a_10,118,1,0.720823,4
crossing_90_a_10,118.5,1,0.776415,4
crossing_90_a_10,119,0.5,0.811398,2
crossing_90_a_10,119.5,0.5,0.871012,2
crossing_90_a_10,120,0.5,0.858134,2
crossing_90_a_10,120.5,0.75,0.862497,3
crossing_90_a_10,121,0.5,0.871575,2
crossing_90_a_10,121.5,0.75,0.759026,3
crossing_90_a_10,122,0.75,0.86074,3
crossing_90_a_10,122.5,0.75,0.853145,3
crossing_90_a_10,123,0.75,0.874778,3
crossing_90_a_10,123.5,0.75,0.928513,3
crossing_90_a_10,124,0.5,0.849787,2
crossing_90_a_10,124.5,0.5,0.810655,2
crossing_90_a_10,125,0.5,0.783901,2
crossing_90_a_10,125.5,0.5,0.764159,2
crossing_90_a_10,126,0.5,0.784216,2
crossing_90_a_10,126.5,0.5,0.7949,2
crossing_90_a_10,127,0.5,0.807907,2
crossing_90_a_10,127.5,0.5,0.828503,2
crossing_90_a_10,128,0.5,0.759709,2
crossing_90_a_10,128.5,0.75,0.669738,3
crossing_90_a_10,129,0.75,0.627788,3
crossing_90_a_10,129.5,1,0.738342,4
crossing_90_a_10,130,1.25,0.787462,5
crossing_90_a_10,130.5,0.75,0.75322,3
crossing_90_a_10,131,0.5,0.733121,2
crossing_90_a_10,131.5,1.25,0.739552,5
crossing_90_a_10,132,1,0.692894,4
crossing_90_a_10,132.5,1,0.713975,4
crossing_90_a_10,133,0.75,0.793598,3
crossing_90_a_10,133.5,1,0.777065,4
crossing_90_a_10,134,0.75,0.881099,3
crossing_90_a_10,134.5,0.75,0.81869,3
crossing_90_a_10,135,0.75,0.786432,3
crossing_90_a_10,135.5,1.25,0.734201,5
crossing_90_a_10,136,1,0.738026,4
crossing_90_a_10,136.5,1.25,0.735261,5
crossing_90_a_10,137,0.75,0.737141,3
crossing_90_a_10,137.5,0.5,0.730466,2
crossing_90_a_10,138,0.5,0.674151,2
crossing_90_a_10,138.5,0.75,0.700667,3
crossing_90_a_10,139,1,0.651809,4
crossing_90_a_10,139.5,1.5,0.687709,6
crossing_90_a_10,140,1.25,0.691475,5
crossing_90_a_10,140.5,1.25,0.720924,5
crossing_90_a_10,141,1,0.760158,4
crossing_90_a_10,141.5,1.25,0.818646,5
crossing_90_a_10,142,0.75,0.811743,3
crossing_90_a_10,142.5,0.5,0.777212,2
crossing_90_a_10,143,0.75,0.781346,3
crossing_90_a_10,143.5,0.75,0.853812,3
crossing_90_a_10,144,0.5,0.848545,2
crossing_90_a_10,144.5,0.5,0.868086,2
crossing_90_a_10,145,0.5,0.899954,2
crossing_90_a_10,145.5,0.5,0.876527,2
crossing_90_a_10,146,0.5,0.88503,2
crossing_90_a_10,146.5,0.25,0.872252,1
crossing_90_a_10,147,0.25,0.87075,1
crossing_90_a_10,147.5,0.25,0.941277,1
crossing_90_a_10,148,0.25,0.931967,1
crossing_90_a_10,148.5,0.5,0.951933,2
crossing_90_a_10,149,0.5,0.954252,2
crossing_90_a_10,149.5,0.25,1.01293,1
crossing_90_a_10,150,0.25,0.981744,1
crossing_90_a_10,151,0.25,0.944866,1
crossing_90_a_10,151.5,0.25,0.953365,1
crossing_90_a_10,152,0.25,1.00084,1
crossing_90_a_10,152.5,0.25,0.992206,1
crossing_90_a_10,153,0.25,0.987606,1
crossing_90_b_02,11.625,0.25,0.939146,1
crossing_90_b_02,12.125,0.5,1.0315,2
crossing_90_b_02,12.625,0.5,1.01985,2
crossing_90_b_02,13.125,0.5,1.03637,2
crossing_90_b_02,13.625,0.25,0.904628,1
crossing_90_b_02,14.125,0.25,0.760777,1
crossing_90_b_02,15.125,0.25,0.867047,1
crossing_90_b_02,15.625,0.25,0.862819,1
crossing_90_b_02,16.125,0.25,0.866649,1
crossing_90_b_02,16.625,0.25,0.872461,1
crossing_90_b_02,17.125,0.25,0.975831,1
crossing_90_b_02,17.625,0.25,0.98532,1
crossing_90_b_02,18.125,0.5,0.939474,2
crossing_90_b_02,18.625,0.5,0.974964,2
crossing_90_b_02,19.125,0.5,0.761666,2
crossing_90_b_02,19.625,0.75,0.732186,3
crossing_90_b_02,20.125,0.5,0.632348,2
crossing_90_b_02,20.625,0.75,0.700109,3
crossing_90_b_02,21.125,0.5,0.77145,2
crossing_90_b_02,21.625,0.75,0.813835,3
crossing_90_b_02,22.125,0.5,0.830843,2
crossing_90_b_02,22.625,0.5,0.879854,2
crossing_90_b_02,23.125,0.5,0.943306,2
crossing_90_b_02,23.625,0.25,0.913001,1
crossing_90_b_02,24.125,0.25,0.900072,1
crossing_90_b_02,24.625,0.25,0.888603,1
crossing_90_b_02,26.125,0.5,0.942189,2
crossing_90_b_02,26.625,0.25,1.01153,1
crossing_90_b_02,27.125,0.25,0.990419,1
crossing_90_b_02,27.625,0.25,0.977792,1
crossing_90_b_02,28.125,0.25,0.923265,1
crossing_90_b_02,28.625,0.5,0.847802,2
crossing_90_b_02,29.125,0.5,0.844085,2
crossing_90_b_02,29.625,0.75,0.873272,3
crossing_90_b_02,30.125,0.5,0.813207,2
crossing_90_b_02,30.625,0.75,0.828288,3
crossing_90_b_02,31.125,1,0.92142,4
crossing_90_b_02,31.625,0.5,0.880972,2
crossing_90_b_02,32.125,0.5,0.934502,2
crossing_90_b_02,32.625,0.25,1.03638,1
crossing_90_b_02,33.125,0.5,0.931049,2
crossing_90_b_02,33.625,0.5,0.863371,2
crossing_90_b_02,34.125,0.5,0.874475,2
crossing_90_b_02,34.625,0.5,0.856251,2
crossing_90_b_02,35.125,0.25,0.867931,1
crossing_90_b_02,36.125,0.25,0.857166,1
crossing_90_b_02,36.625,0.5,0.757694,2
crossing_90_b_02,37.125,0.75,0.64686,3
crossing_90_b_02,37.625,0.75,0.642866,3
crossing_90_b_02,38.125,0.75,0.703329,3
crossing_90_b_02,38.625,0.75,0.809184,3
crossing_90_b_02,39.125,0.5,0.865293,2
crossing_90_b_02,39.625,0.5,0.857156,2
crossing_90_b_02,40.125,0.5,0.87343,2
crossing_90_b_02,40.625,0.75,0.855866,3
crossing_90_b_02,41.125,0.5,0.802097,2
crossing_90_b_02,41.625,0.75,0.850344,3
crossing_90_b_02,42.125,0.5,0.864746,2
crossing_90_b_02,42.625,0.25,0.84383,1
crossing_90_b_02,43.125,0.25,0.889729,1
crossing_90_b_02,43.625,0.5,0.874044,2
crossing_90_b_02,44.125,0.5,0.814167,2
crossing_90_b_02,44.625,0.75,0.807894,3
crossing_90_b_02,45.125,0.75,0.779573,3
crossing_90_b_02,45.625,0.75,0.752922,3
crossing_90_b_02,46.125,0.75,0.749318,3
crossing_90_b_02,46.625,1,0.720023,4
crossing_90_b_02,47.125,0.75,0.739653,3
crossing_90_b_02,47.625,0.75,0.766579,3
crossing_90_b_02,48.125,0.75,0.823844,3
crossing_90_b_02,48.625,0.5,0.882831,2
crossing_90_b_02,49.125,0.5,0.842014,2
crossing_90_b_02,49.625,0.25,0.83356,1
crossing_90_b_02,50.125,0.5,0.780945,2
crossing_90_b_02,50.625,0.5,0.797463,2
crossing_90_b_02,51.125,0.5,0.910783,2
crossing_90_b_02,51.625,0.5,0.909928,2
crossing_90_b_02,52.125,0.5,0.81609,2
crossing_90_b_02,52.625,0.75,0.807883,3
crossing_90_b_02,53.125,0.5,0.788249,2
crossing_90_b_02,53.625,0.5,0.873725,2
crossing_90_b_02,54.125,0.75,0.830484,3
crossing_90_b_02,54.625,0.25,0.956797,1
crossing_90_b_02,55.625,0.75,0.823381,3
crossing_90_b_02,56.125,0.75,0.856804,3
crossing_90_b_02,56.625,0.75,0.810314,3
crossing_90_b_02,57.125,0.75,0.683804,3
crossing_90_b_02,57.625,0.75,0.759866,3
crossing_90_b_02,58.125,0.5,0.726756,2
crossing_90_b_02,58.625,0.5,0.735105,2
crossing_90_b_02,59.125,0.75,0.778175,3
crossing_90_b_02,59.625,0.25,0.708967,1
crossing_90_b_02,60.125,0.5,0.844508,2
crossing_90_b_02,60.625,0.75,0.877749,3
crossing_90_b_02,61.125,0.75,0.878914,3
crossing_90_b_02,61.625,0.75,0.984305,3
crossing_90_b_02,62.125,0.5,1.06506,2
crossing_90_b_02,62.625,0.25,1.03984,1
crossing_90_b_02,64.125,0.25,0.82342,1
crossing_90_b_02,64.625,0.25,0.820664,1
crossing_90_b_02,65.125,0.75,0.827428,3
crossing_90_b_02,65.625,0.25,0.846884,1
crossing_90_b_02,66.125,0.75,0.869034,3
crossing_90_b_02,66.625,0.75,0.850911,3
crossing_90_b_02,67.125,0.5,0.841059,2
crossing_90_b_02,67.625,0.5,0.853231,2
crossing_90_b_02,68.125,0.75,0.909236,3
crossing_90_b_02,68.625,0.75,0.947336,3
crossing_90_b_02,69.125,0.75,0.949272,3
crossing_90_b_02,69.625,0.5,0.980972,2
crossing_90_b_02,70.125,0.5,0.944453,2
crossing_90_b_02,70.625,0.25,0.88191,1
crossing_90_b_02,71.125,0.25,0.94455,1
crossing_90_b_02,71.625,0.25,1.02786,1
crossing_90_b_02,72.125,0.5,0.941871,2
crossing_90_b_02,72.625,0.5,0.928715,2
crossing_90_b_02,73.125,0.5,0.909018,2
crossing_90_b_02,73.625,0.5,0.927117,2
crossing_90_b_02,74.125,0.5,0.942578,2
crossing_90_b_02,74.625,0.25,1.08714,1
crossing_90_b_02,75.125,0.25,1.09992,1
crossing_90_b_02,75.625,0.5,0.956782,2
crossing_90_b_02,76.125,0.5,0.967504,2
crossing_90_b_02,76.625,0.25,0.951585,1
crossing_90_b_02,77.125,0.25,1.02303,1
crossing_90_b_02,78.625,0.25,0.930913,1
crossing_90_b_02,79.125,0.25,0.962562,1
crossing_90_b_02,79.625,0.5,0.971224,2
crossing_90_b_02,80.125,0.5,0.9828,2
crossing_90_b_02,80.625,0.25,0.86895,1
crossing_90_b_02,81.125,0.5,0.794215,2
crossing_90_b_02,81.625,0.5,0.973295,2
crossing_90_b_02,82.125,0.75,0.787801,3
crossing_90_b_02,82.625,1,0.811303,4
crossing_90_b_02,83.125,0.75,0.737937,3
crossing_90_b_02,83.625,0.5,0.688034,2
crossing_90_b_02,84.125,0.75,0.74032,3
crossing_90_b_02,84.625,0.75,0.754891,3
crossing_90_b_02,85.125,0.5,0.711213,2
crossing_90_b_02,85.625,0.25,0.727742,1
crossing_90_b_02,86.125,0.25,0.72045,1
crossing_90_b_02,86.625,0.5,0.807867,2
crossing_90_b_02,87.125,0.5,0.774312,2
crossing_90_b_02,87.625,0.75,0.793603,3
crossing_90_b_02,88.125,0.75,0.842772,3
crossing_90_b_02,88.625,0.75,0.872281,3
crossing_90_b_02,89.125,0.5,0.894207,2
crossing_90_b_02,89.625,0.5,0.93796,2
crossing_90_b_02,90.125,0.25,0.994363,1
crossing_90_b_02,90.625,0.5,0.773387,2
crossing_90_b_02,91.125,0.5,0.7718,2
crossing_90_b_02,91.625,0.5,0.682296,2
crossing_90_b_02,92.125,0.5,0.704605,2
crossing_90_b_02,92.625,0.5,0.810233,2
crossing_90_b_02,93.125,0.5,0.811907,2
crossing_90_b_02,93.625,1,0.881383,4
crossing_90_b_02,94.125,1,0.897292,4
crossing_90_b_02,94.625,0.25,0.804827,1
crossing_90_b_02,95.125,0.25,0.847741,1
crossing_90_b_02,95.625,0.25,0.870057,1
crossing_90_b_02,97.625,0.25,0.858967,1
crossing_90_b_02,98.125,0.25,0.847454,1
crossing_90_b_02,98.625,0.25,0.795604,1
crossing_90_b_02,99.125,0.25,0.770765,1
crossing_90_b_02,99.625,0.5,0.647663,2
crossing_90_b_02,100.125,0.25,0.804149,1
crossing_90_b_02,100.625,0.5,0.873085,2
crossing_90_b_02,101.125,0.5,0.856853,2
crossing_90_b_02,101.625,0.5,0.875117,2
crossing_90_b_02,102.125,0.25,0.805711,1
crossing_90_b_02,102.625,0.75,0.815092,3
crossing_90_b_02,103.125,0.5,0.710974,2
crossing_90_b_02,103.625,0.5,0.686109,2
crossing_90_b_02,104.125,0.5,0.752597,2
crossing_90_b_02,104.625,0.5,0.790768,2
crossing_90_b_02,105.125,0.75,0.691626,3
crossing_90_b_02,105.625,0.25,0.623494,1
crossing_90_b_02,106.125,0.5,0.704851,2
crossing_90_b_02,106.625,0.5,0.685253,2
crossing_90_b_02,107.125,0.75,0.745903,3
crossing_90_b_02,107.625,0.75,0.741049,3
crossing_90_b_02,108.125,0.5,0.770483,2
crossing_90_b_02,108.625,0.5,0.804177,2
crossing_90_b_02,109.125,0.5,0.831469,2
crossing_90_b_02,109.625,0.25,0.867421,1
crossing_90_b_02,110.125,0.5,0.817099,2
crossing_90_b_02,110.625,0.75,0.732238,3
crossing_90_b_02,111.125,0.75,0.685747,3
crossing_90_b_02,111.625,0.75,0.65065,3
crossing_90_b_02,112.125,0.75,0.803036,3
crossing_90_b_02,112.625,0.5,0.764733,2
crossing_90_b_02,113.125,0.5,0.80729,2
crossing_90_b_02,113.625,0.5,0.811626,2
crossing_90_b_02,114.125,0.5,0.854117,2
crossing_90_b_02,114.625,0.5,0.8057,2
crossing_90_b_02,115.125,0.5,0.768887,2
crossing_90_b_02,115.625,0.5,0.748728,2
crossing_90_b_02,116.125,0.5,0.827689,2
crossing_90_b_02,116.625,0.5,0.896642,2
crossing_90_b_02,117.125,0.25,0.9149,1
crossing_90_b_02,117.625,0.25,0.947035,1
crossing_90_b_02,118.125,0.5,0.894887,2
crossing_90_b_02,118.625,0.5,0.899104,2
crossing_90_b_02,119.125,0.5,0.911104,2
crossing_90_b_02,119.625,0.5,0.796003,2
crossing_90_b_02,120.125,0.5,0.839364,2
crossing_90_b_02,120.625,0.5,0.857724,2
crossing_90_b_02,121.125,0.25,0.763983,1
crossing_90_b_02,121.625,0.5,0.830611,2
crossing_90_b_02,122.125,0.5,0.808827,2
crossing_90_b_02,122.625,0.25,0.788992,1
crossing_90_b_02,123.125,0.5,0.783983,2
crossing_90_b_02,123.625,0.5,0.8272,2
crossing_90_b_02,124.125,0.25,0.844032,1
crossing_90_b_02,124.625,0.25,0.816783,1
crossing_90_b_02,125.125,0.5,0.840174,2
crossing_90_b_02,125.625,0.25,0.85364,1
crossing_90_b_02,126.125,0.25,0.849025,1
crossing_90_b_02,126.625,0.25,0.854649,1
crossing_90_b_02,127.125,0.75,0.914305,3
crossing_90_b_02,127.625,0.5,0.967295,2
crossing_90_b_02,128.125,1,0.83147,4
crossing_90_b_02,128.625,1,0.856935,4
crossing_90_b_02,129.125,0.5,0.786916,2
crossing_90_b_02,129.625,0.5,0.837772,2
crossing_90_b_02,130.125,0.5,0.87432,2
crossing_90_b_02,130.625,0.5,0.852397,2
crossing_90_b_02,131.125,0.25,0.930031,1
crossing_90_b_02,131.625,0.25,0.925778,1
crossing_90_b_02,132.125,0.5,0.813228,2
crossing_90_b_02,132.625,0.25,0.799385,1
crossing_90_b_02,133.125,0.25,0.819728,1
crossing_90_b_02,133.625,0.5,0.813303,2
crossing_90_b_02,134.125,0.75,0.82752,3
crossing_90_b_02,134.625,0.75,0.82016,3
crossing_90_b_02,135.125,0.75,0.840229,3
crossing_90_b_02,135.625,0.25,0.786298,1
crossing_90_b_02,136.125,0.5,0.888615,2
crossing_90_b_02,137.125,0.25,0.811942,1
crossing_90_b_02,137.625,0.25,0.841208,1
crossing_90_b_02,138.125,0.5,0.808037,2
crossing_90_b_02,138.625,0.5,0.82196,2
crossing_90_b_02,139.125,0.5,0.845006,2
crossing_90_b_02,139.625,0.25,0.845471,1
crossing_90_b_02,140.125,0.5,0.577152,2
crossing_90_b_02,140.625,0.5,0.63832,2
crossing_90_b_02,141.125,0.75,0.741229,3
crossing_90_b_02,141.625,0.75,0.722915,3
crossing_90_b_02,142.125,0.75,0.675153,3
crossing_90_b_02,142.625,1,0.700018,4
crossing_90_b_02,143.125,0.75,0.771493,3
crossing_90_b_02,143.625,0.5,0.794609,2
crossing_90_b_02,144.125,0.25,0.863776,1
crossing_90_b_02,144.625,0.25,0.821406,1
crossing_90_b_02,146.125,0.25,0.863507,1
crossing_90_b_02,146.625,0.5,0.938587,2
crossing_90_b_02,147.125,0.25,0.841632,1
crossing_90_b_02,147.625,1,0.930764,4
crossing_90_b_02,148.125,0.5,0.960484,2
crossing_90_b_02,148.625,0.5,0.96665,2
crossing_90_b_02,149.125,0.75,0.913015,3
crossing_90_b_02,149.625,0.5,0.842258,2
crossing_90_b_02,150.125,0.5,0.882994,2
crossing_90_b_02,150.625,0.5,0.932918,2
crossing_90_b_02,151.125,0.5,0.952576,2
crossing_90_b_02,152.125,0.5,0.925415,2
crossing_90_b_02,152.625,0.25,0.98692,1
crossing_90_b_02,153.125,0.25,0.99521,1
crossing_90_b_02,153.625,0.5,0.928878,2
crossing_90_b_02,154.125,0.25,0.914424,1
crossing_90_b_02,154.625,0.25,0.9445,1
crossing_90_b_02,155.125,0.5,0.878508,2
crossing_90_b_02,155.625,0.25,0.815134,1
crossing_90_b_02,156.125,0.25,0.829289,1
crossing_90_b_02,156.625,0.25,0.840937,1
crossing_90_b_02,157.125,0.75,0.907278,3
crossing_90_b_02,157.625,0.5,0.939257,2
crossing_90_b_02,158.125,0.5,0.905859,2
crossing_90_b_02,158.625,0.5,0.935471,2
crossing_90_b_02,159.125,0.25,0.911678,1
crossing_90_b_02,159.625,0.25,0.770173,1
crossing_90_b_02,160.125,0.25,0.766758,1
crossing_90_b_02,160.625,0.5,0.790529,2
crossing_90_b_02,161.125,0.5,0.792909,2
crossing_90_b_02,161.625,0.75,0.787549,3
crossing_90_b_02,162.125,0.5,0.797249,2
crossing_90_b_02,162.625,0.5,0.842774,2
crossing_90_b_02,163.125,0.25,0.878735,1
crossing_90_b_02,163.625,0.25,0.850249,1
crossing_90_b_02,165.125,0.25,0.863168,1
crossing_90_b_02,165.625,0.5,0.891776,2
crossing_90_b_02,166.125,0.5,0.91554,2
crossing_90_b_02,166.625,0.75,0.831718,3
crossing_90_b_02,167.125,0.75,0.803324,3
crossing_90_b_02,167.625,0.25,0.525452,1
crossing_90_b_02,168.125,0.25,0.54549,1
crossing_90_b_02,168.625,0.25,0.620813,1
crossing_90_b_02,169.125,0.5,0.794513,2
crossing_90_b_02,169.625,0.5,0.825812,2
crossing_90_b_02,170.125,0.25,0.901331,1
crossing_90_b_02,170.625,0.5,0.930784,2
crossing_90_b_02,171.125,0.25,0.995286,1
crossing_90_b_02,171.625,0.5,0.994153,2
crossing_90_b_02,172.125,0.5,0.993595,2
crossing_90_b_02,172.625,0.25,0.95439,1
crossing_90_b_02,173.125,0.5,0.858154,2
crossing_90_b_02,173.625,0.5,0.691403,2
crossing_90_b_02,174.125,0.5,0.61356,2
crossing_90_b_02,174.625,0.75,0.664379,3
crossing_90_b_02,175.125,1,0.802255,4
crossing_90_b_02,175.625,1,0.822273,4
crossing_90_b_02,176.125,0.75,0.872988,3
crossing_90_b_02,176.625,1,0.871195,4
crossing_90_b_02,177.125,1,0.789585,4
crossing_90_b_02,177.625,0.25,0.778634,1
crossing_90_b_02,178.125,0.25,0.728691,1
crossing_90_b_02,178.625,0.5,0.808184,2
crossing_90_b_02,179.125,0.5,0.827975,2
crossing_90_b_02,179.625,0.5,0.948863,2
crossing_90_b_02,180.125,1,0.828161,4
crossing_90_b_02,180.625,0.75,0.74685,3
crossing_90_b_02,181.125,0.5,0.707464,2
crossing_90_b_02,181.625,1,0.823296,4
crossing_90_b_02,182.125,0.5,0.815301,2
crossing_90_b_02,182.625,0.5,0.84705,2
crossing_90_b_02,183.125,0.25,0.923135,1
crossing_90_b_02,184.125,0.5,0.899756,2
crossing_90_b_02,184.625,0.75,0.929777,3
crossing_90_b_02,185.125,0.75,0.94978,3
crossing_90_b_02,185.625,0.75,0.944874,3
crossing_90_b_02,186.125,0.5,0.921057,2
crossing_90_b_02,186.625,0.25,0.938209,1
crossing_90_b_02,189.125,0.5,0.713597,2
crossing_90_b_02,189.625,0.75,0.654057,3
crossing_90_b_02,190.125,1,0.685865,4
crossing_90_b_02,190.625,1.25,0.739988,5
crossing_90_b_02,191.125,1.25,0.755006,5
crossing_90_b_02,191.625,0.75,0.735517,3
crossing_90_b_02,192.125,0.75,0.765258,3
crossing_90_b_02,192.625,0.75,0.813682,3
crossing_90_b_02,193.125,0.5,0.885279,2
crossing_90_b_02,193.625,0.25,0.935611,1
crossing_90_b_02,194.125,0.5,0.848966,2
crossing_90_b_02,194.625,0.75,0.783214,3
crossing_90_b_02,195.125,0.5,0.690017,2
crossing_90_b_02,195.625,0.5,0.684406,2
crossing_90_b_02,196.125,0.5,0.712748,2
crossing_90_b_02,196.625,0.5,0.780822,2
crossing_90_b_02,197.125,0.5,0.901678,2
crossing_90_b_02,197.625,0.5,0.887376,2
crossing_90_b_02,198.125,0.5,0.919,2
crossing_90_b_02,198.625,0.5,0.933023,2
crossing_90_b_02,199.125,0.25,0.810372,1
crossing_90_b_02,200.125,0.25,0.992574,1
crossing_90_b_02,200.625,0.5,0.858343,2
crossing_90_b_02,201.125,0.75,0.760502,3
crossing_90_b_02,201.625,0.75,0.802017,3
crossing_90_b_02,202.125,1,0.861852,4
crossing_90_b_02,202.625,0.75,0.862467,3
crossing_90_b_02,203.125,0.5,0.862819,2
crossing_90_b_02,203.625,0.5,0.889291,2
crossing_90_b_02,205.125,0.25,0.738633,1
crossing_90_b_02,205.625,0.25,0.758424,1
crossing_90_b_02,206.125,0.5,0.736906,2
crossing_90_b_02,206.625,0.75,0.675964,3
crossing_90_b_02,207.125,0.75,0.702429,3
crossing_90_b_02,207.625,0.5,0.763686,2
crossing_90_b_02,208.125,0.75,0.794201,3
crossing_90_b_02,208.625,1,0.85788,4
crossing_90_b_02,209.125,0.5,0.881019,2
crossing_90_b_02,209.625,0.75,0.892244,3
crossing_90_b_02,210.125,0.75,0.843794,3
crossing_90_b_02,210.625,0.75,0.843666,3
crossing_90_b_02,211.125,0.5,0.779541,2
crossing_90_b_02,211.625,0.75,0.812104,3
crossing_90_b_02,212.125,0.25,0.529549,1
crossing_90_b_02,212.625,0.5,0.788376,2
crossing_90_b_02,213.125,0.75,0.815545,3
crossing_90_b_02,213.625,0.5,0.851382,2
crossing_90_b_02,214.125,0.5,0.880839,2
crossing_90_b_02,214.625,0.5,0.708382,2
crossing_90_b_02,215.125,0.25,0.650347,1
crossing_90_b_02,215.625,0.5,0.767974,2
crossing_90_b_02,216.125,0.5,0.738936,2
crossing_90_b_02,216.625,0.5,0.737039,2
crossing_90_b_02,217.125,0.25,0.60188,1
crossing_90_b_02,217.625,0.25,0.703543,1
crossing_90_b_02,218.125,0.75,0.793242,3
crossing_90_b_02,218.625,0.5,0.707412,2
crossing_90_b_02,219.125,0.5,0.662088,2
crossing_90_b_02,219.625,0.5,0.690123,2
crossing_90_b_02,220.125,0.5,0.787968,2
crossing_90_b_02,220.625,0.5,0.792873,2
crossing_90_b_02,221.125,0.75,0.890546,3
crossing_90_b_02,221.625,0.5,0.92497,2
crossing_90_b_02,222.125,0.75,0.825364,3
crossing_90_b_02,222.625,1,0.798016,4
crossing_90_b_02,223.125,0.5,0.587981,2
crossing_90_b_02,223.625,0.75,0.699932,3
crossing_90_b_02,224.125,1,0.797377,4
crossing_90_b_02,224.625,1,0.828206,4
crossing_90_b_02,225.125,0.75,0.86373,3
crossing_90_b_02,225.625,0.5,0.926902,2
crossing_90_b_02,226.125,0.5,0.921733,2
crossing_90_b_02,226.625,0.25,0.97959,1
crossing_90_b_02,227.125,0.75,0.896492,3
crossing_90_b_02,227.625,0.5,0.828457,2
crossing_90_b_02,228.125,0.75,0.773039,3
crossing_90_b_02,228.625,0.75,0.778655,3
crossing_90_b_02,229.125,0.5,0.73395,2
crossing_90_b_02,229.625,0.5,0.818652,2
crossing_90_b_02,230.125,0.25,0.843804,1
crossing_90_b_02,230.625,0.5,0.917609,2
crossing_90_b_02,231.125,0.5,0.926599,2
crossing_90_b_02,231.625,0.75,0.909202,3
crossing_90_b_02,232.125,0.5,0.857943,2
crossing_90_b_02,232.625,0.5,0.873342,2
crossing_90_b_02,233.125,0.5,0.884299,2
crossing_90_b_02,233.625,1,0.889689,4
crossing_90_b_02,234.125,0.75,0.902282,3
crossing_90_b_02,234.625,0.75,0.912295,3
crossing_90_b_02,235.125,1,0.86725,4
crossing_90_b_02,235.625,0.5,0.71774,2
crossing_90_b_02,236.125,0.5,0.819997,2
crossing_90_b_02,236.625,0.75,0.866754,3
crossing_90_b_02,237.125,0.75,0.877045,3
crossing_90_b_02,237.625,0.5,0.850102,2
crossing_90_b_02,238.125,0.5,0.855183,2
crossing_90_b_02,239.125,0.25,0.684698,1
crossing_90_b_02,239.625,0.5,0.67675,2
crossing_90_b_02,240.125,0.5,0.636903,2
crossing_90_b_02,240.625,0.75,0.733001,3
crossing_90_b_02,241.125,1,0.841656,4
crossing_90_b_02,241.625,0.5,0.663574,2
crossing_90_b_02,242.125,0.5,0.626777,2
crossing_90_b_02,242.625,0.5,0.66447,2
crossing_90_b_02,243.125,0.5,0.761738,2
crossing_90_b_02,243.625,0.5,0.834013,2
crossing_90_b_02,244.125,0.5,0.802325,2
crossing_90_b_02,244.625,0.5,0.849812,2
crossing_90_b_02,245.125,0.5,0.801471,2
crossing_90_b_02,245.625,0.5,0.80815,2
crossing_90_b_02,246.125,0.5,0.805408,2
crossing_90_b_02,246.625,0.5,0.819861,2
crossing_90_b_02,247.125,0.75,0.848081,3
crossing_90_b_02,247.625,0.75,0.82421,3
crossing_90_b_02,248.125,0.5,0.834379,2
crossing_90_b_02,248.625,0.75,0.814303,3
crossing_90_b_02,249.125,0.75,0.826622,3
crossing_90_b_02,249.625,0.5,0.80341,2
crossing_90_b_02,250.125,0.5,0.843364,2
crossing_90_b_02,250.625,0.75,0.832226,3
crossing_90_b_02,251.125,0.25,0.883737,1
crossing_90_b_02,251.625,0.25,0.939829,1
crossing_90_b_02,252.125,0.25,0.926065,1
crossing_90_b_02,252.625,0.5,0.87583,2
crossing_90_b_02,253.125,0.25,0.827962,1
crossing_90_b_02,253.625,0.25,0.849956,1
crossing_90_b_02,254.125,0.25,0.854172,1
crossing_90_b_02,254.625,0.25,0.842163,1
crossing_90_b_02,256.125,0.25,0.822727,1
crossing_90_b_02,256.625,0.25,0.849505,1
crossing_90_b_02,257.125,0.5,0.888911,2
crossing_90_b_02,257.625,0.5,0.880313,2
crossing_90_b_02,258.125,0.5,0.899421,2
crossing_90_b_02,258.625,0.5,0.914682,2
crossing_90_b_02,259.125,0.5,0.872415,2
crossing_90_b_02,259.625,0.5,0.926665,2
crossing_90_b_02,260.125,0.5,0.896338,2
crossing_90_b_02,260.625,0.5,0.886505,2
crossing_90_b_02,261.125,0.25,0.993621,1
crossing_90_b_02,262.125,0.25,0.787854,1
crossing_90_b_02,262.625,0.25,0.736663,1
crossing_90_b_02,263.125,0.25,0.742514,1
crossing_90_b_02,263.625,0.25,0.758706,1
crossing_90_b_02,264.125,0.25,0.796592,1
crossing_90_b_02,264.625,0.25,0.955952,1
crossing_90_b_02,265.125,0.25,0.931484,1
crossing_90_b_02,265.625,0.25,0.928518,1
crossing_90_b_02,266.125,0.25,0.890345,1
crossing_90_b_02,266.625,0.25,0.920778,1
crossing_90_b_02,268.125,0.25,1.05244,1
crossing_90_b_02,268.625,0.25,1.04555,1
crossing_90_b_02,269.125,0.25,1.02674,1
crossing_90_b_02,272.625,0.25,1.04765,1
crossing_90_b_02,274.125,0.25,0.983486,1
crossing_90_b_02,274.625,0.25,0.917504,1
crossing_90_b_02,275.125,0.25,0.915295,1
crossing_90_b_02,275.625,0.25,0.97081,1
crossing_90_b_02,278.625,0.25,0.957362,1
crossing_90_b_02,279.125,0.25,0.956445,1
crossing_90_b_02,279.625,0.5,0.986119,2
crossing_90_b_02,280.125,0.5,1.00067,2
crossing_90_b_02,280.625,0.25,1.13212,1
crossing_90_b_02,281.125,0.25,1.07793,1
crossing_90_b_02,284.625,0.25,1.01209,1
crossing_90_b_02,285.125,0.5,0.929872,2
crossing_90_b_02,285.625,0.5,0.896039,2
crossing_90_b_02,286.125,0.5,0.880437,2
crossing_90_b_02,286.625,0.5,0.907284,2
crossing_90_b_02,287.125,0.5,0.93664,2
crossing_90_b_02,287.625,0.75,0.967732,3
crossing_90_b_02,288.125,0.75,0.967953,3
crossing_90_b_02,288.625,0.5,0.993176,2
crossing_90_b_02,289.125,0.25,0.98599,1
crossing_90_b_02,292.125,0.25,0.90798,1
crossing_90_b_02,292.625,0.5,0.854171,2
crossing_90_b_02,293.125,0.75,0.864131,3
crossing_90_b_02,293.625,0.75,0.868833,3
crossing_90_b_02,294.125,0.5,0.859214,2
crossing_90_b_02,294.625,0.5,0.867512,2
crossing_90_b_02,295.125,0.25,0.882866,1
crossing_90_b_02,295.625,0.5,0.8803,2
crossing_90_b_02,296.125,0.5,0.85994,2
crossing_90_b_02,296.625,0.5,0.842626,2
crossing_90_b_02,297.125,0.5,0.837228,2
crossing_90_b_02,297.625,0.25,0.839577,1
crossing_90_b_02,298.125,0.5,0.884695,2
crossing_90_b_02,298.625,0.5,0.869672,2
crossing_90_b_02,299.125,0.5,0.836598,2
crossing_90_b_02,299.625,0.5,0.852204,2
crossing_90_b_02,300.125,0.5,0.917112,2
crossing_90_b_02,300.625,0.25,0.985021,1
crossing_90_b_02,301.125,0.25,0.984912,1
crossing_90_b_02,301.625,0.25,0.964905,1
crossing_90_b_02,302.625,0.25,0.889375,1
crossing_90_b_02,303.125,0.25,0.897586,1
crossing_90_b_02,303.625,0.5,0.861424,2
crossing_90_b_02,304.125,0.5,0.864472,2
crossing_90_b_02,305.125,0.25,0.776264,1
crossing_90_b_02,305.625,0.5,0.841343,2
crossing_90_b_02,306.125,0.25,0.9224,1
crossing_90_b_02,306.625,0.5,0.856725,2
crossing_90_b_02,307.125,0.5,0.847339,2
crossing_90_b_02,307.625,0.25,0.789856,1
crossing_90_b_02,308.125,0.5,0.844592,2
crossing_90_b_02,308.625,0.75,0.861345,3
crossing_90_b_02,309.125,0.5,0.860903,2
crossing_90_b_02,309.625,0.5,0.871113,2
crossing_90_b_02,310.125,0.5,0.850048,2
crossing_90_b_02,311.125,0.25,0.7907,1
crossing_90_b_02,311.625,0.5,0.81943,2
crossing_90_b_02,312.125,0.75,0.841613,3
crossing_90_b_02,312.625,0.75,0.840753,3
crossing_90_b_02,313.125,0.75,0.863709,3
crossing_90_b_02,313.625,0.75,0.893125,3
crossing_90_b_02,314.125,0.25,1.02613,1
crossing_90_b_02,314.625,0.25,1.16058,1
crossing_90_b_02,315.125,0.25,1.13407,1
crossing_90_b_02,315.625,0.25,0.950146,1
crossing_90_b_02,316.125,0.25,0.960652,1
crossing_90_b_02,316.625,0.25,0.958027,1
crossing_90_b_02,317.125,0.25,1.02091,1
crossing_90_b_02,317.625,0.25,0.97152,1
crossing_90_b_02,318.125,0.25,0.986571,1
crossing_90_b_02,318.625,0.25,0.984707,1
crossing_90_b_02,319.125,0.5,0.904688,2
crossing_90_b_02,319.625,0.25,0.897836,1
crossing_90_b_02,320.125,0.25,0.955973,1
crossing_90_b_02,320.625,0.25,1.0139,1
crossing_90_b_02,322.625,0.25,0.918393,1
crossing_90_b_02,323.125,0.25,0.917632,1
crossing_90_b_02,323.625,0.25,0.934361,1
crossing_90_b_02,324.125,0.25,0.913826,1
crossing_90_b_02,326.625,0.25,0.943076,1
crossing_90_b_02,327.125,0.25,0.919715,1
crossing_90_b_02,327.625,0.25,0.908439,1
crossing_90_b_02,328.125,0.25,0.936733,1
crossing_90_b_03,10.75,0.25,1.16821,1
crossing_90_b_03,11.25,0.25,1.15603,1
crossing_90_b_03,11.75,0.5,1.07554,2
crossing_90_b_03,12.25,0.5,1.06226,2
crossing_90_b_03,12.75,0.25,1.01144,1
crossing_90_b_03,13.25,0.25,1.03839,1
crossing_90_b_03,13.75,0.25,0.990889,1
crossing_90_b_03,14.25,0.5,1.0435,2
crossing_90_b_03,14.75,0.5,1.00059,2
crossing_90_b_03,15.25,0.75,0.991821,3
crossing_90_b_03,15.75,0.75,1.00202,3
crossing_90_b_03,16.25,0.5,1.00396,2
crossing_90_b_03,16.75,1.25,0.955271,5
crossing_90_b_03,17.25,1,0.951501,4
crossing_90_b_03,17.75,0.75,0.952746,3
crossing_90_b_03,18.25,0.75,0.970648,3
crossing_90_b_03,18.75,0.75,0.939175,3
crossing_90_b_03,19.25,0.5,0.856234,2
crossing_90_b_03,19.75,0.75,0.842599,3
crossing_90_b_03,20.25,0.75,0.873176,3
crossing_90_b_03,20.75,0.75,0.802723,3
crossing_90_b_03,21.25,1.25,0.762642,5
crossing_90_b_03,21.75,1,0.707712,4
crossing_90_b_03,22.25,1.25,0.670828,5
crossing_90_b_03,22.75,1,0.640584,4
crossing_90_b_03,23.25,1.25,0.69158,5
crossing_90_b_03,23.75,1,0.745793,4
crossing_90_b_03,24.25,1,0.78801,4
crossing_90_b_03,24.75,1.25,0.725886,5
crossing_90_b_03,25.25,1,0.662386,4
crossing_90_b_03,25.75,1,0.712257,4
crossing_90_b_03,26.25,1,0.763251,4
crossing_90_b_03,26.75,1,0.819149,4
crossing_90_b_03,27.25,1,0.804175,4
crossing_90_b_03,27.75,0.75,0.802869,3
crossing_90_b_03,28.25,0.75,0.848916,3
crossing_90_b_03,28.75,0.75,0.830748,3
crossing_90_b_03,29.25,1,0.855346,4
crossing_90_b_03,29.75,0.5,0.900305,2
crossing_90_b_03,30.25,0.25,1.06848,1
crossing_90_b_03,30.75,0.25,1.05398,1
crossing_90_b_03,31.25,0.25,0.882976,1
crossing_90_b_03,31.75,0.75,0.776483,3
crossing_90_b_03,32.25,0.75,0.754944,3
crossing_90_b_03,32.75,0.75,0.77706,3
crossing_90_b_03,33.25,0.75,0.746493,3
crossing_90_b_03,33.75,0.75,0.769851,3
crossing_90_b_03,34.25,0.75,0.76103,3
crossing_90_b_03,34.75,0.5,0.801609,2
crossing_90_b_03,35.25,1,0.766968,4
crossing_90_b_03,35.75,0.75,0.801267,3
crossing_90_b_03,36.25,0.75,0.781258,3
crossing_90_b_03,36.75,0.75,0.787475,3
crossing_90_b_03,37.25,1,0.763088,4
crossing_90_b_03,37.75,0.5,0.690534,2
crossing_90_b_03,38.25,0.5,0.666566,2
crossing_90_b_03,38.75,0.5,0.810284,2
crossing_90_b_03,39.25,0.75,0.773894,3
crossing_90_b_03,39.75,1,0.71514,4
crossing_90_b_03,40.25,0.75,0.722841,3
crossing_90_b_03,40.75,0.75,0.747895,3
crossing_90_b_03,41.25,0.5,0.622378,2
crossing_90_b_03,41.75,0.75,0.530307,3
crossing_90_b_03,42.25,0.5,0.385423,2
crossing_90_b_03,42.75,1,0.603383,4
crossing_90_b_03,43.25,0.75,0.638821,3
crossing_90_b_03,43.75,1,0.647543,4
crossing_90_b_03,44.25,1.25,0.578115,5
crossing_90_b_03,44.75,1.25,0.638538,5
crossing_90_b_03,45.25,1.25,0.662822,5
crossing_90_b_03,45.75,1.25,0.621461,5
crossing_90_b_03,46.25,0.75,0.537553,3
crossing_90_b_03,46.75,1.5,0.570254,6
crossing_90_b_03,47.25,1.5,0.56766,6
crossing_90_b_03,47.75,1.75,0.557019,7
crossing_90_b_03,48.25,1.25,0.485217,5
crossing_90_b_03,48.75,1.5,0.554149,6
crossing_90_b_03,49.25,1.25,0.511496,5
crossing_90_b_03,49.75,1.5,0.567764,6
crossing_90_b_03,50.25,1.75,0.568704,7
crossing_90_b_03,50.75,1.75,0.576559,7
crossing_90_b_03,51.25,2,0.588307,8
crossing_90_b_03,51.75,1.5,0.643846,6
crossing_90_b_03,52.25,1.25,0.598178,5
crossing_90_b_03,52.75,1.25,0.582217,5
crossing_90_b_03,53.25,1.25,0.649501,5
crossing_90_b_03,53.75,0.75,0.618336,3
crossing_90_b_03,54.25,0.75,0.675919,3
crossing_90_b_03,54.75,0.75,0.70005,3
crossing_90_b_03,55.25,0.5,0.792185,2
crossing_90_b_03,55.75,0.5,0.81027,2
crossing_90_b_03,56.25,1,0.817965,4
crossing_90_b_03,56.75,1.25,0.731812,5
crossing_90_b_03,57.25,1,0.697709,4
crossing_90_b_03,57.75,1,0.633984,4
crossing_90_b_03,58.25,1.75,0.596981,7
crossing_90_b_03,58.75,1.75,0.549762,7
crossing_90_b_03,59.25,1.5,0.570155,6
crossing_90_b_03,59.75,1.5,0.52964,6
crossing_90_b_03,60.25,1.5,0.440882,6
crossing_90_b_03,60.75,1.5,0.416607,6
crossing_90_b_03,61.25,2,0.48485,8
crossing_90_b_03,61.75,2.25,0.518374,9
crossing_90_b_03,62.25,1.75,0.54795,7
crossing_90_b_03,62.75,1.5,0.590884,6
crossing_90_b_03,63.25,1.25,0.595524,5
crossing_90_b_03,63.75,1.25,0.696931,5
crossing_90_b_03,64.25,1,0.667151,4
crossing_90_b_03,64.75,1.25,0.586783,5
crossing_90_b_03,65.25,1,0.567359,4
crossing_90_b_03,65.75,1,0.552785,4
crossing_90_b_03,66.25,1.25,0.592636,5
crossing_90_b_03,66.75,1,0.597714,4
crossing_90_b_03,67.25,1.25,0.651675,5
crossing_90_b_03,67.75,0.5,0.70171,2
crossing_90_b_03,68.25,0.75,0.862289,3
crossing_90_b_03,68.75,0.5,0.878319,2
crossing_90_b_03,69.25,0.25,0.893198,1
crossing_90_b_03,69.75,0.5,0.776858,2
crossing_90_b_03,70.25,1.25,0.790046,5
crossing_90_b_03,70.75,0.75,0.837666,3
crossing_90_b_03,71.25,0.75,0.870364,3
crossing_90_b_03,71.75,1,0.853965,4
crossing_90_b_03,72.25,1,0.843485,4
crossing_90_b_03,72.75,0.25,0.860452,1
crossing_90_b_03,73.25,0.5,0.859339,2
crossing_90_b_03,73.75,0.75,0.773492,3
crossing_90_b_03,74.25,1,0.583955,4
crossing_90_b_03,74.75,1,0.598554,4
crossing_90_b_03,75.25,1.5,0.624675,6
crossing_90_b_03,75.75,1.25,0.588376,5
crossing_90_b_03,76.25,1,0.624338,4
crossing_90_b_03,76.75,1.25,0.598988,5
crossing_90_b_03,77.25,1,0.576563,4
crossing_90_b_03,77.75,1.25,0.585811,5
crossing_90_b_03,78.25,1,0.570457,4
crossing_90_b_03,78.75,1.25,0.618023,5
crossing_90_b_03,79.25,1.25,0.629339,5
crossing_90_b_03,79.75,1,0.64325,4
crossing_90_b_03,80.25,1,0.601578,4
crossing_90_b_03,80.75,0.75,0.563827,3
crossing_90_b_03,81.25,1.25,0.581533,5
crossing_90_b_03,81.75,1.5,0.596207,6
crossing_90_b_03,82.25,1.25,0.582409,5
crossing_90_b_03,82.75,1,0.58597,4
crossing_90_b_03,83.25,0.75,0.63392,3
crossing_90_b_03,83.75,1,0.640263,4
crossing_90_b_03,84.25,0.75,0.70603,3
crossing_90_b_03,84.75,0.75,0.746718,3
crossing_90_b_03,85.25,1,0.653269,4
crossing_90_b_03,85.75,1.5,0.605478,6
crossing_90_b_03,86.25,1.5,0.532545,6
crossing_90_b_03,86.75,1.25,0.541063,5
crossing_90_b_03,87.25,1,0.562561,4
crossing_90_b_03,87.75,1.25,0.509927,5
crossing_90_b_03,88.25,1.5,0.567612,6
crossing_90_b_03,88.75,1.5,0.556192,6
crossing_90_b_03,89.25,1.5,0.589615,6
crossing_90_b_03,89.75,1.25,0.522622,5
crossing_90_b_03,90.25,1.5,0.526056,6
crossing_90_b_03,90.75,1.5,0.468881,6
crossing_90_b_03,91.25,1.5,0.425072,6
crossing_90_b_03,91.75,2,0.400918,8
crossing_90_b_03,92.25,1.75,0.367227,7
crossing_90_b_03,92.75,2.5,0.401798,10
crossing_90_b_03,93.25,2.5,0.421339,10
crossing_90_b_03,93.75,2.25,0.424737,9
crossing_90_b_03,94.25,2,0.387924,8
crossing_90_b_03,94.75,2,0.350271,8
crossing_90_b_03,95.25,2,0.360839,8
crossing_90_b_03,95.75,2.25,0.384791,9
crossing_90_b_03,96.25,2.5,0.4528,10
crossing_90_b_03,96.75,2,0.500826,8
crossing_90_b_03,97.25,1.75,0.501945,7
crossing_90_b_03,97.75,1.25,0.493281,5
crossing_90_b_03,98.25,1.25,0.545723,5
crossing_90_b_03,98.75,1,0.533406,4
crossing_90_b_03,99.25,1.25,0.597077,5
crossing_90_b_03,99.75,0.25,0.775059,1
crossing_90_b_03,100.25,0.5,0.704187,2
crossing_90_b_03,100.75,0.5,0.712911,2
crossing_90_b_03,101.25,0.5,0.725308,2
crossing_90_b_03,101.75,0.5,0.7257,2
crossing_90_b_03,102.25,0.75,0.714863,3
crossing_90_b_03,102.75,1,0.738036,4
crossing_90_b_03,103.25,1,0.632555,4
crossing_90_b_03,103.75,1,0.631445,4
crossing_90_b_03,104.25,1,0.621416,4
crossing_90_b_03,104.75,1,0.628855,4
crossing_90_b_03,105.25,1.25,0.580385,5
crossing_90_b_03,105.75,1.25,0.606065,5
crossing_90_b_03,106.25,1.5,0.623584,6
crossing_90_b_03,106.75,1,0.640115,4
crossing_90_b_03,107.25,1,0.677421,4
crossing_90_b_03,107.75,1.25,0.661414,5
crossing_90_b_03,108.25,1.25,0.547618,5
crossing_90_b_03,108.75,1.5,0.510506,6
crossing_90_b_03,109.25,1,0.566345,4
crossing_90_b_03,109.75,1.5,0.637414,6
crossing_90_b_03,110.25,1.5,0.588764,6
crossing_90_b_03,110.75,1.75,0.563845,7
crossing_90_b_03,111.25,2,0.574178,8
crossing_90_b_03,111.75,1.75,0.578236,7
crossing_90_b_03,112.25,2,0.596105,8
crossing_90_b_03,112.75,1.75,0.564494,7
crossing_90_b_03,113.25,1.5,0.550641,6
crossing_90_b_03,113.75,1.75,0.617555,7
crossing_90_b_03,114.25,2,0.582905,8
crossing_90_b_03,114.75,1.75,0.523059,7
crossing_90_b_03,115.25,1.75,0.50563,7
crossing_90_b_03,115.75,1.5,0.542531,6
crossing_90_b_03,116.25,1.25,0.527345,5
crossing_90_b_03,116.75,1.75,0.592722,7
crossing_90_b_03,117.25,1.75,0.58291,7
crossing_90_b_03,117.75,1.25,0.590097,5
crossing_90_b_03,118.25,1,0.486481,4
crossing_90_b_03,118.75,1,0.513957,4
crossing_90_b_03,119.25,1,0.661939,4
crossing_90_b_03,119.75,0.75,0.729361,3
crossing_90_b_03,120.25,1.25,0.601595,5
crossing_90_b_03,120.75,1.25,0.557383,5
crossing_90_b_03,121.25,1.5,0.515667,6
crossing_90_b_03,121.75,1.25,0.500942,5
crossing_90_b_03,122.25,1.5,0.508381,6
crossing_90_b_03,122.75,1.5,0.511881,6
crossing_90_b_03,123.25,1.75,0.489421,7
crossing_90_b_03,123.75,1.75,0.507361,7
crossing_90_b_03,124.25,2,0.544393,8
crossing_90_b_03,124.75,1.75,0.551726,7
crossing_90_b_03,125.25,1.75,0.544896,7
crossing_90_b_03,125.75,1.75,0.50561,7
crossing_90_b_03,126.25,1.25,0.47173,5
crossing_90_b_03,126.75,1,0.520267,4
crossing_90_b_03,127.25,1.25,0.578739,5
crossing_90_b_03,127.75,1.25,0.607947,5
crossing_90_b_03,128.25,1,0.595209,4
crossing_90_b_03,128.75,1,0.64776,4
crossing_90_b_03,129.25,1,0.594144,4
crossing_90_b_03,129.75,1,0.607938,4
crossing_90_b_03,130.25,1,0.629503,4
crossing_90_b_03,130.75,0.75,0.630464,3
crossing_90_b_03,131.25,0.75,0.648059,3
crossing_90_b_03,131.75,0.75,0.622221,3
crossing_90_b_03,132.25,0.75,0.598086,3
crossing_90_b_03,132.75,0.75,0.567358,3
crossing_90_b_03,133.25,1,0.623443,4
crossing_90_b_03,133.75,1,0.629971,4
crossing_90_b_03,134.25,1,0.584911,4
crossing_90_b_03,134.75,1.25,0.621819,5
crossing_90_b_03,135.25,1,0.661772,4
crossing_90_b_03,135.75,1,0.693291,4
crossing_90_b_03,136.25,0.75,0.600701,3
crossing_90_b_03,136.75,0.75,0.554434,3
crossing_90_b_03,137.25,1,0.593532,4
crossing_90_b_03,137.75,1.25,0.664791,5
crossing_90_b_03,138.25,1.5,0.730498,6
crossing_90_b_03,138.75,1,0.735902,4
crossing_90_b_03,139.25,0.75,0.728092,3
crossing_90_b_03,139.75,0.75,0.75876,3
crossing_90_b_03,140.25,0.5,0.744966,2
crossing_90_b_03,140.75,0.75,0.702275,3
crossing_90_b_03,141.25,0.75,0.750828,3
crossing_90_b_03,141.75,1,0.665752,4
crossing_90_b_03,142.25,0.75,0.667381,3
crossing_90_b_03,142.75,0.75,0.800527,3
crossing_90_b_03,143.25,0.75,0.807719,3
crossing_90_b_03,143.75,0.75,0.794975,3
crossing_90_b_03,144.25,0.75,0.765614,3
crossing_90_b_03,144.75,0.75,0.772951,3
crossing_90_b_03,145.25,0.75,0.850741,3
crossing_90_b_03,145.75,0.75,0.878109,3
crossing_90_b_03,146.25,0.5,0.856726,2
crossing_90_b_03,146.75,0.5,0.88429,2
crossing_90_b_03,147.25,0.25,0.862769,1
crossing_90_b_03,147.75,0.75,0.801813,3
crossing_90_b_03,148.25,0.75,0.800055,3
crossing_90_b_03,148.75,0.75,0.755028,3
crossing_90_b_03,149.25,1,0.760914,4
crossing_90_b_03,149.75,1.25,0.793912,5
crossing_90_b_03,150.25,1.25,0.72815,5
crossing_90_b_03,150.75,1.25,0.749192,5
crossing_90_b_03,151.25,1.25,0.832435,5
crossing_90_b_03,151.75,0.75,0.871449,3
crossing_90_b_03,152.25,0.5,0.860611,2
crossing_90_b_03,152.75,0.75,0.824612,3
crossing_90_b_03,153.25,0.75,0.823747,3
crossing_90_b_03,153.75,0.5,0.83617,2
crossing_90_b_03,154.25,0.75,0.713306,3
crossing_90_b_03,154.75,0.75,0.721346,3
crossing_90_b_03,155.25,0.5,0.657095,2
crossing_90_b_03,155.75,0.25,0.60658,1
crossing_90_b_03,156.25,0.5,0.723395,2
crossing_90_b_03,156.75,0.75,0.808966,3
crossing_90_b_03,157.25,0.75,0.822158,3
crossing_90_b_03,157.75,0.5,0.840312,2
crossing_90_b_03,158.25,0.5,0.841007,2
crossing_90_b_03,158.75,0.75,0.7933,3
crossing_90_b_03,159.25,0.75,0.751557,3
crossing_90_b_03,159.75,1,0.722458,4
crossing_90_b_03,160.25,1,0.704677,4
crossing_90_b_03,160.75,1,0.728109,4
crossing_90_b_03,161.25,1,0.747289,4
crossing_90_b_03,161.75,1,0.767731,4
crossing_90_b_03,162.25,0.5,0.916551,2
crossing_90_b_03,162.75,0.25,0.781627,1
crossing_90_b_03,163.25,0.5,0.877186,2
crossing_90_b_03,163.75,0.5,0.872284,2
crossing_90_b_03,164.25,1.25,0.780635,5
crossing_90_b_03,164.75,1.25,0.777675,5
crossing_90_b_03,165.25,1,0.772994,4
crossing_90_b_03,165.75,0.75,0.696261,3
crossing_90_b_03,166.25,0.75,0.703166,3
crossing_90_b_03,166.75,1,0.743868,4
crossing_90_b_03,167.25,0.5,0.692175,2
crossing_90_b_03,167.75,0.5,0.601553,2
crossing_90_b_03,168.25,0.75,0.695481,3
crossing_90_b_03,168.75,0.75,0.700805,3
crossing_90_b_03,169.25,0.75,0.711484,3
crossing_90_b_03,169.75,0.5,0.758717,2
crossing_90_b_03,170.25,1,0.742416,4
crossing_90_b_03,170.75,0.75,0.711754,3
crossing_90_b_03,171.25,0.75,0.687736,3
crossing_90_b_03,171.75,0.75,0.702662,3
crossing_90_b_03,172.25,1,0.731381,4
crossing_90_b_03,172.75,0.75,0.706261,3
crossing_90_b_03,173.25,0.5,0.661795,2
crossing_90_b_03,173.75,0.5,0.613629,2
crossing_90_b_03,174.25,0.5,0.712685,2
crossing_90_b_03,174.75,0.75,0.86197,3
crossing_90_b_03,175.25,0.5,0.92529,2
crossing_90_b_03,175.75,0.75,0.859887,3
crossing_90_b_03,176.25,0.5,0.825874,2
crossing_90_b_03,176.75,0.25,0.744388,1
crossing_90_b_03,177.25,0.25,0.803079,1
crossing_90_b_03,177.75,0.25,0.833672,1
crossing_90_b_03,178.25,0.25,0.885307,1
crossing_90_b_03,178.75,0.25,0.87603,1
crossing_90_b_03,179.25,0.25,0.89309,1
crossing_90_b_03,179.75,0.75,0.77991,3
crossing_90_b_03,180.25,0.75,0.802484,3
crossing_90_b_03,180.75,0.5,0.767958,2
crossing_90_b_03,181.25,0.5,0.817189,2
crossing_90_b_03,181.75,0.5,0.852041,2
crossing_90_b_03,182.25,0.25,0.934447,1
crossing_90_b_03,182.75,0.25,0.931066,1
crossing_90_b_03,183.25,0.25,0.931779,1
crossing_90_b_03,183.75,0.5,0.937453,2
crossing_90_b_03,184.25,0.25,0.949462,1
crossing_90_b_03,184.75,0.25,0.950591,1
crossing_90_b_03,185.25,0.25,0.906874,1
crossing_90_b_03,185.75,0.25,0.900917,1
crossing_90_b_04,10.812,0.25,1.00985,1
crossing_90_b_04,11.312,0.5,1.07201,2
crossing_90_b_04,11.812,0.5,1.01257,2
crossing_90_b_04,12.312,0.5,0.995923,2
crossing_90_b_04,12.812,0.75,0.985999,3
crossing_90_b_04,13.312,0.75,0.955017,3
crossing_90_b_04,13.812,0.75,0.904978,3
crossing_90_b_04,14.312,1,0.873703,4
crossing_90_b_04,14.812,0.75,0.869493,3
crossing_90_b_04,15.312,0.5,0.844787,2
crossing_90_b_04,15.812,0.5,0.960161,2
crossing_90_b_04,16.312,0.5,0.899351,2
crossing_90_b_04,16.812,0.5,0.895366,2
crossing_90_b_04,17.312,0.75,0.919158,3
crossing_90_b_04,17.812,0.75,0.908712,3
crossing_90_b_04,18.312,0.75,0.892115,3
crossing_90_b_04,18.812,0.75,0.816317,3
crossing_90_b_04,19.312,0.75,0.830715,3
crossing_90_b_04,19.812,0.5,0.793127,2
crossing_90_b_04,20.312,0.5,0.777745,2
crossing_90_b_04,20.812,0.5,0.707178,2
crossing_90_b_04,21.312,0.75,0.674835,3
crossing_90_b_04,21.812,0.75,0.690909,3
crossing_90_b_04,22.312,1,0.667337,4
crossing_90_b_04,22.812,1.5,0.619257,6
crossing_90_b_04,23.312,1.5,0.614966,6
crossing_90_b_04,23.812,1.5,0.525032,6
crossing_90_b_04,24.312,1.5,0.515845,6
crossing_90_b_04,24.812,1.75,0.564502,7
crossing_90_b_04,25.312,1.75,0.579022,7
crossing_90_b_04,25.812,1.5,0.599883,6
crossing_90_b_04,26.312,1.75,0.567452,7
crossing_90_b_04,26.812,1.5,0.568949,6
crossing_90_b_04,27.312,1.5,0.551319,6
crossing_90_b_04,27.812,1,0.517631,4
crossing_90_b_04,28.312,1.5,0.553,6
crossing_90_b_04,28.812,1.75,0.599641,7
crossing_90_b_04,29.312,1.5,0.606534,6
crossing_90_b_04,29.812,1.5,0.559958,6
crossing_90_b_04,30.312,1.5,0.4794,6
crossing_90_b_04,30.812,1.5,0.465667,6
crossing_90_b_04,31.312,1.5,0.476465,6
crossing_90_b_04,31.812,1,0.43053,4
crossing_90_b_04,32.312,1.75,0.592849,7
crossing_90_b_04,32.812,1.5,0.589139,6
crossing_90_b_04,33.312,1,0.480648,4
crossing_90_b_04,33.812,1.5,0.503666,6
crossing_90_b_04,34.312,1.25,0.528945,5
crossing_90_b_04,34.812,1.25,0.54806,5
crossing_90_b_04,35.312,1.25,0.575463,5
crossing_90_b_04,35.812,1.5,0.512122,6
crossing_90_b_04,36.312,1.5,0.487364,6
crossing_90_b_04,36.812,1.25,0.519086,5
crossing_90_b_04,37.312,1.25,0.544123,5
crossing_90_b_04,37.812,1.75,0.503422,7
crossing_90_b_04,38.312,1.75,0.494447,7
crossing_90_b_04,38.812,1.75,0.48474,7
crossing_90_b_04,39.312,1.5,0.428357,6
crossing_90_b_04,39.812,1.5,0.396611,6
crossing_90_b_04,40.312,1.5,0.454046,6
crossing_90_b_04,40.812,2.5,0.458467,10
crossing_90_b_04,41.312,2.25,0.497243,9
crossing_90_b_04,41.812,2,0.52441,8
crossing_90_b_04,42.312,2,0.499137,8
crossing_90_b_04,42.812,1.75,0.416279,7
crossing_90_b_04,43.312,1.75,0.430477,7
crossing_90_b_04,43.812,1.5,0.430877,6
crossing_90_b_04,44.312,1.75,0.444445,7
crossing_90_b_04,44.812,1.75,0.396413,7
crossing_90_b_04,45.312,1.5,0.416556,6
crossing_90_b_04,45.812,1.5,0.375927,6
crossing_90_b_04,46.312,1.5,0.327895,6
crossing_90_b_04,46.812,2,0.325547,8
crossing_90_b_04,47.312,2,0.372589,8
crossing_90_b_04,47.812,1.75,0.39511,7
crossing_90_b_04,48.312,2,0.370175,8
crossing_90_b_04,48.812,2.5,0.392573,10
crossing_90_b_04,49.312,2,0.353866,8
crossing_90_b_04,49.812,2,0.359682,8
crossing_90_b_04,50.312,2.25,0.347076,9
crossing_90_b_04,50.812,2.75,0.380884,11
crossing_90_b_04,51.312,2.75,0.400837,11
crossing_90_b_04,51.812,2.25,0.371096,9
crossing_90_b_04,52.312,2.25,0.338259,9
crossing_90_b_04,52.812,2.25,0.353874,9
crossing_90_b_04,53.312,2.25,0.370217,9
crossing_90_b_04,53.812,2.5,0.322898,10
crossing_90_b_04,54.312,2.5,0.318074,10
crossing_90_b_04,54.812,2.25,0.279778,9
crossing_90_b_04,55.312,3.25,0.243866,13
crossing_90_b_04,55.812,3.25,0.288508,13
crossing_90_b_04,56.312,3,0.273546,12
crossing_90_b_04,56.812,3,0.246285,12
crossing_90_b_04,57.312,3.25,0.239565,13
crossing_90_b_04,57.812,3,0.250131,12
crossing_90_b_04,58.312,3,0.292634,12
crossing_90_b_04,58.812,2.75,0.313327,11
crossing_90_b_04,59.312,2.75,0.315505,11
crossing_90_b_04,59.812,2.75,0.289043,11
crossing_90_b_04,60.312,2.75,0.307746,11
crossing_90_b_04,60.812,2.5,0.32705,10
crossing_90_b_04,61.312,2.5,0.327778,10
crossing_90_b_04,61.812,2.5,0.30469,10
crossing_90_b_04,62.312,3.25,0.286711,13
crossing_90_b_04,62.812,3.5,0.27509,14
crossing_90_b_04,63.312,3.25,0.279896,13
crossing_90_b_04,63.812,3,0.244474,12
crossing_90_b_04,64.312,2.5,0.225359,10
crossing_90_b_04,64.812,2.5,0.254954,10
crossing_90_b_04,65.312,3.25,0.27899,13
crossing_90_b_04,65.812,3,0.288954,12
crossing_90_b_04,66.312,3,0.274949,12
crossing_90_b_04,66.812,2.75,0.283032,11
crossing_90_b_04,67.312,2.75,0.302119,11
crossing_90_b_04,67.812,3,0.305069,12
crossing_90_b_04,68.312,3.25,0.272874,13
crossing_90_b_04,68.812,3,0.248829,12
crossing_90_b_04,69.312,2.75,0.247899,11
crossing_90_b_04,69.812,2.75,0.275336,11
crossing_90_b_04,70.312,3,0.323849,12
crossing_90_b_04,70.812,2.5,0.283513,10
crossing_90_b_04,71.312,2.5,0.281387,10
crossing_90_b_04,71.812,2,0.274011,8
crossing_90_b_04,72.312,2.25,0.299892,9
crossing_90_b_04,72.812,2,0.306184,8
crossing_90_b_04,73.312,2.25,0.322443,9
crossing_90_b_04,73.812,2.5,0.329714,10
crossing_90_b_04,74.312,2.75,0.305552,11
crossing_90_b_04,74.812,3.25,0.305552,13
crossing_90_b_04,75.312,3,0.29265,12
crossing_90_b_04,75.812,2.75,0.254383,11
crossing_90_b_04,76.312,3.25,0.259632,13
crossing_90_b_04,76.812,3,0.266126,12
crossing_90_b_04,77.312,2.75,0.279914,11
crossing_90_b_04,77.812,3,0.262408,12
crossing_90_b_04,78.312,3.25,0.253239,13
crossing_90_b_04,78.812,3.25,0.254503,13
crossing_90_b_04,79.312,3,0.258746,12
crossing_90_b_04,79.812,3,0.234374,12
crossing_90_b_04,80.312,3,0.246279,12
crossing_90_b_04,80.812,3.5,0.252485,14
crossing_90_b_04,81.312,3.75,0.275814,15
crossing_90_b_04,81.812,3.25,0.246234,13
crossing_90_b_04,82.312,3.25,0.25023,13
crossing_90_b_04,82.812,3.5,0.24565,14
crossing_90_b_04,83.312,3.25,0.233317,13
crossing_90_b_04,83.812,3.5,0.244954,14
crossing_90_b_04,84.312,3.25,0.255159,13
crossing_90_b_04,84.812,3,0.230653,12
crossing_90_b_04,85.312,2.75,0.216964,11
crossing_90_b_04,85.812,3,0.215724,12
crossing_90_b_04,86.312,2.75,0.212366,11
crossing_90_b_04,86.812,2,0.252957,8
crossing_90_b_04,87.312,2,0.230487,8
crossing_90_b_04,87.812,2.5,0.22087,10
crossing_90_b_04,88.312,2.25,0.194591,9
crossing_90_b_04,88.812,2.5,0.214206,10
crossing_90_b_04,89.312,3,0.22629,12
crossing_90_b_04,89.812,2.75,0.200254,11
crossing_90_b_04,90.312,2.75,0.221807,11
crossing_90_b_04,90.812,3.25,0.238838,13
crossing_90_b_04,91.312,3.25,0.233168,13
crossing_90_b_04,91.812,2.75,0.245242,11
crossing_90_b_04,92.312,2.5,0.216913,10
crossing_90_b_04,92.812,3,0.243893,12
crossing_90_b_04,93.312,3.25,0.258724,13
crossing_90_b_04,93.812,3,0.252588,12
crossing_90_b_04,94.312,2.75,0.266607,11
crossing_90_b_04,94.812,3.25,0.263792,13
crossing_90_b_04,95.312,3,0.260176,12
crossing_90_b_04,95.812,3.25,0.279658,13
crossing_90_b_04,96.312,3,0.263434,12
crossing_90_b_04,96.812,2.75,0.271986,11
crossing_90_b_04,97.312,2.75,0.292774,11
crossing_90_b_04,97.812,2.75,0.291321,11
crossing_90_b_04,98.312,2.5,0.276311,10
crossing_90_b_04,98.812,2.5,0.264926,10
crossing_90_b_04,99.312,2.25,0.2174,9
crossing_90_b_04,99.812,2.25,0.202483,9
crossing_90_b_04,100.312,2.5,0.213967,10
crossing_90_b_04,100.812,2.75,0.245882,11
crossing_90_b_04,101.312,2.25,0.270653,9
crossing_90_b_04,101.812,2.5,0.308502,10
crossing_90_b_04,102.312,2.5,0.305836,10
crossing_90_b_04,102.812,2.25,0.314985,9
crossing_90_b_04,103.312,2.75,0.290077,11
crossing_90_b_04,103.812,2.5,0.32303,10
crossing_90_b_04,104.312,2,0.303353,8
crossing_90_b_04,104.812,2,0.333784,8
crossing_90_b_04,105.312,2.5,0.331694,10
crossing_90_b_04,105.812,2.5,0.290737,10
crossing_90_b_04,106.312,2.75,0.279273,11
crossing_90_b_04,106.812,2.5,0.259842,10
crossing_90_b_04,107.312,2.5,0.240044,10
crossing_90_b_04,107.812,2.5,0.240164,10
crossing_90_b_04,108.312,2.5,0.214338,10
crossing_90_b_04,108.812,3.25,0.20785,13
crossing_90_b_04,109.312,3.5,0.200016,14
crossing_90_b_04,109.812,3.5,0.206043,14
crossing_90_b_04,110.312,3.5,0.223079,14
crossing_90_b_04,110.812,3.5,0.232703,14
crossing_90_b_04,111.312,2.75,0.226085,11
crossing_90_b_04,111.812,2.75,0.234251,11
crossing_90_b_04,112.312,2.5,0.254708,10
crossing_90_b_04,112.812,2.5,0.283562,10
crossing_90_b_04,113.312,2.75,0.304527,11
crossing_90_b_04,113.812,2.25,0.327749,9
crossing_90_b_04,114.312,2.5,0.302004,10
crossing_90_b_04,114.812,2.25,0.310414,9
crossing_90_b_04,115.312,2,0.312889,8
crossing_90_b_04,115.812,2.25,0.30851,9
crossing_90_b_04,116.312,2,0.348419,8
crossing_90_b_04,116.812,2.5,0.348408,10
crossing_90_b_04,117.312,2.25,0.348555,9
crossing_90_b_04,117.812,2.25,0.369425,9
crossing_90_b_04,118.312,2.25,0.347319,9
crossing_90_b_04,118.812,2,0.345685,8
crossing_90_b_04,119.312,2,0.323025,8
crossing_90_b_04,119.812,2.25,0.322151,9
crossing_90_b_04,120.312,1.75,0.38545,7
crossing_90_b_04,120.812,2.25,0.387614,9
crossing_90_b_04,121.312,2,0.367907,8
crossing_90_b_04,121.812,2.25,0.383783,9
crossing_90_b_04,122.312,2.25,0.372386,9
crossing_90_b_04,122.812,1.75,0.351906,7
crossing_90_b_04,123.312,2.25,0.41875,9
crossing_90_b_04,123.812,2.5,0.438229,10
crossing_90_b_04,124.312,1.75,0.440764,7
crossing_90_b_04,124.812,2.25,0.451698,9
crossing_90_b_04,125.312,2.25,0.436283,9
crossing_90_b_04,125.812,2,0.419097,8
crossing_90_b_04,126.312,1.75,0.419902,7
crossing_90_b_04,126.812,2,0.45416,8
crossing_90_b_04,127.312,1.75,0.475812,7
crossing_90_b_04,127.812,1.75,0.502285,7
crossing_90_b_04,128.312,1.5,0.557839,6
crossing_90_b_04,128.812,1,0.641206,4
crossing_90_b_04,129.312,1,0.638553,4
crossing_90_b_04,129.812,1,0.644027,4
crossing_90_b_04,130.312,0.75,0.667939,3
crossing_90_b_04,130.812,0.75,0.711699,3
crossing_90_b_04,131.312,0.75,0.746469,3
crossing_90_b_04,131.812,0.75,0.707266,3
crossing_90_b_04,132.312,1,0.728821,4
crossing_90_b_04,132.812,0.75,0.723134,3
crossing_90_b_04,133.312,0.5,0.756224,2
crossing_90_b_04,133.812,0.5,0.753827,2
crossing_90_b_04,134.312,0.25,0.779626,1
crossing_90_b_04,135.812,0.25,0.915182,1
crossing_90_b_04,136.312,0.25,0.918978,1
crossing_90_b_04,136.812,0.5,0.826588,2
crossing_90_b_04,137.312,0.5,0.824532,2
crossing_90_b_04,137.812,0.25,0.749476,1
crossing_90_b_04,138.312,0.25,0.737401,1
crossing_90_b_04,138.812,0.5,0.770875,2
crossing_90_b_04,139.312,0.25,0.796205,1
crossing_90_b_04,139.812,0.5,0.836576,2
crossing_90_b_04,140.312,0.5,0.839665,2
crossing_90_b_04,140.812,0.75,0.830201,3
crossing_90_b_04,141.312,0.75,0.858914,3
crossing_90_b_04,141.812,0.75,0.857311,3
crossing_90_b_04,142.312,0.75,0.883696,3
crossing_90_b_04,142.812,0.5,0.920768,2
crossing_90_b_04,143.312,0.5,0.899726,2
crossing_90_b_04,143.812,0.25,0.937302,1
crossing_90_b_04,144.312,0.5,0.937126,2
crossing_90_b_04,144.812,0.25,0.937789,1
crossing_90_b_04,145.312,0.25,0.927464,1
crossing_90_b_04,145.812,0.5,0.928048,2
crossing_90_b_04,146.312,0.25,0.889212,1
crossing_90_b_04,146.812,0.25,0.885637,1
crossing_90_b_04,147.312,0.25,0.894538,1
crossing_90_b_04,147.812,0.25,0.891134,1
crossing_90_b_04,149.312,0.25,0.952792,1
crossing_90_b_04,149.812,0.25,0.969116,1
crossing_90_b_04,150.312,0.5,0.874745,2
crossing_90_b_04,150.812,0.5,0.859076,2
crossing_90_b_04,151.312,0.5,0.897281,2
crossing_90_b_04,151.812,0.5,0.89588,2
crossing_90_b_04,152.312,0.5,0.895592,2
crossing_90_b_04,152.812,0.25,0.952123,1
crossing_90_b_04,153.312,0.25,0.889005,1
crossing_90_b_04,153.812,0.25,0.9311,1
crossing_90_b_04,154.312,0.25,0.942206,1
crossing_90_b_04,154.812,0.5,0.90132,2
crossing_90_b_04,155.312,0.25,0.812558,1
crossing_90_b_04,155.812,0.25,0.820443,1
crossing_90_b_04,156.312,0.25,0.839509,1
crossing_90_b_04,156.812,0.5,0.909431,2
crossing_90_b_04,157.312,0.25,0.967964,1
crossing_90_b_04,157.812,0.5,0.910964,2
crossing_90_b_04,158.312,0.5,0.927934,2
crossing_90_b_04,158.812,0.5,0.91582,2
crossing_90_b_04,159.312,0.25,0.869995,1
crossing_90_b_04,159.812,0.5,0.921765,2
crossing_90_b_04,160.312,0.25,0.958046,1
crossing_90_b_04,160.812,0.25,0.962553,1
crossing_90_b_04,161.312,0.25,0.942124,1
crossing_90_b_04,161.812,0.25,0.941249,1
crossing_90_b_04,162.312,0.25,0.946245,1
crossing_90_b_04,162.812,0.25,0.936332,1
crossing_90_b_04,163.312,0.25,0.918961,1
crossing_90_b_04,163.812,0.25,0.907484,1
crossing_90_b_04,164.312,0.25,0.888104,1
crossing_90_b_04,164.812,0.25,0.888318,1
crossing_90_b_04,165.312,0.25,0.868744,1
crossing_90_b_04,165.812,0.25,0.848283,1
crossing_90_b_04,166.812,0.25,0.848184,1
crossing_90_b_04,167.312,0.25,0.850471,1
crossing_90_b_04,167.812,0.25,0.842332,1
crossing_90_b_04,168.312,0.25,0.828577,1
crossing_90_b_04,168.812,0.5,0.82991,2
crossing_90_b_04,169.312,0.25,0.881614,1
crossing_90_b_04,169.812,0.25,0.83604,1
crossing_90_b_04,170.312,0.75,0.877439,3
crossing_90_b_04,170.812,0.75,0.856059,3
crossing_90_b_04,171.312,0.5,0.887608,2
crossing_90_b_04,171.812,0.5,0.872244,2
crossing_90_b_04,172.312,0.25,0.876957,1
crossing_90_b_04,172.812,0.25,0.951501,1
crossing_90_b_04,173.312,0.25,0.96033,1
crossing_90_b_04,173.812,0.25,0.943481,1
crossing_90_b_04,174.312,0.25,0.912313,1
crossing_90_b_05,10.688,0.5,0.996255,2
crossing_90_b_05,11.188,0.5,0.992069,2
crossing_90_b_05,11.688,0.5,0.953598,2
crossing_90_b_05,12.188,1,0.97961,4
crossing_90_b_05,12.688,0.75,0.955733,3
crossing_90_b_05,13.188,0.5,0.966426,2
crossing_90_b_05,13.688,0.75,0.730223,3
crossing_90_b_05,14.188,0.75,0.675407,3
crossing_90_b_05,14.688,0.75,0.579412,3
crossing_90_b_05,15.188,1.25,0.608716,5
crossing_90_b_05,15.688,1.5,0.57233,6
crossing_90_b_05,16.188,1.5,0.543733,6
crossing_90_b_05,16.688,1.25,0.537305,5
crossing_90_b_05,17.188,1.5,0.603667,6
crossing_90_b_05,17.688,2,0.550177,8
crossing_90_b_05,18.188,2.25,0.547226,9
crossing_90_b_05,18.688,2.25,0.545806,9
crossing_90_b_05,19.188,2,0.479463,8
crossing_90_b_05,19.688,2,0.410858,8
crossing_90_b_05,20.188,2.75,0.436409,11
crossing_90_b_05,20.688,2.5,0.370324,10
crossing_90_b_05,21.188,2.5,0.368257,10
crossing_90_b_05,21.688,3.25,0.359846,13
crossing_90_b_05,22.188,3.25,0.328166,13
crossing_90_b_05,22.688,3.5,0.277367,14
crossing_90_b_05,23.188,3.75,0.335898,15
crossing_90_b_05,23.688,2.75,0.308073,11
crossing_90_b_05,24.188,3,0.355965,12
crossing_90_b_05,24.688,2.5,0.322897,10
crossing_90_b_05,25.188,3,0.333248,12
crossing_90_b_05,25.688,3,0.354569,12
crossing_90_b_05,26.188,2.75,0.349226,11
crossing_90_b_05,26.688,3,0.305022,12
crossing_90_b_05,27.188,2.5,0.303908,10
crossing_90_b_05,27.688,2.25,0.284131,9
crossing_90_b_05,28.188,2.75,0.286956,11
crossing_90_b_05,28.688,3,0.280496,12
crossing_90_b_05,29.188,3,0.262767,12
crossing_90_b_05,29.688,3,0.246943,12
crossing_90_b_05,30.188,3.25,0.256764,13
crossing_90_b_05,30.688,3.25,0.258109,13
crossing_90_b_05,31.188,3,0.215458,12
crossing_90_b_05,31.688,3.5,0.215661,14
crossing_90_b_05,32.188,3.75,0.226984,15
crossing_90_b_05,32.688,4,0.211796,16
crossing_90_b_05,33.188,3.75,0.193313,15
crossing_90_b_05,33.688,3.75,0.196182,15
crossing_90_b_05,34.188,3.5,0.187532,14
crossing_90_b_05,34.688,4,0.199321,16
crossing_90_b_05,35.188,4.25,0.192751,17
crossing_90_b_05,35.688,4,0.169242,16
crossing_90_b_05,36.188,4.5,0.173827,18
crossing_90_b_05,36.688,4.5,0.190735,18
crossing_90_b_05,37.188,4.5,0.184685,18
crossing_90_b_05,37.688,4,0.1864,16
crossing_90_b_05,38.188,4,0.189575,16
crossing_90_b_05,38.688,3,0.203613,12
crossing_90_b_05,39.188,3.25,0.211253,13
crossing_90_b_05,39.688,3.75,0.199854,15
crossing_90_b_05,40.188,3.75,0.163436,15
crossing_90_b_05,40.688,4.25,0.153744,17
crossing_90_b_05,41.188,4.25,0.155847,17
crossing_90_b_05,41.688,4.5,0.178274,18
crossing_90_b_05,42.188,4.5,0.189267,18
crossing_90_b_05,42.688,4.75,0.167209,19
crossing_90_b_05,43.188,4.5,0.163038,18
crossing_90_b_05,43.688,4.25,0.164631,17
crossing_90_b_05,44.188,4,0.172084,16
crossing_90_b_05,44.688,4,0.15744,16
crossing_90_b_05,45.188,5.25,0.156202,21
crossing_90_b_05,45.688,5.25,0.179516,21
crossing_90_b_05,46.188,4.75,0.133411,19
crossing_90_b_05,46.688,4.75,0.131449,19
crossing_90_b_05,47.188,4.75,0.134346,19
crossing_90_b_05,47.688,5,0.134859,20
crossing_90_b_05,48.188,5,0.114669,20
crossing_90_b_05,48.688,5,0.124754,20
crossing_90_b_05,49.188,5.25,0.124413,21
crossing_90_b_05,49.688,5,0.126153,20
crossing_90_b_05,50.188,5,0.111164,20
crossing_90_b_05,50.688,5.5,0.112796,22
crossing_90_b_05,51.188,4.75,0.134084,19
crossing_90_b_05,51.688,5,0.145021,20
crossing_90_b_05,52.188,5,0.126649,20
crossing_90_b_05,52.688,5,0.144583,20
crossing_90_b_05,53.188,5.25,0.1772,21
crossing_90_b_05,53.688,4.5,0.152972,18
crossing_90_b_05,54.188,4.75,0.151845,19
crossing_90_b_05,54.688,5.25,0.151562,21
crossing_90_b_05,55.188,4.75,0.135415,19
crossing_90_b_05,55.688,5,0.131058,20
crossing_90_b_05,56.188,5.5,0.130492,22
crossing_90_b_05,56.688,5.5,0.125912,22
crossing_90_b_05,57.188,5.25,0.130687,21
crossing_90_b_05,57.688,5,0.12892,20
crossing_90_b_05,58.188,5.5,0.124393,22
crossing_90_b_05,58.688,5.75,0.131213,23
crossing_90_b_05,59.188,6,0.135337,24
crossing_90_b_05,59.688,5.5,0.120509,22
crossing_90_b_05,60.188,5.75,0.10333,23
crossing_90_b_05,60.688,6,0.103169,24
crossing_90_b_05,61.188,6.25,0.111717,25
crossing_90_b_05,61.688,5.5,0.0968061,22
crossing_90_b_05,62.188,6,0.0835108,24
crossing_90_b_05,62.688,6,0.088861,24
crossing_90_b_05,63.188,5.5,0.0943035,22
crossing_90_b_05,63.688,5.5,0.113099,22
crossing_90_b_05,64.188,6,0.0944997,24
crossing_90_b_05,64.688,5.75,0.101943,23
crossing_90_b_05,65.188,6,0.107135,24
crossing_90_b_05,65.688,5.5,0.113042,22
crossing_90_b_05,66.188,5.75,0.101933,23
crossing_90_b_05,66.688,5.75,0.10869,23
crossing_90_b_05,67.188,5.75,0.102115,23
crossing_90_b_05,67.688,5.75,0.0895527,23
crossing_90_b_05,68.188,6.25,0.112778,25
crossing_90_b_05,68.688,6,0.104916,24
crossing_90_b_05,69.188,6,0.109158,24
crossing_90_b_05,69.688,6,0.104033,24
crossing_90_b_05,70.188,6,0.111298,24
crossing_90_b_05,70.688,6.25,0.118502,25
crossing_90_b_05,71.188,6,0.104494,24
crossing_90_b_05,71.688,6,0.090445,24
crossing_90_b_05,72.188,6.25,0.0997545,25
crossing_90_b_05,72.688,6.75,0.088244,27
crossing_90_b_05,73.188,6.25,0.101874,25
crossing_90_b_05,73.688,6.5,0.103776,26
crossing_90_b_05,74.188,6.25,0.10442,25
crossing_90_b_05,74.688,6,0.0894819,24
crossing_90_b_05,75.188,6,0.086941,24
crossing_90_b_05,75.688,6,0.0848831,24
crossing_90_b_05,76.188,5.75,0.100357,23
crossing_90_b_05,76.688,6.25,0.0963549,25
crossing_90_b_05,77.188,6,0.0853026,24
crossing_90_b_05,77.688,6.25,0.0873791,25
crossing_90_b_05,78.188,6,0.0901433,24
crossing_90_b_05,78.688,5.75,0.0883173,23
crossing_90_b_05,79.188,6,0.0918813,24
crossing_90_b_05,79.688,6,0.100763,24
crossing_90_b_05,80.188,6,0.0806792,24
crossing_90_b_05,80.688,7,0.0780394,28
crossing_90_b_05,81.188,7.25,0.0797047,29
crossing_90_b_05,81.688,7.5,0.069684,30
crossing_90_b_05,82.188,7.25,0.0745363,29
crossing_90_b_05,82.688,7.5,0.0644944,30
crossing_90_b_05,83.188,7.5,0.0594548,30
crossing_90_b_05,83.688,7.25,0.0742598,29
crossing_90_b_05,84.188,7,0.0703957,28
crossing_90_b_05,84.688,6.75,0.0617024,27
crossing_90_b_05,85.188,7.25,0.0873837,29
crossing_90_b_05,85.688,7,0.0781476,28
crossing_90_b_05,86.188,7.25,0.0799815,29
crossing_90_b_05,86.688,7,0.0710784,28
crossing_90_b_05,87.188,7,0.0717029,28
crossing_90_b_05,87.688,7.25,0.067788,29
crossing_90_b_05,88.188,6.75,0.0674698,27
crossing_90_b_05,88.688,7.5,0.076633,30
crossing_90_b_05,89.188,6.5,0.0739244,26
crossing_90_b_05,89.688,6,0.070931,24
crossing_90_b_05,90.188,6.25,0.0937138,25
crossing_90_b_05,90.688,6.5,0.0900053,26
crossing_90_b_05,91.188,6.5,0.0751446,26
crossing_90_b_05,91.688,7,0.0899742,28
crossing_90_b_05,92.188,6.5,0.0707299,26
crossing_90_b_05,92.688,6.75,0.079703,27
crossing_90_b_05,93.188,6.5,0.0869306,26
crossing_90_b_05,93.688,7.25,0.071449,29
crossing_90_b_05,94.188,7,0.0727341,28
crossing_90_b_05,94.688,6.75,0.0643537,27
crossing_90_b_05,95.188,7.25,0.0709133,29
crossing_90_b_05,95.688,7.25,0.0754333,29
crossing_90_b_05,96.188,7,0.0762472,28
crossing_90_b_05,96.688,7,0.0762899,28
crossing_90_b_05,97.188,6.75,0.0757848,27
crossing_90_b_05,97.688,6.75,0.0802479,27
crossing_90_b_05,98.188,7,0.0756727,28
crossing_90_b_05,98.688,6.75,0.0761041,27
crossing_90_b_05,99.188,6.5,0.0797797,26
crossing_90_b_05,99.688,6.25,0.0814484,25
crossing_90_b_05,100.188,6.5,0.0928867,26
crossing_90_b_05,100.688,6.75,0.0877507,27
crossing_90_b_05,101.188,6.75,0.0890399,27
crossing_90_b_05,101.688,7,0.0894993,28
crossing_90_b_05,102.188,6.75,0.101098,27
crossing_90_b_05,102.688,7,0.0799293,28
crossing_90_b_05,103.188,7.5,0.0941472,30
crossing_90_b_05,103.688,7,0.0980404,28
crossing_90_b_05,104.188,6.75,0.0965049,27
crossing_90_b_05,104.688,7.25,0.0894597,29
crossing_90_b_05,105.188,7.25,0.0853095,29
crossing_90_b_05,105.688,7,0.0926119,28
crossing_90_b_05,106.188,7,0.086737,28
crossing_90_b_05,106.688,7,0.0953675,28
crossing_90_b_05,107.188,6.5,0.0937007,26
crossing_90_b_05,107.688,6.5,0.0880671,26
crossing_90_b_05,108.188,6.25,0.0933121,25
crossing_90_b_05,108.688,6,0.0984137,24
crossing_90_b_05,109.188,6.5,0.108156,26
crossing_90_b_05,109.688,6.75,0.105641,27
crossing_90_b_05,110.188,6.25,0.10091,25
crossing_90_b_05,110.688,6.75,0.092576,27
crossing_90_b_05,111.188,6.5,0.112073,26
crossing_90_b_05,111.688,6.25,0.11791,25
crossing_90_b_05,112.188,6.5,0.121369,26
crossing_90_b_05,112.688,6.5,0.124359,26
crossing_90_b_05,113.188,6.5,0.121036,26
crossing_90_b_05,113.688,6.25,0.116197,25
crossing_90_b_05,114.188,6.25,0.129032,25
crossing_90_b_05,114.688,6,0.117532,24
crossing_90_b_05,115.188,6.5,0.135544,26
crossing_90_b_05,115.688,6,0.127275,24
crossing_90_b_05,116.188,6,0.117259,24
crossing_90_b_05,116.688,6.25,0.118304,25
crossing_90_b_05,117.188,6.25,0.123345,25
crossing_90_b_05,117.688,6.25,0.103194,25
crossing_90_b_05,118.188,6.5,0.110158,26
crossing_90_b_05,118.688,6.25,0.126825,25
crossing_90_b_05,119.188,6.5,0.134675,26
crossing_90_b_05,119.688,6.25,0.132723,25
crossing_90_b_05,120.188,5.25,0.114717,21
crossing_90_b_05,120.688,5.5,0.148559,22
crossing_90_b_05,121.188,5.25,0.1494,21
crossing_90_b_05,121.688,5.5,0.16153,22
crossing_90_b_05,122.188,5,0.158868,20
crossing_90_b_05,122.688,5.25,0.157531,21
crossing_90_b_05,123.188,5.75,0.145753,23
crossing_90_b_05,123.688,6,0.149021,24
crossing_90_b_05,124.188,6,0.14925,24
crossing_90_b_05,124.688,5.75,0.146581,23
crossing_90_b_05,125.188,5.5,0.147343,22
crossing_90_b_05,125.688,5.75,0.138652,23
crossing_90_b_05,126.188,6,0.139775,24
crossing_90_b_05,126.688,5.75,0.145274,23
crossing_90_b_05,127.188,6,0.155684,24
crossing_90_b_05,127.688,5.5,0.150683,22
crossing_90_b_05,128.188,4.75,0.130082,19
crossing_90_b_05,128.688,5,0.129403,20
crossing_90_b_05,129.188,5,0.105457,20
crossing_90_b_05,129.688,5,0.107027,20
crossing_90_b_05,130.188,5,0.113693,20
crossing_90_b_05,130.688,5,0.120147,20
crossing_90_b_05,131.188,5,0.114863,20
crossing_90_b_05,131.688,5,0.132065,20
crossing_90_b_05,132.188,5,0.134272,20
crossing_90_b_05,132.688,4.75,0.125948,19
crossing_90_b_05,133.188,4.75,0.122939,19
crossing_90_b_05,133.688,5,0.153069,20
crossing_90_b_05,134.188,5,0.150402,20
crossing_90_b_05,134.688,4.5,0.125471,18
crossing_90_b_05,135.188,4.75,0.141166,19
crossing_90_b_05,135.688,4.5,0.148573,18
crossing_90_b_05,136.188,4.5,0.159192,18
crossing_90_b_05,136.688,4.5,0.217718,18
crossing_90_b_05,137.188,4.25,0.229814,17
crossing_90_b_05,137.688,4,0.239117,16
crossing_90_b_05,138.188,3.75,0.243002,15
crossing_90_b_05,138.688,4,0.267826,16
crossing_90_b_05,139.188,3.75,0.250444,15
crossing_90_b_05,139.688,3.75,0.286529,15
crossing_90_b_05,140.188,3.25,0.235089,13
crossing_90_b_05,140.688,3,0.25712,12
crossing_90_b_05,141.188,3.5,0.26575,14
crossing_90_b_05,141.688,3.25,0.253212,13
crossing_90_b_05,142.188,3,0.295568,12
crossing_90_b_05,142.688,2.75,0.269787,11
crossing_90_b_05,143.188,2.25,0.239213,9
crossing_90_b_05,143.688,2.75,0.305253,11
crossing_90_b_05,144.188,2.5,0.332788,10
crossing_90_b_05,144.688,2.5,0.35099,10
crossing_90_b_05,145.188,2,0.341632,8
crossing_90_b_05,145.688,2.5,0.363077,10
crossing_90_b_05,146.188,2.25,0.335222,9
crossing_90_b_05,146.688,2.25,0.384769,9
crossing_90_b_05,147.188,2,0.361326,8
crossing_90_b_05,147.688,1.75,0.35975,7
crossing_90_b_05,148.188,2,0.397844,8
crossing_90_b_05,148.688,2.25,0.468925,9
crossing_90_b_05,149.188,2,0.446817,8
crossing_90_b_05,149.688,1.75,0.519587,7
crossing_90_b_05,150.188,1,0.495825,4
crossing_90_b_05,150.688,1,0.563029,4
crossing_90_b_05,151.188,1,0.649671,4
crossing_90_b_05,151.688,0.75,0.670168,3
crossing_90_b_05,152.188,0.25,0.646976,1
crossing_90_b_06,4.562,0.25,1.13747,1
crossing_90_b_06,5.062,0.25,1.15105,1
crossing_90_b_06,5.562,0.25,1.14095,1
crossing_90_b_06,6.062,0.25,1.15199,1
crossing_90_b_06,6.562,0.25,0.985052,1
crossing_90_b_06,7.062,0.75,1.01624,3
crossing_90_b_06,7.562,0.75,1.0003,3
crossing_90_b_06,8.062,1,0.882912,4
crossing_90_b_06,8.562,1.5,0.8253,6
crossing_90_b_06,9.062,1.5,0.659709,6
crossing_90_b_06,9.562,1.5,0.606421,6
crossing_90_b_06,10.062,1.75,0.587216,7
crossing_90_b_06,10.562,1.75,0.538788,7
crossing_90_b_06,11.062,1.75,0.497765,7
crossing_90_b_06,11.562,2,0.567007,8
crossing_90_b_06,12.062,1.75,0.578378,7
crossing_90_b_06,12.562,2,0.590867,8
crossing_90_b_06,13.062,1.25,0.564162,5
crossing_90_b_06,13.562,2,0.580857,8
crossing_90_b_06,14.062,2,0.530405,8
crossing_90_b_06,14.562,2.75,0.458774,11
crossing_90_b_06,15.062,2.75,0.424442,11
crossing_90_b_06,15.562,3,0.394968,12
crossing_90_b_06,16.062,2.5,0.33314,10
crossing_90_b_06,16.562,2.5,0.305507,10
crossing_90_b_06,17.062,2.5,0.355123,10
crossing_90_b_06,17.562,2.75,0.333297,11
crossing_90_b_06,18.062,2.5,0.332557,10
crossing_90_b_06,18.562,2.5,0.357427,10
crossing_90_b_06,19.062,2.75,0.401508,11
crossing_90_b_06,19.562,2.75,0.357801,11
crossing_90_b_06,20.062,3.25,0.348405,13
crossing_90_b_06,20.562,2.75,0.335189,11
crossing_90_b_06,21.062,3.25,0.321808,13
crossing_90_b_06,21.562,4,0.284109,16
crossing_90_b_06,22.062,3.5,0.242938,14
crossing_90_b_06,22.562,3.75,0.259,15
crossing_90_b_06,23.062,4,0.241993,16
crossing_90_b_06,23.562,3.25,0.206933,13
crossing_90_b_06,24.062,3.25,0.213061,13
crossing_90_b_06,24.562,3.5,0.199239,14
crossing_90_b_06,25.062,3.75,0.182793,15
crossing_90_b_06,25.562,4,0.184737,16
crossing_90_b_06,26.062,4,0.180614,16
crossing_90_b_06,26.562,4,0.177436,16
crossing_90_b_06,27.062,4.5,0.193079,18
crossing_90_b_06,27.562,4.25,0.174094,17
crossing_90_b_06,28.062,4.25,0.178533,17
crossing_90_b_06,28.562,4.5,0.187259,18
crossing_90_b_06,29.062,5,0.172368,20
crossing_90_b_06,29.562,4.5,0.145994,18
crossing_90_b_06,30.062,4.5,0.142605,18
crossing_90_b_06,30.562,4.5,0.135774,18
crossing_90_b_06,31.062,4.25,0.11507,17
crossing_90_b_06,31.562,4.25,0.102812,17
crossing_90_b_06,32.062,5,0.121855,20
crossing_90_b_06,32.562,5,0.141476,20
crossing_90_b_06,33.062,4.75,0.130716,19
crossing_90_b_06,33.562,5,0.135224,20
crossing_90_b_06,34.062,4.75,0.146482,19
crossing_90_b_06,34.562,4.25,0.128975,17
crossing_90_b_06,35.062,4.75,0.135952,19
crossing_90_b_06,35.562,4.75,0.154097,19
crossing_90_b_06,36.062,5.25,0.141422,21
crossing_90_b_06,36.562,5.25,0.143853,21
crossing_90_b_06,37.062,5,0.118639,20
crossing_90_b_06,37.562,5.25,0.116649,21
crossing_90_b_06,38.062,5,0.140665,20
crossing_90_b_06,38.562,5.5,0.126803,22
crossing_90_b_06,39.062,5.25,0.128652,21
crossing_90_b_06,39.562,5.5,0.123589,22
crossing_90_b_06,40.062,5.75,0.126316,23
crossing_90_b_06,40.562,5.5,0.135531,22
crossing_90_b_06,41.062,5,0.121269,20
crossing_90_b_06,41.562,5,0.113097,20
crossing_90_b_06,42.062,4.75,0.0991532,19
crossing_90_b_06,42.562,5,0.101827,20
crossing_90_b_06,43.062,5,0.106088,20
crossing_90_b_06,43.562,5.5,0.0902021,22
crossing_90_b_06,44.062,5.75,0.0990624,23
crossing_90_b_06,44.562,6,0.100981,24
crossing_90_b_06,45.062,5.75,0.082491,23
crossing_90_b_06,45.562,5.75,0.0948147,23
crossing_90_b_06,46.062,5.5,0.105553,22
crossing_90_b_06,46.562,5.25,0.111266,21
crossing_90_b_06,47.062,5.25,0.103358,21
crossing_90_b_06,47.562,5.75,0.102341,23
crossing_90_b_06,48.062,6.25,0.102204,25
crossing_90_b_06,48.562,6.5,0.112992,26
crossing_90_b_06,49.062,6.75,0.108909,27
crossing_90_b_06,49.562,7,0.109649,28
crossing_90_b_06,50.062,6.75,0.117497,27
crossing_90_b_06,50.562,6.75,0.11269,27
crossing_90_b_06,51.062,6.25,0.0984825,25
crossing_90_b_06,51.562,6.5,0.100003,26
crossing_90_b_06,52.062,6.5,0.0899335,26
crossing_90_b_06,52.562,6.75,0.0924768,27
crossing_90_b_06,53.062,6.75,0.101042,27
crossing_90_b_06,53.562,7,0.109189,28
crossing_90_b_06,54.062,6.75,0.0957527,27
crossing_90_b_06,54.562,6.5,0.0936128,26
crossing_90_b_06,55.062,6,0.0972444,24
crossing_90_b_06,55.562,6.5,0.0856477,26
crossing_90_b_06,56.062,6.75,0.0847917,27
crossing_90_b_06,56.562,6.75,0.0881454,27
crossing_90_b_06,57.062,6.5,0.104443,26
crossing_90_b_06,57.562,6.75,0.0915269,27
crossing_90_b_06,58.062,6.25,0.0832889,25
crossing_90_b_06,58.562,6.25,0.0852865,25
crossing_90_b_06,59.062,6.25,0.0830994,25
crossing_90_b_06,59.562,6,0.0967403,24
crossing_90_b_06,60.062,6,0.0789096,24
crossing_90_b_06,60.562,6,0.0847556,24
crossing_90_b_06,61.062,5.75,0.0976154,23
crossing_90_b_06,61.562,6,0.095099,24
crossing_90_b_06,62.062,5.75,0.11402,23
crossing_90_b_06,62.562,5.75,0.102621,23
crossing_90_b_06,63.062,6,0.0899784,24
crossing_90_b_06,63.562,6,0.0827058,24
crossing_90_b_06,64.062,6,0.0905407,24
crossing_90_b_06,64.562,5.75,0.10426,23
crossing_90_b_06,65.062,5.75,0.120416,23
crossing_90_b_06,65.562,5.5,0.10548,22
crossing_90_b_06,66.062,5.75,0.0948869,23
crossing_90_b_06,66.562,5.25,0.138151,21
crossing_90_b_06,67.062,5.5,0.131048,22
crossing_90_b_06,67.562,5.5,0.118648,22
crossing_90_b_06,68.062,5.5,0.112605,22
crossing_90_b_06,68.562,5.5,0.11116,22
crossing_90_b_06,69.062,6.25,0.111466,25
crossing_90_b_06,69.562,6.25,0.115226,25
crossing_90_b_06,70.062,6.5,0.120299,26
crossing_90_b_06,70.562,5.75,0.110291,23
crossing_90_b_06,71.062,5.5,0.111901,22
crossing_90_b_06,71.562,5.5,0.114204,22
crossing_90_b_06,72.062,6,0.10126,24
crossing_90_b_06,72.562,6.25,0.100178,25
crossing_90_b_06,73.062,5.75,0.0900861,23
crossing_90_b_06,73.562,6,0.084405,24
crossing_90_b_06,74.062,6.25,0.0723612,25
crossing_90_b_06,74.562,6.25,0.0676007,25
crossing_90_b_06,75.062,6.25,0.0702138,25
crossing_90_b_06,75.562,6.75,0.0711715,27
crossing_90_b_06,76.062,6.25,0.0741891,25
crossing_90_b_06,76.562,6,0.0773557,24
crossing_90_b_06,77.062,6,0.0826713,24
crossing_90_b_06,77.562,6,0.0891268,24
crossing_90_b_06,78.062,5.75,0.111822,23
crossing_90_b_06,78.562,6,0.0991057,24
crossing_90_b_06,79.062,6.25,0.0876838,25
crossing_90_b_06,79.562,6,0.105734,24
crossing_90_b_06,80.062,5.75,0.124179,23
crossing_90_b_06,80.562,6,0.12125,24
crossing_90_b_06,81.062,5.75,0.117802,23
crossing_90_b_06,81.562,6.25,0.100318,25
crossing_90_b_06,82.062,5.5,0.0915632,22
crossing_90_b_06,82.562,5.75,0.0933713,23
crossing_90_b_06,83.062,6,0.083693,24
crossing_90_b_06,83.562,5.75,0.0932861,23
crossing_90_b_06,84.062,6.5,0.0962968,26
crossing_90_b_06,84.562,6.75,0.0911502,27
crossing_90_b_06,85.062,7,0.0881391,28
crossing_90_b_06,85.562,7.25,0.0860732,29
crossing_90_b_06,86.062,7.25,0.0853025,29
crossing_90_b_06,86.562,6.75,0.0830488,27
crossing_90_b_06,87.062,6.5,0.0749411,26
crossing_90_b_06,87.562,6.5,0.0813162,26
crossing_90_b_06,88.062,6.75,0.0733296,27
crossing_90_b_06,88.562,6.75,0.0765546,27
crossing_90_b_06,89.062,6.5,0.0869847,26
crossing_90_b_06,89.562,7,0.0840973,28
crossing_90_b_06,90.062,7,0.100341,28
crossing_90_b_06,90.562,6.75,0.105331,27
crossing_90_b_06,91.062,6.75,0.0915995,27
crossing_90_b_06,91.562,7,0.0818958,28
crossing_90_b_06,92.062,7,0.0879237,28
crossing_90_b_06,92.562,6.75,0.0937286,27
crossing_90_b_06,93.062,6,0.0988951,24
crossing_90_b_06,93.562,6.25,0.0917617,25
crossing_90_b_06,94.062,6,0.0761193,24
crossing_90_b_06,94.562,5.75,0.11008,23
crossing_90_b_06,95.062,6,0.0971276,24
crossing_90_b_06,95.562,6,0.101597,24
crossing_90_b_06,96.062,6.25,0.0881107,25
crossing_90_b_06,96.562,6.5,0.122415,26
crossing_90_b_06,97.062,6.25,0.110415,25
crossing_90_b_06,97.562,6,0.093586,24
crossing_90_b_06,98.062,6.25,0.0925004,25
crossing_90_b_06,98.562,6.75,0.104237,27
crossing_90_b_06,99.062,6.75,0.114441,27
crossing_90_b_06,99.562,6.25,0.101169,25
crossing_90_b_06,100.062,6.25,0.104289,25
crossing_90_b_06,100.562,5.75,0.10958,23
crossing_90_b_06,101.062,5.75,0.112872,23
crossing_90_b_06,101.562,5.5,0.103291,22
crossing_90_b_06,102.062,5.5,0.0965631,22
crossing_90_b_06,102.562,5.75,0.102348,23
crossing_90_b_06,103.062,5.75,0.108191,23
crossing_90_b_06,103.562,5.75,0.107272,23
crossing_90_b_06,104.062,5.75,0.111423,23
crossing_90_b_06,104.562,5.75,0.116513,23
crossing_90_b_06,105.062,5.5,0.139064,22
crossing_90_b_06,105.562,5.5,0.108381,22
crossing_90_b_06,106.062,5.5,0.10152,22
crossing_90_b_06,106.562,5.75,0.0969718,23
crossing_90_b_06,107.062,5.75,0.111657,23
crossing_90_b_06,107.562,5.75,0.118104,23
crossing_90_b_06,108.062,6,0.117053,24
crossing_90_b_06,108.562,5.25,0.0958179,21
crossing_90_b_06,109.062,5.5,0.11214,22
crossing_90_b_06,109.562,5.25,0.0989364,21
crossing_90_b_06,110.062,5.5,0.0945081,22
crossing_90_b_06,110.562,5.75,0.111504,23
crossing_90_b_06,111.062,6.25,0.0935313,25
crossing_90_b_06,111.562,6.5,0.0925878,26
crossing_90_b_06,112.062,6.5,0.117255,26
crossing_90_b_06,112.562,6.5,0.109112,26
crossing_90_b_06,113.062,6.75,0.122419,27
crossing_90_b_06,113.562,6.25,0.125181,25
crossing_90_b_06,114.062,5.75,0.128325,23
crossing_90_b_06,114.562,5.75,0.127568,23
crossing_90_b_06,115.062,5.75,0.132235,23
crossing_90_b_06,115.562,5.5,0.129051,22
crossing_90_b_06,116.062,5.25,0.140054,21
crossing_90_b_06,116.562,5.75,0.147359,23
crossing_90_b_06,117.062,5.75,0.139498,23
crossing_90_b_06,117.562,5.25,0.131147,21
crossing_90_b_06,118.062,5,0.147836,20
crossing_90_b_06,118.562,4.5,0.124382,18
crossing_90_b_06,119.062,4,0.17069,16
crossing_90_b_06,119.562,4.25,0.144941,17
crossing_90_b_06,120.062,4.75,0.139344,19
crossing_90_b_06,120.562,5,0.15131,20
crossing_90_b_06,121.062,4.75,0.122748,19
crossing_90_b_06,121.562,5.25,0.139519,21
crossing_90_b_06,122.062,4.75,0.1174,19
crossing_90_b_06,122.562,4.5,0.139758,18
crossing_90_b_06,123.062,4.5,0.141963,18
crossing_90_b_06,123.562,4.25,0.118931,17
crossing_90_b_06,124.062,5,0.119169,20
crossing_90_b_06,124.562,4.25,0.132444,17
crossing_90_b_06,125.062,3.75,0.147607,15
crossing_90_b_06,125.562,4,0.140207,16
crossing_90_b_06,126.062,4,0.133281,16
crossing_90_b_06,126.562,3.75,0.143469,15
crossing_90_b_06,127.062,4,0.171923,16
crossing_90_b_06,127.562,4,0.202381,16
crossing_90_b_06,128.062,3.25,0.17809,13
crossing_90_b_06,128.562,3.5,0.176143,14
crossing_90_b_06,129.062,3.75,0.215154,15
crossing_90_b_06,129.562,3.25,0.233789,13
crossing_90_b_06,130.062,3,0.249965,12
crossing_90_b_06,130.562,3.25,0.255702,13
crossing_90_b_06,131.062,3,0.236938,12
crossing_90_b_06,131.562,2.75,0.240996,11
crossing_90_b_06,132.062,2.5,0.228891,10
crossing_90_b_06,132.562,2.75,0.199871,11
crossing_90_b_06,133.062,2.75,0.20212,11
crossing_90_b_06,133.562,2.75,0.205589,11
crossing_90_b_06,134.062,3,0.187996,12
crossing_90_b_06,134.562,3,0.201093,12
crossing_90_b_06,135.062,3.5,0.21296,14
crossing_90_b_06,135.562,3.5,0.215344,14
crossing_90_b_06,136.062,3.5,0.209449,14
crossing_90_b_06,136.562,3.5,0.224701,14
crossing_90_b_06,137.062,3.25,0.260041,13
crossing_90_b_06,137.562,3.5,0.262973,14
crossing_90_b_06,138.062,4,0.287846,16
crossing_90_b_06,138.562,3.5,0.315533,14
crossing_90_b_06,139.062,2.5,0.335725,10
crossing_90_b_06,139.562,2.5,0.336439,10
crossing_90_b_06,140.062,2,0.306234,8
crossing_90_b_06,140.562,1.75,0.329508,7
crossing_90_b_06,141.062,1.75,0.369283,7
crossing_90_b_06,141.562,1.5,0.358543,6
crossing_90_b_06,142.062,1.75,0.361956,7
crossing_90_b_06,142.562,2,0.356291,8
crossing_90_b_06,143.062,2,0.340741,8
crossing_90_b_06,143.562,1.75,0.312328,7
crossing_90_b_06,144.062,1.75,0.371885,7
crossing_90_b_06,144.562,1.5,0.388385,6
crossing_90_b_06,145.062,1.75,0.441171,7
crossing_90_b_06,145.562,1.5,0.45608,6
crossing_90_b_06,146.062,2,0.464731,8
crossing_90_b_06,146.562,2,0.501678,8
crossing_90_b_06,147.062,1.75,0.524379,7
crossing_90_b_06,147.562,2,0.468213,8
crossing_90_b_06,148.062,2,0.505897,8
crossing_90_b_06,148.562,1.25,0.444381,5
crossing_90_b_06,149.062,1.5,0.476689,6
crossing_90_b_06,149.562,1.5,0.524447,6
crossing_90_b_06,150.062,1.25,0.512328,5
crossing_90_b_06,150.562,1,0.467521,4
crossing_90_b_06,151.062,1,0.528534,4
crossing_90_b_06,151.562,1,0.602658,4
crossing_90_b_06,152.062,0.5,0.596563,2
crossing_90_b_06,152.562,0.75,0.646072,3
crossing_90_b_06,153.062,0.25,0.766669,1
crossing_90_b_07,10.188,0.25,1.13315,1
crossing_90_b_07,10.688,0.25,1.13916,1
crossing_90_b_07,11.188,0.25,1.15114,1
crossing_90_b_07,11.688,0.5,1.10231,2
crossing_90_b_07,12.188,0.25,1.092,1
crossing_90_b_07,12.688,0.25,1.10608,1
crossing_90_b_07,13.188,0.5,0.959853,2
crossing_90_b_07,13.688,0.75,0.80989,3
crossing_90_b_07,14.188,1,0.746596,4
crossing_90_b_07,14.688,1.25,0.756663,5
crossing_90_b_07,15.188,1.25,0.72195,5
crossing_90_b_07,15.688,1,0.672197,4
crossing_90_b_07,16.188,1.25,0.648916,5
crossing_90_b_07,16.688,1.25,0.566718,5
crossing_90_b_07,17.188,1,0.68949,4
crossing_90_b_07,17.688,1.25,0.678386,5
crossing_90_b_07,18.188,1.25,0.651796,5
crossing_90_b_07,18.688,1.75,0.60691,7
crossing_90_b_07,19.188,1.5,0.49013,6
crossing_90_b_07,19.688,1.5,0.519495,6
crossing_90_b_07,20.188,1.75,0.574479,7
crossing_90_b_07,20.688,1.25,0.635219,5
crossing_90_b_07,21.188,1.25,0.640964,5
crossing_90_b_07,21.688,1.75,0.652949,7
crossing_90_b_07,22.188,1.75,0.593972,7
crossing_90_b_07,22.688,1.25,0.636541,5
crossing_90_b_07,23.188,1.25,0.606689,5
crossing_90_b_07,23.688,1.5,0.660067,6
crossing_90_b_07,24.188,2,0.625659,8
crossing_90_b_07,24.688,2,0.587922,8
crossing_90_b_07,25.188,1.5,0.458701,6
crossing_90_b_07,25.688,2,0.482187,8
crossing_90_b_07,26.188,2.25,0.503614,9
crossing_90_b_07,26.688,2.25,0.510558,9
crossing_90_b_07,27.188,2,0.543475,8
crossing_90_b_07,27.688,1.75,0.634398,7
crossing_90_b_07,28.188,1.75,0.627598,7
crossing_90_b_07,28.688,1.25,0.629703,5
crossing_90_b_07,29.188,0.5,0.699675,2
crossing_90_b_07,29.688,1,0.673141,4
crossing_90_b_07,30.188,0.75,0.64572,3
crossing_90_b_07,30.688,1,0.62175,4
crossing_90_b_07,31.188,0.75,0.58793,3
crossing_90_b_07,31.688,0.5,0.576625,2
crossing_90_b_07,32.188,1,0.593347,4
crossing_90_b_07,32.688,0.75,0.538885,3
crossing_90_b_07,33.188,1.25,0.595205,5
crossing_90_b_07,33.688,1.75,0.617832,7
crossing_90_b_07,34.188,1.25,0.604223,5
crossing_90_b_07,34.688,1,0.595086,4
crossing_90_b_07,35.188,1.5,0.609047,6
crossing_90_b_07,35.688,1.25,0.576993,5
crossing_90_b_07,36.188,1,0.607114,4
crossing_90_b_07,36.688,1,0.517051,4
crossing_90_b_07,37.188,1.25,0.544658,5
crossing_90_b_07,37.688,1.25,0.568907,5
crossing_90_b_07,38.188,1.5,0.623103,6
crossing_90_b_07,38.688,1.75,0.64591,7
crossing_90_b_07,39.188,1.75,0.595446,7
crossing_90_b_07,39.688,1.25,0.51185,5
crossing_90_b_07,40.188,1.25,0.5477,5
crossing_90_b_07,40.688,1.5,0.574381,6
crossing_90_b_07,41.188,1.25,0.616771,5
crossing_90_b_07,41.688,1.25,0.614964,5
crossing_90_b_07,42.188,1.5,0.605537,6
crossing_90_b_07,42.688,1.25,0.582423,5
crossing_90_b_07,43.188,1.25,0.583787,5
crossing_90_b_07,43.688,1.5,0.608389,6
crossing_90_b_07,44.188,1.75,0.609553,7
crossing_90_b_07,44.688,1.25,0.587479,5
crossing_90_b_07,45.188,1.25,0.545229,5
crossing_90_b_07,45.688,1.25,0.581103,5
crossing_90_b_07,46.188,1.5,0.56831,6
crossing_90_b_07,46.688,1.25,0.548137,5
crossing_90_b_07,47.188,1.5,0.613466,6
crossing_90_b_07,47.688,1.75,0.615464,7
crossing_90_b_07,48.188,1.75,0.626894,7
crossing_90_b_07,48.688,1.75,0.647835,7
crossing_90_b_07,49.188,1.5,0.487111,6
crossing_90_b_07,49.688,1.5,0.542152,6
crossing_90_b_07,50.188,1.75,0.533225,7
crossing_90_b_07,50.688,2,0.476581,8
crossing_90_b_07,51.188,2.25,0.511243,9
crossing_90_b_07,51.688,2,0.536254,8
crossing_90_b_07,52.188,2.25,0.55612,9
crossing_90_b_07,52.688,1.75,0.553374,7
crossing_90_b_07,53.188,1.75,0.506521,7
crossing_90_b_07,53.688,1.75,0.442518,7
crossing_90_b_07,54.188,1.5,0.411055,6
crossing_90_b_07,54.688,1,0.485066,4
crossing_90_b_07,55.188,1,0.57204,4
crossing_90_b_07,55.688,1.25,0.574582,5
crossing_90_b_07,56.188,1.25,0.608168,5
crossing_90_b_07,56.688,1.25,0.509052,5
crossing_90_b_07,57.188,1.75,0.551442,7
crossing_90_b_07,57.688,2.25,0.583642,9
crossing_90_b_07,58.188,2,0.485075,8
crossing_90_b_07,58.688,2.25,0.483403,9
crossing_90_b_07,59.188,2,0.450601,8
crossing_90_b_07,59.688,2,0.440135,8
crossing_90_b_07,60.188,2.25,0.521311,9
crossing_90_b_07,60.688,1.5,0.491903,6
crossing_90_b_07,61.188,2.25,0.471,9
crossing_90_b_07,61.688,2,0.474514,8
crossing_90_b_07,62.188,1.75,0.431772,7
crossing_90_b_07,62.688,1.75,0.483943,7
crossing_90_b_07,63.188,1.75,0.490262,7
crossing_90_b_07,63.688,1.75,0.547404,7
crossing_90_b_07,64.188,1.5,0.514557,6
crossing_90_b_07,64.688,1.25,0.468539,5
crossing_90_b_07,65.188,1.5,0.488646,6
crossing_90_b_07,65.688,1.5,0.479581,6
crossing_90_b_07,66.188,1.75,0.447729,7
crossing_90_b_07,66.688,2,0.46897,8
crossing_90_b_07,67.188,1.75,0.463786,7
crossing_90_b_07,67.688,1.75,0.50004,7
crossing_90_b_07,68.188,2,0.55277,8
crossing_90_b_07,68.688,1.5,0.564474,6
crossing_90_b_07,69.188,1.25,0.537656,5
crossing_90_b_07,69.688,1.25,0.579896,5
crossing_90_b_07,70.188,1.25,0.573606,5
crossing_90_b_07,70.688,1.25,0.53506,5
crossing_90_b_07,71.188,1.5,0.589278,6
crossing_90_b_07,71.688,1.5,0.588498,6
crossing_90_b_07,72.188,1.5,0.575255,6
crossing_90_b_07,72.688,1.5,0.588634,6
crossing_90_b_07,73.188,1.25,0.541409,5
crossing_90_b_07,73.688,1.25,0.593713,5
crossing_90_b_07,74.188,1.25,0.572138,5
crossing_90_b_07,74.688,1.25,0.622257,5
crossing_90_b_07,75.188,1.25,0.622919,5
crossing_90_b_07,75.688,1,0.564485,4
crossing_90_b_07,76.188,1.25,0.53343,5
crossing_90_b_07,76.688,1.25,0.477057,5
crossing_90_b_07,77.188,1.5,0.527136,6
crossing_90_b_07,77.688,1.5,0.511903,6
crossing_90_b_07,78.188,2,0.550968,8
crossing_90_b_07,78.688,2,0.511386,8
crossing_90_b_07,79.188,2.25,0.553765,9
crossing_90_b_07,79.688,1.75,0.578065,7
crossing_90_b_07,80.188,1.25,0.557105,5
crossing_90_b_07,80.688,1,0.496323,4
crossing_90_b_07,81.188,1.25,0.524734,5
crossing_90_b_07,81.688,1.25,0.499377,5
crossing_90_b_07,82.188,1,0.482848,4
crossing_90_b_07,82.688,1,0.545776,4
crossing_90_b_07,83.188,1.25,0.574772,5
crossing_90_b_07,83.688,1.25,0.584816,5
crossing_90_b_07,84.188,1.25,0.655313,5
crossing_90_b_07,84.688,1,0.677053,4
crossing_90_b_07,85.188,1.25,0.609158,5
crossing_90_b_07,85.688,1,0.608436,4
crossing_90_b_07,86.188,1,0.617571,4
crossing_90_b_07,86.688,1,0.583491,4
crossing_90_b_07,87.188,1.25,0.597535,5
crossing_90_b_07,87.688,1.25,0.621164,5
crossing_90_b_07,88.188,1.25,0.574825,5
crossing_90_b_07,88.688,1.25,0.546304,5
crossing_90_b_07,89.188,1.25,0.506433,5
crossing_90_b_07,89.688,1.75,0.449585,7
crossing_90_b_07,90.188,1.75,0.445219,7
crossing_90_b_07,90.688,1.75,0.459373,7
crossing_90_b_07,91.188,2,0.490724,8
crossing_90_b_07,91.688,2,0.512712,8
crossing_90_b_07,92.188,1.5,0.490089,6
crossing_90_b_07,92.688,1.25,0.48325,5
crossing_90_b_07,93.188,1.5,0.471561,6
crossing_90_b_07,93.688,1.25,0.447102,5
crossing_90_b_07,94.188,1.25,0.421038,5
crossing_90_b_07,94.688,1.25,0.460097,5
crossing_90_b_07,95.188,1.25,0.578374,5
crossing_90_b_07,95.688,1,0.636828,4
crossing_90_b_07,96.188,1,0.631088,4
crossing_90_b_07,96.688,0.75,0.611347,3
crossing_90_b_07,97.188,1,0.597058,4
crossing_90_b_07,97.688,1,0.599369,4
crossing_90_b_07,98.188,1,0.556541,4
crossing_90_b_07,98.688,1.25,0.59305,5
crossing_90_b_07,99.188,1.25,0.599469,5
crossing_90_b_07,99.688,1.75,0.530825,7
crossing_90_b_07,100.188,1.5,0.473021,6
crossing_90_b_07,100.688,1.5,0.480801,6
crossing_90_b_07,101.188,2,0.52856,8
crossing_90_b_07,101.688,1.75,0.526065,7
crossing_90_b_07,102.188,1.5,0.516185,6
crossing_90_b_07,102.688,1.5,0.586537,6
crossing_90_b_07,103.188,1.5,0.587601,6
crossing_90_b_07,103.688,1.5,0.617018,6
crossing_90_b_07,104.188,0.75,0.597772,3
crossing_90_b_07,104.688,1.25,0.615683,5
crossing_90_b_07,105.188,1,0.63274,4
crossing_90_b_07,105.688,1.25,0.636584,5
crossing_90_b_07,106.188,1.25,0.597801,5
crossing_90_b_07,106.688,1.25,0.658141,5
crossing_90_b_07,107.188,1.25,0.611191,5
crossing_90_b_07,107.688,1.25,0.508575,5
crossing_90_b_07,108.188,1.75,0.574546,7
crossing_90_b_07,108.688,1.25,0.581174,5
crossing_90_b_07,109.188,1.25,0.517941,5
crossing_90_b_07,109.688,1.5,0.499915,6
crossing_90_b_07,110.188,1.25,0.441277,5
crossing_90_b_07,110.688,1.5,0.498166,6
crossing_90_b_07,111.188,2,0.521463,8
crossing_90_b_07,111.688,2,0.524938,8
crossing_90_b_07,112.188,1.75,0.522705,7
crossing_90_b_07,112.688,1.5,0.512,6
crossing_90_b_07,113.188,1.25,0.549496,5
crossing_90_b_07,113.688,1.25,0.625613,5
crossing_90_b_07,114.188,1.75,0.645085,7
crossing_90_b_07,114.688,1.5,0.610083,6
crossing_90_b_07,115.188,1,0.609835,4
crossing_90_b_07,115.688,1,0.579369,4
crossing_90_b_07,116.188,1.5,0.507034,6
crossing_90_b_07,116.688,1.75,0.52315,7
crossing_90_b_07,117.188,1.5,0.53124,6
crossing_90_b_07,117.688,1.75,0.542347,7
crossing_90_b_07,118.188,2,0.50565,8
crossing_90_b_07,118.688,2,0.513366,8
crossing_90_b_07,119.188,1.75,0.43814,7
crossing_90_b_07,119.688,1.75,0.449314,7
crossing_90_b_07,120.188,1.25,0.44244,5
crossing_90_b_07,120.688,1.5,0.438032,6
crossing_90_b_07,121.188,1.75,0.433797,7
crossing_90_b_07,121.688,2,0.433479,8
crossing_90_b_07,122.188,2,0.472715,8
crossing_90_b_07,122.688,2,0.479192,8
crossing_90_b_07,123.188,2.25,0.465125,9
crossing_90_b_07,123.688,1.75,0.373419,7
crossing_90_b_07,124.188,1.5,0.402602,6
crossing_90_b_07,124.688,1.5,0.420973,6
crossing_90_b_07,125.188,2,0.432114,8
crossing_90_b_07,125.688,2,0.392064,8
crossing_90_b_07,126.188,2.5,0.383603,10
crossing_90_b_07,126.688,2,0.320285,8
crossing_90_b_07,127.188,1.75,0.314528,7
crossing_90_b_07,127.688,1.75,0.375971,7
crossing_90_b_07,128.188,2,0.366476,8
crossing_90_b_07,128.688,2.25,0.322211,9
crossing_90_b_07,129.188,2.25,0.340925,9
crossing_90_b_07,129.688,2,0.367967,8
crossing_90_b_07,130.188,2.25,0.400515,9
crossing_90_b_07,130.688,2,0.378212,8
crossing_90_b_07,131.188,2,0.33455,8
crossing_90_b_07,131.688,2,0.393164,8
crossing_90_b_07,132.188,2.25,0.35121,9
crossing_90_b_07,132.688,2,0.340063,8
crossing_90_b_07,133.188,1.75,0.393146,7
crossing_90_b_07,133.688,1.25,0.314944,5
crossing_90_b_07,134.188,1.75,0.307338,7
crossing_90_b_07,134.688,1.75,0.367255,7
crossing_90_b_07,135.188,1.75,0.4238,7
crossing_90_b_07,135.688,1.5,0.408311,6
crossing_90_b_07,136.188,1.75,0.416181,7
crossing_90_b_07,136.688,1.5,0.417759,6
crossing_90_b_07,137.188,1.75,0.402505,7
crossing_90_b_07,137.688,1.75,0.445137,7
crossing_90_b_07,138.188,1.5,0.475211,6
crossing_90_b_07,138.688,1.25,0.444592,5
crossing_90_b_07,139.188,2,0.459934,8
crossing_90_b_07,139.688,1.75,0.469234,7
crossing_90_b_07,140.188,1.75,0.453697,7
crossing_90_b_07,140.688,2.25,0.485949,9
crossing_90_b_07,141.188,2,0.479428,8
crossing_90_b_07,141.688,2,0.49347,8
crossing_90_b_07,142.188,2,0.481611,8
crossing_90_b_07,142.688,1.75,0.509781,7
crossing_90_b_07,143.188,2.25,0.545157,9
crossing_90_b_07,143.688,1.5,0.484217,6
crossing_90_b_07,144.188,1.25,0.561198,5
crossing_90_b_07,144.688,1.5,0.53683,6
crossing_90_b_07,145.188,1.75,0.565161,7
crossing_90_b_07,145.688,2,0.587625,8
crossing_90_b_07,146.188,1.25,0.544038,5
crossing_90_b_07,146.688,1.25,0.553122,5
crossing_90_b_07,147.188,1.25,0.574106,5
crossing_90_b_07,147.688,1.25,0.551701,5
crossing_90_b_07,148.188,1.25,0.543226,5
crossing_90_b_07,148.688,0.75,0.536839,3
crossing_90_b_07,149.188,0.5,0.511871,2
crossing_90_b_07,149.688,0.75,0.62479,3
crossing_90_b_07,150.188,0.5,0.646251,2
crossing_90_b_07,150.688,0.5,0.736102,2
crossing_90_b_07,151.188,0.5,0.72835,2
crossing_90_b_07,151.688,0.75,0.735794,3
crossing_90_b_07,152.188,0.75,0.766443,3
crossing_90_b_07,152.688,1,0.788239,4
crossing_90_b_07,153.188,0.75,0.801191,3
crossing_90_b_07,153.688,0.5,0.820392,2
crossing_90_b_07,154.188,0.5,0.836339,2
crossing_90_b_07,154.688,0.25,0.873271,1
crossing_90_c_01,10,0.25,1.14104,1
crossing_90_c_01,10.5,0.25,1.16528,1
crossing_90_c_01,11,0.25,1.13107,1
crossing_90_c_01,11.5,0.25,1.08712,1
crossing_90_c_01,12,0.25,0.963626,1
crossing_90_c_01,12.5,0.25,0.960968,1
crossing_90_c_01,13,0.25,0.972724,1
crossing_90_c_01,13.5,0.25,0.933766,1
crossing_90_c_01,14,0.25,0.972062,1
crossing_90_c_01,14.5,0.5,1.07312,2
crossing_90_c_01,15,0.5,1.07573,2
crossing_90_c_01,16,0.25,0.867756,1
crossing_90_c_01,16.5,0.25,0.855129,1
crossing_90_c_01,17,0.5,0.886365,2
crossing_90_c_01,17.5,0.5,0.888893,2
crossing_90_c_01,18,0.25,0.914039,1
crossing_90_c_01,18.5,0.5,0.950429,2
crossing_90_c_01,19,0.5,0.935254,2
crossing_90_c_01,19.5,0.75,0.929209,3
crossing_90_c_01,20,0.75,0.945255,3
crossing_90_c_01,20.5,0.5,0.947974,2
crossing_90_c_01,22.5,0.25,0.889131,1
crossing_90_c_01,23,0.5,0.804782,2
crossing_90_c_01,23.5,0.5,0.785731,2
crossing_90_c_01,24,0.5,0.751304,2
crossing_90_c_01,24.5,0.5,0.740948,2
crossing_90_c_01,25,0.25,0.647504,1
crossing_90_c_01,25.5,0.5,0.760862,2
crossing_90_c_01,26,0.5,0.787644,2
crossing_90_c_01,26.5,0.75,0.824682,3
crossing_90_c_01,27,0.75,0.874694,3
crossing_90_c_01,27.5,0.5,0.871641,2
crossing_90_c_01,28,0.25,0.85469,1
crossing_90_c_01,28.5,0.5,0.89011,2
crossing_90_c_01,29,0.25,0.934804,1
crossing_90_c_01,29.5,0.25,0.940389,1
crossing_90_c_01,30,0.5,0.873309,2
crossing_90_c_01,30.5,0.25,0.890204,1
crossing_90_c_01,32,0.25,0.834061,1
crossing_90_c_01,32.5,0.5,0.871045,2
crossing_90_c_01,33,0.75,0.875361,3
crossing_90_c_01,33.5,0.75,0.846253,3
crossing_90_c_01,34,0.5,0.873004,2
crossing_90_c_01,34.5,0.5,0.926563,2
crossing_90_c_01,35.5,0.25,0.550854,1
crossing_90_c_01,36,0.25,0.434533,1
crossing_90_c_01,36.5,0.25,0.4011,1
crossing_90_c_01,37,0.25,0.345987,1
crossing_90_c_01,37.5,0.25,0.287132,1
crossing_90_c_01,38,0.5,0.644666,2
crossing_90_c_01,38.5,0.75,0.705803,3
crossing_90_c_01,39,1,0.777895,4
crossing_90_c_01,39.5,0.75,0.875417,3
crossing_90_c_01,40,0.5,0.853362,2
crossing_90_c_01,40.5,0.5,0.857464,2
crossing_90_c_01,41.5,0.5,0.938325,2
crossing_90_c_01,42,0.75,0.939099,3
crossing_90_c_01,42.5,0.75,0.931631,3
crossing_90_c_01,43,0.75,0.939239,3
crossing_90_c_01,43.5,0.5,0.865348,2
crossing_90_c_01,44,0.25,0.824224,1
crossing_90_c_01,44.5,0.5,0.896596,2
crossing_90_c_01,45,0.25,0.922363,1
crossing_90_c_01,45.5,0.5,0.888459,2
crossing_90_c_01,46,0.75,0.854298,3
crossing_90_c_01,46.5,0.75,0.820315,3
crossing_90_c_01,47,0.75,0.823033,3
crossing_90_c_01,47.5,0.25,0.71889,1
crossing_90_c_01,48,0.5,0.858454,2
crossing_90_c_01,48.5,0.25,0.925001,1
crossing_90_c_01,49,0.5,0.969058,2
crossing_90_c_01,49.5,0.5,0.828249,2
crossing_90_c_01,50,0.5,0.796166,2
crossing_90_c_01,50.5,0.5,0.732303,2
crossing_90_c_01,51,0.5,0.74404,2
crossing_90_c_01,51.5,0.5,0.769524,2
crossing_90_c_01,52,0.25,0.700211,1
crossing_90_c_01,52.5,0.75,0.697448,3
crossing_90_c_01,53,0.75,0.761904,3
crossing_90_c_01,53.5,0.5,0.799365,2
crossing_90_c_01,54,0.75,0.845104,3
crossing_90_c_01,54.5,0.75,0.882196,3
crossing_90_c_01,55,0.25,0.948174,1
crossing_90_c_01,55.5,0.25,0.961253,1
crossing_90_c_01,56,0.25,0.82091,1
crossing_90_c_01,56.5,0.5,0.818699,2
crossing_90_c_01,57,0.5,0.811261,2
crossing_90_c_01,57.5,0.5,0.816482,2
crossing_90_c_01,58,0.5,0.845131,2
crossing_90_c_01,58.5,0.5,0.881127,2
crossing_90_c_01,59,0.5,0.81243,2
crossing_90_c_01,59.5,0.5,0.841688,2
crossing_90_c_01,60,0.5,0.781551,2
crossing_90_c_01,60.5,0.5,0.798295,2
crossing_90_c_01,61,0.5,0.834842,2
crossing_90_c_01,61.5,0.25,0.915506,1
crossing_90_c_01,62.5,0.25,0.72051,1
crossing_90_c_01,63.5,0.25,0.797277,1
crossing_90_c_01,64,0.25,0.806329,1
crossing_90_c_01,64.5,0.5,0.800583,2
crossing_90_c_01,65,0.5,0.789966,2
crossing_90_c_01,65.5,0.75,0.824703,3
crossing_90_c_01,66,0.5,0.871134,2
crossing_90_c_01,66.5,0.5,0.839829,2
crossing_90_c_01,67,0.5,0.849241,2
crossing_90_c_01,67.5,0.75,0.825591,3
crossing_90_c_01,68,0.5,0.762959,2
crossing_90_c_01,68.5,0.25,0.822727,1
crossing_90_c_01,69,0.5,0.89141,2
crossing_90_c_01,69.5,0.25,0.962009,1
crossing_90_c_01,70,0.25,0.936489,1
crossing_90_c_01,70.5,0.5,0.829333,2
crossing_90_c_01,71,0.5,0.817887,2
crossing_90_c_01,71.5,0.5,0.807038,2
crossing_90_c_01,72,0.5,0.776233,2
crossing_90_c_01,72.5,0.5,0.714517,2
crossing_90_c_01,73,0.5,0.673643,2
crossing_90_c_01,73.5,0.75,0.721448,3
crossing_90_c_01,74,0.5,0.757975,2
crossing_90_c_01,74.5,0.5,0.776436,2
crossing_90_c_01,75,0.25,0.709427,1
crossing_90_c_01,75.5,0.25,0.765862,1
crossing_90_c_01,76,0.5,0.826471,2
crossing_90_c_01,76.5,0.5,0.792116,2
crossing_90_c_01,77,0.5,0.768241,2
crossing_90_c_01,77.5,0.5,0.744438,2
crossing_90_c_01,78,0.75,0.739742,3
crossing_90_c_01,78.5,1,0.789039,4
crossing_90_c_01,79,0.5,0.898139,2
crossing_90_c_01,79.5,0.75,0.816309,3
crossing_90_c_01,80,0.75,0.764904,3
crossing_90_c_01,80.5,0.25,0.806339,1
crossing_90_c_01,81,0.5,0.853184,2
crossing_90_c_01,81.5,0.5,0.824848,2
crossing_90_c_01,82,0.5,0.838224,2
crossing_90_c_01,82.5,0.75,0.87694,3
crossing_90_c_01,83,0.75,0.879864,3
crossing_90_c_01,83.5,0.25,0.954466,1
crossing_90_c_01,84,0.5,0.927387,2
crossing_90_c_01,84.5,0.25,0.903128,1
crossing_90_c_01,85,0.25,0.973627,1
crossing_90_c_01,85.5,0.5,0.840287,2
crossing_90_c_01,86,0.5,0.742034,2
crossing_90_c_01,86.5,0.5,0.719066,2
crossing_90_c_01,87,0.75,0.665703,3
crossing_90_c_01,87.5,0.75,0.790243,3
crossing_90_c_01,88,0.75,0.793949,3
crossing_90_c_01,88.5,1,0.704274,4
crossing_90_c_01,89,1,0.724872,4
crossing_90_c_01,89.5,1,0.771909,4
crossing_90_c_01,90,0.75,0.764023,3
crossing_90_c_01,90.5,0.5,0.802865,2
crossing_90_c_01,91.5,0.25,0.678951,1
crossing_90_c_01,92,0.25,0.59672,1
crossing_90_c_01,92.5,0.25,0.502844,1
crossing_90_c_01,93,0.5,0.677247,2
crossing_90_c_01,93.5,0.5,0.76054,2
crossing_90_c_01,94,0.5,0.831667,2
crossing_90_c_01,94.5,0.5,0.874131,2
crossing_90_c_01,95,0.5,0.891105,2
crossing_90_c_01,95.5,0.25,0.856477,1
crossing_90_c_01,96,0.5,0.847482,2
crossing_90_c_01,96.5,0.25,0.8289,1
crossing_90_c_01,97,0.5,0.846715,2
crossing_90_c_01,97.5,0.75,0.831585,3
crossing_90_c_01,98,0.75,0.852926,3
crossing_90_c_01,98.5,0.5,0.863933,2
crossing_90_c_01,99,0.5,0.880578,2
crossing_90_c_01,99.5,0.25,0.934116,1
crossing_90_c_01,100.5,0.25,0.929721,1
crossing_90_c_01,101,0.5,0.917575,2
crossing_90_c_01,101.5,0.5,0.918964,2
crossing_90_c_01,102,0.75,0.883326,3
crossing_90_c_01,102.5,0.5,0.915253,2
crossing_90_c_01,103,0.5,0.896764,2
crossing_90_c_01,103.5,0.5,0.849177,2
crossing_90_c_01,104,0.5,0.855402,2
crossing_90_c_01,105.5,0.25,0.811548,1
crossing_90_c_01,106,0.25,0.741879,1
crossing_90_c_01,106.5,0.25,0.722858,1
crossing_90_c_01,107,0.5,0.875242,2
crossing_90_c_01,107.5,0.5,0.90133,2
crossing_90_c_01,108,0.5,0.879215,2
crossing_90_c_01,108.5,0.5,0.916292,2
crossing_90_c_01,109,0.75,0.783645,3
crossing_90_c_01,109.5,0.75,0.807709,3
crossing_90_c_01,110,0.5,0.811431,2
crossing_90_c_01,110.5,0.5,0.773587,2
crossing_90_c_01,111,0.5,0.771897,2
crossing_90_c_01,111.5,0.5,0.830423,2
crossing_90_c_01,112,0.25,0.853571,1
crossing_90_c_01,112.5,0.5,0.839048,2
crossing_90_c_01,113,0.25,0.845662,1
crossing_90_c_01,113.5,0.25,0.838663,1
crossing_90_c_01,114,0.5,0.829908,2
crossing_90_c_01,114.5,0.25,0.725491,1
crossing_90_c_01,115,0.25,0.752349,1
crossing_90_c_01,115.5,0.5,0.813588,2
crossing_90_c_01,116,0.5,0.81396,2
crossing_90_c_01,117,0.25,0.741854,1
crossing_90_c_01,117.5,0.5,0.682758,2
crossing_90_c_01,118,0.5,0.680148,2
crossing_90_c_01,118.5,0.5,0.686524,2
crossing_90_c_01,119,0.5,0.698595,2
crossing_90_c_01,119.5,0.5,0.696197,2
crossing_90_c_01,120,0.5,0.66333,2
crossing_90_c_01,120.5,0.5,0.562359,2
crossing_90_c_01,121,0.5,0.609736,2
crossing_90_c_01,121.5,0.5,0.658141,2
crossing_90_c_01,122,0.5,0.667227,2
crossing_90_c_01,122.5,0.5,0.69137,2
crossing_90_c_01,123,0.75,0.676094,3
crossing_90_c_01,123.5,0.5,0.693777,2
crossing_90_c_01,124,0.5,0.678921,2
crossing_90_c_01,124.5,0.5,0.687961,2
crossing_90_c_01,125,0.25,0.725925,1
crossing_90_c_01,125.5,0.5,0.691287,2
crossing_90_c_01,126,0.5,0.665812,2
crossing_90_c_01,126.5,0.5,0.61524,2
crossing_90_c_01,127,0.75,0.653878,3
crossing_90_c_01,127.5,0.75,0.663041,3
crossing_90_c_01,128,0.5,0.664794,2
crossing_90_c_01,128.5,0.5,0.726987,2
crossing_90_c_01,129,0.5,0.779426,2
crossing_90_c_01,129.5,0.5,0.681098,2
crossing_90_c_01,130,0.75,0.72789,3
crossing_90_c_01,130.5,1,0.761346,4
crossing_90_c_01,131,1.25,0.735867,5
crossing_90_c_01,131.5,1.25,0.680669,5
crossing_90_c_01,132,0.75,0.59775,3
crossing_90_c_01,132.5,0.5,0.482403,2
crossing_90_c_01,133,0.75,0.649718,3
crossing_90_c_01,133.5,0.75,0.651041,3
crossing_90_c_01,134,0.75,0.695914,3
crossing_90_c_01,134.5,0.75,0.626144,3
crossing_90_c_01,135,0.75,0.604785,3
crossing_90_c_01,135.5,0.75,0.604543,3
crossing_90_c_01,136,0.75,0.569009,3
crossing_90_c_01,136.5,0.75,0.531727,3
crossing_90_c_01,137,1,0.624278,4
crossing_90_c_01,137.5,0.75,0.625295,3
crossing_90_c_01,138,0.75,0.614895,3
crossing_90_c_01,138.5,0.5,0.612858,2
crossing_90_c_01,139,0.25,0.671426,1
crossing_90_c_01,140.5,0.5,0.761931,2
crossing_90_c_01,141,0.5,0.786103,2
crossing_90_c_01,141.5,0.5,0.792363,2
crossing_90_c_01,142,0.5,0.820901,2
crossing_90_c_01,142.5,0.75,0.796934,3
crossing_90_c_01,143,0.25,0.761954,1
crossing_90_c_01,143.5,0.25,0.752808,1
crossing_90_c_01,144,0.25,0.77958,1
crossing_90_c_01,144.5,0.75,0.847702,3
crossing_90_c_01,145,0.5,0.738234,2
crossing_90_c_01,145.5,0.25,0.673071,1
crossing_90_c_01,146,0.75,0.778281,3
crossing_90_c_01,146.5,0.75,0.795028,3
crossing_90_c_01,147,0.75,0.776365,3
crossing_90_c_01,147.5,0.5,0.721585,2
crossing_90_c_01,148,0.25,0.639768,1
crossing_90_c_01,148.5,0.5,0.656376,2
crossing_90_c_01,149,0.25,0.534634,1
crossing_90_c_01,149.5,0.5,0.656627,2
crossing_90_c_01,150,0.5,0.676124,2
crossing_90_c_01,150.5,1,0.69576,4
crossing_90_c_01,151,1,0.724822,4
crossing_90_c_01,151.5,0.75,0.7198,3
crossing_90_c_01,152,0.75,0.676124,3
crossing_90_c_01,152.5,0.5,0.737941,2
crossing_90_c_01,153,0.25,0.779345,1
crossing_90_c_01,154,0.5,0.71746,2
crossing_90_c_01,154.5,0.5,0.695536,2
crossing_90_c_01,155,0.5,0.658601,2
crossing_90_c_01,155.5,0.5,0.64874,2
crossing_90_c_01,156,0.5,0.666096,2
crossing_90_c_01,156.5,0.25,0.595226,1
crossing_90_c_01,157,0.25,0.652214,1
crossing_90_c_01,158.5,0.25,0.70621,1
crossing_90_c_01,159,0.25,0.728226,1
crossing_90_c_01,159.5,0.75,0.719055,3
crossing_90_c_01,160,0.75,0.710079,3
crossing_90_c_01,160.5,0.75,0.728364,3
crossing_90_c_01,161,0.75,0.680825,3
crossing_90_c_01,161.5,0.75,0.719869,3
crossing_90_c_01,162,0.75,0.775467,3
crossing_90_c_01,162.5,0.25,0.74167,1
crossing_90_c_01,163,0.25,0.768152,1
crossing_90_c_01,163.5,0.5,0.761363,2
crossing_90_c_01,164,0.5,0.864081,2
crossing_90_c_01,164.5,0.5,0.795222,2
crossing_90_c_01,165,0.5,0.752015,2
crossing_90_c_01,165.5,0.75,0.687204,3
crossing_90_c_01,166,0.5,0.601543,2
crossing_90_c_01,166.5,0.75,0.616029,3
crossing_90_c_01,167,0.75,0.508671,3
crossing_90_c_01,167.5,1.25,0.556059,5
crossing_90_c_01,168,1.25,0.594144,5
crossing_90_c_01,168.5,1.25,0.633155,5
crossing_90_c_01,169,1.25,0.634349,5
crossing_90_c_01,169.5,0.75,0.665039,3
crossing_90_c_01,170,0.5,0.769519,2
crossing_90_c_01,170.5,0.5,0.780164,2
crossing_90_c_01,171,0.5,0.829081,2
crossing_90_c_01,171.5,0.5,0.840145,2
crossing_90_c_01,172,0.5,0.849963,2
crossing_90_c_01,172.5,0.25,0.875335,1
crossing_90_c_01,173,0.25,0.935007,1
crossing_90_c_01,175,0.25,1.03834,1
crossing_90_c_01,175.5,0.5,0.985431,2
crossing_90_c_01,176,0.25,0.908422,1
crossing_90_c_01,176.5,0.25,0.89162,1
crossing_90_c_01,177,0.5,0.751133,2
crossing_90_c_01,177.5,0.25,0.63887,1
crossing_90_c_01,178,0.25,0.648665,1
crossing_90_c_01,178.5,0.5,0.665364,2
crossing_90_c_01,179,0.75,0.759731,3
crossing_90_c_01,179.5,0.75,0.767886,3
crossing_90_c_01,180,0.75,0.839111,3
crossing_90_c_01,180.5,0.5,0.769999,2
crossing_90_c_01,181,0.5,0.818151,2
crossing_90_c_01,181.5,0.5,0.752201,2
crossing_90_c_01,182,0.5,0.727402,2
crossing_90_c_01,182.5,0.5,0.772823,2
crossing_90_c_01,183,0.25,0.697235,1
crossing_90_c_01,183.5,0.25,0.707914,1
crossing_90_c_01,184,0.25,0.730186,1
crossing_90_c_01,184.5,0.25,0.778742,1
crossing_90_c_01,185,0.25,0.772152,1
crossing_90_c_01,185.5,0.25,0.80789,1
crossing_90_c_01,186,0.5,0.840532,2
crossing_90_c_01,186.5,0.5,0.843736,2
crossing_90_c_01,187,0.25,0.885565,1
crossing_90_c_01,187.5,0.5,0.852806,2
crossing_90_c_01,188,0.5,0.752199,2
crossing_90_c_01,188.5,0.25,0.70529,1
crossing_90_c_01,189,0.5,0.795988,2
crossing_90_c_01,189.5,0.5,0.819999,2
crossing_90_c_01,190,0.5,0.80601,2
crossing_90_c_01,190.5,0.75,0.735171,3
crossing_90_c_01,191,0.75,0.653115,3
crossing_90_c_01,191.5,0.5,0.590507,2
crossing_90_c_01,192,0.75,0.691046,3
crossing_90_c_01,192.5,0.75,0.660288,3
crossing_90_c_01,193,1.5,0.688417,6
crossing_90_c_01,193.5,1.25,0.682168,5
crossing_90_c_01,194,1.25,0.696641,5
crossing_90_c_01,194.5,1,0.731043,4
crossing_90_c_01,195,0.75,0.740837,3
crossing_90_c_01,195.5,0.25,0.730616,1
crossing_90_c_01,196,0.25,0.757268,1
crossing_90_c_01,196.5,0.25,0.731687,1
crossing_90_c_01,197,0.25,0.665735,1
crossing_90_c_01,197.5,0.25,0.628248,1
crossing_90_c_01,198,0.25,0.658554,1
crossing_90_c_01,198.5,0.5,0.773762,2
crossing_90_c_01,199,0.25,0.832979,1
crossing_90_c_01,199.5,0.75,0.717159,3
crossing_90_c_01,200,0.75,0.719665,3
crossing_90_c_01,200.5,0.75,0.720471,3
crossing_90_c_01,201,0.75,0.619495,3
crossing_90_c_01,201.5,0.75,0.570947,3
crossing_90_c_01,202,0.5,0.502749,2
crossing_90_c_01,202.5,0.75,0.603128,3
crossing_90_c_01,203,0.5,0.606481,2
crossing_90_c_01,203.5,0.5,0.648393,2
crossing_90_c_01,204,0.5,0.760878,2
crossing_90_c_01,204.5,0.25,0.720671,1
crossing_90_c_01,205,0.25,0.767304,1
crossing_90_c_01,205.5,0.25,0.608489,1
crossing_90_c_01,206,0.25,0.589966,1
crossing_90_c_01,206.5,0.25,0.601541,1
crossing_90_c_01,207,0.5,0.736899,2
crossing_90_c_01,207.5,0.5,0.748034,2
crossing_90_c_01,208,0.5,0.751952,2
crossing_90_c_01,208.5,0.25,0.829729,1
crossing_90_c_01,209,0.25,0.835259,1
crossing_90_c_01,209.5,0.25,0.686085,1
crossing_90_c_01,210,0.5,0.744793,2
crossing_90_c_01,210.5,0.75,0.735592,3
crossing_90_c_01,211,0.5,0.740645,2
crossing_90_c_01,211.5,0.5,0.811661,2
crossing_90_c_01,212,0.25,0.801738,1
crossing_90_c_01,212.5,0.5,0.750621,2
crossing_90_c_01,213,0.25,0.636957,1
crossing_90_c_01,213.5,0.25,0.597486,1
crossing_90_c_01,214,0.25,0.522872,1
crossing_90_c_01,214.5,0.5,0.614658,2
crossing_90_c_01,215,1,0.590646,4
crossing_90_c_01,215.5,0.75,0.619423,3
crossing_90_c_01,216,1,0.576316,4
crossing_90_c_01,216.5,0.75,0.546628,3
crossing_90_c_01,217,0.75,0.553261,3
crossing_90_c_01,217.5,0.75,0.656179,3
crossing_90_c_01,218,0.5,0.624333,2
crossing_90_c_01,218.5,0.75,0.710917,3
crossing_90_c_01,219,0.5,0.680055,2
crossing_90_c_01,219.5,0.75,0.758226,3
crossing_90_c_01,220,1,0.752433,4
crossing_90_c_01,220.5,0.75,0.717876,3
crossing_90_c_01,221,0.5,0.810461,2
crossing_90_c_01,221.5,0.5,0.858154,2
crossing_90_c_01,222,0.25,0.811859,1
crossing_90_c_01,222.5,0.25,0.889912,1
crossing_90_c_01,223,0.25,0.859144,1
crossing_90_c_01,223.5,0.5,0.847185,2
crossing_90_c_01,224,0.5,0.86153,2
crossing_90_c_01,224.5,0.5,0.847937,2
crossing_90_c_01,225,0.5,0.777515,2
crossing_90_c_01,225.5,0.5,0.782853,2
crossing_90_c_01,226,0.25,0.726213,1
crossing_90_c_01,226.5,0.25,0.709498,1
crossing_90_c_01,227,0.75,0.738927,3
crossing_90_c_01,227.5,0.75,0.747713,3
crossing_90_c_01,228,0.5,0.731619,2
crossing_90_c_01,228.5,0.5,0.737415,2
crossing_90_c_01,229,0.5,0.740407,2
crossing_90_c_01,229.5,0.25,0.671564,1
crossing_90_c_01,231,0.25,0.477957,1
crossing_90_c_01,231.5,0.5,0.657973,2
crossing_90_c_01,232,0.5,0.716616,2
crossing_90_c_01,232.5,0.75,0.856054,3
crossing_90_c_01,233,0.75,0.858484,3
crossing_90_c_01,233.5,0.5,0.849627,2
crossing_90_c_01,234,0.25,0.838064,1
crossing_90_c_01,234.5,0.5,0.840154,2
crossing_90_c_01,235,0.5,0.829052,2
crossing_90_c_01,235.5,0.5,0.850335,2
crossing_90_c_01,236,0.5,0.849974,2
crossing_90_c_01,236.5,1,0.883191,4
crossing_90_c_01,237,0.25,0.887186,1
crossing_90_c_01,237.5,0.25,0.934329,1
crossing_90_c_01,238,0.25,0.989286,1
crossing_90_c_01,239,0.25,0.910923,1
crossing_90_c_01,239.5,0.25,0.906964,1
crossing_90_c_01,240,0.25,0.952668,1
crossing_90_c_01,240.5,0.5,0.975549,2
crossing_90_c_01,241,0.25,0.993477,1
crossing_90_c_01,241.5,0.25,0.971814,1
crossing_90_c_01,242,0.25,0.99374,1
crossing_90_c_01,244.5,0.25,0.898033,1
crossing_90_c_01,245,0.25,0.921444,1
crossing_90_c_01,245.5,0.25,0.93209,1
crossing_90_c_01,246,0.5,0.863463,2
crossing_90_c_01,246.5,0.25,0.851018,1
crossing_90_c_01,247,0.25,0.87936,1
crossing_90_c_01,247.5,0.25,0.905153,1
crossing_90_c_01,249.5,0.25,0.829663,1
crossing_90_c_01,250,0.25,0.875946,1
crossing_90_c_01,250.5,0.25,0.829582,1
crossing_90_c_01,251,0.25,0.865695,1
crossing_90_c_01,252,0.25,0.850952,1
crossing_90_c_01,252.5,0.25,0.893681,1
crossing_90_c_01,253,0.5,0.919124,2
crossing_90_c_01,253.5,0.5,0.895517,2
crossing_90_c_01,254,0.5,0.889948,2
crossing_90_c_01,254.5,0.5,0.982028,2
crossing_90_c_01,255,0.5,0.996159,2
crossing_90_c_01,255.5,0.25,1.11806,1
crossing_90_c_01,256,0.25,1.11495,1
crossing_90_c_01,257,0.25,0.811989,1
crossing_90_c_01,257.5,0.25,0.802575,1
crossing_90_c_01,258,0.25,0.828056,1
crossing_90_c_01,258.5,0.25,0.826989,1
crossing_90_c_01,260,0.25,0.904379,1
crossing_90_c_01,260.5,0.25,0.886912,1
crossing_90_c_01,261,0.25,0.955689,1
crossing_90_c_01,261.5,0.5,0.881478,2
crossing_90_c_01,262,0.25,0.787597,1
crossing_90_c_01,262.5,0.25,0.787944,1
crossing_90_c_01,263,0.25,0.779067,1
crossing_90_c_01,263.5,0.25,0.790337,1
crossing_90_c_01,264,0.25,0.829952,1
crossing_90_c_01,264.5,0.25,0.858029,1
crossing_90_c_01,265,0.25,0.859017,1
crossing_90_c_01,265.5,0.25,0.838127,1
crossing_90_c_01,266,0.25,0.880179,1
crossing_90_c_01,267.5,0.5,0.79227,2
crossing_90_c_01,268,0.5,0.76655,2
crossing_90_c_01,268.5,0.25,0.636359,1
crossing_90_c_01,269,0.25,0.674707,1
crossing_90_c_01,269.5,0.5,0.737023,2
crossing_90_c_01,270,0.25,0.720923,1
crossing_90_c_01,271,0.5,0.850216,2
crossing_90_c_01,271.5,0.5,0.835775,2
crossing_90_c_01,272,0.5,0.825449,2
crossing_90_c_01,272.5,0.5,0.836551,2
crossing_90_c_01,273,0.5,0.830007,2
crossing_90_c_01,274.5,0.25,0.910912,1
crossing_90_c_01,275,0.25,0.940071,1
crossing_90_c_01,275.5,0.25,0.925591,1
crossing_90_c_01,276,0.25,0.918185,1
crossing_90_c_01,276.5,0.5,0.873468,2
crossing_90_c_01,277,0.25,0.805262,1
crossing_90_c_01,277.5,0.25,0.823348,1
crossing_90_c_01,278,0.25,0.7919,1
crossing_90_c_01,278.5,0.25,0.783205,1
crossing_90_c_01,279,0.25,0.797741,1
crossing_90_c_01,279.5,0.5,0.737371,2
crossing_90_c_01,280,0.5,0.803061,2
crossing_90_c_01,280.5,0.5,0.852015,2
crossing_90_c_01,281,0.5,0.835001,2
crossing_90_c_01,281.5,0.25,0.781227,1
crossing_90_c_01,282,0.5,0.775521,2
crossing_90_c_01,282.5,0.25,0.814869,1
crossing_90_c_01,283,0.25,0.870925,1
crossing_90_c_01,283.5,0.25,0.836056,1
crossing_90_c_01,284,0.25,0.800515,1
crossing_90_c_01,284.5,0.5,0.803053,2
crossing_90_c_01,285,0.5,0.79913,2
crossing_90_c_01,285.5,0.5,0.775421,2
crossing_90_c_01,286,0.5,0.801235,2
crossing_90_c_01,286.5,0.75,0.829497,3
crossing_90_c_01,287,0.25,0.957834,1
crossing_90_c_01,287.5,0.25,0.906992,1
crossing_90_c_01,288,0.25,0.874824,1
crossing_90_c_01,289,0.25,0.751901,1
crossing_90_c_01,289.5,0.25,0.776831,1
crossing_90_c_01,290,0.25,0.781202,1
crossing_90_c_01,290.5,0.25,0.789828,1
crossing_90_c_01,291,0.5,0.879718,2
crossing_90_c_01,291.5,0.25,0.937479,1
crossing_90_c_01,292,0.25,0.880255,1
crossing_90_c_01,292.5,0.25,0.888456,1
crossing_90_c_01,294,0.25,0.977627,1
crossing_90_c_01,294.5,0.5,0.84131,2
crossing_90_c_01,295,0.25,0.791386,1
crossing_90_c_01,295.5,0.25,0.796815,1
crossing_90_c_01,296,0.25,0.761208,1
crossing_90_c_01,296.5,0.75,0.872904,3
crossing_90_c_01,297,0.75,0.874321,3
crossing_90_c_01,297.5,0.5,0.913606,2
crossing_90_c_01,298,0.25,0.902696,1
crossing_90_c_01,299.5,0.25,0.929359,1
crossing_90_c_01,300,0.25,0.931436,1
crossing_90_c_01,300.5,0.25,0.923282,1
crossing_90_c_01,301,0.5,0.992858,2
crossing_90_c_01,301.5,0.25,1.0659,1
crossing_90_c_01,302,0.25,1.05171,1
crossing_90_c_01,302.5,0.5,0.914592,2
crossing_90_c_01,303,0.25,0.794129,1
crossing_90_c_01,303.5,0.25,0.85599,1
crossing_90_c_01,304,0.25,0.815118,1
crossing_90_c_01,304.5,0.25,0.802423,1
crossing_90_c_01,305,0.25,1.01928,1
crossing_90_c_01,305.5,0.25,0.857836,1
crossing_90_c_01,306,0.25,0.854479,1
crossing_90_c_01,306.5,0.25,0.906991,1
crossing_90_c_01,307,0.25,0.914786,1
crossing_90_c_01,307.5,0.25,0.8829,1
crossing_90_c_01,309.5,0.25,0.909741,1
crossing_90_c_01,310,0.25,0.919898,1
crossing_90_c_01,310.5,0.25,0.901136,1
crossing_90_c_01,311,0.25,0.870128,1
crossing_90_c_01,312.5,0.25,1.06478,1
crossing_90_c_01,313,0.25,1.04698,1
crossing_90_c_01,313.5,0.25,1.06823,1
crossing_90_c_01,314,0.25,1.03927,1
crossing_90_c_01,317,0.25,0.786391,1
crossing_90_c_01,317.5,0.25,0.798767,1
crossing_90_c_01,318,0.25,0.806513,1
crossing_90_c_01,318.5,0.25,0.815022,1
crossing_90_c_01,319,0.25,0.821665,1
crossing_90_c_01,320.5,0.25,0.798459,1
crossing_90_c_01,321,0.25,0.861221,1
crossing_90_c_01,321.5,0.25,0.806812,1
crossing_90_c_01,322,0.25,0.788387,1
crossing_90_c_01,322.5,0.25,0.828554,1
crossing_90_c_02,10.438,0.25,1.0788,1
crossing_90_c_02,10.938,0.25,1.0963,1
crossing_90_c_02,11.438,0.25,1.07862,1
crossing_90_c_02,13.438,0.25,0.757641,1
crossing_90_c_02,13.938,0.5,0.832228,2
crossing_90_c_02,14.438,0.75,0.784397,3
crossing_90_c_02,14.938,1,0.752786,4
crossing_90_c_02,15.438,1,0.743215,4
crossing_90_c_02,15.938,0.75,0.661124,3
crossing_90_c_02,16.438,1,0.693885,4
crossing_90_c_02,16.938,1,0.721737,4
crossing_90_c_02,17.438,1.25,0.71933,5
crossing_90_c_02,17.938,1,0.746186,4
crossing_90_c_02,18.438,1.25,0.80229,5
crossing_90_c_02,18.938,1,0.782523,4
crossing_90_c_02,19.438,1.25,0.779832,5
crossing_90_c_02,19.938,1,0.669587,4
crossing_90_c_02,20.438,1,0.632103,4
crossing_90_c_02,20.938,0.75,0.647641,3
crossing_90_c_02,21.438,1.25,0.650569,5
crossing_90_c_02,21.938,1.5,0.683461,6
crossing_90_c_02,22.438,1.25,0.651803,5
crossing_90_c_02,22.938,1.25,0.656304,5
crossing_90_c_02,23.438,1.25,0.60555,5
crossing_90_c_02,23.938,1.5,0.626452,6
crossing_90_c_02,24.438,1.25,0.620429,5
crossing_90_c_02,24.938,1.25,0.670051,5
crossing_90_c_02,25.438,0.5,0.733524,2
crossing_90_c_02,25.938,0.25,0.668895,1
crossing_90_c_02,26.438,0.5,0.687204,2
crossing_90_c_02,26.938,0.75,0.715385,3
crossing_90_c_02,27.438,0.75,0.675115,3
crossing_90_c_02,27.938,1,0.70755,4
crossing_90_c_02,28.438,1,0.712511,4
crossing_90_c_02,28.938,0.75,0.650319,3
crossing_90_c_02,29.438,1.25,0.68717,5
crossing_90_c_02,29.938,1.25,0.691517,5
crossing_90_c_02,30.438,0.75,0.755059,3
crossing_90_c_02,30.938,0.75,0.806501,3
crossing_90_c_02,31.438,1,0.815458,4
crossing_90_c_02,31.938,0.75,0.761076,3
crossing_90_c_02,32.438,0.75,0.798998,3
crossing_90_c_02,32.938,1.25,0.804647,5
crossing_90_c_02,33.438,1,0.788187,4
crossing_90_c_02,33.938,1,0.767055,4
crossing_90_c_02,34.438,0.75,0.778909,3
crossing_90_c_02,34.938,0.5,0.721332,2
crossing_90_c_02,35.438,1,0.805521,4
crossing_90_c_02,35.938,0.5,0.761466,2
crossing_90_c_02,36.438,0.5,0.832881,2
crossing_90_c_02,36.938,0.5,0.793638,2
crossing_90_c_02,37.438,0.25,0.706159,1
crossing_90_c_02,37.938,0.75,0.659089,3
crossing_90_c_02,38.438,1,0.651266,4
crossing_90_c_02,38.938,1.25,0.669008,5
crossing_90_c_02,39.438,1,0.630618,4
crossing_90_c_02,39.938,1,0.598224,4
crossing_90_c_02,40.438,1.5,0.627283,6
crossing_90_c_02,40.938,0.75,0.555002,3
crossing_90_c_02,41.438,0.75,0.546995,3
crossing_90_c_02,41.938,1,0.616979,4
crossing_90_c_02,42.438,1,0.58183,4
crossing_90_c_02,42.938,1,0.482762,4
crossing_90_c_02,43.438,1.25,0.497754,5
crossing_90_c_02,43.938,1.5,0.512343,6
crossing_90_c_02,44.438,1.5,0.476945,6
crossing_90_c_02,44.938,1.25,0.520329,5
crossing_90_c_02,45.438,1.25,0.525281,5
crossing_90_c_02,45.938,1.5,0.518786,6
crossing_90_c_02,46.438,1.75,0.489581,7
crossing_90_c_02,46.938,1.5,0.518307,6
crossing_90_c_02,47.438,1.5,0.481178,6
crossing_90_c_02,47.938,1.5,0.452861,6
crossing_90_c_02,48.438,1,0.33294,4
crossing_90_c_02,48.938,1.25,0.446701,5
crossing_90_c_02,49.438,1.25,0.521871,5
crossing_90_c_02,49.938,1.5,0.54058,6
crossing_90_c_02,50.438,1.5,0.531575,6
crossing_90_c_02,50.938,1,0.501387,4
crossing_90_c_02,51.438,0.75,0.541862,3
crossing_90_c_02,51.938,1.25,0.533789,5
crossing_90_c_02,52.438,1,0.515643,4
crossing_90_c_02,52.938,1.25,0.489376,5
crossing_90_c_02,53.438,1.5,0.524763,6
crossing_90_c_02,53.938,1.75,0.491325,7
crossing_90_c_02,54.438,1.5,0.468694,6
crossing_90_c_02,54.938,1.25,0.447213,5
crossing_90_c_02,55.438,1.5,0.528419,6
crossing_90_c_02,55.938,1,0.533021,4
crossing_90_c_02,56.438,0.75,0.63419,3
crossing_90_c_02,56.938,1,0.604503,4
crossing_90_c_02,57.438,1,0.628254,4
crossing_90_c_02,57.938,0.25,0.693518,1
crossing_90_c_02,58.438,0.5,0.71114,2
crossing_90_c_02,58.938,0.5,0.680002,2
crossing_90_c_02,59.438,0.75,0.593085,3
crossing_90_c_02,59.938,0.75,0.574703,3
crossing_90_c_02,60.438,0.75,0.610088,3
crossing_90_c_02,60.938,1.75,0.553356,7
crossing_90_c_02,61.438,1.25,0.521288,5
crossing_90_c_02,61.938,1.25,0.50187,5
crossing_90_c_02,62.438,1.5,0.584046,6
crossing_90_c_02,62.938,1.25,0.576182,5
crossing_90_c_02,63.438,1,0.593186,4
crossing_90_c_02,63.938,1,0.60872,4
crossing_90_c_02,64.438,0.75,0.667951,3
crossing_90_c_02,64.938,0.75,0.643775,3
crossing_90_c_02,65.438,1,0.599771,4
crossing_90_c_02,65.938,1.25,0.582524,5
crossing_90_c_02,66.438,1.25,0.515417,5
crossing_90_c_02,66.938,1.5,0.474534,6
crossing_90_c_02,67.438,1.5,0.470655,6
crossing_90_c_02,67.938,1.75,0.511411,7
crossing_90_c_02,68.438,1.75,0.559819,7
crossing_90_c_02,68.938,1.25,0.526908,5
crossing_90_c_02,69.438,0.75,0.580768,3
crossing_90_c_02,69.938,1.25,0.55681,5
crossing_90_c_02,70.438,1.25,0.528925,5
crossing_90_c_02,70.938,0.75,0.494979,3
crossing_90_c_02,71.438,0.75,0.537522,3
crossing_90_c_02,71.938,0.75,0.522185,3
crossing_90_c_02,72.438,1.75,0.556506,7
crossing_90_c_02,72.938,1.5,0.599492,6
crossing_90_c_02,73.438,1.25,0.655726,5
crossing_90_c_02,73.938,1,0.641557,4
crossing_90_c_02,74.438,1.25,0.52911,5
crossing_90_c_02,74.938,1.25,0.537835,5
crossing_90_c_02,75.438,1.25,0.535731,5
crossing_90_c_02,75.938,1,0.587793,4
crossing_90_c_02,76.438,0.75,0.631176,3
crossing_90_c_02,76.938,1,0.568175,4
crossing_90_c_02,77.438,1,0.482969,4
crossing_90_c_02,77.938,1.25,0.496956,5
crossing_90_c_02,78.438,0.75,0.535003,3
crossing_90_c_02,78.938,1.25,0.621787,5
crossing_90_c_02,79.438,1.25,0.625049,5
crossing_90_c_02,79.938,0.75,0.604428,3
crossing_90_c_02,80.438,0.75,0.640064,3
crossing_90_c_02,80.938,0.5,0.642021,2
crossing_90_c_02,81.438,0.5,0.698256,2
crossing_90_c_02,81.938,1,0.725746,4
crossing_90_c_02,82.438,0.5,0.674493,2
crossing_90_c_02,82.938,0.75,0.623905,3
crossing_90_c_02,83.438,1,0.647111,4
crossing_90_c_02,83.938,1,0.619162,4
crossing_90_c_02,84.438,1.25,0.594619,5
crossing_90_c_02,84.938,0.75,0.588857,3
crossing_90_c_02,85.438,1,0.574072,4
crossing_90_c_02,85.938,0.75,0.560898,3
crossing_90_c_02,86.438,0.75,0.555745,3
crossing_90_c_02,86.938,1,0.591478,4
crossing_90_c_02,87.438,1,0.622731,4
crossing_90_c_02,87.938,0.5,0.603685,2
crossing_90_c_02,88.438,0.5,0.591414,2
crossing_90_c_02,88.938,0.75,0.618785,3
crossing_90_c_02,89.438,0.75,0.620154,3
crossing_90_c_02,89.938,0.75,0.472139,3
crossing_90_c_02,90.438,0.75,0.513554,3
crossing_90_c_02,90.938,0.5,0.446038,2
crossing_90_c_02,91.438,0.75,0.453175,3
crossing_90_c_02,91.938,1.25,0.544749,5
crossing_90_c_02,92.438,1.25,0.544872,5
crossing_90_c_02,92.938,1.25,0.553431,5
crossing_90_c_02,93.438,1.25,0.439694,5
crossing_90_c_02,93.938,1.25,0.448486,5
crossing_90_c_02,94.438,1.5,0.479245,6
crossing_90_c_02,94.938,1.25,0.467169,5
crossing_90_c_02,95.438,1.25,0.524278,5
crossing_90_c_02,95.938,1.75,0.507097,7
crossing_90_c_02,96.438,1.25,0.467201,5
crossing_90_c_02,96.938,1.5,0.50098,6
crossing_90_c_02,97.438,1.25,0.505952,5
crossing_90_c_02,97.938,1.5,0.4904,6
crossing_90_c_02,98.438,1.5,0.510133,6
crossing_90_c_02,98.938,1.5,0.533804,6
crossing_90_c_02,99.438,1.25,0.510912,5
crossing_90_c_02,99.938,1.75,0.400844,7
crossing_90_c_02,100.438,1.75,0.420233,7
crossing_90_c_02,100.938,1.5,0.37673,6
crossing_90_c_02,101.438,1.5,0.385518,6
crossing_90_c_02,101.938,1.5,0.439498,6
crossing_90_c_02,102.438,1.5,0.449728,6
crossing_90_c_02,102.938,1.5,0.416544,6
crossing_90_c_02,103.438,1.75,0.452923,7
crossing_90_c_02,103.938,1.75,0.492933,7
crossing_90_c_02,104.438,1.5,0.496206,6
crossing_90_c_02,104.938,1,0.4161,4
crossing_90_c_02,105.438,1.25,0.442597,5
crossing_90_c_02,105.938,1.5,0.456863,6
crossing_90_c_02,106.438,1.75,0.41985,7
crossing_90_c_02,106.938,1.5,0.378294,6
crossing_90_c_02,107.438,1.25,0.397417,5
crossing_90_c_02,107.938,1,0.313411,4
crossing_90_c_02,108.438,1,0.335205,4
crossing_90_c_02,108.938,1,0.486103,4
crossing_90_c_02,109.438,1.25,0.519026,5
crossing_90_c_02,109.938,1.25,0.576655,5
crossing_90_c_02,110.438,1.5,0.593153,6
crossing_90_c_02,110.938,1,0.492573,4
crossing_90_c_02,111.438,0.75,0.536347,3
crossing_90_c_02,111.938,1,0.574136,4
crossing_90_c_02,112.438,1.25,0.56516,5
crossing_90_c_02,112.938,1.5,0.524772,6
crossing_90_c_02,113.438,1.5,0.51426,6
crossing_90_c_02,113.938,1,0.422278,4
crossing_90_c_02,114.438,0.75,0.502331,3
crossing_90_c_02,114.938,0.75,0.508543,3
crossing_90_c_02,115.438,0.75,0.486747,3
crossing_90_c_02,115.938,1,0.480872,4
crossing_90_c_02,116.438,1.5,0.435817,6
crossing_90_c_02,116.938,1.25,0.424213,5
crossing_90_c_02,117.438,1,0.409566,4
crossing_90_c_02,117.938,1,0.455381,4
crossing_90_c_02,118.438,1.75,0.495534,7
crossing_90_c_02,118.938,2,0.478578,8
crossing_90_c_02,119.438,1.75,0.445685,7
crossing_90_c_02,119.938,1.25,0.325112,5
crossing_90_c_02,120.438,1.75,0.423526,7
crossing_90_c_02,120.938,2,0.46934,8
crossing_90_c_02,121.438,1.75,0.487916,7
crossing_90_c_02,121.938,1.5,0.489285,6
crossing_90_c_02,122.438,1.25,0.488331,5
crossing_90_c_02,122.938,1.25,0.560609,5
crossing_90_c_02,123.438,0.75,0.540668,3
crossing_90_c_02,123.938,0.5,0.536671,2
crossing_90_c_02,124.438,0.75,0.551623,3
crossing_90_c_02,124.938,1,0.484128,4
crossing_90_c_02,125.438,0.75,0.554585,3
crossing_90_c_02,125.938,0.5,0.619587,2
crossing_90_c_02,126.438,0.5,0.672309,2
crossing_90_c_02,126.938,1.25,0.658752,5
crossing_90_c_02,127.438,1.25,0.579535,5
crossing_90_c_02,127.938,1,0.570842,4
crossing_90_c_02,128.438,1,0.551733,4
crossing_90_c_02,128.938,1,0.5712,4
crossing_90_c_02,129.438,1.5,0.623364,6
crossing_90_c_02,129.938,1.25,0.589971,5
crossing_90_c_02,130.438,0.75,0.577549,3
crossing_90_c_02,130.938,1.25,0.60245,5
crossing_90_c_02,131.438,1.25,0.637646,5
crossing_90_c_02,131.938,1,0.565066,4
crossing_90_c_02,132.438,1,0.538505,4
crossing_90_c_02,132.938,1.5,0.531489,6
crossing_90_c_02,133.438,1.5,0.50556,6
crossing_90_c_02,133.938,1.25,0.492588,5
crossing_90_c_02,134.438,1.5,0.550475,6
crossing_90_c_02,134.938,1.5,0.539462,6
crossing_90_c_02,135.438,1.25,0.560302,5
crossing_90_c_02,135.938,1,0.474117,4
crossing_90_c_02,136.438,1.25,0.448147,5
crossing_90_c_02,136.938,1,0.480546,4
crossing_90_c_02,137.438,1,0.566234,4
crossing_90_c_02,137.938,1.25,0.609313,5
crossing_90_c_02,138.438,1.25,0.575355,5
crossing_90_c_02,138.938,1,0.580794,4
crossing_90_c_02,139.438,1,0.614922,4
crossing_90_c_02,139.938,1,0.587761,4
crossing_90_c_02,140.438,1,0.628911,4
crossing_90_c_02,140.938,1.25,0.489018,5
crossing_90_c_02,141.438,1.25,0.551033,5
crossing_90_c_02,141.938,1.25,0.58833,5
crossing_90_c_02,142.438,0.75,0.520365,3
crossing_90_c_02,142.938,1,0.605845,4
crossing_90_c_02,143.438,1,0.525973,4
crossing_90_c_02,143.938,1,0.508763,4
crossing_90_c_02,144.438,0.5,0.380523,2
crossing_90_c_02,144.938,0.75,0.497177,3
crossing_90_c_02,145.438,1,0.594116,4
crossing_90_c_02,145.938,1.25,0.59903,5
crossing_90_c_02,146.438,1,0.585816,4
crossing_90_c_02,146.938,1.25,0.599399,5
crossing_90_c_02,147.438,1,0.607744,4
crossing_90_c_02,147.938,1.5,0.626023,6
crossing_90_c_02,148.438,1.25,0.595328,5
crossing_90_c_02,148.938,1,0.559027,4
crossing_90_c_02,149.438,1,0.529027,4
crossing_90_c_02,149.938,0.75,0.49488,3
crossing_90_c_02,150.438,0.5,0.445048,2
crossing_90_c_02,150.938,1,0.548819,4
crossing_90_c_02,151.438,1,0.485432,4
crossing_90_c_02,151.938,0.5,0.478402,2
crossing_90_c_02,152.438,0.5,0.479325,2
crossing_90_c_02,152.938,0.5,0.494837,2
crossing_90_c_02,153.438,0.75,0.540499,3
crossing_90_c_02,153.938,0.5,0.565538,2
crossing_90_c_02,154.438,0.5,0.609659,2
crossing_90_c_02,154.938,1,0.691407,4
crossing_90_c_02,155.438,0.75,0.690804,3
crossing_90_c_02,155.938,1,0.655681,4
crossing_90_c_02,156.438,0.75,0.67079,3
crossing_90_c_02,156.938,0.75,0.713454,3
crossing_90_c_02,157.438,1,0.763691,4
crossing_90_c_02,157.938,0.25,0.860763,1
crossing_90_c_02,159.438,0.25,0.763001,1
crossing_90_c_02,159.938,0.25,0.756576,1
crossing_90_c_02,160.438,0.5,0.779857,2
crossing_90_c_02,160.938,0.5,0.815273,2
crossing_90_c_02,161.438,0.5,0.792659,2
crossing_90_c_02,161.938,0.25,0.755462,1
crossing_90_c_02,162.438,0.25,0.770861,1
crossing_90_c_02,162.938,0.25,0.74814,1
crossing_90_c_02,163.438,0.25,0.803782,1
crossing_90_c_02,163.938,0.25,0.768185,1
crossing_90_c_02,164.438,0.25,0.785258,1
crossing_90_c_02,164.938,0.25,0.827334,1
crossing_90_c_02,165.438,0.25,0.801464,1
crossing_90_c_02,165.938,0.25,0.818045,1
crossing_90_c_02,166.438,0.5,0.837507,2
crossing_90_c_02,166.938,0.5,0.801599,2
crossing_90_c_02,167.438,0.5,0.838828,2
crossing_90_c_02,167.938,0.25,0.826403,1
crossing_90_c_02,169.438,0.25,0.842348,1
crossing_90_c_02,169.938,0.25,0.842296,1
crossing_90_c_02,170.438,0.25,0.831256,1
crossing_90_c_02,170.938,0.25,0.827072,1
crossing_90_c_02,171.438,0.25,0.83558,1
crossing_90_c_03,11.375,0.25,0.989627,1
crossing_90_c_03,11.875,0.25,0.980127,1
crossing_90_c_03,12.375,0.75,0.935471,3
crossing_90_c_03,12.875,0.5,0.935613,2
crossing_90_c_03,13.375,0.75,0.968955,3
crossing_90_c_03,13.875,0.75,0.935727,3
crossing_90_c_03,14.375,0.75,0.945667,3
crossing_90_c_03,14.875,0.5,0.919127,2
crossing_90_c_03,15.375,1.25,0.800324,5
crossing_90_c_03,15.875,1.5,0.663305,6
crossing_90_c_03,16.375,1.5,0.551925,6
crossing_90_c_03,16.875,1.5,0.53854,6
crossing_90_c_03,17.375,1.75,0.571427,7
crossing_90_c_03,17.875,1.75,0.541673,7
crossing_90_c_03,18.375,1.75,0.505378,7
crossing_90_c_03,18.875,1.75,0.51588,7
crossing_90_c_03,19.375,1.5,0.52322,6
crossing_90_c_03,19.875,1.5,0.472387,6
crossing_90_c_03,20.375,1.75,0.46558,7
crossing_90_c_03,20.875,1.5,0.45723,6
crossing_90_c_03,21.375,1.25,0.457185,5
crossing_90_c_03,21.875,1,0.422833,4
crossing_90_c_03,22.375,1,0.443797,4
crossing_90_c_03,22.875,1.25,0.388176,5
crossing_90_c_03,23.375,1.25,0.374516,5
crossing_90_c_03,23.875,1.5,0.437436,6
crossing_90_c_03,24.375,1.5,0.446308,6
crossing_90_c_03,24.875,1.5,0.448302,6
crossing_90_c_03,25.375,1.25,0.469814,5
crossing_90_c_03,25.875,1.25,0.517801,5
crossing_90_c_03,26.375,1,0.51478,4
crossing_90_c_03,26.875,1.25,0.499647,5
crossing_90_c_03,27.375,1.25,0.46716,5
crossing_90_c_03,27.875,1.25,0.447812,5
crossing_90_c_03,28.375,1.25,0.385579,5
crossing_90_c_03,28.875,1.5,0.46076,6
crossing_90_c_03,29.375,1.5,0.429132,6
crossing_90_c_03,29.875,2,0.415274,8
crossing_90_c_03,30.375,1.75,0.437645,7
crossing_90_c_03,30.875,1.75,0.419269,7
crossing_90_c_03,31.375,2.25,0.382104,9
crossing_90_c_03,31.875,2.5,0.36743,10
crossing_90_c_03,32.375,2.25,0.333269,9
crossing_90_c_03,32.875,2.25,0.333492,9
crossing_90_c_03,33.375,2,0.283617,8
crossing_90_c_03,33.875,2,0.305762,8
crossing_90_c_03,34.375,1.75,0.319233,7
crossing_90_c_03,34.875,1.75,0.364363,7
crossing_90_c_03,35.375,2.25,0.358693,9
crossing_90_c_03,35.875,2,0.35046,8
crossing_90_c_03,36.375,1.5,0.311219,6
crossing_90_c_03,36.875,2,0.312481,8
crossing_90_c_03,37.375,2.25,0.294828,9
crossing_90_c_03,37.875,2.75,0.296814,11
crossing_90_c_03,38.375,3,0.255511,12
crossing_90_c_03,38.875,3,0.231511,12
crossing_90_c_03,39.375,3,0.234006,12
crossing_90_c_03,39.875,3,0.25597,12
crossing_90_c_03,40.375,3,0.265876,12
crossing_90_c_03,40.875,3,0.266847,12
crossing_90_c_03,41.375,3,0.232967,12
crossing_90_c_03,41.875,2.75,0.21578,11
crossing_90_c_03,42.375,2.5,0.225365,10
crossing_90_c_03,42.875,2.5,0.239101,10
crossing_90_c_03,43.375,2.75,0.259293,11
crossing_90_c_03,43.875,2.75,0.230798,11
crossing_90_c_03,44.375,2.75,0.220657,11
crossing_90_c_03,44.875,2.75,0.232784,11
crossing_90_c_03,45.375,2.5,0.238889,10
crossing_90_c_03,45.875,3,0.262927,12
crossing_90_c_03,46.375,2.5,0.230825,10
crossing_90_c_03,46.875,2.5,0.254539,10
crossing_90_c_03,47.375,2.75,0.235916,11
crossing_90_c_03,47.875,2.75,0.224003,11
crossing_90_c_03,48.375,3,0.237616,12
crossing_90_c_03,48.875,3,0.258938,12
crossing_90_c_03,49.375,3.25,0.226794,13
crossing_90_c_03,49.875,2.75,0.219406,11
crossing_90_c_03,50.375,3,0.218128,12
crossing_90_c_03,50.875,2.75,0.198253,11
crossing_90_c_03,51.375,3,0.187224,12
crossing_90_c_03,51.875,3.25,0.191555,13
crossing_90_c_03,52.375,3,0.197925,12
crossing_90_c_03,52.875,3.25,0.231536,13
crossing_90_c_03,53.375,3.25,0.238904,13
crossing_90_c_03,53.875,2.75,0.2142,11
crossing_90_c_03,54.375,2.75,0.176473,11
crossing_90_c_03,54.875,3,0.210762,12
crossing_90_c_03,55.375,3,0.22008,12
crossing_90_c_03,55.875,2.5,0.217417,10
crossing_90_c_03,56.375,2.75,0.227702,11
crossing_90_c_03,56.875,3,0.188914,12
crossing_90_c_03,57.375,2.75,0.174263,11
crossing_90_c_03,57.875,2.5,0.210885,10
crossing_90_c_03,58.375,2.25,0.214257,9
crossing_90_c_03,58.875,2.25,0.214477,9
crossing_90_c_03,59.375,2,0.207926,8
crossing_90_c_03,59.875,2,0.229896,8
crossing_90_c_03,60.375,2.25,0.271755,9
crossing_90_c_03,60.875,1.75,0.257052,7
crossing_90_c_03,61.375,1.5,0.260463,6
crossing_90_c_03,61.875,1.5,0.271405,6
crossing_90_c_03,62.375,1.75,0.317196,7
crossing_90_c_03,62.875,2,0.31089,8
crossing_90_c_03,63.375,2,0.283598,8
crossing_90_c_03,63.875,1.5,0.246261,6
crossing_90_c_03,64.375,1.5,0.237642,6
crossing_90_c_03,64.875,1,0.233567,4
crossing_90_c_03,65.375,1.5,0.264769,6
crossing_90_c_03,65.875,1.75,0.307891,7
crossing_90_c_03,66.375,1.75,0.282765,7
crossing_90_c_03,66.875,1.75,0.272834,7
crossing_90_c_03,67.375,2.25,0.296989,9
crossing_90_c_03,67.875,2.25,0.270329,9
crossing_90_c_03,68.375,2.25,0.217998,9
crossing_90_c_03,68.875,2,0.201769,8
crossing_90_c_03,69.375,2.25,0.247945,9
crossing_90_c_03,69.875,2.25,0.271638,9
crossing_90_c_03,70.375,2.5,0.230217,10
crossing_90_c_03,70.875,2.75,0.217439,11
crossing_90_c_03,71.375,3.25,0.225793,13
crossing_90_c_03,71.875,3,0.258809,12
crossing_90_c_03,72.375,2.25,0.227948,9
crossing_90_c_03,72.875,2.25,0.203713,9
crossing_90_c_03,73.375,2.75,0.188898,11
crossing_90_c_03,73.875,3.5,0.194126,14
crossing_90_c_03,74.375,3.25,0.20002,13
crossing_90_c_03,74.875,3.5,0.230248,14
crossing_90_c_03,75.375,3.25,0.206183,13
crossing_90_c_03,75.875,3.25,0.174658,13
crossing_90_c_03,76.375,3,0.209567,12
crossing_90_c_03,76.875,2.5,0.228224,10
crossing_90_c_03,77.375,2.75,0.19548,11
crossing_90_c_03,77.875,3,0.172625,12
crossing_90_c_03,78.375,4,0.169732,16
crossing_90_c_03,78.875,4,0.164057,16
crossing_90_c_03,79.375,3.75,0.167443,15
crossing_90_c_03,79.875,4,0.153237,16
crossing_90_c_03,80.375,4.25,0.189362,17
crossing_90_c_03,80.875,4,0.181591,16
crossing_90_c_03,81.375,3.75,0.166984,15
crossing_90_c_03,81.875,3.75,0.151116,15
crossing_90_c_03,82.375,4.25,0.182173,17
crossing_90_c_03,82.875,4.25,0.170975,17
crossing_90_c_03,83.375,4.25,0.169596,17
crossing_90_c_03,83.875,4,0.186907,16
crossing_90_c_03,84.375,3.75,0.188429,15
crossing_90_c_03,84.875,3.75,0.179707,15
crossing_90_c_03,85.375,3.5,0.18742,14
crossing_90_c_03,85.875,4,0.162702,16
crossing_90_c_03,86.375,3.75,0.144548,15
crossing_90_c_03,86.875,3.5,0.152563,14
crossing_90_c_03,87.375,3.25,0.165152,13
crossing_90_c_03,87.875,3,0.153791,12
crossing_90_c_03,88.375,3.5,0.135566,14
crossing_90_c_03,88.875,3.25,0.132289,13
crossing_90_c_03,89.375,3.25,0.134308,13
crossing_90_c_03,89.875,3.25,0.128729,13
crossing_90_c_03,90.375,3.25,0.132926,13
crossing_90_c_03,90.875,3,0.13684,12
crossing_90_c_03,91.375,3.75,0.160819,15
crossing_90_c_03,91.875,3.25,0.149493,13
crossing_90_c_03,92.375,3.25,0.138037,13
crossing_90_c_03,92.875,3.25,0.151953,13
crossing_90_c_03,93.375,3.5,0.153535,14
crossing_90_c_03,93.875,3.5,0.12834,14
crossing_90_c_03,94.375,2.75,0.140311,11
crossing_90_c_03,94.875,3,0.15811,12
crossing_90_c_03,95.375,3.25,0.161961,13
crossing_90_c_03,95.875,3.25,0.162883,13
crossing_90_c_03,96.375,3.75,0.159276,15
crossing_90_c_03,96.875,3.5,0.148325,14
crossing_90_c_03,97.375,3.25,0.143676,13
crossing_90_c_03,97.875,3.25,0.126725,13
crossing_90_c_03,98.375,3.75,0.148826,15
crossing_90_c_03,98.875,3.75,0.173444,15
crossing_90_c_03,99.375,3.5,0.158688,14
crossing_90_c_03,99.875,3.75,0.163074,15
crossing_90_c_03,100.375,4,0.167281,16
crossing_90_c_03,100.875,3.75,0.159002,15
crossing_90_c_03,101.375,3.75,0.164103,15
crossing_90_c_03,101.875,4,0.188066,16
crossing_90_c_03,102.375,3.5,0.191042,14
crossing_90_c_03,102.875,3.25,0.194571,13
crossing_90_c_03,103.375,3.25,0.191001,13
crossing_90_c_03,103.875,3.25,0.204054,13
crossing_90_c_03,104.375,2.75,0.198094,11
crossing_90_c_03,104.875,3,0.188656,12
crossing_90_c_03,105.375,3,0.211508,12
crossing_90_c_03,105.875,2.5,0.199306,10
crossing_90_c_03,106.375,2.25,0.209138,9
crossing_90_c_03,106.875,2.5,0.22206,10
crossing_90_c_03,107.375,2.75,0.211256,11
crossing_90_c_03,107.875,2.75,0.231475,11
crossing_90_c_03,108.375,2.5,0.211018,10
crossing_90_c_03,108.875,3,0.171287,12
crossing_90_c_03,109.375,3,0.181552,12
crossing_90_c_03,109.875,3,0.192581,12
crossing_90_c_03,110.375,3,0.187601,12
crossing_90_c_03,110.875,3,0.169658,12
crossing_90_c_03,111.375,3,0.180084,12
crossing_90_c_03,111.875,2.75,0.160747,11
crossing_90_c_03,112.375,2.5,0.164592,10
crossing_90_c_03,112.875,2.5,0.169946,10
crossing_90_c_03,113.375,3,0.176776,12
crossing_90_c_03,113.875,3.25,0.177495,13
crossing_90_c_03,114.375,3.25,0.176448,13
crossing_90_c_03,114.875,3,0.20063,12
crossing_90_c_03,115.375,3,0.203209,12
crossing_90_c_03,115.875,2.75,0.209288,11
crossing_90_c_03,116.375,3.25,0.206452,13
crossing_90_c_03,116.875,3.75,0.178219,15
crossing_90_c_03,117.375,3.25,0.175614,13
crossing_90_c_03,117.875,3.25,0.186762,13
crossing_90_c_03,118.375,3.5,0.154649,14
crossing_90_c_03,118.875,4,0.162961,16
crossing_90_c_03,119.375,3.5,0.147676,14
crossing_90_c_03,119.875,3.5,0.137286,14
crossing_90_c_03,120.375,3.75,0.135042,15
crossing_90_c_03,120.875,4,0.164762,16
crossing_90_c_03,121.375,3.75,0.170487,15
crossing_90_c_03,121.875,3.75,0.147482,15
crossing_90_c_03,122.375,4,0.141002,16
crossing_90_c_03,122.875,4.25,0.143648,17
crossing_90_c_03,123.375,3.75,0.141228,15
crossing_90_c_03,123.875,3.75,0.130852,15
crossing_90_c_03,124.375,3.75,0.120357,15
crossing_90_c_03,124.875,4,0.155659,16
crossing_90_c_03,125.375,3.75,0.157362,15
crossing_90_c_03,125.875,3.75,0.145979,15
crossing_90_c_03,126.375,3.75,0.154757,15
crossing_90_c_03,126.875,3.25,0.149594,13
crossing_90_c_03,127.375,3.75,0.156789,15
crossing_90_c_03,127.875,3.5,0.151292,14
crossing_90_c_03,128.375,3.25,0.189133,13
crossing_90_c_03,128.875,3.25,0.182822,13
crossing_90_c_03,129.375,2.75,0.201788,11
crossing_90_c_03,129.875,3.5,0.206928,14
crossing_90_c_03,130.375,3.25,0.222903,13
crossing_90_c_03,130.875,3.25,0.259669,13
crossing_90_c_03,131.375,3,0.251824,12
crossing_90_c_03,131.875,2.5,0.22935,10
crossing_90_c_03,132.375,2.25,0.228346,9
crossing_90_c_03,132.875,2.25,0.239526,9
crossing_90_c_03,133.375,2,0.227737,8
crossing_90_c_03,133.875,1.75,0.250978,7
crossing_90_c_03,134.375,1.75,0.283508,7
crossing_90_c_03,134.875,1.5,0.299515,6
crossing_90_c_03,135.375,1.5,0.307329,6
crossing_90_c_03,135.875,1.25,0.294271,5
crossing_90_c_03,136.375,1.25,0.359438,5
crossing_90_c_03,136.875,0.75,0.365301,3
crossing_90_c_03,137.375,1,0.414975,4
crossing_90_c_03,137.875,0.75,0.464451,3
crossing_90_c_03,138.375,0.5,0.516317,2
crossing_90_c_03,138.875,0.25,0.463268,1
crossing_90_c_03,139.375,0.25,0.551131,1
crossing_90_c_03,139.875,0.25,0.637102,1
crossing_90_c_03,140.375,0.25,0.670162,1
crossing_90_c_03,140.875,0.25,0.66921,1
crossing_90_c_04,10.312,0.25,1.22802,1
crossing_90_c_04,10.812,0.25,1.1383,1
crossing_90_c_04,11.312,0.5,0.950155,2
crossing_90_c_04,11.812,0.75,0.843897,3
crossing_90_c_04,12.312,1,0.771315,4
crossing_90_c_04,12.812,1,0.663996,4
crossing_90_c_04,13.312,1.25,0.63804,5
crossing_90_c_04,13.812,1.25,0.684838,5
crossing_90_c_04,14.312,1,0.688059,4
crossing_90_c_04,14.812,1,0.63869,4
crossing_90_c_04,15.312,0.75,0.653012,3
crossing_90_c_04,15.812,1.5,0.598016,6
crossing_90_c_04,16.312,1.5,0.612215,6
crossing_90_c_04,16.812,2,0.576474,8
crossing_90_c_04,17.312,1.5,0.548364,6
crossing_90_c_04,17.812,1.75,0.514759,7
crossing_90_c_04,18.312,2,0.509569,8
crossing_90_c_04,18.812,2.25,0.48161,9
crossing_90_c_04,19.312,2,0.450077,8
crossing_90_c_04,19.812,1.75,0.354939,7
crossing_90_c_04,20.312,2,0.354123,8
crossing_90_c_04,20.812,1.5,0.289601,6
crossing_90_c_04,21.312,2.25,0.330927,9
crossing_90_c_04,21.812,2,0.314273,8
crossing_90_c_04,22.312,2.25,0.340252,9
crossing_90_c_04,22.812,2.5,0.322424,10
crossing_90_c_04,23.312,2.5,0.335612,10
crossing_90_c_04,23.812,2,0.356922,8
crossing_90_c_04,24.312,2.25,0.291209,9
crossing_90_c_04,24.812,2,0.303291,8
crossing_90_c_04,25.312,2,0.333841,8
crossing_90_c_04,25.812,1.5,0.373008,6
crossing_90_c_04,26.312,2,0.39606,8
crossing_90_c_04,26.812,2.5,0.366035,10
crossing_90_c_04,27.312,3,0.356353,12
crossing_90_c_04,27.812,2.5,0.327381,10
crossing_90_c_04,28.312,2.25,0.285934,9
crossing_90_c_04,28.812,2.75,0.300861,11
crossing_90_c_04,29.312,3.5,0.292549,14
crossing_90_c_04,29.812,3.25,0.27431,13
crossing_90_c_04,30.312,2.75,0.256551,11
crossing_90_c_04,30.812,2.5,0.262609,10
crossing_90_c_04,31.312,3,0.266413,12
crossing_90_c_04,31.812,3.25,0.245766,13
crossing_90_c_04,32.312,3.25,0.221666,13
crossing_90_c_04,32.812,3,0.197536,12
crossing_90_c_04,33.312,3.25,0.182527,13
crossing_90_c_04,33.812,4,0.168873,16
crossing_90_c_04,34.312,3.75,0.165334,15
crossing_90_c_04,34.812,4.25,0.154099,17
crossing_90_c_04,35.312,4.5,0.181335,18
crossing_90_c_04,35.812,4,0.182173,16
crossing_90_c_04,36.312,4.25,0.193128,17
crossing_90_c_04,36.812,4.25,0.178614,17
crossing_90_c_04,37.312,4.5,0.169836,18
crossing_90_c_04,37.812,4.5,0.161994,18
crossing_90_c_04,38.312,4.25,0.166589,17
crossing_90_c_04,38.812,4.25,0.170972,17
crossing_90_c_04,39.312,4,0.174225,16
crossing_90_c_04,39.812,4,0.177165,16
crossing_90_c_04,40.312,3.5,0.174533,14
crossing_90_c_04,40.812,3.75,0.177459,15
crossing_90_c_04,41.312,3.75,0.174201,15
crossing_90_c_04,41.812,3,0.179226,12
crossing_90_c_04,42.312,3.25,0.185156,13
crossing_90_c_04,42.812,3.25,0.193913,13
crossing_90_c_04,43.312,3.25,0.187017,13
crossing_90_c_04,43.812,3,0.187826,12
crossing_90_c_04,44.312,3.25,0.218878,13
crossing_90_c_04,44.812,3.25,0.242614,13
crossing_90_c_04,45.312,2.75,0.231173,11
crossing_90_c_04,45.812,3,0.226689,12
crossing_90_c_04,46.312,3.25,0.238802,13
crossing_90_c_04,46.812,3.75,0.237882,15
crossing_90_c_04,47.312,3.75,0.219839,15
crossing_90_c_04,47.812,3.5,0.19357,14
crossing_90_c_04,48.312,3,0.223429,12
crossing_90_c_04,48.812,3.25,0.231729,13
crossing_90_c_04,49.312,3.75,0.212568,15
crossing_90_c_04,49.812,3.5,0.197242,14
crossing_90_c_04,50.312,3.25,0.18275,13
crossing_90_c_04,50.812,3.5,0.179245,14
crossing_90_c_04,51.312,3.75,0.166643,15
crossing_90_c_04,51.812,3.75,0.174285,15
crossing_90_c_04,52.312,4,0.168635,16
crossing_90_c_04,52.812,4.5,0.175797,18
crossing_90_c_04,53.312,3.75,0.158365,15
crossing_90_c_04,53.812,4,0.159667,16
crossing_90_c_04,54.312,3.5,0.128361,14
crossing_90_c_04,54.812,3.75,0.129281,15
crossing_90_c_04,55.312,4,0.132596,16
crossing_90_c_04,55.812,3.75,0.10412,15
crossing_90_c_04,56.312,3.75,0.138894,15
crossing_90_c_04,56.812,3.5,0.191907,14
crossing_90_c_04,57.312,3.75,0.184749,15
crossing_90_c_04,57.812,4.25,0.162665,17
crossing_90_c_04,58.312,3.75,0.163378,15
crossing_90_c_04,58.812,3.75,0.170299,15
crossing_90_c_04,59.312,3.75,0.182477,15
crossing_90_c_04,59.812,4,0.198088,16
crossing_90_c_04,60.312,4.25,0.193789,17
crossing_90_c_04,60.812,4,0.182156,16
crossing_90_c_04,61.312,4,0.203009,16
crossing_90_c_04,61.812,3.25,0.153935,13
crossing_90_c_04,62.312,3.25,0.140687,13
crossing_90_c_04,62.812,3.5,0.147346,14
crossing_90_c_04,63.312,3.75,0.137153,15
crossing_90_c_04,63.812,4.5,0.149604,18
crossing_90_c_04,64.312,4.5,0.142382,18
crossing_90_c_04,64.812,4.5,0.159462,18
crossing_90_c_04,65.312,4.25,0.155648,17
crossing_90_c_04,65.812,4.5,0.154843,18
crossing_90_c_04,66.312,4.75,0.142209,19
crossing_90_c_04,66.812,4.25,0.133516,17
crossing_90_c_04,67.312,4.5,0.140239,18
crossing_90_c_04,67.812,4.75,0.112212,19
crossing_90_c_04,68.312,4.5,0.104225,18
crossing_90_c_04,68.812,4.25,0.105806,17
crossing_90_c_04,69.312,4,0.139672,16
crossing_90_c_04,69.812,3.75,0.158486,15
crossing_90_c_04,70.312,3.5,0.154133,14
crossing_90_c_04,70.812,3.5,0.159702,14
crossing_90_c_04,71.312,3.25,0.137569,13
crossing_90_c_04,71.812,3.75,0.126488,15
crossing_90_c_04,72.312,4.25,0.127865,17
crossing_90_c_04,72.812,4.5,0.109488,18
crossing_90_c_04,73.312,4.25,0.117076,17
crossing_90_c_04,73.812,4,0.103382,16
crossing_90_c_04,74.312,4.25,0.117899,17
crossing_90_c_04,74.812,4.5,0.102786,18
crossing_90_c_04,75.312,4.75,0.0996168,19
crossing_90_c_04,75.812,4.25,0.0927053,17
crossing_90_c_04,76.312,4.25,0.0974936,17
crossing_90_c_04,76.812,4.5,0.111601,18
crossing_90_c_04,77.312,4.75,0.107409,19
crossing_90_c_04,77.812,4.75,0.101206,19
crossing_90_c_04,78.312,4.75,0.0966193,19
crossing_90_c_04,78.812,4.5,0.102107,18
crossing_90_c_04,79.312,4.5,0.0902881,18
crossing_90_c_04,79.812,5,0.0988137,20
crossing_90_c_04,80.312,5,0.105674,20
crossing_90_c_04,80.812,4.75,0.0918872,19
crossing_90_c_04,81.312,4.75,0.0894606,19
crossing_90_c_04,81.812,5.5,0.0904793,22
crossing_90_c_04,82.312,5.5,0.0823961,22
crossing_90_c_04,82.812,4.5,0.0948076,18
crossing_90_c_04,83.312,5,0.103454,20
crossing_90_c_04,83.812,4.5,0.0960865,18
crossing_90_c_04,84.312,5,0.0913955,20
crossing_90_c_04,84.812,5,0.110302,20
crossing_90_c_04,85.312,5,0.110071,20
crossing_90_c_04,85.812,5.25,0.100073,21
crossing_90_c_04,86.312,5.25,0.104682,21
crossing_90_c_04,86.812,5.25,0.0935173,21
crossing_90_c_04,87.312,5.25,0.106426,21
crossing_90_c_04,87.812,5.5,0.0862315,22
crossing_90_c_04,88.312,5.75,0.0938997,23
crossing_90_c_04,88.812,5.25,0.0934287,21
crossing_90_c_04,89.312,5.25,0.0892118,21
crossing_90_c_04,89.812,5.25,0.095534,21
crossing_90_c_04,90.312,5,0.0900076,20
crossing_90_c_04,90.812,4.5,0.0909402,18
crossing_90_c_04,91.312,5.25,0.0917388,21
crossing_90_c_04,91.812,5.5,0.0758743,22
crossing_90_c_04,92.312,5.75,0.0889749,23
crossing_90_c_04,92.812,5.5,0.0996397,22
crossing_90_c_04,93.312,5.5,0.0879675,22
crossing_90_c_04,93.812,5.25,0.0827513,21
crossing_90_c_04,94.312,5.25,0.0716971,21
crossing_90_c_04,94.812,5.25,0.0778636,21
crossing_90_c_04,95.312,5.75,0.0807069,23
crossing_90_c_04,95.812,5.25,0.0890996,21
crossing_90_c_04,96.312,4.75,0.0760952,19
crossing_90_c_04,96.812,5.25,0.0661164,21
crossing_90_c_04,97.312,5.75,0.083102,23
crossing_90_c_04,97.812,5.75,0.0726987,23
crossing_90_c_04,98.312,5.5,0.0669879,22
crossing_90_c_04,98.812,5.75,0.0749648,23
crossing_90_c_04,99.312,5.75,0.0779164,23
crossing_90_c_04,99.812,5.5,0.0670441,22
crossing_90_c_04,100.312,5.25,0.0703821,21
crossing_90_c_04,100.812,5.75,0.085517,23
crossing_90_c_04,101.312,6,0.0879935,24
crossing_90_c_04,101.812,5.5,0.0824799,22
crossing_90_c_04,102.312,5.5,0.0850722,22
crossing_90_c_04,102.812,5.5,0.0894419,22
crossing_90_c_04,103.312,5.5,0.0899592,22
crossing_90_c_04,103.812,5.5,0.0854317,22
crossing_90_c_04,104.312,5,0.0892883,20
crossing_90_c_04,104.812,4.75,0.0846197,19
crossing_90_c_04,105.312,4.25,0.0798597,17
crossing_90_c_04,105.812,4.75,0.0875493,19
crossing_90_c_04,106.312,5,0.110035,20
crossing_90_c_04,106.812,5,0.114298,20
crossing_90_c_04,107.312,4.25,0.101432,17
crossing_90_c_04,107.812,4.25,0.102274,17
crossing_90_c_04,108.312,4.5,0.123652,18
crossing_90_c_04,108.812,4.25,0.112661,17
crossing_90_c_04,109.312,4,0.107028,16
crossing_90_c_04,109.812,4,0.10586,16
crossing_90_c_04,110.312,3.75,0.116043,15
crossing_90_c_04,110.812,3.75,0.126241,15
crossing_90_c_04,111.312,4.5,0.128005,18
crossing_90_c_04,111.812,4.5,0.104111,18
crossing_90_c_04,112.312,4.5,0.106989,18
crossing_90_c_04,112.812,4.5,0.105481,18
crossing_90_c_04,113.312,4.25,0.104647,17
crossing_90_c_04,113.812,4.25,0.125338,17
crossing_90_c_04,114.312,4,0.11981,16
crossing_90_c_04,114.812,4.25,0.127602,17
crossing_90_c_04,115.312,4.25,0.128294,17
crossing_90_c_04,115.812,3.75,0.111887,15
crossing_90_c_04,116.312,4,0.130969,16
crossing_90_c_04,116.812,3.75,0.122643,15
crossing_90_c_04,117.312,3.75,0.133122,15
crossing_90_c_04,117.812,4,0.131903,16
crossing_90_c_04,118.312,4,0.13261,16
crossing_90_c_04,118.812,4.25,0.143694,17
crossing_90_c_04,119.312,4.5,0.147454,18
crossing_90_c_04,119.812,4,0.167104,16
crossing_90_c_04,120.312,3.5,0.160953,14
crossing_90_c_04,120.812,3,0.134392,12
crossing_90_c_04,121.312,3,0.114948,12
crossing_90_c_04,121.812,3,0.131742,12
crossing_90_c_04,122.312,2.75,0.163664,11
crossing_90_c_04,122.812,2.75,0.163688,11
crossing_90_c_04,123.312,3,0.176949,12
crossing_90_c_04,123.812,3,0.180543,12
crossing_90_c_04,124.312,3,0.193792,12
crossing_90_c_04,124.812,3.25,0.194104,13
crossing_90_c_04,125.312,3.25,0.204372,13
crossing_90_c_04,125.812,3.25,0.222496,13
crossing_90_c_04,126.312,3.25,0.215956,13
crossing_90_c_04,126.812,2.5,0.188248,10
crossing_90_c_04,127.312,2.75,0.20302,11
crossing_90_c_04,127.812,2.5,0.198329,10
crossing_90_c_04,128.312,2,0.208604,8
crossing_90_c_04,128.812,2,0.214368,8
crossing_90_c_04,129.312,2.25,0.228008,9
crossing_90_c_04,129.812,2.25,0.24895,9
crossing_90_c_04,130.312,1.75,0.24412,7
crossing_90_c_04,130.812,2,0.284152,8
crossing_90_c_04,131.312,2,0.292237,8
crossing_90_c_04,131.812,1.75,0.2825,7
crossing_90_c_04,132.312,1.75,0.327262,7
crossing_90_c_04,132.812,1.75,0.273857,7
crossing_90_c_04,133.312,1.5,0.230671,6
crossing_90_c_04,133.812,1.5,0.260029,6
crossing_90_c_04,134.312,1.5,0.225074,6
crossing_90_c_04,134.812,1.75,0.248534,7
crossing_90_c_04,135.312,1.75,0.287704,7
crossing_90_c_04,135.812,1.5,0.2805,6
crossing_90_c_04,136.312,1.5,0.334436,6
crossing_90_c_04,136.812,1.75,0.372431,7
crossing_90_c_04,137.312,1.75,0.347054,7
crossing_90_c_04,137.812,1.5,0.276356,6
crossing_90_c_04,138.312,1.75,0.286607,7
crossing_90_c_04,138.812,1.75,0.291794,7
crossing_90_c_04,139.312,1.5,0.337563,6
crossing_90_c_04,139.812,1.5,0.354011,6
crossing_90_c_04,140.312,1.25,0.314449,5
crossing_90_c_04,140.812,1,0.278196,4
crossing_90_c_04,141.312,1,0.383742,4
crossing_90_c_04,141.812,1,0.473787,4
crossing_90_c_04,142.312,1,0.55455,4
crossing_90_c_04,142.812,0.75,0.539812,3
crossing_90_c_04,143.312,0.5,0.545296,2
crossing_90_c_04,143.812,0.75,0.500313,3
crossing_90_c_04,144.312,0.5,0.281329,2
crossing_90_c_04,144.812,0.5,0.213689,2
crossing_90_c_04,145.312,0.5,0.26019,2
crossing_90_c_04,145.812,0.75,0.332287,3
crossing_90_c_04,146.312,0.75,0.39857,3
crossing_90_c_04,146.812,0.5,0.529274,2
crossing_90_c_04,147.312,1,0.427054,4
crossing_90_c_04,147.812,1,0.460604,4
crossing_90_c_04,148.312,1,0.503005,4
crossing_90_c_04,148.812,0.5,0.473383,2
crossing_90_c_04,149.312,0.25,0.369252,1
crossing_90_c_04,149.812,0.25,0.427222,1
crossing_90_c_04,150.312,0.25,0.516996,1
crossing_90_c_04,150.812,0.25,0.661176,1
crossing_90_c_04,151.312,0.25,0.769662,1
crossing_90_c_04,151.812,0.5,0.736385,2
crossing_90_c_04,152.312,0.5,0.814886,2
crossing_90_c_04,152.812,0.25,0.721466,1
crossing_90_c_04,153.312,0.25,0.816364,1
crossing_90_c_04,153.812,0.5,0.725287,2
crossing_90_c_04,154.312,0.5,0.735115,2
crossing_90_c_04,154.812,0.25,0.686289,1
crossing_90_c_04,155.312,0.5,0.673703,2
crossing_90_c_04,155.812,0.5,0.700288,2
crossing_90_c_04,156.312,0.5,0.714231,2
crossing_90_c_04,156.812,0.25,0.720313,1
crossing_90_c_04,157.312,0.25,0.755334,1
crossing_90_c_04,157.812,0.25,0.757354,1
crossing_90_c_05,8.688,0.25,0.985917,1
crossing_90_c_05,9.188,0.5,0.939248,2
crossing_90_c_05,9.688,0.75,1.00648,3
crossing_90_c_05,10.188,1,0.976024,4
crossing_90_c_05,10.688,0.75,0.836793,3
crossing_90_c_05,11.188,0.75,0.770726,3
crossing_90_c_05,11.688,0.75,0.639851,3
crossing_90_c_05,12.188,0.75,0.735162,3
crossing_90_c_05,12.688,0.25,0.680323,1
crossing_90_c_05,13.188,1.5,0.605514,6
crossing_90_c_05,13.688,1.75,0.513499,7
crossing_90_c_05,14.188,1.75,0.495378,7
crossing_90_c_05,14.688,2.25,0.495019,9
crossing_90_c_05,15.188,2,0.426063,8
crossing_90_c_05,15.688,1.75,0.390653,7
crossing_90_c_05,16.188,2.25,0.423856,9
crossing_90_c_05,16.688,2.25,0.365068,9
crossing_90_c_05,17.188,2.25,0.334426,9
crossing_90_c_05,17.688,2.5,0.37828,10
crossing_90_c_05,18.188,3,0.386077,12
crossing_90_c_05,18.688,2.25,0.351623,9
crossing_90_c_05,19.188,2.5,0.290743,10
crossing_90_c_05,19.688,2.75,0.259586,11
crossing_90_c_05,20.188,2.5,0.272784,10
crossing_90_c_05,20.688,3,0.268612,12
crossing_90_c_05,21.188,3.25,0.280016,13
crossing_90_c_05,21.688,3.75,0.243161,15
crossing_90_c_05,22.188,3.75,0.223641,15
crossing_90_c_05,22.688,4.25,0.241624,17
crossing_90_c_05,23.188,3.75,0.23458,15
crossing_90_c_05,23.688,3.75,0.216486,15
crossing_90_c_05,24.188,4.25,0.211986,17
crossing_90_c_05,24.688,4.25,0.22402,17
crossing_90_c_05,25.188,4.25,0.223582,17
crossing_90_c_05,25.688,3.75,0.18764,15
crossing_90_c_05,26.188,3.75,0.186566,15
crossing_90_c_05,26.688,4,0.19564,16
crossing_90_c_05,27.188,3.75,0.171495,15
crossing_90_c_05,27.688,3.75,0.148122,15
crossing_90_c_05,28.188,4,0.134874,16
crossing_90_c_05,28.688,4,0.123979,16
crossing_90_c_05,29.188,4,0.114943,16
crossing_90_c_05,29.688,4,0.132143,16
crossing_90_c_05,30.188,4.25,0.14322,17
crossing_90_c_05,30.688,4,0.12564,16
crossing_90_c_05,31.188,4,0.12038,16
crossing_90_c_05,31.688,3.75,0.112013,15
crossing_90_c_05,32.188,4,0.105201,16
crossing_90_c_05,32.688,4.5,0.146886,18
crossing_90_c_05,33.188,4.75,0.135221,19
crossing_90_c_05,33.688,4,0.134674,16
crossing_90_c_05,34.188,4,0.105737,16
crossing_90_c_05,34.688,4.25,0.109414,17
crossing_90_c_05,35.188,4.5,0.108488,18
crossing_90_c_05,35.688,4.5,0.129557,18
crossing_90_c_05,36.188,4.25,0.116368,17
crossing_90_c_05,36.688,4.25,0.126158,17
crossing_90_c_05,37.188,4.5,0.134024,18
crossing_90_c_05,37.688,4.25,0.110185,17
crossing_90_c_05,38.188,4.75,0.10494,19
crossing_90_c_05,38.688,4.25,0.120634,17
crossing_90_c_05,39.188,4,0.122823,16
crossing_90_c_05,39.688,4.75,0.0996852,19
crossing_90_c_05,40.188,4.75,0.0950104,19
crossing_90_c_05,40.688,5,0.107685,20
crossing_90_c_05,41.188,4.75,0.0975329,19
crossing_90_c_05,41.688,5,0.109709,20
crossing_90_c_05,42.188,4.75,0.109199,19
crossing_90_c_05,42.688,4.5,0.107644,18
crossing_90_c_05,43.188,4.5,0.120699,18
crossing_90_c_05,43.688,4.5,0.122683,18
crossing_90_c_05,44.188,5,0.125096,20
crossing_90_c_05,44.688,5,0.119405,20
crossing_90_c_05,45.188,5,0.110755,20
crossing_90_c_05,45.688,4.75,0.0873791,19
crossing_90_c_05,46.188,4.75,0.106747,19
crossing_90_c_05,46.688,5,0.119971,20
crossing_90_c_05,47.188,4.75,0.0992947,19
crossing_90_c_05,47.688,5,0.0986056,20
crossing_90_c_05,48.188,4,0.0989471,16
crossing_90_c_05,48.688,4.5,0.119592,18
crossing_90_c_05,49.188,5,0.109932,20
crossing_90_c_05,49.688,4.75,0.0752109,19
crossing_90_c_05,50.188,4.5,0.0805161,18
crossing_90_c_05,50.688,4.5,0.0864712,18
crossing_90_c_05,51.188,5,0.0894717,20
crossing_90_c_05,51.688,4.75,0.0963818,19
crossing_90_c_05,52.188,4.5,0.087368,18
crossing_90_c_05,52.688,4.5,0.0929142,18
crossing_90_c_05,53.188,5,0.0891106,20
crossing_90_c_05,53.688,4.75,0.0826151,19
crossing_90_c_05,54.188,4.75,0.0872098,19
crossing_90_c_05,54.688,4.75,0.0957062,19
crossing_90_c_05,55.188,4.5,0.103698,18
crossing_90_c_05,55.688,4.5,0.116087,18
crossing_90_c_05,56.188,5,0.122303,20
crossing_90_c_05,56.688,4.75,0.095006,19
crossing_90_c_05,57.188,5.25,0.108891,21
crossing_90_c_05,57.688,5,0.100932,20
crossing_90_c_05,58.188,5.25,0.0928683,21
crossing_90_c_05,58.688,5.25,0.0722189,21
crossing_90_c_05,59.188,5.25,0.0929394,21
crossing_90_c_05,59.688,5.25,0.0989836,21
crossing_90_c_05,60.188,5.5,0.087484,22
crossing_90_c_05,60.688,5.5,0.0896523,22
crossing_90_c_05,61.188,5.5,0.0820122,22
crossing_90_c_05,61.688,5.25,0.0779456,21
crossing_90_c_05,62.188,5.5,0.0708473,22
crossing_90_c_05,62.688,5.75,0.0750131,23
crossing_90_c_05,63.188,6,0.0825541,24
crossing_90_c_05,63.688,5.75,0.0687214,23
crossing_90_c_05,64.188,5.75,0.0714798,23
crossing_90_c_05,64.688,5.75,0.0734547,23
crossing_90_c_05,65.188,6.25,0.0804474,25
crossing_90_c_05,65.688,6,0.0670801,24
crossing_90_c_05,66.188,6.5,0.0675869,26
crossing_90_c_05,66.688,6.5,0.0799396,26
crossing_90_c_05,67.188,6,0.0751361,24
crossing_90_c_05,67.688,6.25,0.0721617,25
crossing_90_c_05,68.188,6,0.0721386,24
crossing_90_c_05,68.688,6,0.0800785,24
crossing_90_c_05,69.188,6,0.0686869,24
crossing_90_c_05,69.688,6.25,0.0790101,25
crossing_90_c_05,70.188,6.5,0.0877711,26
crossing_90_c_05,70.688,6,0.0913614,24
crossing_90_c_05,71.188,6.25,0.070009,25
crossing_90_c_05,71.688,6.25,0.0872037,25
crossing_90_c_05,72.188,5.75,0.0838476,23
crossing_90_c_05,72.688,5.5,0.093859,22
crossing_90_c_05,73.188,5.5,0.112822,22
crossing_90_c_05,73.688,5,0.0997686,20
crossing_90_c_05,74.188,5,0.0962759,20
crossing_90_c_05,74.688,5.25,0.104052,21
crossing_90_c_05,75.188,5.25,0.105296,21
crossing_90_c_05,75.688,5.25,0.0984537,21
crossing_90_c_05,76.188,5.5,0.0762125,22
crossing_90_c_05,76.688,5.5,0.0985631,22
crossing_90_c_05,77.188,5.5,0.0911103,22
crossing_90_c_05,77.688,5.5,0.086368,22
crossing_90_c_05,78.188,5.75,0.0890296,23
crossing_90_c_05,78.688,5.25,0.0667958,21
crossing_90_c_05,79.188,5.25,0.0863702,21
crossing_90_c_05,79.688,5.5,0.0765874,22
crossing_90_c_05,80.188,6,0.0665697,24
crossing_90_c_05,80.688,6,0.0880464,24
crossing_90_c_05,81.188,5.75,0.0943562,23
crossing_90_c_05,81.688,5.75,0.0714926,23
crossing_90_c_05,82.188,5.75,0.0622743,23
crossing_90_c_05,82.688,5.75,0.0796157,23
crossing_90_c_05,83.188,5.75,0.0753038,23
crossing_90_c_05,83.688,5.75,0.0752522,23
crossing_90_c_05,84.188,5.75,0.0647092,23
crossing_90_c_05,84.688,5.75,0.0726333,23
crossing_90_c_05,85.188,5.75,0.0548683,23
crossing_90_c_05,85.688,6,0.0555071,24
crossing_90_c_05,86.188,6,0.0670319,24
crossing_90_c_05,86.688,6,0.0742167,24
crossing_90_c_05,87.188,6,0.0589686,24
crossing_90_c_05,87.688,5.75,0.0667769,23
crossing_90_c_05,88.188,5.75,0.0847722,23
crossing_90_c_05,88.688,5.75,0.0750256,23
crossing_90_c_05,89.188,5.75,0.0639775,23
crossing_90_c_05,89.688,5.75,0.0721234,23
crossing_90_c_05,90.188,6,0.0743214,24
crossing_90_c_05,90.688,6,0.0671607,24
crossing_90_c_05,91.188,5.75,0.0566827,23
crossing_90_c_05,91.688,5.5,0.0591843,22
crossing_90_c_05,92.188,5.25,0.0571345,21
crossing_90_c_05,92.688,5.25,0.0633741,21
crossing_90_c_05,93.188,5.5,0.0631611,22
crossing_90_c_05,93.688,5.25,0.0606712,21
crossing_90_c_05,94.188,5.5,0.0588145,22
crossing_90_c_05,94.688,5.5,0.0785587,22
crossing_90_c_05,95.188,5.5,0.0948214,22
crossing_90_c_05,95.688,5.5,0.0841169,22
crossing_90_c_05,96.188,6,0.068051,24
crossing_90_c_05,96.688,6.25,0.0681229,25
crossing_90_c_05,97.188,5.5,0.0576829,22
crossing_90_c_05,97.688,5.5,0.0604781,22
crossing_90_c_05,98.188,5.25,0.0661502,21
crossing_90_c_05,98.688,5.25,0.0718905,21
crossing_90_c_05,99.188,5.25,0.0679874,21
crossing_90_c_05,99.688,5.25,0.0715143,21
crossing_90_c_05,100.188,5.25,0.0701358,21
crossing_90_c_05,100.688,5.25,0.0672608,21
crossing_90_c_05,101.188,5.75,0.0611744,23
crossing_90_c_05,101.688,5.5,0.0653115,22
crossing_90_c_05,102.188,5.25,0.0664871,21
crossing_90_c_05,102.688,5.75,0.0676313,23
crossing_90_c_05,103.188,5.5,0.0697704,22
crossing_90_c_05,103.688,5.5,0.0625371,22
crossing_90_c_05,104.188,5.75,0.0603129,23
crossing_90_c_05,104.688,5.75,0.059014,23
crossing_90_c_05,105.188,5.75,0.0611089,23
crossing_90_c_05,105.688,5.75,0.068572,23
crossing_90_c_05,106.188,5.5,0.0661004,22
crossing_90_c_05,106.688,5.5,0.0595225,22
crossing_90_c_05,107.188,5.5,0.0531048,22
crossing_90_c_05,107.688,5.75,0.0558905,23
crossing_90_c_05,108.188,5.75,0.0669935,23
crossing_90_c_05,108.688,5.75,0.0673135,23
crossing_90_c_05,109.188,5.75,0.0659958,23
crossing_90_c_05,109.688,6.25,0.0698775,25
crossing_90_c_05,110.188,6,0.0768838,24
crossing_90_c_05,110.688,6.25,0.0735796,25
crossing_90_c_05,111.188,6.25,0.0831645,25
crossing_90_c_05,111.688,6.25,0.0724426,25
crossing_90_c_05,112.188,6,0.0819059,24
crossing_90_c_05,112.688,5.75,0.0932638,23
crossing_90_c_05,113.188,5.75,0.0801613,23
crossing_90_c_05,113.688,5.75,0.0899959,23
crossing_90_c_05,114.188,5.75,0.0968734,23
crossing_90_c_05,114.688,5,0.110134,20
crossing_90_c_05,115.188,4.75,0.105621,19
crossing_90_c_05,115.688,4.75,0.119984,19
crossing_90_c_05,116.188,4.5,0.0979917,18
crossing_90_c_05,116.688,5,0.100238,20
crossing_90_c_05,117.188,4.75,0.124341,19
crossing_90_c_05,117.688,4.5,0.116698,18
crossing_90_c_05,118.188,4.75,0.100329,19
crossing_90_c_05,118.688,4.75,0.0886124,19
crossing_90_c_05,119.188,5.5,0.0901849,22
crossing_90_c_05,119.688,5,0.103744,20
crossing_90_c_05,120.188,5,0.0942261,20
crossing_90_c_05,120.688,5.25,0.0788772,21
crossing_90_c_05,121.188,5.25,0.0814127,21
crossing_90_c_05,121.688,5.5,0.099546,22
crossing_90_c_05,122.188,5.75,0.0867821,23
crossing_90_c_05,122.688,5.75,0.0702628,23
crossing_90_c_05,123.188,5.25,0.0898442,21
crossing_90_c_05,123.688,5.5,0.0787009,22
crossing_90_c_05,124.188,5,0.0861693,20
crossing_90_c_05,124.688,5.5,0.0767324,22
crossing_90_c_05,125.188,5.25,0.0716574,21
crossing_90_c_05,125.688,4.75,0.0677815,19
crossing_90_c_05,126.188,4.75,0.0691883,19
crossing_90_c_05,126.688,5,0.0741815,20
crossing_90_c_05,127.188,4.75,0.0915661,19
crossing_90_c_05,127.688,4.75,0.0973192,19
crossing_90_c_05,128.188,4.75,0.0931654,19
crossing_90_c_05,128.688,4.5,0.0928587,18
crossing_90_c_05,129.188,4.5,0.0934938,18
crossing_90_c_05,129.688,4.5,0.0859651,18
crossing_90_c_05,130.188,4,0.0906356,16
crossing_90_c_05,130.688,4,0.109326,16
crossing_90_c_05,131.188,4,0.125134,16
crossing_90_c_05,131.688,4,0.128263,16
crossing_90_c_05,132.188,4,0.10524,16
crossing_90_c_05,132.688,4.5,0.100931,18
crossing_90_c_05,133.188,4.5,0.130736,18
crossing_90_c_05,133.688,4.25,0.120475,17
crossing_90_c_05,134.188,4.25,0.11922,17
crossing_90_c_05,134.688,3.75,0.126726,15
crossing_90_c_05,135.188,3.75,0.124735,15
crossing_90_c_05,135.688,4.25,0.123201,17
crossing_90_c_05,136.188,4,0.0984563,16
crossing_90_c_05,136.688,4,0.10311,16
crossing_90_c_05,137.188,4,0.104078,16
crossing_90_c_05,137.688,4.25,0.108562,17
crossing_90_c_05,138.188,4.25,0.108653,17
crossing_90_c_05,138.688,4.25,0.116095,17
crossing_90_c_05,139.188,4.25,0.127485,17
crossing_90_c_05,139.688,4.25,0.115309,17
crossing_90_c_05,140.188,4,0.112847,16
crossing_90_c_05,140.688,4.5,0.102116,18
crossing_90_c_05,141.188,4.25,0.103554,17
crossing_90_c_05,141.688,4.5,0.0994685,18
crossing_90_c_05,142.188,4.5,0.10633,18
crossing_90_c_05,142.688,4.5,0.0864555,18
crossing_90_c_05,143.188,4.75,0.0835952,19
crossing_90_c_05,143.688,4.25,0.0952806,17
crossing_90_c_05,144.188,4.25,0.112764,17
crossing_90_c_05,144.688,4,0.0969799,16
crossing_90_c_05,145.188,3.5,0.0878463,14
crossing_90_c_05,145.688,3.5,0.100484,14
crossing_90_c_05,146.188,3.5,0.0832565,14
crossing_90_c_05,146.688,3.75,0.102997,15
crossing_90_c_05,147.188,4.75,0.105942,19
crossing_90_c_05,147.688,4.5,0.0842873,18
crossing_90_c_05,148.188,4.25,0.0800964,17
crossing_90_c_05,148.688,4.5,0.0925081,18
crossing_90_c_05,149.188,4.5,0.091195,18
crossing_90_c_05,149.688,4.75,0.0951753,19
crossing_90_c_05,150.188,4.25,0.102094,17
crossing_90_c_05,150.688,3.5,0.0986512,14
crossing_90_c_05,151.188,4.25,0.1163,17
crossing_90_c_05,151.688,4.5,0.118955,18
crossing_90_c_05,152.188,4.5,0.130408,18
crossing_90_c_05,152.688,4,0.123516,16
crossing_90_c_05,153.188,3.75,0.116272,15
crossing_90_c_05,153.688,3.5,0.117307,14
crossing_90_c_05,154.188,4,0.124243,16
crossing_90_c_05,154.688,3.75,0.123435,15
crossing_90_c_05,155.188,3.75,0.149694,15
crossing_90_c_05,155.688,3.75,0.1362,15
crossing_90_c_05,156.188,3.25,0.137397,13
crossing_90_c_05,156.688,3.25,0.152363,13
crossing_90_c_05,157.188,3.25,0.135571,13
crossing_90_c_05,157.688,3.5,0.121771,14
crossing_90_c_05,158.188,3.25,0.135867,13
crossing_90_c_05,158.688,3,0.169509,12
crossing_90_c_05,159.188,3.25,0.156621,13
crossing_90_c_05,159.688,2.75,0.131219,11
crossing_90_c_05,160.188,2.75,0.131697,11
crossing_90_c_05,160.688,2.75,0.134098,11
crossing_90_c_05,161.188,3,0.165295,12
crossing_90_c_05,161.688,3.25,0.173388,13
crossing_90_c_05,162.188,2.75,0.147822,11
crossing_90_c_05,162.688,2.75,0.158316,11
crossing_90_c_05,163.188,3,0.171839,12
crossing_90_c_05,163.688,2.75,0.150134,11
crossing_90_c_05,164.188,2.5,0.135259,10
crossing_90_c_05,164.688,2.5,0.173953,10
crossing_90_c_05,165.188,2.25,0.13962,9
crossing_90_c_05,165.688,2,0.145219,8
crossing_90_c_05,166.188,2.25,0.185195,9
crossing_90_c_05,166.688,2,0.180039,8
crossing_90_c_05,167.188,2.25,0.151321,9
crossing_90_c_05,167.688,2.5,0.166784,10
crossing_90_c_05,168.188,2.25,0.181974,9
crossing_90_c_05,168.688,2,0.202258,8
crossing_90_c_05,169.188,1.75,0.190145,7
crossing_90_c_05,169.688,1.5,0.231052,6
crossing_90_c_05,170.188,1.5,0.18808,6
crossing_90_c_05,170.688,1.75,0.184955,7
crossing_90_c_05,171.188,1.5,0.234091,6
crossing_90_c_05,171.688,1.25,0.225737,5
crossing_90_c_05,172.188,1,0.232383,4
crossing_90_c_05,172.688,1,0.270571,4
crossing_90_c_05,173.188,1,0.243098,4
crossing_90_c_05,173.688,1,0.25606,4
crossing_90_c_05,174.188,1.25,0.27967,5
crossing_90_c_05,174.688,1,0.24727,4
crossing_90_c_05,175.188,1.25,0.218979,5
crossing_90_c_05,175.688,1.5,0.302772,6
crossing_90_c_05,176.188,1.25,0.332652,5
crossing_90_c_05,176.688,1.25,0.395218,5
crossing_90_c_05,177.188,1.25,0.400598,5
crossing_90_c_05,177.688,1,0.404949,4
crossing_90_c_05,178.188,1,0.46705,4
crossing_90_c_05,178.688,0.75,0.356445,3
crossing_90_c_05,179.188,0.5,0.414432,2
crossing_90_c_05,179.688,0.25,0.37733,1
crossing_90_c_05,180.188,0.5,0.396433,2
crossing_90_c_05,180.688,0.5,0.455429,2
crossing_90_c_05,181.188,0.5,0.504345,2
crossing_90_c_05,181.688,0.25,0.446361,1
crossing_90_c_05,182.188,0.25,0.469348,1
crossing_90_c_05,182.688,0.25,0.450338,1
crossing_90_c_05,183.188,0.25,0.47833,1
crossing_90_c_05,183.688,0.25,0.472055,1
crossing_90_c_05,184.188,0.25,0.482061,1
crossing_90_c_06,7.312,0.25,1.085,1
crossing_90_c_06,7.812,0.5,0.940012,2
crossing_90_c_06,8.312,1,0.866358,4
crossing_90_c_06,8.812,1.5,0.811206,6
crossing_90_c_06,9.312,1.75,0.730995,7
crossing_90_c_06,9.812,1.5,0.699576,6
crossing_90_c_06,10.312,1.5,0.640329,6
crossing_90_c_06,10.812,1.5,0.547294,6
crossing_90_c_06,11.312,1.5,0.467418,6
crossing_90_c_06,11.812,1.5,0.467342,6
crossing_90_c_06,12.312,1.75,0.545388,7
crossing_90_c_06,12.812,1.5,0.52905,6
crossing_90_c_06,13.312,2,0.462405,8
crossing_90_c_06,13.812,2.25,0.397986,9
crossing_90_c_06,14.312,2.25,0.379308,9
crossing_90_c_06,14.812,2.75,0.330722,11
crossing_90_c_06,15.312,3.25,0.366832,13
crossing_90_c_06,15.812,2.5,0.337411,10
crossing_90_c_06,16.312,2.75,0.299711,11
crossing_90_c_06,16.812,2.75,0.318184,11
crossing_90_c_06,17.312,2.5,0.353455,10
crossing_90_c_06,17.812,2.75,0.38571,11
crossing_90_c_06,18.312,3,0.308613,12
crossing_90_c_06,18.812,3,0.277906,12
crossing_90_c_06,19.312,3.5,0.247122,14
crossing_90_c_06,19.812,4,0.274257,16
crossing_90_c_06,20.312,3.25,0.222589,13
crossing_90_c_06,20.812,3.75,0.253909,15
crossing_90_c_06,21.312,4.25,0.249977,17
crossing_90_c_06,21.812,3.5,0.196655,14
crossing_90_c_06,22.312,3.5,0.194364,14
crossing_90_c_06,22.812,3.5,0.201516,14
crossing_90_c_06,23.312,3.5,0.20582,14
crossing_90_c_06,23.812,3.75,0.191015,15
crossing_90_c_06,24.312,3.5,0.185192,14
crossing_90_c_06,24.812,3.5,0.169889,14
crossing_90_c_06,25.312,3.5,0.144303,14
crossing_90_c_06,25.812,3.75,0.141358,15
crossing_90_c_06,26.312,3.75,0.15181,15
crossing_90_c_06,26.812,3.75,0.153493,15
crossing_90_c_06,27.312,3.75,0.15176,15
crossing_90_c_06,27.812,4,0.152696,16
crossing_90_c_06,28.312,4.25,0.151754,17
crossing_90_c_06,28.812,4,0.134906,16
crossing_90_c_06,29.312,4.25,0.126136,17
crossing_90_c_06,29.812,4,0.130794,16
crossing_90_c_06,30.312,4,0.140994,16
crossing_90_c_06,30.812,3.75,0.132567,15
crossing_90_c_06,31.312,4.5,0.107772,18
crossing_90_c_06,31.812,4.25,0.114374,17
crossing_90_c_06,32.312,4,0.102594,16
crossing_90_c_06,32.812,4,0.111608,16
crossing_90_c_06,33.312,3.5,0.116434,14
crossing_90_c_06,33.812,3.5,0.108332,14
crossing_90_c_06,34.312,3.5,0.110629,14
crossing_90_c_06,34.812,3.75,0.150212,15
crossing_90_c_06,35.312,3.75,0.174033,15
crossing_90_c_06,35.812,4,0.169077,16
crossing_90_c_06,36.312,3.25,0.147399,13
crossing_90_c_06,36.812,3.5,0.159132,14
crossing_90_c_06,37.312,3.25,0.122108,13
crossing_90_c_06,37.812,3.5,0.150543,14
crossing_90_c_06,38.312,3.5,0.137602,14
crossing_90_c_06,38.812,3.25,0.113555,13
crossing_90_c_06,39.312,4,0.15056,16
crossing_90_c_06,39.812,4,0.160033,16
crossing_90_c_06,40.312,3.5,0.132219,14
crossing_90_c_06,40.812,3.5,0.135193,14
crossing_90_c_06,41.312,3.75,0.173515,15
crossing_90_c_06,41.812,3.75,0.157209,15
crossing_90_c_06,42.312,3.25,0.142443,13
crossing_90_c_06,42.812,3.5,0.120372,14
crossing_90_c_06,43.312,4,0.118658,16
crossing_90_c_06,43.812,4,0.12392,16
crossing_90_c_06,44.312,4,0.123699,16
crossing_90_c_06,44.812,4.25,0.130613,17
crossing_90_c_06,45.312,4.25,0.135983,17
crossing_90_c_06,45.812,4.25,0.136155,17
crossing_90_c_06,46.312,4.5,0.121681,18
crossing_90_c_06,46.812,4.25,0.103763,17
crossing_90_c_06,47.312,4.25,0.108953,17
crossing_90_c_06,47.812,4.75,0.0956721,19
crossing_90_c_06,48.312,4.5,0.0938338,18
crossing_90_c_06,48.812,4.5,0.100318,18
crossing_90_c_06,49.312,4.75,0.0914591,19
crossing_90_c_06,49.812,4.75,0.0782192,19
crossing_90_c_06,50.312,4.75,0.0859251,19
crossing_90_c_06,50.812,5,0.081739,20
crossing_90_c_06,51.312,5.25,0.0724151,21
crossing_90_c_06,51.812,5.5,0.0771723,22
crossing_90_c_06,52.312,5.25,0.0920886,21
crossing_90_c_06,52.812,5.25,0.0884439,21
crossing_90_c_06,53.312,4.75,0.0914454,19
crossing_90_c_06,53.812,5,0.113209,20
crossing_90_c_06,54.312,5.25,0.0912942,21
crossing_90_c_06,54.812,5.5,0.104189,22
crossing_90_c_06,55.312,5.25,0.0903116,21
crossing_90_c_06,55.812,5.25,0.0755523,21
crossing_90_c_06,56.312,5.75,0.106056,23
crossing_90_c_06,56.812,5.5,0.0955498,22
crossing_90_c_06,57.312,5.75,0.107889,23
crossing_90_c_06,57.812,6,0.105402,24
crossing_90_c_06,58.312,5.75,0.0974039,23
crossing_90_c_06,58.812,5.5,0.0860442,22
crossing_90_c_06,59.312,5.5,0.102678,22
crossing_90_c_06,59.812,5.5,0.0964839,22
crossing_90_c_06,60.312,5.5,0.0914381,22
crossing_90_c_06,60.812,6,0.084267,24
crossing_90_c_06,61.312,5.5,0.0999143,22
crossing_90_c_06,61.812,5.5,0.1093,22
crossing_90_c_06,62.312,5.25,0.0997727,21
crossing_90_c_06,62.812,5.5,0.099069,22
crossing_90_c_06,63.312,5.25,0.104155,21
crossing_90_c_06,63.812,5.5,0.0931313,22
crossing_90_c_06,64.312,5.5,0.0899374,22
crossing_90_c_06,64.812,5.75,0.105713,23
crossing_90_c_06,65.312,5.5,0.108197,22
crossing_90_c_06,65.812,5.25,0.0938272,21
crossing_90_c_06,66.312,5.5,0.0830898,22
crossing_90_c_06,66.812,6,0.086217,24
crossing_90_c_06,67.312,5.25,0.0627428,21
crossing_90_c_06,67.812,6,0.0715747,24
crossing_90_c_06,68.312,5.75,0.0855225,23
crossing_90_c_06,68.812,6.25,0.0904021,25
crossing_90_c_06,69.312,5.25,0.0793565,21
crossing_90_c_06,69.812,6,0.0828155,24
crossing_90_c_06,70.312,6.25,0.0922329,25
crossing_90_c_06,70.812,6,0.0769117,24
crossing_90_c_06,71.312,5.75,0.0736903,23
crossing_90_c_06,71.812,5.75,0.0745001,23
crossing_90_c_06,72.312,6,0.0941209,24
crossing_90_c_06,72.812,6.25,0.0779368,25
crossing_90_c_06,73.312,6.5,0.0793939,26
crossing_90_c_06,73.812,6.75,0.0810435,27
crossing_90_c_06,74.312,6.25,0.0799791,25
crossing_90_c_06,74.812,5.5,0.0823199,22
crossing_90_c_06,75.312,6.25,0.0784491,25
crossing_90_c_06,75.812,6.5,0.09285,26
crossing_90_c_06,76.312,6.25,0.0832269,25
crossing_90_c_06,76.812,6,0.0899555,24
crossing_90_c_06,77.312,6,0.098348,24
crossing_90_c_06,77.812,5.25,0.0963512,21
crossing_90_c_06,78.312,5.75,0.105833,23
crossing_90_c_06,78.812,5.75,0.0869189,23
crossing_90_c_06,79.312,6,0.0884902,24
crossing_90_c_06,79.812,5.75,0.0863734,23
crossing_90_c_06,80.312,5.5,0.0863702,22
crossing_90_c_06,80.812,5.75,0.1037,23
crossing_90_c_06,81.312,5.5,0.0990206,22
crossing_90_c_06,81.812,5.75,0.0964008,23
crossing_90_c_06,82.312,5.75,0.0873059,23
crossing_90_c_06,82.812,5.75,0.0995727,23
crossing_90_c_06,83.312,5.25,0.0943941,21
crossing_90_c_06,83.812,5.25,0.0908253,21
crossing_90_c_06,84.312,5.5,0.0851764,22
crossing_90_c_06,84.812,6,0.0896589,24
crossing_90_c_06,85.312,5.5,0.0811305,22
crossing_90_c_06,85.812,5.5,0.0813961,22
crossing_90_c_06,86.312,5.5,0.0770063,22
crossing_90_c_06,86.812,5,0.0790033,20
crossing_90_c_06,87.312,5.5,0.0724912,22
crossing_90_c_06,87.812,5.5,0.0755606,22
crossing_90_c_06,88.312,5.75,0.055567,23
crossing_90_c_06,88.812,6.75,0.0710675,27
crossing_90_c_06,89.312,6.5,0.0636447,26
crossing_90_c_06,89.812,5.75,0.0732859,23
crossing_90_c_06,90.312,5.75,0.082187,23
crossing_90_c_06,90.812,5.75,0.0723449,23
crossing_90_c_06,91.312,6,0.0706425,24
crossing_90_c_06,91.812,6,0.0803634,24
crossing_90_c_06,92.312,6.25,0.0744695,25
crossing_90_c_06,92.812,5.75,0.0611701,23
crossing_90_c_06,93.312,5.75,0.0653981,23
crossing_90_c_06,93.812,5.25,0.0639897,21
crossing_90_c_06,94.312,5.25,0.0616817,21
crossing_90_c_06,94.812,6.5,0.0573768,26
crossing_90_c_06,95.312,6,0.0522452,24
crossing_90_c_06,95.812,5.5,0.0644593,22
crossing_90_c_06,96.312,6,0.0766912,24
crossing_90_c_06,96.812,5.75,0.0566246,23
crossing_90_c_06,97.312,5.25,0.0568578,21
crossing_90_c_06,97.812,5,0.0739113,20
crossing_90_c_06,98.312,4.75,0.0561936,19
crossing_90_c_06,98.812,5.25,0.0693216,21
crossing_90_c_06,99.312,5.5,0.0742255,22
crossing_90_c_06,99.812,5.75,0.063413,23
crossing_90_c_06,100.312,6,0.0676046,24
crossing_90_c_06,100.812,6,0.0775671,24
crossing_90_c_06,101.312,5.5,0.0690576,22
crossing_90_c_06,101.812,5,0.0501058,20
crossing_90_c_06,102.312,4.25,0.0561917,17
crossing_90_c_06,102.812,5,0.0710356,20
crossing_90_c_06,103.312,5.5,0.070368,22
crossing_90_c_06,103.812,5.5,0.0843154,22
crossing_90_c_06,104.312,5.5,0.0626031,22
crossing_90_c_06,104.812,5.75,0.07314,23
crossing_90_c_06,105.312,5.5,0.0698061,22
crossing_90_c_06,105.812,5.25,0.0626037,21
crossing_90_c_06,106.312,5,0.0722359,20
crossing_90_c_06,106.812,5.25,0.084747,21
crossing_90_c_06,107.312,6,0.0730991,24
crossing_90_c_06,107.812,5.75,0.0582997,23
crossing_90_c_06,108.312,5.75,0.0678452,23
crossing_90_c_06,108.812,5.25,0.076433,21
crossing_90_c_06,109.312,5.75,0.100773,23
crossing_90_c_06,109.812,5,0.0854089,20
crossing_90_c_06,110.312,5.25,0.0734356,21
crossing_90_c_06,110.812,5,0.0766033,20
crossing_90_c_06,111.312,5.25,0.0714132,21
crossing_90_c_06,111.812,5.5,0.0839243,22
crossing_90_c_06,112.312,5.5,0.0880768,22
crossing_90_c_06,112.812,4.75,0.0692479,19
crossing_90_c_06,113.312,4.75,0.0849031,19
crossing_90_c_06,113.812,4.75,0.0820391,19
crossing_90_c_06,114.312,5,0.0649505,20
crossing_90_c_06,114.812,5.5,0.0858451,22
crossing_90_c_06,115.312,5,0.102217,20
crossing_90_c_06,115.812,4.75,0.099055,19
crossing_90_c_06,116.312,5,0.109034,20
crossing_90_c_06,116.812,4.75,0.105749,19
crossing_90_c_06,117.312,4.75,0.102267,19
crossing_90_c_06,117.812,4,0.108367,16
crossing_90_c_06,118.312,4.5,0.0959608,18
crossing_90_c_06,118.812,4.5,0.0898518,18
crossing_90_c_06,119.312,5,0.0923016,20
crossing_90_c_06,119.812,4.75,0.0851496,19
crossing_90_c_06,120.312,4.5,0.0948324,18
crossing_90_c_06,120.812,4.75,0.0877754,19
crossing_90_c_06,121.312,4.75,0.082931,19
crossing_90_c_06,121.812,5.25,0.0883185,21
crossing_90_c_06,122.312,5.5,0.101569,22
crossing_90_c_06,122.812,4.75,0.092093,19
crossing_90_c_06,123.312,4.25,0.0955931,17
crossing_90_c_06,123.812,4,0.0807464,16
crossing_90_c_06,124.312,3.75,0.0639192,15
crossing_90_c_06,124.812,4,0.0819887,16
crossing_90_c_06,125.312,4.25,0.0745118,17
crossing_90_c_06,125.812,4.25,0.0698263,17
crossing_90_c_06,126.312,4.25,0.0652212,17
crossing_90_c_06,126.812,4.25,0.0962675,17
crossing_90_c_06,127.312,4.25,0.100632,17
crossing_90_c_06,127.812,4.25,0.0950889,17
crossing_90_c_06,128.312,5,0.112775,20
crossing_90_c_06,128.812,4.25,0.120069,17
crossing_90_c_06,129.312,3.5,0.137178,14
crossing_90_c_06,129.812,3.25,0.154295,13
crossing_90_c_06,130.312,3.5,0.167224,14
crossing_90_c_06,130.812,3.75,0.156317,15
crossing_90_c_06,131.312,4,0.148092,16
crossing_90_c_06,131.812,3.75,0.169934,15
crossing_90_c_06,132.312,3.5,0.178905,14
crossing_90_c_06,132.812,3.75,0.193183,15
crossing_90_c_06,133.312,4.25,0.184003,17
crossing_90_c_06,133.812,3.75,0.209203,15
crossing_90_c_06,134.312,3.75,0.18283,15
crossing_90_c_06,134.812,3.75,0.208327,15
crossing_90_c_06,135.312,3.75,0.251111,15
crossing_90_c_06,135.812,3.25,0.243545,13
crossing_90_c_06,136.312,2.75,0.262217,11
crossing_90_c_06,136.812,3.25,0.247298,13
crossing_90_c_06,137.312,3.5,0.236725,14
crossing_90_c_06,137.812,3.5,0.229605,14
crossing_90_c_06,138.312,3.5,0.220615,14
crossing_90_c_06,138.812,3.25,0.218097,13
crossing_90_c_06,139.312,3.25,0.182475,13
crossing_90_c_06,139.812,3.5,0.186631,14
crossing_90_c_06,140.312,3.25,0.185971,13
crossing_90_c_06,140.812,3,0.162919,12
crossing_90_c_06,141.312,2.75,0.170656,11
crossing_90_c_06,141.812,2.75,0.187183,11
crossing_90_c_06,142.312,3,0.163106,12
crossing_90_c_06,142.812,3.25,0.161115,13
crossing_90_c_06,143.312,3,0.161396,12
crossing_90_c_06,143.812,2.75,0.16256,11
crossing_90_c_06,144.312,3,0.22332,12
crossing_90_c_06,144.812,2.75,0.25332,11
crossing_90_c_06,145.312,2.75,0.319897,11
crossing_90_c_06,145.812,2.5,0.333482,10
crossing_90_c_06,146.312,2.5,0.342072,10
crossing_90_c_06,146.812,2,0.335149,8
crossing_90_c_06,147.312,2,0.320922,8
crossing_90_c_06,147.812,1.75,0.312389,7
crossing_90_c_06,148.312,1.75,0.282611,7
crossing_90_c_06,148.812,1.75,0.311885,7
crossing_90_c_06,149.312,1.5,0.266591,6
crossing_90_c_06,149.812,2,0.26727,8
crossing_90_c_06,150.312,1.75,0.270677,7
crossing_90_c_06,150.812,1.75,0.354203,7
crossing_90_c_06,151.312,1.75,0.352376,7
crossing_90_c_06,151.812,1.5,0.358202,6
crossing_90_c_06,152.312,1.5,0.411938,6
crossing_90_c_06,152.812,1.75,0.469178,7
crossing_90_c_06,153.312,1.5,0.480556,6
crossing_90_c_06,153.812,1.5,0.466648,6
crossing_90_c_06,154.312,1,0.426075,4
crossing_90_c_06,154.812,1,0.484173,4
crossing_90_c_06,155.312,1.25,0.504766,5
crossing_90_c_06,155.812,0.75,0.497067,3
crossing_90_c_06,156.312,0.5,0.465871,2
crossing_90_c_06,156.812,0.5,0.509218,2
crossing_90_c_06,157.312,0.5,0.51577,2
crossing_90_c_06,157.812,0.75,0.499757,3
crossing_90_c_06,158.312,0.75,0.598358,3
crossing_90_c_06,158.812,0.25,0.622318,1
crossing_90_c_06,159.312,0.25,0.730805,1
crossing_90_c_06,159.812,0.5,0.715941,2
crossing_90_c_06,160.312,0.25,0.814861,1
crossing_90_c_06,162.812,0.25,0.701089,1
crossing_90_c_06,163.312,0.25,0.718532,1
crossing_90_c_06,163.812,0.25,0.75864,1
crossing_90_c_06,164.312,0.25,0.777541,1
crossing_90_c_06,164.812,0.25,0.793016,1
crossing_90_c_07,9.438,0.25,1.12859,1
crossing_90_c_07,9.938,0.25,1.22623,1
crossing_90_c_07,10.438,0.25,1.22325,1
crossing_90_c_07,10.938,0.5,1.17617,2
crossing_90_c_07,11.438,0.25,1.0949,1
crossing_90_c_07,11.938,0.75,0.912848,3
crossing_90_c_07,12.438,0.5,0.866305,2
crossing_90_c_07,12.938,0.75,0.836133,3
crossing_90_c_07,13.438,0.75,0.819683,3
crossing_90_c_07,13.938,1.5,0.716477,6
crossing_90_c_07,14.438,1.75,0.650688,7
crossing_90_c_07,14.938,1.5,0.613213,6
crossing_90_c_07,15.438,1.5,0.574563,6
crossing_90_c_07,15.938,1.5,0.589423,6
crossing_90_c_07,16.438,1.5,0.554168,6
crossing_90_c_07,16.938,1.5,0.51994,6
crossing_90_c_07,17.438,1.5,0.527599,6
crossing_90_c_07,17.938,1.25,0.516996,5
crossing_90_c_07,18.438,1.25,0.521219,5
crossing_90_c_07,18.938,1,0.544733,4
crossing_90_c_07,19.438,1.25,0.445755,5
crossing_90_c_07,19.938,0.75,0.496885,3
crossing_90_c_07,20.438,1,0.476057,4
crossing_90_c_07,20.938,1.5,0.492642,6
crossing_90_c_07,21.438,1.5,0.505679,6
crossing_90_c_07,21.938,2,0.488318,8
crossing_90_c_07,22.438,1.75,0.464901,7
crossing_90_c_07,22.938,1,0.469668,4
crossing_90_c_07,23.438,1.75,0.370876,7
crossing_90_c_07,23.938,1.75,0.325276,7
crossing_90_c_07,24.438,1.5,0.381262,6
crossing_90_c_07,24.938,1.5,0.384598,6
crossing_90_c_07,25.438,2,0.344715,8
crossing_90_c_07,25.938,2.25,0.337628,9
crossing_90_c_07,26.438,3,0.30037,12
crossing_90_c_07,26.938,2.5,0.267911,10
crossing_90_c_07,27.438,3,0.239604,12
crossing_90_c_07,27.938,2.75,0.227381,11
crossing_90_c_07,28.438,3.25,0.217134,13
crossing_90_c_07,28.938,3.5,0.216596,14
crossing_90_c_07,29.438,4.25,0.223391,17
crossing_90_c_07,29.938,3.25,0.193773,13
crossing_90_c_07,30.438,3,0.180407,12
crossing_90_c_07,30.938,3.5,0.190613,14
crossing_90_c_07,31.438,3.75,0.20121,15
crossing_90_c_07,31.938,4,0.194697,16
crossing_90_c_07,32.438,3.5,0.173689,14
crossing_90_c_07,32.938,3.5,0.176549,14
crossing_90_c_07,33.438,3,0.186336,12
crossing_90_c_07,33.938,3,0.174364,12
crossing_90_c_07,34.438,3.25,0.159136,13
crossing_90_c_07,34.938,3.75,0.16027,15
crossing_90_c_07,35.438,3.25,0.175768,13
crossing_90_c_07,35.938,4,0.172211,16
crossing_90_c_07,36.438,3.75,0.168318,15
crossing_90_c_07,36.938,4,0.213778,16
crossing_90_c_07,37.438,3.75,0.208548,15
crossing_90_c_07,37.938,3.5,0.188516,14
crossing_90_c_07,38.438,4,0.182436,16
crossing_90_c_07,38.938,4,0.182092,16
crossing_90_c_07,39.438,4,0.164948,16
crossing_90_c_07,39.938,3.75,0.174577,15
crossing_90_c_07,40.438,3.5,0.180707,14
crossing_90_c_07,40.938,3.75,0.182914,15
crossing_90_c_07,41.438,3.75,0.157131,15
crossing_90_c_07,41.938,3.75,0.172159,15
crossing_90_c_07,42.438,3.5,0.16021,14
crossing_90_c_07,42.938,3.5,0.144807,14
crossing_90_c_07,43.438,4,0.169109,16
crossing_90_c_07,43.938,4,0.166127,16
crossing_90_c_07,44.438,4.25,0.163903,17
crossing_90_c_07,44.938,4.5,0.164218,18
crossing_90_c_07,45.438,4.25,0.147727,17
crossing_90_c_07,45.938,4.5,0.149228,18
crossing_90_c_07,46.438,4.5,0.156116,18
crossing_90_c_07,46.938,4,0.145143,16
crossing_90_c_07,47.438,4.25,0.154796,17
crossing_90_c_07,47.938,4,0.185717,16
crossing_90_c_07,48.438,4.5,0.164666,18
crossing_90_c_07,48.938,4.25,0.153075,17
crossing_90_c_07,49.438,4,0.15757,16
crossing_90_c_07,49.938,3.5,0.176191,14
crossing_90_c_07,50.438,3.5,0.170489,14
crossing_90_c_07,50.938,3.25,0.156853,13
crossing_90_c_07,51.438,3.5,0.150322,14
crossing_90_c_07,51.938,3.75,0.136819,15
crossing_90_c_07,52.438,3.5,0.154472,14
crossing_90_c_07,52.938,3.5,0.16144,14
crossing_90_c_07,53.438,3.5,0.15978,14
crossing_90_c_07,53.938,3.25,0.142138,13
crossing_90_c_07,54.438,3.5,0.139515,14
crossing_90_c_07,54.938,3.25,0.138746,13
crossing_90_c_07,55.438,3.25,0.139971,13
crossing_90_c_07,55.938,3,0.157698,12
crossing_90_c_07,56.438,3,0.163096,12
crossing_90_c_07,56.938,3.25,0.151052,13
crossing_90_c_07,57.438,3.75,0.153072,15
crossing_90_c_07,57.938,4,0.160208,16
crossing_90_c_07,58.438,3.75,0.153399,15
crossing_90_c_07,58.938,3.5,0.161242,14
crossing_90_c_07,59.438,3.25,0.181692,13
crossing_90_c_07,59.938,3,0.183668,12
crossing_90_c_07,60.438,3.5,0.17521,14
crossing_90_c_07,60.938,3.25,0.159961,13
crossing_90_c_07,61.438,3,0.168956,12
crossing_90_c_07,61.938,3.5,0.156714,14
crossing_90_c_07,62.438,3.5,0.171512,14
crossing_90_c_07,62.938,3.25,0.192762,13
crossing_90_c_07,63.438,3.25,0.169956,13
crossing_90_c_07,63.938,3.75,0.164838,15
crossing_90_c_07,64.438,3.5,0.152207,14
crossing_90_c_07,64.938,3.25,0.139693,13
crossing_90_c_07,65.438,3.25,0.169812,13
crossing_90_c_07,65.938,3.5,0.153024,14
crossing_90_c_07,66.438,4,0.169326,16
crossing_90_c_07,66.938,3.5,0.166313,14
crossing_90_c_07,67.438,3.75,0.160397,15
crossing_90_c_07,67.938,3,0.150002,12
crossing_90_c_07,68.438,3.25,0.150481,13
crossing_90_c_07,68.938,3.25,0.1525,13
crossing_90_c_07,69.438,3.5,0.153346,14
crossing_90_c_07,69.938,3.75,0.133429,15
crossing_90_c_07,70.438,4,0.13476,16
crossing_90_c_07,70.938,3.75,0.191356,15
crossing_90_c_07,71.438,4,0.186803,16
crossing_90_c_07,71.938,4.5,0.146876,18
crossing_90_c_07,72.438,4.5,0.173314,18
crossing_90_c_07,72.938,4.25,0.154718,17
crossing_90_c_07,73.438,4,0.147727,16
crossing_90_c_07,73.938,3.75,0.189592,15
crossing_90_c_07,74.438,3.75,0.202691,15
crossing_90_c_07,74.938,3.75,0.170357,15
crossing_90_c_07,75.438,4,0.186866,16
crossing_90_c_07,75.938,4.25,0.179113,17
crossing_90_c_07,76.438,3.75,0.157852,15
crossing_90_c_07,76.938,3.25,0.178816,13
crossing_90_c_07,77.438,3.5,0.167267,14
crossing_90_c_07,77.938,3.5,0.168585,14
crossing_90_c_07,78.438,3.25,0.195485,13
crossing_90_c_07,78.938,3.25,0.154332,13
crossing_90_c_07,79.438,4,0.15879,16
crossing_90_c_07,79.938,3.5,0.133956,14
crossing_90_c_07,80.438,3.75,0.168045,15
crossing_90_c_07,80.938,3.75,0.186461,15
crossing_90_c_07,81.438,3.75,0.169444,15
crossing_90_c_07,81.938,3.5,0.16982,14
crossing_90_c_07,82.438,3.75,0.178553,15
crossing_90_c_07,82.938,3.5,0.18247,14
crossing_90_c_07,83.438,3.5,0.196722,14
crossing_90_c_07,83.938,3.5,0.193235,14
crossing_90_c_07,84.438,4,0.190086,16
crossing_90_c_07,84.938,4,0.146585,16
crossing_90_c_07,85.438,3.75,0.126914,15
crossing_90_c_07,85.938,4,0.134183,16
crossing_90_c_07,86.438,3.75,0.128493,15
crossing_90_c_07,86.938,4,0.125967,16
crossing_90_c_07,87.438,3.5,0.0902325,14
crossing_90_c_07,87.938,3.75,0.0971381,15
crossing_90_c_07,88.438,4.25,0.131296,17
crossing_90_c_07,88.938,3.5,0.153323,14
crossing_90_c_07,89.438,3.5,0.106112,14
crossing_90_c_07,89.938,4,0.132177,16
crossing_90_c_07,90.438,4.5,0.166264,18
crossing_90_c_07,90.938,4.25,0.161594,17
crossing_90_c_07,91.438,4,0.122789,16
crossing_90_c_07,91.938,3.5,0.145869,14
crossing_90_c_07,92.438,3.5,0.162655,14
crossing_90_c_07,92.938,3.5,0.151378,14
crossing_90_c_07,93.438,3.5,0.147634,14
crossing_90_c_07,93.938,3.5,0.145786,14
crossing_90_c_07,94.438,3.75,0.143697,15
crossing_90_c_07,94.938,4.25,0.159797,17
crossing_90_c_07,95.438,3.5,0.128455,14
crossing_90_c_07,95.938,3.5,0.139841,14
crossing_90_c_07,96.438,3.5,0.123578,14
crossing_90_c_07,96.938,3,0.136043,12
crossing_90_c_07,97.438,3.25,0.17858,13
crossing_90_c_07,97.938,3,0.142389,12
crossing_90_c_07,98.438,3,0.11931,12
crossing_90_c_07,98.938,3,0.137507,12
crossing_90_c_07,99.438,3.25,0.17199,13
crossing_90_c_07,99.938,3.75,0.166998,15
crossing_90_c_07,100.438,3.75,0.169461,15
crossing_90_c_07,100.938,3.75,0.158154,15
crossing_90_c_07,101.438,4,0.156876,16
crossing_90_c_07,101.938,3.75,0.150544,15
crossing_90_c_07,102.438,3.5,0.140147,14
crossing_90_c_07,102.938,3.5,0.131569,14
crossing_90_c_07,103.438,3.5,0.134994,14
crossing_90_c_07,103.938,3.25,0.139594,13
crossing_90_c_07,104.438,3.5,0.158365,14
crossing_90_c_07,104.938,3.75,0.146845,15
crossing_90_c_07,105.438,3.75,0.130077,15
crossing_90_c_07,105.938,3.25,0.132496,13
crossing_90_c_07,106.438,3.5,0.143867,14
crossing_90_c_07,106.938,3.25,0.13495,13
crossing_90_c_07,107.438,3.5,0.121904,14
crossing_90_c_07,107.938,3.5,0.118398,14
crossing_90_c_07,108.438,3.75,0.122331,15
crossing_90_c_07,108.938,4.25,0.0959267,17
crossing_90_c_07,109.438,3.75,0.0880612,15
crossing_90_c_07,109.938,3.5,0.0976155,14
crossing_90_c_07,110.438,3.5,0.102116,14
crossing_90_c_07,110.938,3.25,0.122544,13
crossing_90_c_07,111.438,3.5,0.11625,14
crossing_90_c_07,111.938,3.75,0.107466,15
crossing_90_c_07,112.438,3.75,0.120288,15
crossing_90_c_07,112.938,3.5,0.101754,14
crossing_90_c_07,113.438,3.5,0.137166,14
crossing_90_c_07,113.938,3.5,0.15403,14
crossing_90_c_07,114.438,3.5,0.150682,14
crossing_90_c_07,114.938,3.25,0.149045,13
crossing_90_c_07,115.438,3.25,0.123682,13
crossing_90_c_07,115.938,3.25,0.128424,13
crossing_90_c_07,116.438,3,0.122846,12
crossing_90_c_07,116.938,3,0.150154,12
crossing_90_c_07,117.438,3.5,0.172736,14
crossing_90_c_07,117.938,3.75,0.141484,15
crossing_90_c_07,118.438,3.25,0.143143,13
crossing_90_c_07,118.938,3,0.138292,12
crossing_90_c_07,119.438,3,0.15251,12
crossing_90_c_07,119.938,3,0.182203,12
crossing_90_c_07,120.438,2.75,0.166461,11
crossing_90_c_07,120.938,3,0.155493,12
crossing_90_c_07,121.438,3.25,0.13651,13
crossing_90_c_07,121.938,3.5,0.146091,14
crossing_90_c_07,122.438,3.5,0.12361,14
crossing_90_c_07,122.938,3.75,0.144156,15
crossing_90_c_07,123.438,3.75,0.125237,15
crossing_90_c_07,123.938,4,0.122745,16
crossing_90_c_07,124.438,3.25,0.144983,13
crossing_90_c_07,124.938,3.25,0.172249,13
crossing_90_c_07,125.438,3.25,0.149013,13
crossing_90_c_07,125.938,4,0.148083,16
crossing_90_c_07,126.438,3.75,0.140715,15
crossing_90_c_07,126.938,3.75,0.162629,15
crossing_90_c_07,127.438,3.5,0.17886,14
crossing_90_c_07,127.938,3.25,0.184143,13
crossing_90_c_07,128.438,3,0.188574,12
crossing_90_c_07,128.938,3.5,0.169343,14
crossing_90_c_07,129.438,3.5,0.180164,14
crossing_90_c_07,129.938,3.25,0.201157,13
crossing_90_c_07,130.438,3.25,0.196719,13
crossing_90_c_07,130.938,3,0.195805,12
crossing_90_c_07,131.438,3.25,0.20323,13
crossing_90_c_07,131.938,3.25,0.167056,13
crossing_90_c_07,132.438,3.25,0.173335,13
crossing_90_c_07,132.938,3.25,0.222979,13
crossing_90_c_07,133.438,2.75,0.211942,11
crossing_90_c_07,133.938,2.75,0.203349,11
crossing_90_c_07,134.438,2.5,0.252582,10
crossing_90_c_07,134.938,2.5,0.245077,10
crossing_90_c_07,135.438,2.5,0.228943,10
crossing_90_c_07,135.938,2.25,0.264372,9
crossing_90_c_07,136.438,1.75,0.278107,7
crossing_90_c_07,136.938,1.75,0.262108,7
crossing_90_c_07,137.438,1.5,0.262488,6
crossing_90_c_07,137.938,1.5,0.258762,6
crossing_90_c_07,138.438,1.5,0.285356,6
crossing_90_c_07,138.938,1.25,0.277665,5
crossing_90_c_07,139.438,1.25,0.308654,5
crossing_90_c_07,139.938,1,0.305027,4
crossing_90_c_07,140.438,1,0.302694,4
crossing_90_c_07,140.938,1.25,0.3003,5
crossing_90_c_07,141.438,0.5,0.346472,2
crossing_90_c_07,141.938,0.75,0.332987,3
crossing_90_c_07,142.438,0.75,0.368794,3
crossing_90_c_07,142.938,0.75,0.401647,3
crossing_90_c_07,143.438,1,0.418446,4
crossing_90_c_07,143.938,0.75,0.473334,3
crossing_90_c_07,144.438,1,0.510833,4
crossing_90_c_07,144.938,0.75,0.495389,3
crossing_90_c_07,145.438,0.5,0.520261,2
crossing_90_c_07,145.938,0.5,0.559085,2
crossing_90_c_07,148.438,0.25,0.618779,1
crossing_90_c_08,11.062,0.25,1.02911,1
crossing_90_c_08,11.562,0.5,1.19728,2
crossing_90_c_08,12.062,0.75,1.14629,3
crossing_90_c_08,12.562,0.5,0.987053,2
crossing_90_c_08,13.062,0.5,0.993353,2
crossing_90_c_08,13.562,0.25,1.25845,1
crossing_90_c_08,14.062,0.25,0.858327,1
crossing_90_c_08,14.562,1,0.831213,4
crossing_90_c_08,15.062,1.25,0.811096,5
crossing_90_c_08,15.562,0.75,0.762281,3
crossing_90_c_08,16.062,1,0.686295,4
crossing_90_c_08,16.562,1.25,0.599099,5
crossing_90_c_08,17.062,0.75,0.592241,3
crossing_90_c_08,17.562,0.75,0.570512,3
crossing_90_c_08,18.062,0.75,0.554763,3
crossing_90_c_08,18.562,0.75,0.472309,3
crossing_90_c_08,19.062,1.5,0.553074,6
crossing_90_c_08,19.562,1.25,0.589714,5
crossing_90_c_08,20.062,1.25,0.552169,5
crossing_90_c_08,20.562,1.25,0.482337,5
crossing_90_c_08,21.062,1.25,0.488106,5
crossing_90_c_08,21.562,1.5,0.493019,6
crossing_90_c_08,22.062,1.75,0.450278,7
crossing_90_c_08,22.562,1.5,0.43959,6
crossing_90_c_08,23.062,1,0.482339,4
crossing_90_c_08,23.562,1.75,0.490057,7
crossing_90_c_08,24.062,1.5,0.442053,6
crossing_90_c_08,24.562,1.5,0.456288,6
crossing_90_c_08,25.062,1.75,0.435797,7
crossing_90_c_08,25.562,1.75,0.401541,7
crossing_90_c_08,26.062,1.75,0.35082,7
crossing_90_c_08,26.562,1.5,0.28998,6
crossing_90_c_08,27.062,2.5,0.309265,10
crossing_90_c_08,27.562,2.5,0.303108,10
crossing_90_c_08,28.062,2.5,0.328479,10
crossing_90_c_08,28.562,2,0.309089,8
crossing_90_c_08,29.062,1.75,0.300665,7
crossing_90_c_08,29.562,1.75,0.308711,7
crossing_90_c_08,30.062,1.75,0.321535,7
crossing_90_c_08,30.562,2,0.280249,8
crossing_90_c_08,31.062,2.5,0.299297,10
crossing_90_c_08,31.562,2.25,0.275831,9
crossing_90_c_08,32.062,2.25,0.259993,9
crossing_90_c_08,32.562,1.75,0.314814,7
crossing_90_c_08,33.062,1.75,0.287536,7
crossing_90_c_08,33.562,2.25,0.258685,9
crossing_90_c_08,34.062,2.5,0.256649,10
crossing_90_c_08,34.562,2.5,0.260449,10
crossing_90_c_08,35.062,2.25,0.256943,9
crossing_90_c_08,35.562,2.75,0.263248,11
crossing_90_c_08,36.062,3,0.258992,12
crossing_90_c_08,36.562,2,0.271027,8
crossing_90_c_08,37.062,2,0.252949,8
crossing_90_c_08,37.562,2,0.271437,8
crossing_90_c_08,38.062,2.25,0.277979,9
crossing_90_c_08,38.562,1.75,0.250745,7
crossing_90_c_08,39.062,1.5,0.30509,6
crossing_90_c_08,39.562,1.75,0.335749,7
crossing_90_c_08,40.062,2.25,0.327781,9
crossing_90_c_08,40.562,2.5,0.32304,10
crossing_90_c_08,41.062,2.75,0.321984,11
crossing_90_c_08,41.562,2.5,0.306201,10
crossing_90_c_08,42.062,2.25,0.303597,9
crossing_90_c_08,42.562,3,0.32371,12
crossing_90_c_08,43.062,3.25,0.309952,13
crossing_90_c_08,43.562,2.75,0.296867,11
crossing_90_c_08,44.062,2.75,0.269053,11
crossing_90_c_08,44.562,2.75,0.271222,11
crossing_90_c_08,45.062,3,0.28314,12
crossing_90_c_08,45.562,2.5,0.239191,10
crossing_90_c_08,46.062,2.75,0.237368,11
crossing_90_c_08,46.562,2.75,0.259097,11
crossing_90_c_08,47.062,2.25,0.244981,9
crossing_90_c_08,47.562,2.75,0.250621,11
crossing_90_c_08,48.062,3,0.248176,12
crossing_90_c_08,48.562,3.25,0.265181,13
crossing_90_c_08,49.062,3.5,0.276986,14
crossing_90_c_08,49.562,2.75,0.204532,11
crossing_90_c_08,50.062,2.75,0.187749,11
crossing_90_c_08,50.562,3,0.223337,12
crossing_90_c_08,51.062,3,0.243943,12
crossing_90_c_08,51.562,2.75,0.245269,11
crossing_90_c_08,52.062,2.75,0.251763,11
crossing_90_c_08,52.562,3,0.236249,12
crossing_90_c_08,53.062,2.5,0.194009,10
crossing_90_c_08,53.562,3,0.20103,12
crossing_90_c_08,54.062,2.75,0.209354,11
crossing_90_c_08,54.562,2.75,0.222166,11
crossing_90_c_08,55.062,2.5,0.202944,10
crossing_90_c_08,55.562,2.25,0.203252,9
crossing_90_c_08,56.062,2.5,0.212988,10
crossing_90_c_08,56.562,2.75,0.188272,11
crossing_90_c_08,57.062,3,0.168895,12
crossing_90_c_08,57.562,3,0.164826,12
crossing_90_c_08,58.062,3.25,0.176635,13
crossing_90_c_08,58.562,3,0.200568,12
crossing_90_c_08,59.062,3.25,0.190064,13
crossing_90_c_08,59.562,3,0.200311,12
crossing_90_c_08,60.062,2.5,0.206726,10
crossing_90_c_08,60.562,2.5,0.220979,10
crossing_90_c_08,61.062,2.25,0.220303,9
crossing_90_c_08,61.562,2.75,0.216112,11
crossing_90_c_08,62.062,3.25,0.244553,13
crossing_90_c_08,62.562,3,0.252246,12
crossing_90_c_08,63.062,2.25,0.241219,9
crossing_90_c_08,63.562,2.75,0.230044,11
crossing_90_c_08,64.062,2.75,0.213524,11
crossing_90_c_08,64.562,2.75,0.22812,11
crossing_90_c_08,65.062,2.75,0.214087,11
crossing_90_c_08,65.562,3.25,0.204955,13
crossing_90_c_08,66.062,3,0.18324,12
crossing_90_c_08,66.562,3,0.16347,12
crossing_90_c_08,67.062,3.25,0.165492,13
crossing_90_c_08,67.562,3.25,0.165909,13
crossing_90_c_08,68.062,3.25,0.160554,13
crossing_90_c_08,68.562,3.75,0.156774,15
crossing_90_c_08,69.062,3.25,0.134261,13
crossing_90_c_08,69.562,3.25,0.139269,13
crossing_90_c_08,70.062,3.25,0.135837,13
crossing_90_c_08,70.562,3.25,0.122694,13
crossing_90_c_08,71.062,3,0.141812,12
crossing_90_c_08,71.562,3,0.169384,12
crossing_90_c_08,72.062,3,0.171857,12
crossing_90_c_08,72.562,2.75,0.152575,11
crossing_90_c_08,73.062,3,0.192001,12
crossing_90_c_08,73.562,3,0.178662,12
crossing_90_c_08,74.062,3,0.195426,12
crossing_90_c_08,74.562,2.75,0.222576,11
crossing_90_c_08,75.062,3.5,0.205436,14
crossing_90_c_08,75.562,3.25,0.194889,13
crossing_90_c_08,76.062,3.25,0.172815,13
crossing_90_c_08,76.562,3,0.176418,12
crossing_90_c_08,77.062,2.75,0.202705,11
crossing_90_c_08,77.562,3,0.208165,12
crossing_90_c_08,78.062,3,0.198116,12
crossing_90_c_08,78.562,3,0.15976,12
crossing_90_c_08,79.062,3.25,0.147202,13
crossing_90_c_08,79.562,2.5,0.151976,10
crossing_90_c_08,80.062,2.75,0.212499,11
crossing_90_c_08,80.562,2.75,0.19863,11
crossing_90_c_08,81.062,3.5,0.177935,14
crossing_90_c_08,81.562,3.75,0.16788,15
crossing_90_c_08,82.062,3.5,0.182927,14
crossing_90_c_08,82.562,3,0.177145,12
crossing_90_c_08,83.062,2.5,0.20259,10
crossing_90_c_08,83.562,2.75,0.17389,11
crossing_90_c_08,84.062,3,0.204681,12
crossing_90_c_08,84.562,2.25,0.180074,9
crossing_90_c_08,85.062,2.25,0.179847,9
crossing_90_c_08,85.562,2.75,0.17941,11
crossing_90_c_08,86.062,2.5,0.220142,10
crossing_90_c_08,86.562,2.5,0.227834,10
crossing_90_c_08,87.062,2.75,0.210129,11
crossing_90_c_08,87.562,2.5,0.189142,10
crossing_90_c_08,88.062,3,0.205211,12
crossing_90_c_08,88.562,3.25,0.186873,13
crossing_90_c_08,89.062,3.5,0.176269,14
crossing_90_c_08,89.562,3.25,0.183811,13
crossing_90_c_08,90.062,3.25,0.212343,13
crossing_90_c_08,90.562,3.25,0.200134,13
crossing_90_c_08,91.062,3,0.169385,12
crossing_90_c_08,91.562,2.75,0.181922,11
crossing_90_c_08,92.062,2.5,0.19484,10
crossing_90_c_08,92.562,2.75,0.230125,11
crossing_90_c_08,93.062,3,0.215249,12
crossing_90_c_08,93.562,3,0.188268,12
crossing_90_c_08,94.062,3.75,0.210329,15
crossing_90_c_08,94.562,3,0.22207,12
crossing_90_c_08,95.062,3.25,0.239651,13
crossing_90_c_08,95.562,3.25,0.214763,13
crossing_90_c_08,96.062,3.5,0.195444,14
crossing_90_c_08,96.562,3.5,0.213876,14
crossing_90_c_08,97.062,2.75,0.207499,11
crossing_90_c_08,97.562,3.25,0.219897,13
crossing_90_c_08,98.062,3,0.195345,12
crossing_90_c_08,98.562,3.75,0.19664,15
crossing_90_c_08,99.062,3.75,0.198132,15
crossing_90_c_08,99.562,3.25,0.18712,13
crossing_90_c_08,100.062,3.25,0.181916,13
crossing_90_c_08,100.562,3.25,0.179589,13
crossing_90_c_08,101.062,3.25,0.18935,13
crossing_90_c_08,101.562,3.25,0.157045,13
crossing_90_c_08,102.062,3,0.189608,12
crossing_90_c_08,102.562,3.75,0.190398,15
crossing_90_c_08,103.062,3.5,0.15736,14
crossing_90_c_08,103.562,3.25,0.141663,13
crossing_90_c_08,104.062,3.5,0.175913,14
crossing_90_c_08,104.562,3.75,0.144633,15
crossing_90_c_08,105.062,3.5,0.144535,14
crossing_90_c_08,105.562,3.25,0.198801,13
crossing_90_c_08,106.062,3.25,0.204951,13
crossing_90_c_08,106.562,3.5,0.166184,14
crossing_90_c_08,107.062,3.5,0.16094,14
crossing_90_c_08,107.562,3.25,0.178201,13
crossing_90_c_08,108.062,3.5,0.197844,14
crossing_90_c_08,108.562,3.5,0.135832,14
crossing_90_c_08,109.062,3.5,0.132559,14
crossing_90_c_08,109.562,3.5,0.150896,14
crossing_90_c_08,110.062,3.5,0.152798,14
crossing_90_c_08,110.562,3.5,0.161391,14
crossing_90_c_08,111.062,3,0.159302,12
crossing_90_c_08,111.562,2.75,0.143476,11
crossing_90_c_08,112.062,3,0.175412,12
crossing_90_c_08,112.562,3,0.183292,12
crossing_90_c_08,113.062,3,0.180365,12
crossing_90_c_08,113.562,3,0.193587,12
crossing_90_c_08,114.062,3.5,0.191365,14
crossing_90_c_08,114.562,2.75,0.213546,11
crossing_90_c_08,115.062,2.5,0.222185,10
crossing_90_c_08,115.562,2.5,0.226464,10
crossing_90_c_08,116.062,3,0.237269,12
crossing_90_c_08,116.562,3,0.239983,12
crossing_90_c_08,117.062,2.5,0.235594,10
crossing_90_c_08,117.562,3,0.23483,12
crossing_90_c_08,118.062,2.75,0.232216,11
crossing_90_c_08,118.562,2.5,0.223806,10
crossing_90_c_08,119.062,2.5,0.207639,10
crossing_90_c_08,119.562,2.5,0.210248,10
crossing_90_c_08,120.062,3,0.172462,12
crossing_90_c_08,120.562,3,0.202666,12
crossing_90_c_08,121.062,2.75,0.202929,11
crossing_90_c_08,121.562,2.75,0.208019,11
crossing_90_c_08,122.062,3,0.211376,12
crossing_90_c_08,122.562,2.75,0.185634,11
crossing_90_c_08,123.062,2.75,0.188225,11
crossing_90_c_08,123.562,2,0.177552,8
crossing_90_c_08,124.062,2,0.211077,8
crossing_90_c_08,124.562,2,0.23388,8
crossing_90_c_08,125.062,2.75,0.241938,11
crossing_90_c_08,125.562,2.75,0.241082,11
crossing_90_c_08,126.062,2,0.253874,8
crossing_90_c_08,126.562,1.75,0.257478,7
crossing_90_c_08,127.062,1.5,0.299528,6
crossing_90_c_08,127.562,1.75,0.333537,7
crossing_90_c_08,128.062,2,0.329491,8
crossing_90_c_08,128.562,2,0.324294,8
crossing_90_c_08,129.062,1.25,0.329776,5
crossing_90_c_08,129.562,1.5,0.356227,6
crossing_90_c_08,130.062,1.25,0.441655,5
crossing_90_c_08,130.562,0.75,0.44475,3
crossing_90_c_08,131.062,0.75,0.46307,3
crossing_90_c_08,131.562,1,0.530294,4
crossing_90_c_08,132.062,0.25,0.519025,1
crossing_90_c_08,132.562,0.25,0.483365,1
crossing_90_c_08,133.062,0.25,0.456478,1
crossing_90_c_08,133.562,0.25,0.514208,1
crossing_90_c_08,134.062,0.25,0.561626,1
crossing_90_c_08,134.562,0.25,0.559295,1
crossing_90_c_08,135.062,0.25,0.569156,1
crossing_90_c_08,135.562,0.25,0.597098,1
crossing_90_c_08,136.062,0.25,0.634034,1
crossing_90_d_1,8.375,0.25,1.47627,1
crossing_90_d_1,8.875,0.75,1.44253,3
crossing_90_d_1,9.375,1.5,1.46969,6
crossing_90_d_1,9.875,1,1.45995,4
crossing_90_d_1,10.375,0.75,1.54028,3
crossing_90_d_1,10.875,0.25,1.89643,1
crossing_90_d_1,11.375,0.75,1.52349,3
crossing_90_d_1,11.875,0.5,1.44785,2
crossing_90_d_1,12.375,1,1.49512,4
crossing_90_d_1,12.875,0.75,1.55008,3
crossing_90_d_1,13.375,1,1.53291,4
crossing_90_d_1,13.875,1,1.62086,4
crossing_90_d_1,14.375,0.5,1.50725,2
crossing_90_d_1,14.875,0.25,1.7731,1
crossing_90_d_1,15.375,1,1.58359,4
crossing_90_d_1,15.875,1,1.52193,4
crossing_90_d_1,16.375,1,1.58536,4
crossing_90_d_1,16.875,0.75,1.80356,3
crossing_90_d_1,17.375,0.75,1.64287,3
crossing_90_d_1,17.875,0.75,1.7204,3
crossing_90_d_1,18.375,0.75,1.73345,3
crossing_90_d_1,18.875,0.5,1.65122,2
crossing_90_d_1,19.375,1,1.65215,4
crossing_90_d_1,19.875,0.5,1.75458,2
crossing_90_d_1,20.375,0.5,1.70987,2
crossing_90_d_1,20.875,0.25,1.64735,1
crossing_90_d_1,21.875,0.25,1.31524,1
crossing_90_d_1,22.375,0.25,1.48475,1
crossing_90_d_1,22.875,0.75,1.4668,3
crossing_90_d_1,23.375,0.5,1.4223,2
crossing_90_d_1,23.875,1,1.3002,4
crossing_90_d_1,24.375,1,1.31492,4
crossing_90_d_1,24.875,0.75,1.37316,3
crossing_90_d_1,25.875,0.5,1.60979,2
crossing_90_d_1,26.375,0.5,1.57144,2
crossing_90_d_1,26.875,1,1.29345,4
crossing_90_d_1,27.375,0.75,1.24026,3
crossing_90_d_1,27.875,0.75,1.31989,3
crossing_90_d_1,28.375,0.75,1.43907,3
crossing_90_d_1,28.875,0.75,1.32245,3
crossing_90_d_1,29.375,0.75,1.33748,3
crossing_90_d_1,29.875,1,1.33134,4
crossing_90_d_1,30.375,0.5,1.30781,2
crossing_90_d_1,30.875,1,1.23156,4
crossing_90_d_1,31.375,0.75,1.23538,3
crossing_90_d_1,31.875,1,1.25041,4
crossing_90_d_1,32.375,1,1.37871,4
crossing_90_d_1,32.875,1,1.3515,4
crossing_90_d_1,33.375,0.75,1.47164,3
crossing_90_d_1,33.875,0.5,1.48184,2
crossing_90_d_1,34.375,0.75,1.40372,3
crossing_90_d_1,34.875,0.5,1.49717,2
crossing_90_d_1,35.375,1,1.41975,4
crossing_90_d_1,35.875,0.75,1.45828,3
crossing_90_d_1,36.375,0.75,1.56233,3
crossing_90_d_1,36.875,0.25,1.59043,1
crossing_90_d_1,37.375,0.5,1.50258,2
crossing_90_d_1,37.875,0.25,1.56408,1
crossing_90_d_1,38.375,0.75,1.51573,3
crossing_90_d_1,38.875,0.75,1.46825,3
crossing_90_d_1,39.375,0.75,1.47039,3
crossing_90_d_1,39.875,0.5,1.49237,2
crossing_90_d_1,40.375,0.75,1.42477,3
crossing_90_d_1,40.875,0.5,1.4073,2
crossing_90_d_1,41.375,0.5,1.34479,2
crossing_90_d_1,41.875,0.75,1.41286,3
crossing_90_d_1,42.375,0.75,1.47613,3
crossing_90_d_1,42.875,0.75,1.50712,3
crossing_90_d_1,43.375,0.5,1.44668,2
crossing_90_d_1,43.875,0.5,1.51695,2
crossing_90_d_1,44.375,0.5,1.46895,2
crossing_90_d_1,44.875,1,1.45931,4
crossing_90_d_1,45.375,1,1.44835,4
crossing_90_d_1,45.875,0.75,1.48586,3
crossing_90_d_1,46.375,1,1.49897,4
crossing_90_d_1,46.875,1,1.4262,4
crossing_90_d_1,47.375,0.75,1.45002,3
crossing_90_d_1,47.875,0.25,1.41702,1
crossing_90_d_1,48.375,0.5,1.43421,2
crossing_90_d_1,48.875,0.5,1.41378,2
crossing_90_d_1,49.375,0.75,1.42516,3
crossing_90_d_1,49.875,0.5,1.37111,2
crossing_90_d_1,50.375,0.75,1.45856,3
crossing_90_d_1,50.875,0.5,1.49442,2
crossing_90_d_1,51.375,1.25,1.49148,5
crossing_90_d_1,51.875,0.75,1.53063,3
crossing_90_d_1,52.375,1.25,1.39198,5
crossing_90_d_1,52.875,0.75,1.53589,3
crossing_90_d_1,53.375,0.5,1.53222,2
crossing_90_d_1,54.375,0.25,1.49596,1
crossing_90_d_1,54.875,0.75,1.38218,3
crossing_90_d_1,55.375,0.75,1.42255,3
crossing_90_d_1,55.875,0.75,1.41046,3
crossing_90_d_1,56.375,0.5,1.53709,2
crossing_90_d_1,56.875,0.75,1.49236,3
crossing_90_d_1,57.375,0.5,1.46011,2
crossing_90_d_1,57.875,0.5,1.56258,2
crossing_90_d_1,58.375,0.5,1.54088,2
crossing_90_d_1,58.875,0.5,1.5036,2
crossing_90_d_1,59.375,0.25,1.6019,1
crossing_90_d_1,59.875,0.75,1.36539,3
crossing_90_d_1,60.375,0.5,1.33014,2
crossing_90_d_1,60.875,0.75,1.36434,3
crossing_90_d_1,61.375,0.5,1.36193,2
crossing_90_d_1,61.875,0.5,1.5586,2
crossing_90_d_1,62.375,0.75,1.30092,3
crossing_90_d_1,62.875,0.75,1.14263,3
crossing_90_d_1,63.375,1,1.22849,4
crossing_90_d_1,63.875,1,1.25786,4
crossing_90_d_1,64.375,1,1.38471,4
crossing_90_d_1,64.875,1,1.28769,4
crossing_90_d_1,65.375,1,1.27141,4
crossing_90_d_1,65.875,1.25,1.28144,5
crossing_90_d_1,66.375,1,1.37453,4
crossing_90_d_1,66.875,1.25,1.41861,5
crossing_90_d_1,67.375,0.75,1.43032,3
crossing_90_d_1,67.875,0.5,1.48467,2
crossing_90_d_1,68.375,0.5,1.42473,2
crossing_90_d_1,68.875,0.5,1.44297,2
crossing_90_d_1,69.375,0.75,1.45413,3
crossing_90_d_1,69.875,1,1.42017,4
crossing_90_d_1,70.375,0.75,1.20708,3
crossing_90_d_1,70.875,0.75,1.28239,3
crossing_90_d_1,71.375,1,1.34846,4
crossing_90_d_1,71.875,0.75,1.41749,3
crossing_90_d_1,72.375,0.75,1.47922,3
crossing_90_d_1,72.875,0.5,1.39533,2
crossing_90_d_1,73.375,0.5,1.44404,2
crossing_90_d_1,73.875,0.5,1.44442,2
crossing_90_d_1,74.375,0.5,1.51526,2
crossing_90_d_1,74.875,0.5,1.3653,2
crossing_90_d_1,75.375,0.75,1.59399,3
crossing_90_d_1,75.875,1.25,1.59444,5
crossing_90_d_1,76.375,1,1.5322,4
crossing_90_d_1,76.875,0.5,1.48515,2
crossing_90_d_1,77.375,0.5,1.57425,2
crossing_90_d_1,77.875,0.25,1.71673,1
crossing_90_d_1,78.375,0.5,1.29013,2
crossing_90_d_1,78.875,0.5,1.39692,2
crossing_90_d_1,79.375,0.5,1.45411,2
crossing_90_d_1,79.875,0.25,1.66531,1
crossing_90_d_1,80.375,0.5,1.66359,2
crossing_90_d_1,80.875,1,1.51817,4
crossing_90_d_1,81.375,0.75,1.46948,3
crossing_90_d_1,81.875,0.5,1.23373,2
crossing_90_d_1,82.375,1,1.30207,4
crossing_90_d_1,82.875,0.75,1.25664,3
crossing_90_d_1,83.375,0.75,1.29041,3
crossing_90_d_1,83.875,0.25,1.39714,1
crossing_90_d_1,84.375,0.5,1.3265,2
crossing_90_d_1,84.875,0.5,1.39606,2
crossing_90_d_1,85.375,0.75,1.39461,3
crossing_90_d_1,85.875,0.75,1.43684,3
crossing_90_d_1,86.375,0.75,1.41267,3
crossing_90_d_1,86.875,0.5,1.47668,2
crossing_90_d_1,87.375,0.25,1.44368,1
crossing_90_d_1,87.875,0.75,1.27978,3
crossing_90_d_1,88.375,0.5,1.15924,2
crossing_90_d_1,88.875,1,1.21834,4
crossing_90_d_1,89.375,0.75,1.23033,3
crossing_90_d_1,89.875,0.75,1.40285,3
crossing_90_d_1,90.375,0.75,1.47379,3
crossing_90_d_1,90.875,0.5,1.52311,2
crossing_90_d_1,91.375,0.5,1.25764,2
crossing_90_d_1,91.875,0.75,1.32778,3
crossing_90_d_1,92.375,0.75,1.37643,3
crossing_90_d_1,92.875,0.75,1.48854,3
crossing_90_d_1,93.375,0.5,1.56128,2
crossing_90_d_1,93.875,0.5,1.4694,2
crossing_90_d_1,94.375,0.25,1.32349,1
crossing_90_d_1,94.875,0.75,1.11954,3
crossing_90_d_1,95.375,1,1.32287,4
crossing_90_d_1,95.875,1,1.34589,4
crossing_90_d_1,96.375,1.25,1.27149,5
crossing_90_d_1,96.875,0.75,1.37393,3
crossing_90_d_1,97.375,0.75,1.34602,3
crossing_90_d_1,97.875,0.5,1.23472,2
crossing_90_d_1,98.375,0.75,1.34787,3
crossing_90_d_1,98.875,0.75,1.41005,3
crossing_90_d_1,99.375,0.5,1.45734,2
crossing_90_d_1,99.875,0.5,1.37577,2
crossing_90_d_1,100.375,1,1.34797,4
crossing_90_d_1,100.875,1.25,1.29469,5
crossing_90_d_1,101.375,1,1.31837,4
crossing_90_d_1,101.875,1,1.34803,4
crossing_90_d_1,102.375,0.5,1.29556,2
crossing_90_d_1,102.875,1,1.12497,4
crossing_90_d_1,103.375,1,1.30482,4
crossing_90_d_1,103.875,1.5,1.17817,6
crossing_90_d_1,104.375,1,1.09775,4
crossing_90_d_1,104.875,1,1.14298,4
crossing_90_d_1,105.375,1.25,1.24637,5
crossing_90_d_1,105.875,1,1.23442,4
crossing_90_d_1,106.375,1.25,1.22452,5
crossing_90_d_1,106.875,0.75,1.22026,3
crossing_90_d_1,107.375,1,1.28598,4
crossing_90_d_1,107.875,0.5,1.29419,2
crossing_90_d_1,108.375,1,1.18301,4
crossing_90_d_1,108.875,1.25,1.28722,5
crossing_90_d_1,109.375,1,1.29821,4
crossing_90_d_1,109.875,1,1.18519,4
crossing_90_d_1,110.375,0.75,1.12927,3
crossing_90_d_1,110.875,1.5,1.16333,6
crossing_90_d_1,111.375,1.5,1.00979,6
crossing_90_d_1,111.875,1.5,1.0584,6
crossing_90_d_1,112.375,1.5,0.976511,6
crossing_90_d_1,112.875,2.25,0.932388,9
crossing_90_d_1,113.375,2.25,0.957172,9
crossing_90_d_1,113.875,2.25,0.985275,9
crossing_90_d_1,114.375,2,0.912256,8
crossing_90_d_1,114.875,2.25,0.893493,9
crossing_90_d_1,115.375,2,0.824681,8
crossing_90_d_1,115.875,2.25,0.672894,9
crossing_90_d_1,116.375,2.5,0.69088,10
crossing_90_d_1,116.875,2.25,0.698224,9
crossing_90_d_1,117.375,2.25,0.712006,9
crossing_90_d_1,117.875,2.5,0.730924,10
crossing_90_d_1,118.375,2.5,0.678426,10
crossing_90_d_1,118.875,2,0.663295,8
crossing_90_d_1,119.375,2.5,0.697605,10
crossing_90_d_1,119.875,2.75,0.7566,11
crossing_90_d_1,120.375,3,0.700474,12
crossing_90_d_1,120.875,2.75,0.655089,11
crossing_90_d_1,121.375,2.25,0.655821,9
crossing_90_d_1,121.875,2.75,0.657971,11
crossing_90_d_1,122.375,3.25,0.677189,13
crossing_90_d_1,122.875,2.75,0.610825,11
crossing_90_d_1,123.375,3.25,0.668586,13
crossing_90_d_1,123.875,3,0.649342,12
crossing_90_d_1,124.375,3,0.58222,12
crossing_90_d_1,124.875,3,0.572779,12
crossing_90_d_1,125.375,3.25,0.602674,13
crossing_90_d_1,125.875,4,0.555614,16
crossing_90_d_1,126.375,3.75,0.505874,15
crossing_90_d_1,126.875,3.5,0.480015,14
crossing_90_d_1,127.375,4,0.495061,16
crossing_90_d_1,127.875,3.75,0.537461,15
crossing_90_d_1,128.375,4.25,0.522611,17
crossing_90_d_1,128.875,3.75,0.521732,15
crossing_90_d_1,129.375,3.5,0.5578,14
crossing_90_d_1,129.875,2.75,0.538741,11
crossing_90_d_1,130.375,3.5,0.624518,14
crossing_90_d_1,130.875,3.25,0.644054,13
crossing_90_d_1,131.375,3,0.670876,12
crossing_90_d_1,131.875,3,0.725335,12
crossing_90_d_1,132.375,2.5,0.73979,10
crossing_90_d_1,132.875,2.5,0.756832,10
crossing_90_d_1,133.375,2,0.790897,8
crossing_90_d_1,133.875,2,0.807464,8
crossing_90_d_1,134.375,2.25,0.718283,9
crossing_90_d_1,134.875,2.5,0.704617,10
crossing_90_d_1,135.375,3,0.651665,12
crossing_90_d_1,135.875,3,0.644752,12
crossing_90_d_1,136.375,3,0.600881,12
crossing_90_d_1,136.875,3.25,0.562125,13
crossing_90_d_1,137.375,3,0.519383,12
crossing_90_d_1,137.875,2.75,0.454689,11
crossing_90_d_1,138.375,3,0.436226,12
crossing_90_d_1,138.875,4,0.406324,16
crossing_90_d_1,139.375,3,0.400893,12
crossing_90_d_1,139.875,3.25,0.42788,13
crossing_90_d_1,140.375,3.75,0.431445,15
crossing_90_d_1,140.875,3.75,0.427513,15
crossing_90_d_1,141.375,3,0.416948,12
crossing_90_d_1,141.875,3.75,0.450359,15
crossing_90_d_1,142.375,3.5,0.428822,14
crossing_90_d_1,142.875,3.5,0.418607,14
crossing_90_d_1,143.375,4,0.452117,16
crossing_90_d_1,143.875,3.75,0.465651,15
crossing_90_d_1,144.375,3.5,0.448966,14
crossing_90_d_1,144.875,3.5,0.446084,14
crossing_90_d_1,145.375,3.75,0.429136,15
crossing_90_d_1,145.875,4,0.399294,16
crossing_90_d_1,146.375,4.5,0.397549,18
crossing_90_d_1,146.875,4.25,0.384571,17
crossing_90_d_1,147.375,4.25,0.402947,17
crossing_90_d_1,147.875,4.5,0.41206,18
crossing_90_d_1,148.375,4.25,0.428742,17
crossing_90_d_1,148.875,4.25,0.47118,17
crossing_90_d_1,149.375,4,0.485228,16
crossing_90_d_1,149.875,3.25,0.520323,13
crossing_90_d_1,150.375,3.75,0.56824,15
crossing_90_d_1,150.875,3,0.588118,12
crossing_90_d_1,151.375,2.5,0.591182,10
crossing_90_d_1,151.875,2.25,0.647312,9
crossing_90_d_1,152.375,3,0.628512,12
crossing_90_d_1,152.875,2.75,0.637522,11
crossing_90_d_1,153.375,2.75,0.609962,11
crossing_90_d_1,153.875,3,0.564762,12
crossing_90_d_1,154.375,2.75,0.541498,11
crossing_90_d_1,154.875,3,0.636588,12
crossing_90_d_1,155.375,3,0.478579,12
crossing_90_d_1,155.875,2.75,0.438218,11
crossing_90_d_1,156.375,3.25,0.477767,13
crossing_90_d_1,156.875,3,0.479051,12
crossing_90_d_1,157.375,3.5,0.437593,14
crossing_90_d_1,157.875,3.5,0.441847,14
crossing_90_d_1,158.375,3,0.485823,12
crossing_90_d_1,158.875,3.5,0.469842,14
crossing_90_d_1,159.375,3.25,0.515467,13
crossing_90_d_1,159.875,3,0.543656,12
crossing_90_d_1,160.375,2.75,0.583876,11
crossing_90_d_1,160.875,3,0.610487,12
crossing_90_d_1,161.375,2.75,0.637058,11
crossing_90_d_1,161.875,2.5,0.670228,10
crossing_90_d_1,162.375,2.25,0.73266,9
crossing_90_d_1,162.875,2.25,0.710623,9
crossing_90_d_1,163.375,2.25,0.602605,9
crossing_90_d_1,163.875,2.25,0.614814,9
crossing_90_d_1,164.375,2.25,0.634803,9
crossing_90_d_1,164.875,2.5,0.659759,10
crossing_90_d_1,165.375,2.25,0.604734,9
crossing_90_d_1,165.875,3,0.624864,12
crossing_90_d_1,166.375,3,0.64467,12
crossing_90_d_1,166.875,2.75,0.654861,11
crossing_90_d_1,167.375,2.25,0.573246,9
crossing_90_d_1,167.875,1.75,0.604597,7
crossing_90_d_1,168.375,2,0.702173,8
crossing_90_d_1,168.875,2,0.675554,8
crossing_90_d_1,169.375,1.5,0.749523,6
crossing_90_d_1,169.875,1.5,0.721245,6
crossing_90_d_1,170.375,2.5,0.784764,10
crossing_90_d_1,170.875,2,0.815012,8
crossing_90_d_1,171.375,2.25,0.799703,9
crossing_90_d_1,171.875,2,0.860271,8
crossing_90_d_1,172.375,2,0.834286,8
crossing_90_d_1,172.875,1.5,0.813678,6
crossing_90_d_1,173.375,1.75,0.816013,7
crossing_90_d_1,173.875,1.25,0.858702,5
crossing_90_d_1,174.375,1.5,0.880762,6
crossing_90_d_1,174.875,1.25,0.787684,5
crossing_90_d_1,175.375,1.25,0.771891,5
crossing_90_d_1,175.875,1.25,0.861412,5
crossing_90_d_1,176.375,1.5,0.81818,6
crossing_90_d_1,176.875,1.5,0.794947,6
crossing_90_d_1,177.375,1.5,0.815332,6
crossing_90_d_1,177.875,1.5,0.779803,6
crossing_90_d_1,178.375,1.25,0.699046,5
crossing_90_d_1,178.875,1.75,0.656826,7
crossing_90_d_1,179.375,1.75,0.67322,7
crossing_90_d_1,179.875,1.75,0.77434,7
crossing_90_d_1,180.375,1.75,0.763981,7
crossing_90_d_1,180.875,1.75,0.766181,7
crossing_90_d_1,181.375,1.25,0.718691,5
crossing_90_d_1,181.875,1.75,0.731881,7
crossing_90_d_1,182.375,2,0.72888,8
crossing_90_d_1,182.875,1.5,0.705237,6
crossing_90_d_1,183.375,1.25,0.701341,5
crossing_90_d_1,183.875,1.75,0.695959,7
crossing_90_d_1,184.375,1.75,0.705219,7
crossing_90_d_1,184.875,1,0.689888,4
crossing_90_d_1,185.375,0.75,0.730339,3
crossing_90_d_1,185.875,0.75,0.778591,3
crossing_90_d_1,186.375,1,0.790024,4
crossing_90_d_1,186.875,0.5,0.79349,2
crossing_90_d_1,187.375,0.5,0.822797,2
crossing_90_d_1,187.875,0.5,0.803715,2
crossing_90_d_1,188.375,0.25,0.79603,1
crossing_90_d_2,6.312,0.25,1.46419,1
crossing_90_d_2,6.812,0.25,1.44821,1
crossing_90_d_2,7.312,0.25,1.45666,1
crossing_90_d_2,8.312,0.25,1.34263,1
crossing_90_d_2,8.812,0.5,1.51685,2
crossing_90_d_2,9.312,1.25,1.4418,5
crossing_90_d_2,9.812,0.75,1.38494,3
crossing_90_d_2,10.312,0.75,1.41076,3
crossing_90_d_2,10.812,0.25,1.51876,1
crossing_90_d_2,11.312,0.75,1.36759,3
crossing_90_d_2,11.812,1,1.06487,4
crossing_90_d_2,12.312,1.25,1.10145,5
crossing_90_d_2,12.812,1,1.11487,4
crossing_90_d_2,13.312,1,1.22708,4
crossing_90_d_2,13.812,1,1.26414,4
crossing_90_d_2,14.312,1.25,1.26289,5
crossing_90_d_2,14.812,1.5,1.23311,6
crossing_90_d_2,15.312,1.25,1.37082,5
crossing_90_d_2,15.812,1,1.39329,4
crossing_90_d_2,16.312,1.25,1.47132,5
crossing_90_d_2,16.812,1.25,1.34392,5
crossing_90_d_2,17.312,0.75,1.32043,3
crossing_90_d_2,17.812,1.5,1.30083,6
crossing_90_d_2,18.312,1.5,1.35481,6
crossing_90_d_2,18.812,1.25,1.32997,5
crossing_90_d_2,19.312,0.75,1.11414,3
crossing_90_d_2,19.812,1.75,1.05726,7
crossing_90_d_2,20.312,1.5,1.09559,6
crossing_90_d_2,20.812,1,1.17482,4
crossing_90_d_2,21.312,1,1.37024,4
crossing_90_d_2,21.812,0.5,1.47935,2
crossing_90_d_2,22.312,1,1.612,4
crossing_90_d_2,22.812,1.25,1.42959,5
crossing_90_d_2,23.312,0.75,1.38771,3
crossing_90_d_2,23.812,0.75,1.30204,3
crossing_90_d_2,24.312,0.75,1.12941,3
crossing_90_d_2,24.812,1,1.19389,4
crossing_90_d_2,25.312,1.25,1.25493,5
crossing_90_d_2,25.812,1.25,1.23596,5
crossing_90_d_2,26.312,1.5,1.22795,6
crossing_90_d_2,26.812,1,1.15876,4
crossing_90_d_2,27.312,0.75,1.12559,3
crossing_90_d_2,27.812,1,1.20028,4
crossing_90_d_2,28.312,1.5,1.28324,6
crossing_90_d_2,28.812,1.25,1.29145,5
crossing_90_d_2,29.312,0.75,1.38605,3
crossing_90_d_2,29.812,0.75,1.47152,3
crossing_90_d_2,30.312,0.75,1.50594,3
crossing_90_d_2,30.812,1,1.55424,4
crossing_90_d_2,31.312,0.5,1.52688,2
crossing_90_d_2,31.812,1.25,1.24855,5
crossing_90_d_2,32.312,1,1.2498,4
crossing_90_d_2,32.812,1.25,1.28251,5
crossing_90_d_2,33.312,1.25,1.32429,5
crossing_90_d_2,33.812,1.25,1.48538,5
crossing_90_d_2,34.312,0.75,1.69067,3
crossing_90_d_2,34.812,0.5,1.61006,2
crossing_90_d_2,35.312,1,1.39268,4
crossing_90_d_2,35.812,1.25,1.32646,5
crossing_90_d_2,36.312,1,1.23081,4
crossing_90_d_2,36.812,1,1.18915,4
crossing_90_d_2,37.312,0.75,1.23289,3
crossing_90_d_2,37.812,0.75,1.33816,3
crossing_90_d_2,38.312,1,1.44783,4
crossing_90_d_2,38.812,1.25,1.35955,5
crossing_90_d_2,39.312,1.25,1.48203,5
crossing_90_d_2,39.812,1.5,1.34349,6
crossing_90_d_2,40.312,1.5,1.36031,6
crossing_90_d_2,40.812,1.25,1.35402,5
crossing_90_d_2,41.312,1,1.51358,4
crossing_90_d_2,41.812,0.75,1.46639,3
crossing_90_d_2,42.312,1,1.29231,4
crossing_90_d_2,42.812,0.75,1.34796,3
crossing_90_d_2,43.312,1.5,1.30204,6
crossing_90_d_2,43.812,0.75,1.35219,3
crossing_90_d_2,44.312,1.25,1.37719,5
crossing_90_d_2,44.812,0.75,1.16459,3
crossing_90_d_2,45.312,1,1.30846,4
crossing_90_d_2,45.812,0.75,1.30978,3
crossing_90_d_2,46.312,0.75,1.42933,3
crossing_90_d_2,46.812,0.5,1.4097,2
crossing_90_d_2,47.312,0.75,1.3407,3
crossing_90_d_2,47.812,0.5,1.42365,2
crossing_90_d_2,48.312,0.5,1.39055,2
crossing_90_d_2,48.812,0.25,1.41485,1
crossing_90_d_2,49.312,0.75,1.38604,3
crossing_90_d_2,49.812,0.75,1.18925,3
crossing_90_d_2,50.312,0.75,1.1082,3
crossing_90_d_2,50.812,1.25,1.20516,5
crossing_90_d_2,51.312,0.75,1.2705,3
crossing_90_d_2,51.812,1.25,1.2069,5
crossing_90_d_2,52.312,1.5,1.07837,6
crossing_90_d_2,52.812,1.5,1.17318,6
crossing_90_d_2,53.312,1.25,0.989141,5
crossing_90_d_2,53.812,1.5,1.05611,6
crossing_90_d_2,54.312,1.75,1.07234,7
crossing_90_d_2,54.812,1.5,1.10662,6
crossing_90_d_2,55.312,0.75,1.30012,3
crossing_90_d_2,55.812,1,1.32986,4
crossing_90_d_2,56.312,1.25,1.2195,5
crossing_90_d_2,56.812,1.25,1.21923,5
crossing_90_d_2,57.312,1,1.21382,4
crossing_90_d_2,57.812,1.25,1.25242,5
crossing_90_d_2,58.312,1.25,1.30199,5
crossing_90_d_2,58.812,1,1.28788,4
crossing_90_d_2,59.312,0.75,1.35181,3
crossing_90_d_2,59.812,0.75,1.26295,3
crossing_90_d_2,60.312,0.75,1.24978,3
crossing_90_d_2,60.812,0.25,1.25895,1
crossing_90_d_2,61.312,0.75,1.28417,3
crossing_90_d_2,61.812,0.75,1.31839,3
crossing_90_d_2,62.312,1.5,1.30931,6
crossing_90_d_2,62.812,1,1.39289,4
crossing_90_d_2,63.312,1.25,1.39299,5
crossing_90_d_2,63.812,0.75,1.39629,3
crossing_90_d_2,64.312,1.25,1.35224,5
crossing_90_d_2,64.812,1.5,1.19509,6
crossing_90_d_2,65.312,1.5,1.24044,6
crossing_90_d_2,65.812,1.25,1.29381,5
crossing_90_d_2,66.312,0.75,1.31934,3
crossing_90_d_2,66.812,0.75,1.29032,3
crossing_90_d_2,67.312,1.25,1.27245,5
crossing_90_d_2,67.812,1.25,1.22637,5
crossing_90_d_2,68.312,1.25,1.31822,5
crossing_90_d_2,68.812,1,1.29083,4
crossing_90_d_2,69.312,0.5,1.19695,2
crossing_90_d_2,69.812,0.75,1.32175,3
crossing_90_d_2,70.312,0.75,1.32948,3
crossing_90_d_2,70.812,1.25,1.08271,5
crossing_90_d_2,71.312,1.25,1.00426,5
crossing_90_d_2,71.812,1.5,1.07167,6
crossing_90_d_2,72.312,1.75,1.0881,7
crossing_90_d_2,72.812,1.5,1.15112,6
crossing_90_d_2,73.312,0.75,1.09135,3
crossing_90_d_2,73.812,1,1.19223,4
crossing_90_d_2,74.312,1.25,1.28588,5
crossing_90_d_2,74.812,1,1.28718,4
crossing_90_d_2,75.312,0.5,1.28013,2
crossing_90_d_2,75.812,0.5,1.21711,2
crossing_90_d_2,76.312,0.75,1.52479,3
crossing_90_d_2,76.812,1.25,1.3759,5
crossing_90_d_2,77.312,1,1.3642,4
crossing_90_d_2,77.812,0.5,1.57002,2
crossing_90_d_2,78.312,0.75,1.5245,3
crossing_90_d_2,78.812,1,1.33474,4
crossing_90_d_2,79.312,1.5,1.38685,6
crossing_90_d_2,79.812,1.25,1.36787,5
crossing_90_d_2,80.312,1,1.31329,4
crossing_90_d_2,80.812,1.25,1.29481,5
crossing_90_d_2,81.312,1.25,1.29834,5
crossing_90_d_2,81.812,1,1.50826,4
crossing_90_d_2,82.312,0.75,1.33004,3
crossing_90_d_2,82.812,0.5,1.38355,2
crossing_90_d_2,83.312,1,1.44022,4
crossing_90_d_2,83.812,0.5,1.46666,2
crossing_90_d_2,84.312,1,1.51743,4
crossing_90_d_2,84.812,1,1.12091,4
crossing_90_d_2,85.312,0.5,0.828113,2
crossing_90_d_2,85.812,0.75,1.10504,3
crossing_90_d_2,86.312,0.75,1.2446,3
crossing_90_d_2,86.812,0.25,1.56659,1
crossing_90_d_2,87.312,1,1.39058,4
crossing_90_d_2,87.812,1,1.36832,4
crossing_90_d_2,88.312,1,1.40789,4
crossing_90_d_2,88.812,1,1.38185,4
crossing_90_d_2,89.312,1.25,1.36793,5
crossing_90_d_2,89.812,1,1.34504,4
crossing_90_d_2,90.312,1,1.46286,4
crossing_90_d_2,90.812,0.5,1.49882,2
crossing_90_d_2,91.312,0.75,1.41981,3
crossing_90_d_2,91.812,0.5,1.42835,2
crossing_90_d_2,92.312,0.5,1.43934,2
crossing_90_d_2,92.812,0.75,1.25215,3
crossing_90_d_2,93.312,1,1.24822,4
crossing_90_d_2,93.812,1.25,1.23011,5
crossing_90_d_2,94.312,1.25,1.13233,5
crossing_90_d_2,94.812,1,0.979694,4
crossing_90_d_2,95.312,1,0.972472,4
crossing_90_d_2,95.812,1,1.03666,4
crossing_90_d_2,96.312,1.25,1.12952,5
crossing_90_d_2,96.812,1.25,1.11499,5
crossing_90_d_2,97.312,1.25,1.08926,5
crossing_90_d_2,97.812,1.25,1.23175,5
crossing_90_d_2,98.312,1,1.22672,4
crossing_90_d_2,98.812,1,1.39892,4
crossing_90_d_2,99.312,1,1.40562,4
crossing_90_d_2,99.812,1.25,1.34183,5
crossing_90_d_2,100.312,1.25,1.37428,5
crossing_90_d_2,100.812,0.5,1.39695,2
crossing_90_d_2,101.312,1,1.45346,4
crossing_90_d_2,101.812,0.75,1.31585,3
crossing_90_d_2,102.312,1.25,1.26293,5
crossing_90_d_2,102.812,0.75,1.20514,3
crossing_90_d_2,103.312,0.75,1.23357,3
crossing_90_d_2,103.812,0.5,1.27688,2
crossing_90_d_2,104.312,0.5,1.26547,2
crossing_90_d_2,104.812,0.5,1.21349,2
crossing_90_d_2,105.312,0.5,1.28107,2
crossing_90_d_2,105.812,0.75,1.31701,3
crossing_90_d_2,106.312,0.5,1.18394,2
crossing_90_d_2,106.812,1.25,1.06011,5
crossing_90_d_2,107.312,1.25,1.15894,5
crossing_90_d_2,107.812,1.5,1.23242,6
crossing_90_d_2,108.312,1.25,1.2648,5
crossing_90_d_2,108.812,0.75,1.2653,3
crossing_90_d_2,109.312,0.75,1.33166,3
crossing_90_d_2,109.812,0.75,1.37151,3
crossing_90_d_2,110.312,0.75,1.26681,3
crossing_90_d_2,110.812,1.5,1.25016,6
crossing_90_d_2,111.312,1.25,1.18326,5
crossing_90_d_2,111.812,1.5,1.232,6
crossing_90_d_2,112.312,0.75,1.42842,3
crossing_90_d_2,112.812,1.25,1.19404,5
crossing_90_d_2,113.312,1,0.994197,4
crossing_90_d_2,113.812,1,1.06144,4
crossing_90_d_2,114.312,1.5,1.07236,6
crossing_90_d_2,114.812,1.25,1.12759,5
crossing_90_d_2,115.312,1.25,1.20429,5
crossing_90_d_2,115.812,1,1.18736,4
crossing_90_d_2,116.312,1,1.13464,4
crossing_90_d_2,116.812,1.25,1.20158,5
crossing_90_d_2,117.312,1.25,1.27129,5
crossing_90_d_2,117.812,1.25,1.17584,5
crossing_90_d_2,118.312,1,1.18726,4
crossing_90_d_2,118.812,1,1.23317,4
crossing_90_d_2,119.312,0.75,1.37166,3
crossing_90_d_2,119.812,1,1.1282,4
crossing_90_d_2,120.312,1,1.06862,4
crossing_90_d_2,120.812,0.75,1.11042,3
crossing_90_d_2,121.312,0.75,1.23331,3
crossing_90_d_2,121.812,1,1.25226,4
crossing_90_d_2,122.312,1,1.25547,4
crossing_90_d_2,122.812,1.25,1.26378,5
crossing_90_d_2,123.312,1,1.18082,4
crossing_90_d_2,123.812,0.75,1.18452,3
crossing_90_d_2,124.312,1,1.24434,4
crossing_90_d_2,124.812,0.5,1.20328,2
crossing_90_d_2,125.312,1,1.41312,4
crossing_90_d_2,125.812,1,1.50792,4
crossing_90_d_2,126.312,0.75,1.27537,3
crossing_90_d_2,126.812,0.75,1.34652,3
crossing_90_d_2,127.312,1.25,1.06234,5
crossing_90_d_2,127.812,1.75,0.959155,7
crossing_90_d_2,128.312,1.5,1.0056,6
crossing_90_d_2,128.812,1.25,1.01668,5
crossing_90_d_2,129.312,2,0.998455,8
crossing_90_d_2,129.812,1.75,0.98332,7
crossing_90_d_2,130.312,1.75,0.951761,7
crossing_90_d_2,130.812,2,0.962331,8
crossing_90_d_2,131.312,1.5,0.995488,6
crossing_90_d_2,131.812,2.25,1.0138,9
crossing_90_d_2,132.312,1.5,0.945289,6
crossing_90_d_2,132.812,2,0.933864,8
crossing_90_d_2,133.312,2,0.774099,8
crossing_90_d_2,133.812,2.5,0.906342,10
crossing_90_d_2,134.312,2.25,0.923078,9
crossing_90_d_2,134.812,2,0.905598,8
crossing_90_d_2,135.312,1.75,0.973558,7
crossing_90_d_2,135.812,2.25,0.99764,9
crossing_90_d_2,136.312,1.75,0.968233,7
crossing_90_d_2,136.812,2,0.977947,8
crossing_90_d_2,137.312,2.75,0.900503,11
crossing_90_d_2,137.812,2.25,0.860558,9
crossing_90_d_2,138.312,2.25,0.786869,9
crossing_90_d_2,138.812,2.5,0.779514,10
crossing_90_d_2,139.312,2.5,0.647956,10
crossing_90_d_2,139.812,2.5,0.65381,10
crossing_90_d_2,140.312,2.5,0.742194,10
crossing_90_d_2,140.812,2.75,0.725565,11
crossing_90_d_2,141.312,2.75,0.661811,11
crossing_90_d_2,141.812,2.75,0.605817,11
crossing_90_d_2,142.312,2.25,0.568682,9
crossing_90_d_2,142.812,2.75,0.68385,11
crossing_90_d_2,143.312,2.25,0.712378,9
crossing_90_d_2,143.812,2,0.744921,8
crossing_90_d_2,144.312,2.25,0.704664,9
crossing_90_d_2,144.812,1.75,0.729194,7
crossing_90_d_2,145.312,2,0.815841,8
crossing_90_d_2,145.812,2.5,0.701344,10
crossing_90_d_2,146.312,2.25,0.748702,9
crossing_90_d_2,146.812,2.25,0.657323,9
crossing_90_d_2,147.312,2.25,0.630351,9
crossing_90_d_2,147.812,2.25,0.634416,9
crossing_90_d_2,148.312,2.75,0.525329,11
crossing_90_d_2,148.812,3,0.603014,12
crossing_90_d_2,149.312,3.25,0.608891,13
crossing_90_d_2,149.812,3,0.646846,12
crossing_90_d_2,150.312,2.75,0.633347,11
crossing_90_d_2,150.812,3,0.646102,12
crossing_90_d_2,151.312,3.5,0.612175,14
crossing_90_d_2,151.812,3,0.704334,12
crossing_90_d_2,152.312,2.75,0.540826,11
crossing_90_d_2,152.812,3,0.563079,12
crossing_90_d_2,153.312,2.5,0.489887,10
crossing_90_d_2,153.812,3,0.555922,12
crossing_90_d_2,154.312,2.5,0.445948,10
crossing_90_d_2,154.812,3.25,0.481724,13
crossing_90_d_2,155.312,3.5,0.437409,14
crossing_90_d_2,155.812,3.25,0.417401,13
crossing_90_d_2,156.312,3.5,0.417854,14
crossing_90_d_2,156.812,3.5,0.386172,14
crossing_90_d_2,157.312,3.5,0.390556,14
crossing_90_d_2,157.812,3.25,0.380223,13
crossing_90_d_2,158.312,3.25,0.359174,13
crossing_90_d_2,158.812,3.25,0.370641,13
crossing_90_d_2,159.312,3.25,0.354296,13
crossing_90_d_2,159.812,3,0.436805,12
crossing_90_d_2,160.312,2.5,0.466316,10
crossing_90_d_2,160.812,3,0.442374,12
crossing_90_d_2,161.312,2.75,0.437844,11
crossing_90_d_2,161.812,3,0.379601,12
crossing_90_d_2,162.312,3.25,0.384638,13
crossing_90_d_2,162.812,4,0.395422,16
crossing_90_d_2,163.312,4,0.354824,16
crossing_90_d_2,163.812,4,0.348901,16
crossing_90_d_2,164.312,3.75,0.332085,15
crossing_90_d_2,164.812,3.75,0.339651,15
crossing_90_d_2,165.312,4,0.357481,16
crossing_90_d_2,165.812,3.5,0.343926,14
crossing_90_d_2,166.312,3.5,0.414671,14
crossing_90_d_2,166.812,3,0.421061,12
crossing_90_d_2,167.312,3.25,0.523967,13
crossing_90_d_2,167.812,2.75,0.58383,11
crossing_90_d_2,168.312,2.5,0.738392,10
crossing_90_d_2,168.812,2.5,0.671167,10
crossing_90_d_2,169.312,2.5,0.633196,10
crossing_90_d_2,169.812,2.25,0.539558,9
crossing_90_d_2,170.312,2.5,0.585238,10
crossing_90_d_2,170.812,3.25,0.669289,13
crossing_90_d_2,171.312,2.75,0.713464,11
crossing_90_d_2,171.812,2.25,0.752698,9
crossing_90_d_2,172.312,2.25,0.766774,9
crossing_90_d_2,172.812,2,0.799682,8
crossing_90_d_2,173.312,1.75,0.797266,7
crossing_90_d_2,173.812,1.75,0.783316,7
crossing_90_d_2,174.312,1.25,0.808415,5
crossing_90_d_2,174.812,1.25,0.838611,5
crossing_90_d_2,175.312,1,0.802431,4
crossing_90_d_2,175.812,1,0.800281,4
crossing_90_d_2,176.312,0.5,0.828123,2
crossing_90_d_2,176.812,1,0.820359,4
crossing_90_d_2,177.312,1.25,0.825068,5
crossing_90_d_2,177.812,0.75,0.857699,3
crossing_90_d_2,178.312,0.75,0.862971,3
crossing_90_d_2,178.812,0.75,0.859863,3
crossing_90_d_3,7.188,0.25,1.75901,1
crossing_90_d_3,7.688,0.25,1.77846,1
crossing_90_d_3,8.188,0.25,1.81922,1
crossing_90_d_3,8.688,1,1.53367,4
crossing_90_d_3,9.188,1.25,1.37029,5
crossing_90_d_3,9.688,1.75,1.34475,7
crossing_90_d_3,10.188,1.25,1.38884,5
crossing_90_d_3,10.688,1.25,1.46698,5
crossing_90_d_3,11.188,0.75,1.42133,3
crossing_90_d_3,11.688,1.25,1.30621,5
crossing_90_d_3,12.188,1.25,1.22665,5
crossing_90_d_3,12.688,1.25,1.18452,5
crossing_90_d_3,13.188,1.25,1.1277,5
crossing_90_d_3,13.688,1.5,1.15756,6
crossing_90_d_3,14.188,1.75,1.25669,7
crossing_90_d_3,14.688,1.25,1.22672,5
crossing_90_d_3,15.188,1.25,1.16293,5
crossing_90_d_3,15.688,1.25,1.29241,5
crossing_90_d_3,16.188,1.25,1.29295,5
crossing_90_d_3,16.688,1,1.30993,4
crossing_90_d_3,17.188,0.75,1.31407,3
crossing_90_d_3,17.688,1.25,1.30846,5
crossing_90_d_3,18.188,1,1.27309,4
crossing_90_d_3,18.688,1.25,1.16307,5
crossing_90_d_3,19.188,1,1.11785,4
crossing_90_d_3,19.688,0.75,1.23775,3
crossing_90_d_3,20.188,0.5,1.18196,2
crossing_90_d_3,20.688,1.25,1.24029,5
crossing_90_d_3,21.188,1,1.26319,4
crossing_90_d_3,21.688,1.5,1.14079,6
crossing_90_d_3,22.188,1.25,1.00533,5
crossing_90_d_3,22.688,1.25,0.905024,5
crossing_90_d_3,23.188,1.25,1.00568,5
crossing_90_d_3,23.688,1.25,1.03593,5
crossing_90_d_3,24.188,1.5,0.902076,6
crossing_90_d_3,24.688,2,0.807077,8
crossing_90_d_3,25.188,2,0.876107,8
crossing_90_d_3,25.688,1.75,1.01753,7
crossing_90_d_3,26.188,1.5,1.11906,6
crossing_90_d_3,26.688,0.75,1.24156,3
crossing_90_d_3,27.188,1.25,0.898845,5
crossing_90_d_3,27.688,1.75,0.907618,7
crossing_90_d_3,28.188,2.25,0.756889,9
crossing_90_d_3,28.688,2,0.747798,8
crossing_90_d_3,29.188,1.5,0.751561,6
crossing_90_d_3,29.688,1.5,0.788995,6
crossing_90_d_3,30.188,1.25,0.727495,5
crossing_90_d_3,30.688,1,0.746013,4
crossing_90_d_3,31.188,1,0.894246,4
crossing_90_d_3,31.688,1.5,0.92815,6
crossing_90_d_3,32.188,1.75,0.868926,7
crossing_90_d_3,32.688,1.75,0.935249,7
crossing_90_d_3,33.188,1.5,1.06075,6
crossing_90_d_3,33.688,1.75,1.02283,7
crossing_90_d_3,34.188,1.5,1.00058,6
crossing_90_d_3,34.688,1.5,0.92941,6
crossing_90_d_3,35.188,2,0.91917,8
crossing_90_d_3,35.688,1.75,0.957175,7
crossing_90_d_3,36.188,1.5,0.965371,6
crossing_90_d_3,36.688,1.75,0.915455,7
crossing_90_d_3,37.188,2,0.831287,8
crossing_90_d_3,37.688,2,0.852513,8
crossing_90_d_3,38.188,1.75,0.908101,7
crossing_90_d_3,38.688,1.5,1.04624,6
crossing_90_d_3,39.188,1.25,1.1831,5
crossing_90_d_3,39.688,1,1.11112,4
crossing_90_d_3,40.188,1.25,1.08746,5
crossing_90_d_3,40.688,1.25,1.13655,5
crossing_90_d_3,41.188,1.5,1.1205,6
crossing_90_d_3,41.688,1.25,0.989304,5
crossing_90_d_3,42.188,1,0.820358,4
crossing_90_d_3,42.688,1.5,0.606065,6
crossing_90_d_3,43.188,1.75,0.681036,7
crossing_90_d_3,43.688,2.25,0.647735,9
crossing_90_d_3,44.188,1.75,0.640196,7
crossing_90_d_3,44.688,1.75,0.802353,7
crossing_90_d_3,45.188,2,0.903796,8
crossing_90_d_3,45.688,1.5,0.868066,6
crossing_90_d_3,46.188,1.5,0.882046,6
crossing_90_d_3,46.688,1.25,0.952835,5
crossing_90_d_3,47.188,1.75,0.904248,7
crossing_90_d_3,47.688,1.25,0.960682,5
crossing_90_d_3,48.188,1.25,1.09505,5
crossing_90_d_3,48.688,1.75,1.19492,7
crossing_90_d_3,49.188,1.5,1.06265,6
crossing_90_d_3,49.688,1,1.13247,4
crossing_90_d_3,50.188,0.75,1.20465,3
crossing_90_d_3,50.688,1,1.31706,4
crossing_90_d_3,51.188,1.75,1.16856,7
crossing_90_d_3,51.688,1.5,1.0041,6
crossing_90_d_3,52.188,1.5,0.869651,6
crossing_90_d_3,52.688,1.75,0.894225,7
crossing_90_d_3,53.188,2,0.941411,8
crossing_90_d_3,53.688,1.75,0.906515,7
crossing_90_d_3,54.188,0.75,1.00776,3
crossing_90_d_3,54.688,1.25,1.09643,5
crossing_90_d_3,55.188,1.25,1.20273,5
crossing_90_d_3,55.688,1.5,1.17106,6
crossing_90_d_3,56.188,1.75,1.0232,7
crossing_90_d_3,56.688,1.5,1.07375,6
crossing_90_d_3,57.188,1.5,1.06393,6
crossing_90_d_3,57.688,1.25,1.06226,5
crossing_90_d_3,58.188,1.5,0.925471,6
crossing_90_d_3,58.688,1.5,0.937077,6
crossing_90_d_3,59.188,2,0.865192,8
crossing_90_d_3,59.688,1.75,0.81484,7
crossing_90_d_3,60.188,2,0.774411,8
crossing_90_d_3,60.688,1.75,0.852006,7
crossing_90_d_3,61.188,1.5,0.908012,6
crossing_90_d_3,61.688,1.25,0.966511,5
crossing_90_d_3,62.188,1.5,1.01915,6
crossing_90_d_3,62.688,1.75,0.965089,7
crossing_90_d_3,63.188,2.25,0.87572,9
crossing_90_d_3,63.688,1.75,0.840069,7
crossing_90_d_3,64.188,2.25,1.02234,9
crossing_90_d_3,64.688,1.25,0.901864,5
crossing_90_d_3,65.188,1.5,0.912719,6
crossing_90_d_3,65.688,1.25,0.946605,5
crossing_90_d_3,66.188,1.25,0.955713,5
crossing_90_d_3,66.688,1.5,0.964185,6
crossing_90_d_3,67.188,1.5,0.980407,6
crossing_90_d_3,67.688,1.25,1.03911,5
crossing_90_d_3,68.188,1.25,1.10429,5
crossing_90_d_3,68.688,1.25,1.17942,5
crossing_90_d_3,69.188,1.25,1.09068,5
crossing_90_d_3,69.688,1.75,1.13779,7
crossing_90_d_3,70.188,1.25,1.14049,5
crossing_90_d_3,70.688,1.5,1.11291,6
crossing_90_d_3,71.188,0.75,1.0641,3
crossing_90_d_3,71.688,0.75,1.02277,3
crossing_90_d_3,72.188,1.25,1.09842,5
crossing_90_d_3,72.688,1.25,1.02603,5
crossing_90_d_3,73.188,1.75,1.00712,7
crossing_90_d_3,73.688,1.5,0.947574,6
crossing_90_d_3,74.188,1.75,0.981904,7
crossing_90_d_3,74.688,1.75,1.00274,7
crossing_90_d_3,75.188,2.25,0.999931,9
crossing_90_d_3,75.688,2.25,1.05294,9
crossing_90_d_3,76.188,1.75,1.0322,7
crossing_90_d_3,76.688,1.5,1.085,6
crossing_90_d_3,77.188,1.5,1.10039,6
crossing_90_d_3,77.688,0.75,1.07919,3
crossing_90_d_3,78.188,1.25,1.08259,5
crossing_90_d_3,78.688,1.5,1.09561,6
crossing_90_d_3,79.188,1,1.1032,4
crossing_90_d_3,79.688,1,0.980934,4
crossing_90_d_3,80.188,1.25,1.01862,5
crossing_90_d_3,80.688,1.5,1.03673,6
crossing_90_d_3,81.188,1.5,0.917587,6
crossing_90_d_3,81.688,1.5,0.835659,6
crossing_90_d_3,82.188,1.5,0.892559,6
crossing_90_d_3,82.688,2,0.90146,8
crossing_90_d_3,83.188,2,1.01498,8
crossing_90_d_3,83.688,1.25,1.00425,5
crossing_90_d_3,84.188,1.25,1.1876,5
crossing_90_d_3,84.688,1.25,1.01684,5
crossing_90_d_3,85.188,1.25,0.855557,5
crossing_90_d_3,85.688,2,0.895452,8
crossing_90_d_3,86.188,1.75,0.777738,7
crossing_90_d_3,86.688,2.25,0.866933,9
crossing_90_d_3,87.188,2.25,0.804412,9
crossing_90_d_3,87.688,2.25,0.857719,9
crossing_90_d_3,88.188,1.75,0.891563,7
crossing_90_d_3,88.688,1.75,0.924407,7
crossing_90_d_3,89.188,1.75,0.976916,7
crossing_90_d_3,89.688,1.5,1.06306,6
crossing_90_d_3,90.188,1.5,1.19928,6
crossing_90_d_3,90.688,0.75,1.18926,3
crossing_90_d_3,91.188,1.75,0.876437,7
crossing_90_d_3,91.688,1.25,0.861673,5
crossing_90_d_3,92.188,1.25,0.901999,5
crossing_90_d_3,92.688,1.75,1.03383,7
crossing_90_d_3,93.188,1.75,1.08244,7
crossing_90_d_3,93.688,1.5,0.976772,6
crossing_90_d_3,94.188,1.75,0.973662,7
crossing_90_d_3,94.688,1.25,1.00194,5
crossing_90_d_3,95.188,1.25,0.93953,5
crossing_90_d_3,95.688,1,0.829582,4
crossing_90_d_3,96.188,1,0.904188,4
crossing_90_d_3,96.688,1.75,0.9047,7
crossing_90_d_3,97.188,1.75,0.978126,7
crossing_90_d_3,97.688,1.25,0.953701,5
crossing_90_d_3,98.188,1.75,1.10643,7
crossing_90_d_3,98.688,1.75,1.15333,7
crossing_90_d_3,99.188,0.75,1.32295,3
crossing_90_d_3,99.688,1,1.37837,4
crossing_90_d_3,100.188,0.75,1.21529,3
crossing_90_d_3,100.688,0.75,1.14351,3
crossing_90_d_3,101.188,1,0.861793,4
crossing_90_d_3,101.688,2,0.935521,8
crossing_90_d_3,102.188,2.5,0.971101,10
crossing_90_d_3,102.688,1.5,0.92919,6
crossing_90_d_3,103.188,2.5,0.918769,10
crossing_90_d_3,103.688,2,0.931156,8
crossing_90_d_3,104.188,1,0.906339,4
crossing_90_d_3,104.688,1,0.906543,4
crossing_90_d_3,105.188,1.25,0.992527,5
crossing_90_d_3,105.688,1,1.03372,4
crossing_90_d_3,106.188,1.75,1.03864,7
crossing_90_d_3,106.688,1,1.09813,4
crossing_90_d_3,107.188,1.5,1.07757,6
crossing_90_d_3,107.688,1.25,1.15544,5
crossing_90_d_3,108.188,1,1.08577,4
crossing_90_d_3,108.688,0.75,1.07704,3
crossing_90_d_3,109.188,1.25,1.11046,5
crossing_90_d_3,109.688,1.25,1.06131,5
crossing_90_d_3,110.188,1.25,1.05327,5
crossing_90_d_3,110.688,1.5,0.869131,6
crossing_90_d_3,111.188,1.5,0.892204,6
crossing_90_d_3,111.688,1.75,0.880267,7
crossing_90_d_3,112.188,1.75,0.849196,7
crossing_90_d_3,112.688,2,0.854236,8
crossing_90_d_3,113.188,1.75,1.0013,7
crossing_90_d_3,113.688,1.25,1.00073,5
crossing_90_d_3,114.188,1,1.00995,4
crossing_90_d_3,114.688,1.75,0.890606,7
crossing_90_d_3,115.188,1.75,0.936717,7
crossing_90_d_3,115.688,1.75,0.963886,7
crossing_90_d_3,116.188,1.5,0.941863,6
crossing_90_d_3,116.688,1.5,0.857471,6
crossing_90_d_3,117.188,0.75,0.88583,3
crossing_90_d_3,117.688,1.5,1.01248,6
crossing_90_d_3,118.188,1.75,1.01695,7
crossing_90_d_3,118.688,1.5,1.07518,6
crossing_90_d_3,119.188,1.5,1.07397,6
crossing_90_d_3,119.688,1.5,1.03441,6
crossing_90_d_3,120.188,1.75,1.0238,7
crossing_90_d_3,120.688,1.5,0.996277,6
crossing_90_d_3,121.188,1.25,1.01954,5
crossing_90_d_3,121.688,0.75,1.00082,3
crossing_90_d_3,122.188,0.75,0.954745,3
crossing_90_d_3,122.688,1.5,0.923503,6
crossing_90_d_3,123.188,1.5,0.970424,6
crossing_90_d_3,123.688,2,0.917641,8
crossing_90_d_3,124.188,1.75,0.87831,7
crossing_90_d_3,124.688,2,0.865444,8
crossing_90_d_3,125.188,1.5,0.915565,6
crossing_90_d_3,125.688,1.5,0.940852,6
crossing_90_d_3,126.188,1.5,0.893994,6
crossing_90_d_3,126.688,1.25,0.936673,5
crossing_90_d_3,127.188,1.25,0.895736,5
crossing_90_d_3,127.688,1.5,0.904006,6
crossing_90_d_3,128.188,1.5,0.896304,6
crossing_90_d_3,128.688,1.25,0.925388,5
crossing_90_d_3,129.188,1.25,0.823004,5
crossing_90_d_3,129.688,1,0.761313,4
crossing_90_d_3,130.188,1.5,0.871351,6
crossing_90_d_3,130.688,1.5,0.913696,6
crossing_90_d_3,131.188,1.75,0.937313,7
crossing_90_d_3,131.688,1.75,0.984305,7
crossing_90_d_3,132.188,1.5,1.05661,6
crossing_90_d_3,132.688,1.5,1.06024,6
crossing_90_d_3,133.188,1.5,0.968721,6
crossing_90_d_3,133.688,1.25,0.879567,5
crossing_90_d_3,134.188,1.75,0.973609,7
crossing_90_d_3,134.688,1.75,1.00899,7
crossing_90_d_3,135.188,1,1.17528,4
crossing_90_d_3,135.688,1.25,1.02121,5
crossing_90_d_3,136.188,1.5,0.946044,6
crossing_90_d_3,136.688,1,0.918128,4
crossing_90_d_3,137.188,1.5,1.07295,6
crossing_90_d_3,137.688,1,1.08712,4
crossing_90_d_3,138.188,1,1.21712,4
crossing_90_d_3,138.688,1.25,1.21184,5
crossing_90_d_3,139.188,1,1.17739,4
crossing_90_d_3,139.688,1.25,1.17722,5
crossing_90_d_3,140.188,0.75,1.12467,3
crossing_90_d_3,140.688,1,1.23553,4
crossing_90_d_3,141.188,1.5,1.13937,6
crossing_90_d_3,141.688,1.25,1.13764,5
crossing_90_d_3,142.188,1.5,1.07607,6
crossing_90_d_3,142.688,1.5,1.08481,6
crossing_90_d_3,143.188,1.5,1.07162,6
crossing_90_d_3,143.688,1.25,0.943346,5
crossing_90_d_3,144.188,1.25,1.05671,5
crossing_90_d_3,144.688,1.25,1.0215,5
crossing_90_d_3,145.188,1.25,1.00528,5
crossing_90_d_3,145.688,1.5,1.05537,6
crossing_90_d_3,146.188,1.25,1.04434,5
crossing_90_d_3,146.688,1.75,1.06617,7
crossing_90_d_3,147.188,1.75,0.986318,7
crossing_90_d_3,147.688,1.75,0.962575,7
crossing_90_d_3,148.188,1,0.99777,4
crossing_90_d_3,148.688,1,1.10552,4
crossing_90_d_3,149.188,1.25,1.17397,5
crossing_90_d_3,149.688,1,1.15573,4
crossing_90_d_3,150.188,2,1.1396,8
crossing_90_d_3,150.688,1.25,1.09606,5
crossing_90_d_3,151.188,1,1.11987,4
crossing_90_d_3,151.688,1.25,0.894951,5
crossing_90_d_3,152.188,1.5,0.869594,6
crossing_90_d_3,152.688,2,0.920337,8
crossing_90_d_3,153.188,1.75,0.939832,7
crossing_90_d_3,153.688,1.5,0.949853,6
crossing_90_d_3,154.188,0.75,0.927441,3
crossing_90_d_3,154.688,0.5,1.18694,2
crossing_90_d_3,155.188,1,1.1614,4
crossing_90_d_3,155.688,1.25,1.13264,5
crossing_90_d_3,156.188,0.75,1.2059,3
crossing_90_d_3,156.688,0.25,1.01109,1
crossing_90_d_3,157.188,0.25,1.04111,1
crossing_90_d_3,158.188,0.5,1.11493,2
crossing_90_d_3,158.688,0.5,1.10184,2
crossing_90_d_3,159.188,0.75,1.0147,3
crossing_90_d_3,159.688,0.75,1.00111,3
crossing_90_d_3,160.188,0.5,0.935899,2
crossing_90_d_3,160.688,0.75,1.09384,3
crossing_90_d_3,161.188,1,1.05088,4
crossing_90_d_3,161.688,1,1.08235,4
crossing_90_d_3,162.188,1,1.01011,4
crossing_90_d_3,162.688,1,1.0354,4
crossing_90_d_3,163.188,0.75,0.942546,3
crossing_90_d_3,163.688,1,1.01605,4
crossing_90_d_3,164.188,1,1.08577,4
crossing_90_d_3,164.688,0.75,1.05831,3
crossing_90_d_3,165.188,1,1.05886,4
crossing_90_d_3,165.688,1,1.02587,4
crossing_90_d_3,166.188,1,1.08657,4
crossing_90_d_3,166.688,1,1.10338,4
crossing_90_d_3,167.188,0.5,1.12316,2
crossing_90_d_3,167.688,0.5,1.11166,2
crossing_90_d_3,168.188,0.5,1.13057,2
crossing_90_d_3,168.688,0.5,1.13624,2
crossing_90_d_3,169.188,0.5,1.14071,2
crossing_90_d_3,169.688,0.5,1.1193,2
crossing_90_d_3,170.188,0.5,1.12984,2
crossing_90_d_3,171.188,0.25,1.07298,1
crossing_90_d_3,171.688,0.5,0.99401,2
crossing_90_d_3,172.188,0.75,1.03491,3
crossing_90_d_3,172.688,0.75,1.02254,3
crossing_90_d_3,173.188,0.75,1.04384,3
crossing_90_d_3,173.688,0.5,1.07967,2
crossing_90_d_3,174.188,0.75,1.01533,3
crossing_90_d_3,174.688,0.75,1.0434,3
crossing_90_d_3,175.188,1,1.12593,4
crossing_90_d_3,175.688,0.5,1.07428,2
crossing_90_d_3,176.188,0.5,1.03957,2
crossing_90_d_3,176.688,0.5,1.0402,2
crossing_90_d_3,177.188,0.25,1.00197,1
crossing_90_d_3,177.688,0.5,1.07215,2
crossing_90_d_3,178.188,0.75,1.05456,3
crossing_90_d_3,178.688,0.75,0.999983,3
crossing_90_d_3,179.188,0.5,0.981243,2
crossing_90_d_3,179.688,0.25,1.03563,1
crossing_90_d_5,1.438,0.25,0.001,1
crossing_90_d_5,1.938,0.25,0,1
crossing_90_d_5,2.438,0.5,0.0005,2
crossing_90_d_5,2.938,0.5,0,2
crossing_90_d_5,3.438,0.5,0.0005,2
crossing_90_d_5,3.938,0.5,0,2
crossing_90_d_5,4.438,0.5,0,2
crossing_90_d_5,4.938,0.5,0.0005,2
crossing_90_d_5,5.438,0.5,0.0005,2
crossing_90_d_5,5.938,0.5,0.001,2
crossing_90_d_5,6.438,0.25,0.001,1
crossing_90_d_5,6.938,0.75,1.01728,3
crossing_90_d_5,7.438,0.75,1.00142,3
crossing_90_d_5,7.938,1,1.40176,4
crossing_90_d_5,8.438,1,1.25768,4
crossing_90_d_5,8.938,1.5,1.32314,6
crossing_90_d_5,9.438,1,1.25036,4
crossing_90_d_5,9.938,1.25,1.26886,5
crossing_90_d_5,10.438,1.25,1.18571,5
crossing_90_d_5,10.938,1.75,1.17803,7
crossing_90_d_5,11.438,1.5,1.14713,6
crossing_90_d_5,11.938,1.5,1.21591,6
crossing_90_d_5,12.438,1.25,1.22273,5
crossing_90_d_5,12.938,1.25,1.22498,5
crossing_90_d_5,13.438,1,1.26774,4
crossing_90_d_5,13.938,1.25,1.0444,5
crossing_90_d_5,14.438,1.75,0.935599,7
crossing_90_d_5,14.938,2.25,1.04842,9
crossing_90_d_5,15.438,2.25,1.09496,9
crossing_90_d_5,15.938,1.75,1.06854,7
crossing_90_d_5,16.438,1.5,1.06544,6
crossing_90_d_5,16.938,1.5,1.0772,6
crossing_90_d_5,17.438,1.75,1.11516,7
crossing_90_d_5,17.938,1.25,1.20728,5
crossing_90_d_5,18.438,1.25,1.19858,5
crossing_90_d_5,18.938,1.75,1.2254,7
crossing_90_d_5,19.438,1.5,1.24545,6
crossing_90_d_5,19.938,2,1.1302,8
crossing_90_d_5,20.438,1.75,1.07923,7
crossing_90_d_5,20.938,1.75,1.06854,7
crossing_90_d_5,21.438,2.5,1.13055,10
crossing_90_d_5,21.938,1.75,0.992621,7
crossing_90_d_5,22.438,2.25,1.02317,9
crossing_90_d_5,22.938,1.75,0.850719,7
crossing_90_d_5,23.438,2.25,0.813758,9
crossing_90_d_5,23.938,2.75,0.795469,11
crossing_90_d_5,24.438,2.5,0.743661,10
crossing_90_d_5,24.938,3,0.771997,12
crossing_90_d_5,25.438,2.25,0.736412,9
crossing_90_d_5,25.938,2.25,0.732455,9
crossing_90_d_5,26.438,2.5,0.739231,10
crossing_90_d_5,26.938,1.75,0.708626,7
crossing_90_d_5,27.438,2.75,0.816341,11
crossing_90_d_5,27.938,2.5,0.837398,10
crossing_90_d_5,28.438,2,0.85961,8
crossing_90_d_5,28.938,2.25,0.897129,9
crossing_90_d_5,29.438,1.75,0.947135,7
crossing_90_d_5,29.938,1.5,1.07503,6
crossing_90_d_5,30.438,2,0.885994,8
crossing_90_d_5,30.938,1.75,0.965408,7
crossing_90_d_5,31.438,1.75,0.871474,7
crossing_90_d_5,31.938,1.5,0.800852,6
crossing_90_d_5,32.438,2,0.747402,8
crossing_90_d_5,32.938,1.75,0.796236,7
crossing_90_d_5,33.438,2,0.853757,8
crossing_90_d_5,33.938,1.75,0.943833,7
crossing_90_d_5,34.438,2,0.920031,8
crossing_90_d_5,34.938,1.75,0.896008,7
crossing_90_d_5,35.438,1.75,0.85357,7
crossing_90_d_5,35.938,2,0.812765,8
crossing_90_d_5,36.438,2,0.709965,8
crossing_90_d_5,36.938,2.25,0.747445,9
crossing_90_d_5,37.438,2.25,0.77192,9
crossing_90_d_5,37.938,2.75,0.733791,11
crossing_90_d_5,38.438,2.5,0.76088,10
crossing_90_d_5,38.938,2,0.822773,8
crossing_90_d_5,39.438,2.5,0.772598,10
crossing_90_d_5,39.938,2.25,0.751428,9
crossing_90_d_5,40.438,2.5,0.758888,10
crossing_90_d_5,40.938,2.5,0.736966,10
crossing_90_d_5,41.438,2.25,0.708594,9
crossing_90_d_5,41.938,2.25,0.740722,9
crossing_90_d_5,42.438,2.5,0.777168,10
crossing_90_d_5,42.938,2,0.761581,8
crossing_90_d_5,43.438,1.5,0.736813,6
crossing_90_d_5,43.938,1.5,0.720362,6
crossing_90_d_5,44.438,2,0.766178,8
crossing_90_d_5,44.938,2.5,0.761522,10
crossing_90_d_5,45.438,1.75,0.73376,7
crossing_90_d_5,45.938,1.75,0.75732,7
crossing_90_d_5,46.438,2,0.791024,8
crossing_90_d_5,46.938,2.25,0.825327,9
crossing_90_d_5,47.438,2.75,0.863412,11
crossing_90_d_5,47.938,2.25,0.758406,9
crossing_90_d_5,48.438,2,0.766239,8
crossing_90_d_5,48.938,2.5,0.750242,10
crossing_90_d_5,49.438,2.75,0.737701,11
crossing_90_d_5,49.938,2.25,0.697336,9
crossing_90_d_5,50.438,2.25,0.673555,9
crossing_90_d_5,50.938,2.5,0.609368,10
crossing_90_d_5,51.438,2.75,0.644427,11
crossing_90_d_5,51.938,2.25,0.554237,9
crossing_90_d_5,52.438,2.5,0.55869,10
crossing_90_d_5,52.938,2.75,0.556073,11
crossing_90_d_5,53.438,3,0.56513,12
crossing_90_d_5,53.938,2.75,0.577169,11
crossing_90_d_5,54.438,2.75,0.613962,11
crossing_90_d_5,54.938,3.25,0.614236,13
crossing_90_d_5,55.438,2.75,0.606501,11
crossing_90_d_5,55.938,3,0.681697,12
crossing_90_d_5,56.438,2,0.728747,8
crossing_90_d_5,56.938,2.25,0.696745,9
crossing_90_d_5,57.438,2.75,0.67297,11
crossing_90_d_5,57.938,2.75,0.586345,11
crossing_90_d_5,58.438,3,0.635285,12
crossing_90_d_5,58.938,2.25,0.602647,9
crossing_90_d_5,59.438,2.25,0.626912,9
crossing_90_d_5,59.938,2,0.58754,8
crossing_90_d_5,60.438,2.25,0.571648,9
crossing_90_d_5,60.938,2.5,0.559032,10
crossing_90_d_5,61.438,2,0.45577,8
crossing_90_d_5,61.938,2.5,0.488761,10
crossing_90_d_5,62.438,2.75,0.444938,11
crossing_90_d_5,62.938,2.75,0.387199,11
crossing_90_d_5,63.438,3,0.385983,12
crossing_90_d_5,63.938,2.75,0.31953,11
crossing_90_d_5,64.438,3,0.31451,12
crossing_90_d_5,64.938,2.5,0.310225,10
crossing_90_d_5,65.438,3,0.330669,12
crossing_90_d_5,65.938,3.25,0.420908,13
crossing_90_d_5,66.438,2.5,0.411389,10
crossing_90_d_5,66.938,2.5,0.51101,10
crossing_90_d_5,67.438,3,0.527047,12
crossing_90_d_5,67.938,2.25,0.583319,9
crossing_90_d_5,68.438,2.25,0.552367,9
crossing_90_d_5,68.938,2.75,0.61394,11
crossing_90_d_5,69.438,2.5,0.653273,10
crossing_90_d_5,69.938,2.75,0.609627,11
crossing_90_d_5,70.438,2.75,0.598337,11
crossing_90_d_5,70.938,2.75,0.534418,11
crossing_90_d_5,71.438,2.75,0.551263,11
crossing_90_d_5,71.938,3.25,0.547845,13
crossing_90_d_5,72.438,2.75,0.540921,11
crossing_90_d_5,72.938,3.25,0.586813,13
crossing_90_d_5,73.438,3,0.603647,12
crossing_90_d_5,73.938,3,0.593671,12
crossing_90_d_5,74.438,3,0.529201,12
crossing_90_d_5,74.938,2.75,0.51816,11
crossing_90_d_5,75.438,2.5,0.569638,10
crossing_90_d_5,75.938,3,0.659601,12
crossing_90_d_5,76.438,2.75,0.700962,11
crossing_90_d_5,76.938,3,0.693762,12
crossing_90_d_5,77.438,2.75,0.691251,11
crossing_90_d_5,77.938,2.25,0.68849,9
crossing_90_d_5,78.438,2.5,0.601781,10
crossing_90_d_5,78.938,3,0.591417,12
crossing_90_d_5,79.438,2.5,0.551207,10
crossing_90_d_5,79.938,2.5,0.573866,10
crossing_90_d_5,80.438,3,0.569985,12
crossing_90_d_5,80.938,2.75,0.600903,11
crossing_90_d_5,81.438,2.5,0.71894,10
crossing_90_d_5,81.938,2.5,0.690266,10
crossing_90_d_5,82.438,2,0.691893,8
crossing_90_d_5,82.938,3,0.656989,12
crossing_90_d_5,83.438,2.25,0.687682,9
crossing_90_d_5,83.938,2.25,0.776699,9
crossing_90_d_5,84.438,2.5,0.812162,10
crossing_90_d_5,84.938,2,0.779022,8
crossing_90_d_5,85.438,2,0.777803,8
crossing_90_d_5,85.938,2.25,0.724789,9
crossing_90_d_5,86.438,2.5,0.735432,10
crossing_90_d_5,86.938,2,0.700866,8
crossing_90_d_5,87.438,2,0.645103,8
crossing_90_d_5,87.938,2.75,0.626964,11
crossing_90_d_5,88.438,2.25,0.590272,9
crossing_90_d_5,88.938,2.75,0.527762,11
crossing_90_d_5,89.438,2,0.515781,8
crossing_90_d_5,89.938,2.25,0.498354,9
crossing_90_d_5,90.438,2,0.561602,8
crossing_90_d_5,90.938,2.75,0.578656,11
crossing_90_d_5,91.438,2.75,0.62463,11
crossing_90_d_5,91.938,2.5,0.674711,10
crossing_90_d_5,92.438,2.25,0.735344,9
crossing_90_d_5,92.938,2,0.711427,8
crossing_90_d_5,93.438,2,0.73235,8
crossing_90_d_5,93.938,2,0.65478,8
crossing_90_d_5,94.438,2,0.679167,8
crossing_90_d_5,94.938,1.75,0.656727,7
crossing_90_d_5,95.438,2.25,0.666344,9
crossing_90_d_5,95.938,2,0.657556,8
crossing_90_d_5,96.438,2.25,0.721308,9
crossing_90_d_5,96.938,2.25,0.642884,9
crossing_90_d_5,97.438,3,0.59993,12
crossing_90_d_5,97.938,2.5,0.543839,10
crossing_90_d_5,98.438,2.5,0.603444,10
crossing_90_d_5,98.938,2.5,0.522823,10
crossing_90_d_5,99.438,3,0.516835,12
crossing_90_d_5,99.938,2.5,0.508231,10
crossing_90_d_5,100.438,3.25,0.591276,13
crossing_90_d_5,100.938,3,0.589917,12
crossing_90_d_5,101.438,3.25,0.614853,13
crossing_90_d_5,101.938,2.75,0.636947,11
crossing_90_d_5,102.438,2.5,0.581301,10
crossing_90_d_5,102.938,2.5,0.568535,10
crossing_90_d_5,103.438,3,0.535299,12
crossing_90_d_5,103.938,3,0.447265,12
crossing_90_d_5,104.438,2.25,0.437167,9
crossing_90_d_5,104.938,2.5,0.449285,10
crossing_90_d_5,105.438,2.75,0.428196,11
crossing_90_d_5,105.938,3,0.434814,12
crossing_90_d_5,106.438,3.25,0.447248,13
crossing_90_d_5,106.938,2.75,0.483578,11
crossing_90_d_5,107.438,2.75,0.506063,11
crossing_90_d_5,107.938,2.5,0.56229,10
crossing_90_d_5,108.438,2.5,0.625399,10
crossing_90_d_5,108.938,2.25,0.648621,9
crossing_90_d_5,109.438,3,0.647631,12
crossing_90_d_5,109.938,2,0.624533,8
crossing_90_d_5,110.438,2.25,0.68385,9
crossing_90_d_5,110.938,2.75,0.627363,11
crossing_90_d_5,111.438,2.5,0.658223,10
crossing_90_d_5,111.938,2.25,0.652779,9
crossing_90_d_5,112.438,2.5,0.644081,10
crossing_90_d_5,112.938,2.25,0.666926,9
crossing_90_d_5,113.438,1.75,0.633904,7
crossing_90_d_5,113.938,1.75,0.696858,7
crossing_90_d_5,114.438,1.75,0.751017,7
crossing_90_d_5,114.938,1.5,0.815304,6
crossing_90_d_5,115.438,1.25,0.857982,5
crossing_90_d_5,115.938,1.25,0.822209,5
crossing_90_d_5,116.438,1.25,0.886489,5
crossing_90_d_5,116.938,1.5,0.965237,6
crossing_90_d_5,117.438,1.5,0.924765,6
crossing_90_d_5,117.938,1.25,0.947197,5
crossing_90_d_5,118.438,1.25,0.8831,5
crossing_90_d_5,118.938,1.25,0.870442,5
crossing_90_d_5,119.438,1.25,0.874775,5
crossing_90_d_5,119.938,1.25,0.88953,5
crossing_90_d_5,120.438,1.5,0.971187,6
crossing_90_d_5,120.938,1.25,0.866631,5
crossing_90_d_5,121.438,1.25,0.890779,5
crossing_90_d_5,121.938,1.5,0.913268,6
crossing_90_d_5,122.438,1,0.860636,4
crossing_90_d_5,122.938,1,0.894971,4
crossing_90_d_5,123.438,1,0.889764,4
crossing_90_d_5,123.938,1.25,0.799298,5
crossing_90_d_5,124.438,1,0.791764,4
crossing_90_d_5,124.938,1.25,0.815997,5
crossing_90_d_5,125.438,1.25,0.808117,5
crossing_90_d_5,125.938,1.25,0.828051,5
crossing_90_d_5,126.438,0.75,0.822408,3
crossing_90_d_5,126.938,0.5,0.865472,2
crossing_90_d_5,127.438,0.75,0.938765,3
crossing_90_d_5,127.938,0.5,1.00031,2
crossing_90_d_5,128.438,0.75,0.953919,3
crossing_90_d_5,128.938,1,0.875586,4
crossing_90_d_5,129.438,1,0.967413,4
crossing_90_d_5,129.938,0.75,0.973143,3
crossing_90_d_5,130.438,0.75,0.84415,3
crossing_90_d_5,130.938,0.75,0.846622,3
crossing_90_d_5,131.438,0.75,0.851672,3
crossing_90_d_5,131.938,0.5,0.843477,2
crossing_90_d_5,132.438,1,0.917363,4
crossing_90_d_5,132.938,0.5,1.04899,2
crossing_90_d_5,133.438,0.5,0.988425,2
crossing_90_d_5,133.938,0.5,0.884817,2
crossing_90_d_5,134.438,0.25,0.833194,1
crossing_90_d_5,135.438,0.25,0.788328,1
crossing_90_d_5,135.938,0.25,0.893067,1
crossing_90_d_6,7.062,0.25,1.43475,1
crossing_90_d_6,7.562,0.5,1.47466,2
crossing_90_d_6,8.062,1,1.41204,4
crossing_90_d_6,8.562,1.5,1.43199,6
crossing_90_d_6,9.062,1.5,1.41748,6
crossing_90_d_6,9.562,1.25,1.25817,5
crossing_90_d_6,10.062,1.5,1.21546,6
crossing_90_d_6,10.562,2,1.10136,8
crossing_90_d_6,11.062,2,0.987074,8
crossing_90_d_6,11.562,2.25,0.990035,9
crossing_90_d_6,12.062,2,0.974701,8
crossing_90_d_6,12.562,2,0.931181,8
crossing_90_d_6,13.062,1.75,1.05641,7
crossing_90_d_6,13.562,2,1.04706,8
crossing_90_d_6,14.062,2,1.06327,8
crossing_90_d_6,14.562,2,1.11406,8
crossing_90_d_6,15.062,2,1.14465,8
crossing_90_d_6,15.562,2,1.07277,8
crossing_90_d_6,16.062,2,1.02573,8
crossing_90_d_6,16.562,1.5,1.01782,6
crossing_90_d_6,17.062,2,0.823569,8
crossing_90_d_6,17.562,2,0.783328,8
crossing_90_d_6,18.062,2.5,0.647771,10
crossing_90_d_6,18.562,2.75,0.592211,11
crossing_90_d_6,19.062,3.25,0.588968,13
crossing_90_d_6,19.562,3.5,0.582268,14
crossing_90_d_6,20.062,3.5,0.649276,14
crossing_90_d_6,20.562,3,0.692211,12
crossing_90_d_6,21.062,2.75,0.754519,11
crossing_90_d_6,21.562,2.5,0.73829,10
crossing_90_d_6,22.062,2.25,0.715651,9
crossing_90_d_6,22.562,1.75,0.729963,7
crossing_90_d_6,23.062,2.5,0.753276,10
crossing_90_d_6,23.562,2.75,0.710116,11
crossing_90_d_6,24.062,2.75,0.711443,11
crossing_90_d_6,24.562,2.75,0.743903,11
crossing_90_d_6,25.062,3,0.764011,12
crossing_90_d_6,25.562,2.5,0.746427,10
crossing_90_d_6,26.062,2.25,0.72481,9
crossing_90_d_6,26.562,2.5,0.734352,10
crossing_90_d_6,27.062,1.75,0.73379,7
crossing_90_d_6,27.562,2.5,0.691084,10
crossing_90_d_6,28.062,2.25,0.687713,9
crossing_90_d_6,28.562,2.25,0.697577,9
crossing_90_d_6,29.062,2,0.675732,8
crossing_90_d_6,29.562,2.5,0.733742,10
crossing_90_d_6,30.062,2.25,0.636379,9
crossing_90_d_6,30.562,3,0.634711,12
crossing_90_d_6,31.062,2.75,0.645228,11
crossing_90_d_6,31.562,2.75,0.652183,11
crossing_90_d_6,32.062,3,0.624051,12
crossing_90_d_6,32.562,3,0.567812,12
crossing_90_d_6,33.062,2.75,0.547898,11
crossing_90_d_6,33.562,3,0.604536,12
crossing_90_d_6,34.062,3,0.585376,12
crossing_90_d_6,34.562,3.25,0.637846,13
crossing_90_d_6,35.062,3,0.610451,12
crossing_90_d_6,35.562,3,0.632556,12
crossing_90_d_6,36.062,3,0.63009,12
crossing_90_d_6,36.562,2.5,0.646748,10
crossing_90_d_6,37.062,2.75,0.640982,11
crossing_90_d_6,37.562,2.75,0.595986,11
crossing_90_d_6,38.062,2.75,0.65244,11
crossing_90_d_6,38.562,2.25,0.615796,9
crossing_90_d_6,39.062,2.5,0.578595,10
crossing_90_d_6,39.562,2.5,0.617346,10
crossing_90_d_6,40.062,2.5,0.655229,10
crossing_90_d_6,40.562,3.25,0.580584,13
crossing_90_d_6,41.062,2.25,0.567275,9
crossing_90_d_6,41.562,2.5,0.593461,10
crossing_90_d_6,42.062,2.25,0.626796,9
crossing_90_d_6,42.562,2.75,0.617462,11
crossing_90_d_6,43.062,2.25,0.672929,9
crossing_90_d_6,43.562,2.25,0.674428,9
crossing_90_d_6,44.062,3.25,0.606928,13
crossing_90_d_6,44.562,3.25,0.608826,13
crossing_90_d_6,45.062,3,0.647269,12
crossing_90_d_6,45.562,3,0.649109,12
crossing_90_d_6,46.062,2.25,0.614658,9
crossing_90_d_6,46.562,2.5,0.600427,10
crossing_90_d_6,47.062,2.75,0.598316,11
crossing_90_d_6,47.562,2.25,0.617021,9
crossing_90_d_6,48.062,2.25,0.632987,9
crossing_90_d_6,48.562,2,0.613965,8
crossing_90_d_6,49.062,2,0.601257,8
crossing_90_d_6,49.562,1.75,0.611972,7
crossing_90_d_6,50.062,2.25,0.656522,9
crossing_90_d_6,50.562,2.5,0.492525,10
crossing_90_d_6,51.062,2.5,0.533587,10
crossing_90_d_6,51.562,3,0.480892,12
crossing_90_d_6,52.062,2.5,0.480883,10
crossing_90_d_6,52.562,2.75,0.424818,11
crossing_90_d_6,53.062,3.75,0.448712,15
crossing_90_d_6,53.562,3,0.407058,12
crossing_90_d_6,54.062,3,0.479468,12
crossing_90_d_6,54.562,3,0.467128,12
crossing_90_d_6,55.062,3.25,0.48771,13
crossing_90_d_6,55.562,3.5,0.450855,14
crossing_90_d_6,56.062,3,0.475415,12
crossing_90_d_6,56.562,3,0.512179,12
crossing_90_d_6,57.062,2.75,0.540961,11
crossing_90_d_6,57.562,2.5,0.48276,10
crossing_90_d_6,58.062,3,0.516994,12
crossing_90_d_6,58.562,2.75,0.563704,11
crossing_90_d_6,59.062,2,0.555091,8
crossing_90_d_6,59.562,3.5,0.536625,14
crossing_90_d_6,60.062,2.5,0.446689,10
crossing_90_d_6,60.562,3.25,0.492764,13
crossing_90_d_6,61.062,3,0.407988,12
crossing_90_d_6,61.562,3,0.432386,12
crossing_90_d_6,62.062,2.75,0.437111,11
crossing_90_d_6,62.562,2.75,0.448535,11
crossing_90_d_6,63.062,3,0.393528,12
crossing_90_d_6,63.562,3,0.35752,12
crossing_90_d_6,64.062,3,0.386747,12
crossing_90_d_6,64.562,3,0.379622,12
crossing_90_d_6,65.062,3.25,0.35567,13
crossing_90_d_6,65.562,3.25,0.397669,13
crossing_90_d_6,66.062,3.25,0.349455,13
crossing_90_d_6,66.562,3.5,0.349249,14
crossing_90_d_6,67.062,3.75,0.35101,15
crossing_90_d_6,67.562,3.25,0.360627,13
crossing_90_d_6,68.062,3.5,0.427228,14
crossing_90_d_6,68.562,3.25,0.434901,13
crossing_90_d_6,69.062,2.75,0.44745,11
crossing_90_d_6,69.562,2.75,0.428082,11
crossing_90_d_6,70.062,2.75,0.426868,11
crossing_90_d_6,70.562,2.75,0.437144,11
crossing_90_d_6,71.062,3.25,0.409982,13
crossing_90_d_6,71.562,3.5,0.390205,14
crossing_90_d_6,72.062,3.25,0.371465,13
crossing_90_d_6,72.562,3.75,0.36237,15
crossing_90_d_6,73.062,3.75,0.376972,15
crossing_90_d_6,73.562,3.75,0.369292,15
crossing_90_d_6,74.062,3.75,0.345619,15
crossing_90_d_6,74.562,3.5,0.317089,14
crossing_90_d_6,75.062,4,0.315533,16
crossing_90_d_6,75.562,3.75,0.314496,15
crossing_90_d_6,76.062,3.5,0.343084,14
crossing_90_d_6,76.562,4.25,0.361572,17
crossing_90_d_6,77.062,4.25,0.401838,17
crossing_90_d_6,77.562,3.5,0.420526,14
crossing_90_d_6,78.062,3.5,0.426201,14
crossing_90_d_6,78.562,3.5,0.447105,14
crossing_90_d_6,79.062,3,0.412248,12
crossing_90_d_6,79.562,3.25,0.422248,13
crossing_90_d_6,80.062,3,0.499036,12
crossing_90_d_6,80.562,3.25,0.574813,13
crossing_90_d_6,81.062,3,0.555594,12
crossing_90_d_6,81.562,2.75,0.53951,11
crossing_90_d_6,82.062,2.5,0.508535,10
crossing_90_d_6,82.562,2.5,0.541173,10
crossing_90_d_6,83.062,2.25,0.535371,9
crossing_90_d_6,83.562,2.25,0.540836,9
crossing_90_d_6,84.062,2.25,0.574191,9
crossing_90_d_6,84.562,2.25,0.504664,9
crossing_90_d_6,85.062,2.25,0.472348,9
crossing_90_d_6,85.562,3.25,0.48142,13
crossing_90_d_6,86.062,3.5,0.462489,14
crossing_90_d_6,86.562,3.25,0.391667,13
crossing_90_d_6,87.062,3.5,0.425199,14
crossing_90_d_6,87.562,3,0.386004,12
crossing_90_d_6,88.062,3.75,0.421803,15
crossing_90_d_6,88.562,4.25,0.38877,17
crossing_90_d_6,89.062,4,0.33372,16
crossing_90_d_6,89.562,4.25,0.3594,17
crossing_90_d_6,90.062,4,0.339222,16
crossing_90_d_6,90.562,4,0.35762,16
crossing_90_d_6,91.062,4.5,0.338514,18
crossing_90_d_6,91.562,4,0.308648,16
crossing_90_d_6,92.062,4,0.324613,16
crossing_90_d_6,92.562,4.25,0.312093,17
crossing_90_d_6,93.062,4,0.296807,16
crossing_90_d_6,93.562,4.5,0.307805,18
crossing_90_d_6,94.062,4.25,0.281981,17
crossing_90_d_6,94.562,4,0.290091,16
crossing_90_d_6,95.062,4,0.294524,16
crossing_90_d_6,95.562,4.25,0.295686,17
crossing_90_d_6,96.062,4.25,0.313044,17
crossing_90_d_6,96.562,4.25,0.304892,17
crossing_90_d_6,97.062,4.25,0.346852,17
crossing_90_d_6,97.562,4,0.321473,16
crossing_90_d_6,98.062,3.5,0.346876,14
crossing_90_d_6,98.562,3.25,0.372002,13
crossing_90_d_6,99.062,2.75,0.343388,11
crossing_90_d_6,99.562,2.5,0.369555,10
crossing_90_d_6,100.062,2.5,0.482753,10
crossing_90_d_6,100.562,2.75,0.513081,11
crossing_90_d_6,101.062,2.75,0.491248,11
crossing_90_d_6,101.562,2.5,0.430839,10
crossing_90_d_6,102.062,2,0.428565,8
crossing_90_d_6,102.562,2.5,0.37148,10
crossing_90_d_6,103.062,2.75,0.335384,11
crossing_90_d_6,103.562,2.5,0.34656,10
crossing_90_d_6,104.062,2.5,0.322967,10
crossing_90_d_6,104.562,3.5,0.385733,14
crossing_90_d_6,105.062,3,0.388548,12
crossing_90_d_6,105.562,3.5,0.419634,14
crossing_90_d_6,106.062,3.25,0.454421,13
crossing_90_d_6,106.562,3,0.517342,12
crossing_90_d_6,107.062,3,0.52313,12
crossing_90_d_6,107.562,2.5,0.641669,10
crossing_90_d_6,108.062,2,0.63651,8
crossing_90_d_6,108.562,1.25,0.70461,5
crossing_90_d_6,109.062,0.75,0.793534,3
crossing_90_d_6,109.562,0.75,0.706337,3
crossing_90_d_6,110.062,1,0.873227,4
crossing_90_d_6,110.562,1.25,0.97814,5
crossing_90_d_6,111.062,1.25,1.03776,5
crossing_90_d_6,111.562,1,0.981832,4
crossing_90_d_6,112.062,1.5,0.892976,6
crossing_90_d_6,112.562,1.25,0.917921,5
crossing_90_d_6,113.062,1.75,0.911147,7
crossing_90_d_6,113.562,1.75,0.869728,7
crossing_90_d_6,114.062,2.25,0.874356,9
crossing_90_d_6,114.562,1.75,0.855273,7
crossing_90_d_6,115.062,2.5,0.860577,10
crossing_90_d_6,115.562,2,0.834263,8
crossing_90_d_6,116.062,2,0.825307,8
crossing_90_d_6,116.562,1.75,0.851828,7
crossing_90_d_6,117.062,1.75,0.870442,7
crossing_90_d_6,117.562,1.75,0.867355,7
crossing_90_d_6,118.062,1.5,0.843409,6
crossing_90_d_6,118.562,1.25,0.854281,5
crossing_90_d_6,119.062,1.25,0.853946,5
crossing_90_d_6,119.562,1,0.838695,4
crossing_90_d_6,120.062,1.25,0.929997,5
crossing_90_d_6,120.562,1,0.900947,4
crossing_90_d_6,121.062,1.5,0.890032,6
crossing_90_d_6,121.562,1.5,0.884254,6
crossing_90_d_6,122.062,1.25,0.893902,5
crossing_90_d_6,122.562,1,0.868323,4
crossing_90_d_6,123.062,0.75,0.878467,3
crossing_90_d_6,123.562,0.5,0.879038,2
crossing_90_d_6,124.062,0.25,0.776925,1
crossing_90_d_6,124.562,0.5,0.720978,2
crossing_90_d_6,125.062,0.5,0.736192,2
crossing_90_d_6,125.562,0.5,0.819719,2
crossing_90_d_6,126.062,0.25,0.805822,1
crossing_90_d_6,126.562,0.25,0.81728,1
crossing_90_d_7,2.25,0.25,0.001,1
crossing_90_d_7,2.75,0.25,0,1
crossing_90_d_7,3.25,0.25,0.001,1
crossing_90_d_7,3.75,0.25,0.002,1
crossing_90_d_7,4.25,0.25,0.001,1
crossing_90_d_7,4.75,0.25,0.002,1
crossing_90_d_7,5.25,0.25,0,1
crossing_90_d_7,5.75,0.25,0.001,1
crossing_90_d_7,6.25,0.25,0.001,1
crossing_90_d_7,6.75,0.75,1.82226,3
crossing_90_d_7,7.25,1.5,1.59118,6
crossing_90_d_7,7.75,1.25,1.56706,5
crossing_90_d_7,8.25,0.75,1.40988,3
crossing_90_d_7,8.75,1.75,1.17149,7
crossing_90_d_7,9.25,2,1.06446,8
crossing_90_d_7,9.75,1.75,0.978086,7
crossing_90_d_7,10.25,1.5,0.924695,6
crossing_90_d_7,10.75,1.75,1.02435,7
crossing_90_d_7,11.25,1.5,1.10415,6
crossing_90_d_7,11.75,2.25,1.05161,9
crossing_90_d_7,12.25,2.25,1.00952,9
crossing_90_d_7,12.75,2,1.03186,8
crossing_90_d_7,13.25,2,0.986602,8
crossing_90_d_7,13.75,1.5,0.928853,6
crossing_90_d_7,14.25,1.75,0.926063,7
crossing_90_d_7,14.75,2,0.808959,8
crossing_90_d_7,15.25,2.25,0.69491,9
crossing_90_d_7,15.75,2.5,0.661255,10
crossing_90_d_7,16.25,2.75,0.664681,11
crossing_90_d_7,16.75,3.25,0.63744,13
crossing_90_d_7,17.25,3.25,0.538725,13
crossing_90_d_7,17.75,3.5,0.546886,14
crossing_90_d_7,18.25,3.5,0.597008,14
crossing_90_d_7,18.75,3.25,0.593103,13
crossing_90_d_7,19.25,3.25,0.633681,13
crossing_90_d_7,19.75,3,0.636316,12
crossing_90_d_7,20.25,3,0.675151,12
crossing_90_d_7,20.75,2.75,0.727416,11
crossing_90_d_7,21.25,2.5,0.711091,10
crossing_90_d_7,21.75,2.75,0.734527,11
crossing_90_d_7,22.25,3.25,0.689485,13
crossing_90_d_7,22.75,2.75,0.737113,11
crossing_90_d_7,23.25,3,0.73423,12
crossing_90_d_7,23.75,3,0.728103,12
crossing_90_d_7,24.25,2.5,0.724433,10
crossing_90_d_7,24.75,2.75,0.720116,11
crossing_90_d_7,25.25,2.5,0.664517,10
crossing_90_d_7,25.75,2.75,0.636622,11
crossing_90_d_7,26.25,3.25,0.607796,13
crossing_90_d_7,26.75,3.25,0.618611,13
crossing_90_d_7,27.25,3.5,0.595313,14
crossing_90_d_7,27.75,3,0.560215,12
crossing_90_d_7,28.25,3.25,0.561402,13
crossing_90_d_7,28.75,3,0.523736,12
crossing_90_d_7,29.25,3,0.547042,12
crossing_90_d_7,29.75,3,0.499641,12
crossing_90_d_7,30.25,3,0.461559,12
crossing_90_d_7,30.75,3.75,0.480986,15
crossing_90_d_7,31.25,3.75,0.481216,15
crossing_90_d_7,31.75,4,0.460697,16
crossing_90_d_7,32.25,3.75,0.385987,15
crossing_90_d_7,32.75,4.25,0.433128,17
crossing_90_d_7,33.25,3.75,0.421176,15
crossing_90_d_7,33.75,3.75,0.394966,15
crossing_90_d_7,34.25,4.25,0.40384,17
crossing_90_d_7,34.75,3.75,0.405477,15
crossing_90_d_7,35.25,3.25,0.402802,13
crossing_90_d_7,35.75,3.75,0.423827,15
crossing_90_d_7,36.25,4.25,0.41855,17
crossing_90_d_7,36.75,3.75,0.377472,15
crossing_90_d_7,37.25,3.75,0.38502,15
crossing_90_d_7,37.75,4.5,0.392198,18
crossing_90_d_7,38.25,4,0.356572,16
crossing_90_d_7,38.75,4.25,0.365209,17
crossing_90_d_7,39.25,4.25,0.34692,17
crossing_90_d_7,39.75,4.75,0.351733,19
crossing_90_d_7,40.25,4.25,0.342914,17
crossing_90_d_7,40.75,4.75,0.348887,19
crossing_90_d_7,41.25,4.5,0.34179,18
crossing_90_d_7,41.75,4.75,0.336779,19
crossing_90_d_7,42.25,4,0.324749,16
crossing_90_d_7,42.75,3.75,0.331853,15
crossing_90_d_7,43.25,4,0.308173,16
crossing_90_d_7,43.75,4.5,0.324839,18
crossing_90_d_7,44.25,4,0.29453,16
crossing_90_d_7,44.75,4.75,0.294726,19
crossing_90_d_7,45.25,5,0.277295,20
crossing_90_d_7,45.75,5,0.279082,20
crossing_90_d_7,46.25,4.75,0.278258,19
crossing_90_d_7,46.75,4.5,0.278687,18
crossing_90_d_7,47.25,4.25,0.322084,17
crossing_90_d_7,47.75,4.25,0.347915,17
crossing_90_d_7,48.25,4.5,0.339956,18
crossing_90_d_7,48.75,4.25,0.304442,17
crossing_90_d_7,49.25,4.25,0.325214,17
crossing_90_d_7,49.75,4,0.350887,16
crossing_90_d_7,50.25,3.5,0.364081,14
crossing_90_d_7,50.75,4,0.36787,16
crossing_90_d_7,51.25,3.25,0.349658,13
crossing_90_d_7,51.75,3.75,0.313896,15
crossing_90_d_7,52.25,3.5,0.281818,14
crossing_90_d_7,52.75,3.75,0.325284,15
crossing_90_d_7,53.25,4,0.327099,16
crossing_90_d_7,53.75,3.75,0.355088,15
crossing_90_d_7,54.25,3.75,0.34018,15
crossing_90_d_7,54.75,4.25,0.329949,17
crossing_90_d_7,55.25,4,0.330495,16
crossing_90_d_7,55.75,4,0.35355,16
crossing_90_d_7,56.25,3.5,0.342556,14
crossing_90_d_7,56.75,4.25,0.334747,17
crossing_90_d_7,57.25,4,0.294355,16
crossing_90_d_7,57.75,4.25,0.325138,17
crossing_90_d_7,58.25,3.75,0.308427,15
crossing_90_d_7,58.75,3.75,0.311907,15
crossing_90_d_7,59.25,4,0.342284,16
crossing_90_d_7,59.75,3.75,0.285009,15
crossing_90_d_7,60.25,4.5,0.340338,18
crossing_90_d_7,60.75,4,0.313185,16
crossing_90_d_7,61.25,4,0.34277,16
crossing_90_d_7,61.75,3.75,0.317392,15
crossing_90_d_7,62.25,3.5,0.303054,14
crossing_90_d_7,62.75,3.75,0.289107,15
crossing_90_d_7,63.25,4,0.256261,16
crossing_90_d_7,63.75,4.25,0.29437,17
crossing_90_d_7,64.25,4.25,0.30603,17
crossing_90_d_7,64.75,4,0.305164,16
crossing_90_d_7,65.25,4,0.294667,16
crossing_90_d_7,65.75,3.75,0.322385,15
crossing_90_d_7,66.25,4,0.278541,16
crossing_90_d_7,66.75,3.75,0.316671,15
crossing_90_d_7,67.25,3.75,0.321727,15
crossing_90_d_7,67.75,3.75,0.307652,15
crossing_90_d_7,68.25,4,0.318266,16
crossing_90_d_7,68.75,4,0.354949,16
crossing_90_d_7,69.25,3.75,0.387527,15
crossing_90_d_7,69.75,3.75,0.433963,15
crossing_90_d_7,70.25,3.5,0.484473,14
crossing_90_d_7,70.75,3.25,0.482774,13
crossing_90_d_7,71.25,3.25,0.458316,13
crossing_90_d_7,71.75,3.25,0.444451,13
crossing_90_d_7,72.25,4,0.437748,16
crossing_90_d_7,72.75,3.25,0.421102,13
crossing_90_d_7,73.25,3.75,0.406773,15
crossing_90_d_7,73.75,4,0.420641,16
crossing_90_d_7,74.25,3.75,0.403455,15
crossing_90_d_7,74.75,3.75,0.421363,15
crossing_90_d_7,75.25,4,0.391484,16
crossing_90_d_7,75.75,4,0.442477,16
crossing_90_d_7,76.25,3.5,0.421635,14
crossing_90_d_7,76.75,3.75,0.424671,15
crossing_90_d_7,77.25,3.75,0.464245,15
crossing_90_d_7,77.75,3.75,0.427114,15
crossing_90_d_7,78.25,4,0.363147,16
crossing_90_d_7,78.75,3.75,0.393338,15
crossing_90_d_7,79.25,3.75,0.396396,15
crossing_90_d_7,79.75,3.5,0.392133,14
crossing_90_d_7,80.25,3.75,0.355892,15
crossing_90_d_7,80.75,4,0.329618,16
crossing_90_d_7,81.25,4.25,0.370722,17
crossing_90_d_7,81.75,3.75,0.328978,15
crossing_90_d_7,82.25,3.5,0.3432,14
crossing_90_d_7,82.75,3.75,0.346213,15
crossing_90_d_7,83.25,4.5,0.329601,18
crossing_90_d_7,83.75,3.5,0.327152,14
crossing_90_d_7,84.25,3.75,0.336308,15
crossing_90_d_7,84.75,4,0.367919,16
crossing_90_d_7,85.25,4,0.381416,16
crossing_90_d_7,85.75,4.25,0.378331,17
crossing_90_d_7,86.25,3.5,0.363309,14
crossing_90_d_7,86.75,3.25,0.373047,13
crossing_90_d_7,87.25,3.75,0.455971,15
crossing_90_d_7,87.75,3.25,0.386242,13
crossing_90_d_7,88.25,3.25,0.463922,13
crossing_90_d_7,88.75,3.25,0.429614,13
crossing_90_d_7,89.25,3.25,0.381629,13
crossing_90_d_7,89.75,3.5,0.38941,14
crossing_90_d_7,90.25,3.25,0.411376,13
crossing_90_d_7,90.75,3.25,0.43912,13
crossing_90_d_7,91.25,3,0.391079,12
crossing_90_d_7,91.75,3.5,0.387814,14
crossing_90_d_7,92.25,3.5,0.405894,14
crossing_90_d_7,92.75,3.5,0.352202,14
crossing_90_d_7,93.25,4,0.34859,16
crossing_90_d_7,93.75,4,0.316269,16
crossing_90_d_7,94.25,3.5,0.300357,14
crossing_90_d_7,94.75,3.25,0.31027,13
crossing_90_d_7,95.25,3.25,0.286078,13
crossing_90_d_7,95.75,3.25,0.322355,13
crossing_90_d_7,96.25,3.5,0.358149,14
crossing_90_d_7,96.75,3,0.363922,12
crossing_90_d_7,97.25,2.75,0.375045,11
crossing_90_d_7,97.75,3,0.426495,12
crossing_90_d_7,98.25,2.5,0.422335,10
crossing_90_d_7,98.75,2.75,0.43409,11
crossing_90_d_7,99.25,2.5,0.37916,10
crossing_90_d_7,99.75,3,0.408748,12
crossing_90_d_7,100.25,2.75,0.416502,11
crossing_90_d_7,100.75,3,0.425601,12
crossing_90_d_7,101.25,2.75,0.470476,11
crossing_90_d_7,101.75,2.25,0.433069,9
crossing_90_d_7,102.25,2.25,0.532875,9
crossing_90_d_7,102.75,2.5,0.541927,10
crossing_90_d_7,103.25,2.5,0.58445,10
crossing_90_d_7,103.75,2.25,0.619143,9
crossing_90_d_7,104.25,1.75,0.571537,7
crossing_90_d_7,104.75,2.25,0.631535,9
crossing_90_d_7,105.25,2,0.669304,8
crossing_90_d_7,105.75,1.75,0.626456,7
crossing_90_d_7,106.25,2,0.715106,8
crossing_90_d_7,106.75,2,0.715356,8
crossing_90_d_7,107.25,1.75,0.751133,7
crossing_90_d_7,107.75,2,0.727606,8
crossing_90_d_7,108.25,2.25,0.805191,9
crossing_90_d_7,108.75,1.75,0.718278,7
crossing_90_d_7,109.25,1.75,0.737563,7
crossing_90_d_7,109.75,1.25,0.728717,5
crossing_90_d_7,110.25,1.75,0.83024,7
crossing_90_d_7,110.75,1.5,0.90295,6
crossing_90_d_7,111.25,1.5,0.882918,6
crossing_90_d_7,111.75,1.25,0.944989,5
crossing_90_d_7,112.25,0.75,1.04805,3
crossing_90_d_7,112.75,1.5,0.914458,6
crossing_90_d_7,113.25,1,0.878812,4
crossing_90_d_7,113.75,1.5,0.890161,6
crossing_90_d_7,114.25,2,0.851623,8
crossing_90_d_7,114.75,2,0.866484,8
crossing_90_d_7,115.25,1.75,0.891802,7
crossing_90_d_7,115.75,1.75,0.835066,7
crossing_90_d_7,116.25,1.5,0.848542,6
crossing_90_d_7,116.75,1.5,0.835049,6
crossing_90_d_7,117.25,1.5,0.828388,6
crossing_90_d_7,117.75,1.5,0.810039,6
crossing_90_d_7,118.25,1.75,0.816971,7
crossing_90_d_7,118.75,1.75,0.803332,7
crossing_90_d_7,119.25,1.25,0.852001,5
crossing_90_d_7,119.75,1.75,0.897386,7
crossing_90_d_7,120.25,1.5,0.887023,6
crossing_90_d_7,120.75,1.25,0.910094,5
crossing_90_d_7,121.25,1.5,0.906027,6
crossing_90_d_7,121.75,1.25,0.872059,5
crossing_90_d_7,122.25,1,0.844636,4
crossing_90_d_7,122.75,0.75,0.860232,3
crossing_90_d_7,123.25,1,0.838738,4
crossing_90_d_7,123.75,0.75,0.797582,3
crossing_90_d_7,124.25,0.75,0.774228,3
crossing_90_d_7,124.75,0.5,0.745205,2
crossing_90_d_7,125.25,0.75,0.80166,3
crossing_90_d_7,125.75,0.75,0.803737,3
crossing_90_d_7,126.25,0.25,0.725882,1
crossing_90_d_7,126.75,0.25,0.74819,1
crossing_90_d_7,127.25,0.25,0.787485,1
crossing_90_d_8,6.5,0.25,2.39288,1
crossing_90_d_8,7,0.5,2.29915,2
crossing_90_d_8,8,1.25,1.57152,5
crossing_90_d_8,8.5,1,1.27413,4
crossing_90_d_8,9,1.5,1.0804,6
crossing_90_d_8,9.5,2.5,0.968168,10
crossing_90_d_8,10,2.5,0.943722,10
crossing_90_d_8,10.5,3.25,0.91033,13
crossing_90_d_8,11,2.25,0.901055,9
crossing_90_d_8,11.5,3.5,0.870092,14
crossing_90_d_8,12,3.25,0.836781,13
crossing_90_d_8,12.5,3.5,0.816461,14
crossing_90_d_8,13,4.25,0.791162,17
crossing_90_d_8,13.5,3.5,0.801772,14
crossing_90_d_8,14,3.25,0.650855,13
crossing_90_d_8,14.5,3,0.625289,12
crossing_90_d_8,15,2.75,0.664613,11
crossing_90_d_8,15.5,2,0.71791,8
crossing_90_d_8,16,2.25,0.656246,9
crossing_90_d_8,16.5,3,0.672201,12
crossing_90_d_8,17,3.5,0.559706,14
crossing_90_d_8,17.5,3.75,0.507882,15
crossing_90_d_8,18,4.5,0.458538,18
crossing_90_d_8,18.5,4.5,0.416364,18
crossing_90_d_8,19,4.5,0.413746,18
crossing_90_d_8,19.5,4.5,0.397558,18
crossing_90_d_8,20,4.75,0.398337,19
crossing_90_d_8,20.5,5,0.391323,20
crossing_90_d_8,21,5,0.373547,20
crossing_90_d_8,21.5,5,0.354268,20
crossing_90_d_8,22,5,0.363348,20
crossing_90_d_8,22.5,4.5,0.393085,18
crossing_90_d_8,23,4.5,0.415754,18
crossing_90_d_8,23.5,4.5,0.44961,18
crossing_90_d_8,24,4,0.464224,16
crossing_90_d_8,24.5,3.5,0.421281,14
crossing_90_d_8,25,3.5,0.454731,14
crossing_90_d_8,25.5,3.25,0.474746,13
crossing_90_d_8,26,3.5,0.486556,14
crossing_90_d_8,26.5,3.75,0.495183,15
crossing_90_d_8,27,3.75,0.480137,15
crossing_90_d_8,27.5,4.25,0.493171,17
crossing_90_d_8,28,4,0.507301,16
crossing_90_d_8,28.5,4,0.486885,16
crossing_90_d_8,29,3,0.479195,12
crossing_90_d_8,29.5,3.25,0.502771,13
crossing_90_d_8,30,3.25,0.513027,13
crossing_90_d_8,30.5,3,0.491557,12
crossing_90_d_8,31,3.25,0.448554,13
crossing_90_d_8,31.5,3,0.406262,12
crossing_90_d_8,32,3.5,0.41301,14
crossing_90_d_8,32.5,3.75,0.444009,15
crossing_90_d_8,33,3.75,0.384081,15
crossing_90_d_8,33.5,3.5,0.369229,14
crossing_90_d_8,34,3.75,0.375071,15
crossing_90_d_8,34.5,3.5,0.40235,14
crossing_90_d_8,35,3.5,0.405091,14
crossing_90_d_8,35.5,3.75,0.435106,15
crossing_90_d_8,36,3.5,0.469178,14
crossing_90_d_8,36.5,3.5,0.454466,14
crossing_90_d_8,37,3.5,0.462208,14
crossing_90_d_8,37.5,3.75,0.418546,15
crossing_90_d_8,38,3.25,0.405808,13
crossing_90_d_8,38.5,2.75,0.419164,11
crossing_90_d_8,39,3.25,0.466201,13
crossing_90_d_8,39.5,2.75,0.39246,11
crossing_90_d_8,40,3.25,0.410294,13
crossing_90_d_8,40.5,3.75,0.421456,15
crossing_90_d_8,41,3.75,0.377399,15
crossing_90_d_8,41.5,3.5,0.358335,14
crossing_90_d_8,42,3.75,0.404638,15
crossing_90_d_8,42.5,3.75,0.360444,15
crossing_90_d_8,43,3.25,0.331025,13
crossing_90_d_8,43.5,3.5,0.341525,14
crossing_90_d_8,44,3.25,0.345384,13
crossing_90_d_8,44.5,3.25,0.353559,13
crossing_90_d_8,45,3.25,0.374152,13
crossing_90_d_8,45.5,3,0.42105,12
crossing_90_d_8,46,3.5,0.453334,14
crossing_90_d_8,46.5,3.25,0.456709,13
crossing_90_d_8,47,3.5,0.423155,14
crossing_90_d_8,47.5,3,0.432747,12
crossing_90_d_8,48,3,0.415122,12
crossing_90_d_8,48.5,3.25,0.409609,13
crossing_90_d_8,49,3.75,0.37443,15
crossing_90_d_8,49.5,4,0.375377,16
crossing_90_d_8,50,4.5,0.40756,18
crossing_90_d_8,50.5,4,0.4447,16
crossing_90_d_8,51,3.5,0.440346,14
crossing_90_d_8,51.5,3.75,0.396589,15
crossing_90_d_8,52,3.75,0.415762,15
crossing_90_d_8,52.5,3.25,0.370847,13
crossing_90_d_8,53,3.5,0.381061,14
crossing_90_d_8,53.5,3.5,0.41344,14
crossing_90_d_8,54,4,0.360627,16
crossing_90_d_8,54.5,4,0.329287,16
crossing_90_d_8,55,4,0.312003,16
crossing_90_d_8,55.5,4,0.318024,16
crossing_90_d_8,56,4.25,0.30606,17
crossing_90_d_8,56.5,4.5,0.28065,18
crossing_90_d_8,57,4.5,0.296378,18
crossing_90_d_8,57.5,4.5,0.293799,18
crossing_90_d_8,58,4,0.270287,16
crossing_90_d_8,58.5,4.75,0.279903,19
crossing_90_d_8,59,4.25,0.254942,17
crossing_90_d_8,59.5,4.25,0.257287,17
crossing_90_d_8,60,5,0.257776,20
crossing_90_d_8,60.5,4.25,0.233902,17
crossing_90_d_8,61,4.25,0.269746,17
crossing_90_d_8,61.5,4.75,0.308791,19
crossing_90_d_8,62,4.5,0.276483,18
crossing_90_d_8,62.5,4,0.30228,16
crossing_90_d_8,63,3.75,0.279006,15
crossing_90_d_8,63.5,4,0.293218,16
crossing_90_d_8,64,4.25,0.315274,17
crossing_90_d_8,64.5,3.75,0.29085,15
crossing_90_d_8,65,3.75,0.268849,15
crossing_90_d_8,65.5,4,0.265188,16
crossing_90_d_8,66,4,0.282143,16
crossing_90_d_8,66.5,3.75,0.294446,15
crossing_90_d_8,67,3.75,0.307359,15
crossing_90_d_8,67.5,4.25,0.263583,17
crossing_90_d_8,68,4.25,0.317124,17
crossing_90_d_8,68.5,3.75,0.321446,15
crossing_90_d_8,69,3.75,0.319553,15
crossing_90_d_8,69.5,4,0.336624,16
crossing_90_d_8,70,3.75,0.327122,15
crossing_90_d_8,70.5,3.25,0.364346,13
crossing_90_d_8,71,4,0.373117,16
crossing_90_d_8,71.5,4.25,0.366125,17
crossing_90_d_8,72,3.75,0.343967,15
crossing_90_d_8,72.5,4,0.407347,16
crossing_90_d_8,73,4,0.432014,16
crossing_90_d_8,73.5,4.25,0.440006,17
crossing_90_d_8,74,3.5,0.467471,14
crossing_90_d_8,74.5,4.25,0.454504,17
crossing_90_d_8,75,3.75,0.37559,15
crossing_90_d_8,75.5,4.25,0.359061,17
crossing_90_d_8,76,4.25,0.379069,17
crossing_90_d_8,76.5,4,0.367631,16
crossing_90_d_8,77,4.5,0.393538,18
crossing_90_d_8,77.5,4.5,0.322107,18
crossing_90_d_8,78,4.25,0.311301,17
crossing_90_d_8,78.5,5,0.30936,20
crossing_90_d_8,79,5,0.298139,20
crossing_90_d_8,79.5,4.25,0.288293,17
crossing_90_d_8,80,4.25,0.31215,17
crossing_90_d_8,80.5,4,0.291424,16
crossing_90_d_8,81,4,0.315822,16
crossing_90_d_8,81.5,4,0.294353,16
crossing_90_d_8,82,4.25,0.285246,17
crossing_90_d_8,82.5,4.75,0.266103,19
crossing_90_d_8,83,4.75,0.270519,19
crossing_90_d_8,83.5,4.75,0.257376,19
crossing_90_d_8,84,4.75,0.287571,19
crossing_90_d_8,84.5,4.25,0.297426,17
crossing_90_d_8,85,4.75,0.299542,19
crossing_90_d_8,85.5,4.5,0.30816,18
crossing_90_d_8,86,4,0.311814,16
crossing_90_d_8,86.5,4.25,0.365579,17
crossing_90_d_8,87,3.75,0.368858,15
crossing_90_d_8,87.5,3.5,0.335503,14
crossing_90_d_8,88,3,0.331173,12
crossing_90_d_8,88.5,3,0.377374,12
crossing_90_d_8,89,3.25,0.390127,13
crossing_90_d_8,89.5,3.75,0.429343,15
crossing_90_d_8,90,3.5,0.438169,14
crossing_90_d_8,90.5,3,0.439181,12
crossing_90_d_8,91,3,0.504563,12
crossing_90_d_8,91.5,2.5,0.498725,10
crossing_90_d_8,92,3,0.502386,12
crossing_90_d_8,92.5,2.75,0.457926,11
crossing_90_d_8,93,3.25,0.466801,13
crossing_90_d_8,93.5,2.75,0.447145,11
crossing_90_d_8,94,2.75,0.453487,11
crossing_90_d_8,94.5,2.5,0.466715,10
crossing_90_d_8,95,3,0.471527,12
crossing_90_d_8,95.5,2.75,0.481542,11
crossing_90_d_8,96,2.75,0.525346,11
crossing_90_d_8,96.5,2.5,0.530548,10
crossing_90_d_8,97,2.5,0.595286,10
crossing_90_d_8,97.5,1.75,0.590653,7
crossing_90_d_8,98,2.25,0.704315,9
crossing_90_d_8,98.5,2.75,0.75268,11
crossing_90_d_8,99,2.25,0.731978,9
crossing_90_d_8,99.5,2.5,0.721992,10
crossing_90_d_8,100,2,0.680958,8
crossing_90_d_8,100.5,2.5,0.709011,10
crossing_90_d_8,101,1.75,0.656551,7
crossing_90_d_8,101.5,1.5,0.668246,6
crossing_90_d_8,102,2,0.674362,8
crossing_90_d_8,102.5,2.25,0.668754,9
crossing_90_d_8,103,2.25,0.648691,9
crossing_90_d_8,103.5,2,0.66638,8
crossing_90_d_8,104,2,0.746267,8
crossing_90_d_8,104.5,2,0.796522,8
crossing_90_d_8,105,2,0.843853,8
crossing_90_d_8,105.5,1.5,0.890076,6
crossing_90_d_8,106,1.5,0.939797,6
crossing_90_d_8,106.5,1.75,0.905745,7
crossing_90_d_8,107,2,0.886756,8
crossing_90_d_8,107.5,2,0.878102,8
crossing_90_d_8,108,1.75,0.840579,7
crossing_90_d_8,108.5,2,0.855202,8
crossing_90_d_8,109,2.25,0.837014,9
crossing_90_d_8,109.5,1.5,0.829929,6
crossing_90_d_8,110,1.5,0.831392,6
crossing_90_d_8,110.5,2,0.834148,8
crossing_90_d_8,111,2,0.851287,8
crossing_90_d_8,111.5,1.75,0.822957,7
crossing_90_d_8,112,1.75,0.799494,7
crossing_90_d_8,112.5,1.75,0.820302,7
crossing_90_d_8,113,1.25,0.868484,5
crossing_90_d_8,113.5,1.5,0.861785,6
crossing_90_d_8,114,1.5,0.848373,6
crossing_90_d_8,114.5,2,0.827449,8
crossing_90_d_8,115,1.25,0.817501,5
crossing_90_d_8,115.5,1.5,0.816149,6
crossing_90_d_8,116,1,0.812994,4
crossing_90_d_8,116.5,1.25,0.821993,5
crossing_90_d_8,117,0.75,0.771536,3
crossing_90_d_8,117.5,0.75,0.73289,3
crossing_90_d_8,118,0.75,0.786068,3
crossing_90_d_8,118.5,0.5,0.759345,2
crossing_90_e_1,6.375,0.25,1.79152,1
crossing_90_e_1,7.875,0.25,1.61954,1
crossing_90_e_1,8.375,0.25,1.62947,1
crossing_90_e_1,9.375,0.25,1.57151,1
crossing_90_e_1,9.875,0.5,1.28104,2
crossing_90_e_1,10.375,0.5,1.16773,2
crossing_90_e_1,10.875,0.25,1.42509,1
crossing_90_e_1,11.375,0.5,1.14783,2
crossing_90_e_1,11.875,0.25,1.59117,1
crossing_90_e_1,12.375,0.25,1.01776,1
crossing_90_e_1,12.875,0.25,1.07315,1
crossing_90_e_1,13.375,0.5,1.2352,2
crossing_90_e_1,13.875,0.5,1.18014,2
crossing_90_e_1,14.375,0.75,1.17993,3
crossing_90_e_1,14.875,0.75,1.21576,3
crossing_90_e_1,15.375,0.25,1.21567,1
crossing_90_e_1,15.875,0.5,1.2029,2
crossing_90_e_1,16.375,0.25,1.29647,1
crossing_90_e_1,16.875,0.25,1.32309,1
crossing_90_e_1,17.375,0.5,1.21153,2
crossing_90_e_1,17.875,0.5,1.29682,2
crossing_90_e_1,18.375,0.5,1.36601,2
crossing_90_e_1,18.875,0.5,1.34237,2
crossing_90_e_1,19.375,0.25,1.27667,1
crossing_90_e_1,19.875,0.75,1.2048,3
crossing_90_e_1,20.375,0.5,1.19958,2
crossing_90_e_1,20.875,0.5,1.25175,2
crossing_90_e_1,21.375,0.25,1.20647,1
crossing_90_e_1,23.375,0.25,1.2436,1
crossing_90_e_1,23.875,0.5,1.0456,2
crossing_90_e_1,24.375,0.75,0.893793,3
crossing_90_e_1,24.875,0.75,0.932072,3
crossing_90_e_1,25.375,0.25,0.874778,1
crossing_90_e_1,25.875,0.25,0.894664,1
crossing_90_e_1,27.375,0.25,1.11913,1
crossing_90_e_1,27.875,0.25,1.12904,1
crossing_90_e_1,28.375,0.5,1.20608,2
crossing_90_e_1,28.875,0.25,1.24545,1
crossing_90_e_1,29.375,0.5,1.06364,2
crossing_90_e_1,30.375,0.5,1.18943,2
crossing_90_e_1,30.875,0.5,1.12368,2
crossing_90_e_1,31.375,0.75,1.07849,3
crossing_90_e_1,31.875,0.25,0.973703,1
crossing_90_e_1,32.375,0.5,1.09355,2
crossing_90_e_1,32.875,0.5,1.0331,2
crossing_90_e_1,33.375,0.25,0.841647,1
crossing_90_e_1,33.875,0.25,0.986129,1
crossing_90_e_1,34.375,0.25,1.30817,1
crossing_90_e_1,34.875,0.5,1.46779,2
crossing_90_e_1,35.375,0.5,1.44526,2
crossing_90_e_1,35.875,0.25,1.50123,1
crossing_90_e_1,36.875,0.25,1.31991,1
crossing_90_e_1,37.375,0.25,1.29674,1
crossing_90_e_1,37.875,0.25,1.31226,1
crossing_90_e_1,38.375,0.25,1.493,1
crossing_90_e_1,38.875,0.25,1.49215,1
crossing_90_e_1,39.375,0.5,1.38321,2
crossing_90_e_1,39.875,0.25,1.19053,1
crossing_90_e_1,40.375,0.25,1.16843,1
crossing_90_e_1,40.875,0.25,1.21556,1
crossing_90_e_1,43.375,0.5,1.15909,2
crossing_90_e_1,43.875,0.5,1.16258,2
crossing_90_e_1,44.375,0.75,1.23441,3
crossing_90_e_1,44.875,0.75,1.18291,3
crossing_90_e_1,45.375,0.5,1.23839,2
crossing_90_e_1,45.875,0.5,1.05807,2
crossing_90_e_1,46.375,0.5,1.05648,2
crossing_90_e_1,46.875,0.5,1.10402,2
crossing_90_e_1,47.375,0.5,1.16159,2
crossing_90_e_1,47.875,0.75,1.33299,3
crossing_90_e_1,48.375,0.5,1.33681,2
crossing_90_e_1,48.875,0.5,1.33555,2
crossing_90_e_1,49.375,0.5,1.10475,2
crossing_90_e_1,49.875,0.25,1.109,1
crossing_90_e_1,50.375,0.5,1.20765,2
crossing_90_e_1,50.875,0.25,1.16506,1
crossing_90_e_1,51.375,0.25,0.969184,1
crossing_90_e_1,51.875,0.25,0.739774,1
crossing_90_e_1,52.875,0.25,1.37211,1
crossing_90_e_1,53.375,0.5,1.17334,2
crossing_90_e_1,53.875,0.25,1.31466,1
crossing_90_e_1,54.375,0.5,1.37367,2
crossing_90_e_1,54.875,0.25,1.45516,1
crossing_90_e_1,55.375,0.5,1.37731,2
crossing_90_e_1,55.875,0.25,1.26823,1
crossing_90_e_1,56.375,0.25,1.21091,1
crossing_90_e_1,56.875,0.25,1.18092,1
crossing_90_e_1,57.375,0.75,1.17561,3
crossing_90_e_1,57.875,0.75,1.13168,3
crossing_90_e_1,58.375,1,0.985191,4
crossing_90_e_1,58.875,1,0.981777,4
crossing_90_e_1,59.375,0.75,0.965707,3
crossing_90_e_1,59.875,1,0.903455,4
crossing_90_e_1,60.375,0.75,0.83599,3
crossing_90_e_1,60.875,1,0.905566,4
crossing_90_e_1,61.375,1,0.971931,4
crossing_90_e_1,61.875,0.75,1.01757,3
crossing_90_e_1,62.375,1,1.03567,4
crossing_90_e_1,62.875,0.75,1.23543,3
crossing_90_e_1,63.375,0.5,1.46592,2
crossing_90_e_1,63.875,0.25,1.09112,1
crossing_90_e_1,64.375,0.25,1.23214,1
crossing_90_e_1,64.875,0.5,1.03033,2
crossing_90_e_1,65.375,0.5,0.836251,2
crossing_90_e_1,65.875,0.75,0.879801,3
crossing_90_e_1,66.375,0.5,1.01866,2
crossing_90_e_1,66.875,0.75,1.10475,3
crossing_90_e_1,67.375,1,1.09868,4
crossing_90_e_1,67.875,1,1.14974,4
crossing_90_e_1,68.375,1,1.21875,4
crossing_90_e_1,68.875,0.75,1.28073,3
crossing_90_e_1,69.375,0.25,1.28148,1
crossing_90_e_1,69.875,0.5,1.31941,2
crossing_90_e_1,70.375,0.5,1.3451,2
crossing_90_e_1,70.875,0.5,1.30385,2
crossing_90_e_1,71.375,0.25,1.56283,1
crossing_90_e_1,71.875,0.5,1.42978,2
crossing_90_e_1,72.375,0.5,1.43167,2
crossing_90_e_1,72.875,0.5,1.40405,2
crossing_90_e_1,73.375,0.25,1.12967,1
crossing_90_e_1,73.875,0.25,1.09915,1
crossing_90_e_1,74.375,0.25,1.18878,1
crossing_90_e_1,74.875,0.25,1.25424,1
crossing_90_e_1,76.875,0.25,1.26021,1
crossing_90_e_1,77.375,0.25,1.34479,1
crossing_90_e_1,77.875,0.5,1.2942,2
crossing_90_e_1,78.375,0.5,1.31539,2
crossing_90_e_1,78.875,0.25,1.37699,1
crossing_90_e_1,79.375,0.25,0.940836,1
crossing_90_e_1,79.875,0.75,1.06741,3
crossing_90_e_1,80.375,0.5,1.10059,2
crossing_90_e_1,80.875,0.5,1.14162,2
crossing_90_e_1,81.375,0.25,1.40715,1
crossing_90_e_1,81.875,0.25,1.44285,1
crossing_90_e_1,82.375,0.25,1.31703,1
crossing_90_e_1,82.875,0.25,1.07835,1
crossing_90_e_1,83.375,0.5,1.14779,2
crossing_90_e_1,83.875,0.5,1.26752,2
crossing_90_e_1,84.375,0.5,1.38255,2
crossing_90_e_1,84.875,0.5,1.41493,2
crossing_90_e_1,85.375,0.5,1.34798,2
crossing_90_e_1,85.875,0.5,1.28597,2
crossing_90_e_1,86.375,0.75,1.26706,3
crossing_90_e_1,86.875,0.75,1.29094,3
crossing_90_e_1,87.375,0.5,1.02087,2
crossing_90_e_1,87.875,0.25,1.06445,1
crossing_90_e_1,88.375,0.5,1.20133,2
crossing_90_e_1,88.875,0.75,1.06392,3
crossing_90_e_1,89.375,0.5,1.01543,2
crossing_90_e_1,89.875,0.75,1.07878,3
crossing_90_e_1,90.375,0.75,1.07035,3
crossing_90_e_1,90.875,0.5,1.00371,2
crossing_90_e_1,91.375,0.5,0.949634,2
crossing_90_e_1,91.875,0.25,1.07706,1
crossing_90_e_1,92.375,0.25,1.11207,1
crossing_90_e_1,93.875,0.25,1.42808,1
crossing_90_e_1,94.375,0.5,1.18923,2
crossing_90_e_1,94.875,0.5,1.14052,2
crossing_90_e_1,95.375,1,1.17443,4
crossing_90_e_1,95.875,0.75,1.19606,3
crossing_90_e_1,96.375,0.5,1.13903,2
crossing_90_e_1,96.875,0.5,1.15529,2
crossing_90_e_1,97.875,0.5,1.27983,2
crossing_90_e_1,98.375,0.5,1.29724,2
crossing_90_e_1,98.875,0.75,1.15592,3
crossing_90_e_1,99.375,0.75,1.0675,3
crossing_90_e_1,99.875,0.5,0.991002,2
crossing_90_e_1,100.375,0.5,0.969765,2
crossing_90_e_1,100.875,0.75,1.07223,3
crossing_90_e_1,101.375,0.5,1.19744,2
crossing_90_e_1,101.875,0.75,1.10991,3
crossing_90_e_1,102.375,0.5,0.963175,2
crossing_90_e_1,102.875,0.75,0.978635,3
crossing_90_e_1,103.375,0.75,1.11803,3
crossing_90_e_1,103.875,0.75,1.21804,3
crossing_90_e_1,104.375,1.25,1.2478,5
crossing_90_e_1,104.875,0.75,1.26778,3
crossing_90_e_1,105.375,0.5,1.31565,2
crossing_90_e_1,105.875,0.25,1.26406,1
crossing_90_e_1,106.375,0.25,1.16842,1
crossing_90_e_1,106.875,0.25,1.07926,1
crossing_90_e_1,107.375,0.25,1.20201,1
crossing_90_e_1,107.875,0.5,1.20044,2
crossing_90_e_1,108.375,0.25,1.21518,1
crossing_90_e_1,108.875,0.25,1.17276,1
crossing_90_e_1,109.375,0.5,1.17529,2
crossing_90_e_1,109.875,0.25,1.24313,1
crossing_90_e_1,110.375,0.25,1.26023,1
crossing_90_e_1,110.875,0.25,1.27997,1
crossing_90_e_1,111.375,0.25,0.997975,1
crossing_90_e_1,111.875,0.25,0.811055,1
crossing_90_e_1,112.375,0.5,1.0971,2
crossing_90_e_1,112.875,0.25,1.44918,1
crossing_90_e_1,113.375,0.75,1.17539,3
crossing_90_e_1,113.875,0.75,1.24571,3
crossing_90_e_1,114.375,0.25,0.973042,1
crossing_90_e_1,114.875,0.25,0.935503,1
crossing_90_e_1,115.375,0.25,1.33789,1
crossing_90_e_1,115.875,0.5,1.332,2
crossing_90_e_1,116.375,0.5,1.31089,2
crossing_90_e_1,116.875,0.5,1.00756,2
crossing_90_e_1,117.375,0.5,0.931186,2
crossing_90_e_1,117.875,0.5,1.19078,2
crossing_90_e_1,118.375,0.25,1.22377,1
crossing_90_e_1,118.875,0.25,1.34506,1
crossing_90_e_1,119.375,0.25,1.34987,1
crossing_90_e_1,119.875,0.5,1.22396,2
crossing_90_e_1,120.375,0.5,1.10555,2
crossing_90_e_1,120.875,0.75,1.12863,3
crossing_90_e_1,121.375,1,1.05249,4
crossing_90_e_1,121.875,1.5,1.10014,6
crossing_90_e_1,122.375,1.25,1.14236,5
crossing_90_e_1,122.875,1.5,1.14293,6
crossing_90_e_1,123.375,1.5,1.08846,6
crossing_90_e_1,123.875,1.75,0.973495,7
crossing_90_e_1,124.375,1.75,1.00448,7
crossing_90_e_1,124.875,1.25,0.951003,5
crossing_90_e_1,125.375,1.5,0.895144,6
crossing_90_e_1,125.875,1,0.933083,4
crossing_90_e_1,126.375,1.5,1.01339,6
crossing_90_e_1,126.875,1.5,1.04481,6
crossing_90_e_1,127.375,1,0.925313,4
crossing_90_e_1,127.875,1,0.911799,4
crossing_90_e_1,128.375,1.25,0.91403,5
crossing_90_e_1,128.875,1.25,1.04244,5
crossing_90_e_1,129.375,1.5,1.12322,6
crossing_90_e_1,129.875,1.5,1.06875,6
crossing_90_e_1,130.375,1.75,1.09424,7
crossing_90_e_1,130.875,1.5,1.04627,6
crossing_90_e_1,131.375,1.25,1.02115,5
crossing_90_e_1,131.875,1.25,0.95369,5
crossing_90_e_1,132.375,1.25,0.894387,5
crossing_90_e_1,132.875,1.75,0.772398,7
crossing_90_e_1,133.375,1.25,0.765521,5
crossing_90_e_1,133.875,1.25,0.770314,5
crossing_90_e_1,134.375,2,0.741103,8
crossing_90_e_1,134.875,1.75,0.589406,7
crossing_90_e_1,135.375,1.75,0.64333,7
crossing_90_e_1,135.875,1.75,0.600568,7
crossing_90_e_1,136.375,1.75,0.539703,7
crossing_90_e_1,136.875,2,0.605487,8
crossing_90_e_1,137.375,1.5,0.657497,6
crossing_90_e_1,137.875,1.5,0.638912,6
crossing_90_e_1,138.375,2,0.747783,8
crossing_90_e_1,138.875,1.75,0.802447,7
crossing_90_e_1,139.375,1.25,0.819436,5
crossing_90_e_1,139.875,1.25,0.937446,5
crossing_90_e_1,140.375,1.25,0.897587,5
crossing_90_e_1,140.875,1,0.718936,4
crossing_90_e_1,141.375,1,0.620789,4
crossing_90_e_1,141.875,1.75,0.686539,7
crossing_90_e_1,142.375,1.75,0.719811,7
crossing_90_e_1,142.875,2.25,0.713057,9
crossing_90_e_1,143.375,2.25,0.698976,9
crossing_90_e_1,143.875,2.5,0.616657,10
crossing_90_e_1,144.375,2,0.599383,8
crossing_90_e_1,144.875,2.25,0.658693,9
crossing_90_e_1,145.375,2.75,0.620275,11
crossing_90_e_1,145.875,2.25,0.584211,9
crossing_90_e_1,146.375,2.25,0.654638,9
crossing_90_e_1,146.875,2.5,0.73046,10
crossing_90_e_1,147.375,2,0.836869,8
crossing_90_e_1,147.875,2,0.720499,8
crossing_90_e_1,148.375,2.5,0.638362,10
crossing_90_e_1,148.875,2.5,0.606927,10
crossing_90_e_1,149.375,2.25,0.537638,9
crossing_90_e_1,149.875,2.25,0.579108,9
crossing_90_e_1,150.375,2.5,0.554476,10
crossing_90_e_1,150.875,2.5,0.541196,10
crossing_90_e_1,151.375,2.75,0.543387,11
crossing_90_e_1,151.875,3,0.532921,12
crossing_90_e_1,152.375,2.5,0.542332,10
crossing_90_e_1,152.875,2.75,0.589604,11
crossing_90_e_1,153.375,2.25,0.603659,9
crossing_90_e_1,153.875,2.75,0.584431,11
crossing_90_e_1,154.375,2,0.558122,8
crossing_90_e_1,154.875,2.5,0.550652,10
crossing_90_e_1,155.375,2,0.52186,8
crossing_90_e_1,155.875,2,0.46618,8
crossing_90_e_1,156.375,2.75,0.527915,11
crossing_90_e_1,156.875,2.25,0.54828,9
crossing_90_e_1,157.375,1.75,0.592976,7
crossing_90_e_1,157.875,1.75,0.466619,7
crossing_90_e_1,158.375,1.5,0.492505,6
crossing_90_e_1,158.875,2.5,0.513673,10
crossing_90_e_1,159.375,2.25,0.551509,9
crossing_90_e_1,159.875,2.25,0.55849,9
crossing_90_e_1,160.375,2.5,0.563317,10
crossing_90_e_1,160.875,1.75,0.660173,7
crossing_90_e_1,161.375,2.25,0.646296,9
crossing_90_e_1,161.875,2.5,0.688319,10
crossing_90_e_1,162.375,1.25,0.717261,5
crossing_90_e_1,162.875,1.5,0.628298,6
crossing_90_e_1,163.375,1.5,0.581562,6
crossing_90_e_1,163.875,1.75,0.601693,7
crossing_90_e_1,164.375,2,0.620845,8
crossing_90_e_1,164.875,1.5,0.544919,6
crossing_90_e_1,165.375,1.5,0.494448,6
crossing_90_e_1,165.875,2,0.503814,8
crossing_90_e_1,166.375,1.75,0.524566,7
crossing_90_e_1,166.875,1.5,0.510383,6
crossing_90_e_1,167.375,2,0.600697,8
crossing_90_e_1,167.875,2,0.610729,8
crossing_90_e_1,168.375,2,0.541234,8
crossing_90_e_1,168.875,2.25,0.540698,9
crossing_90_e_1,169.375,2.25,0.565401,9
crossing_90_e_1,169.875,2,0.629503,8
crossing_90_e_1,170.375,2,0.578873,8
crossing_90_e_1,170.875,1.75,0.576856,7
crossing_90_e_1,171.375,1.75,0.675516,7
crossing_90_e_1,171.875,2.25,0.500044,9
crossing_90_e_1,172.375,2.5,0.51271,10
crossing_90_e_1,172.875,2,0.487727,8
crossing_90_e_1,173.375,2.75,0.523908,11
crossing_90_e_1,173.875,2.25,0.521797,9
crossing_90_e_1,174.375,2.75,0.435979,11
crossing_90_e_1,174.875,2.75,0.427342,11
crossing_90_e_1,175.375,2.5,0.45225,10
crossing_90_e_1,175.875,2.75,0.476602,11
crossing_90_e_1,176.375,2.5,0.481359,10
crossing_90_e_1,176.875,2.75,0.52797,11
crossing_90_e_1,177.375,2.25,0.604293,9
crossing_90_e_1,177.875,2.75,0.660476,11
crossing_90_e_1,178.375,2.25,0.660929,9
crossing_90_e_1,178.875,2.25,0.637773,9
crossing_90_e_1,179.375,2,0.647271,8
crossing_90_e_1,179.875,2,0.683628,8
crossing_90_e_1,180.375,2,0.673835,8
crossing_90_e_1,180.875,2.25,0.662517,9
crossing_90_e_1,181.375,2.25,0.637212,9
crossing_90_e_1,181.875,1.5,0.600956,6
crossing_90_e_1,182.375,1.5,0.620192,6
crossing_90_e_1,182.875,2,0.47827,8
crossing_90_e_1,183.375,1.75,0.471493,7
crossing_90_e_1,183.875,1.5,0.550434,6
crossing_90_e_1,184.375,1.75,0.537478,7
crossing_90_e_1,184.875,1.5,0.534985,6
crossing_90_e_1,185.375,1.75,0.610287,7
crossing_90_e_1,185.875,2,0.60116,8
crossing_90_e_1,186.375,1.75,0.612861,7
crossing_90_e_1,186.875,1.75,0.548078,7
crossing_90_e_1,187.375,2.5,0.535132,10
crossing_90_e_1,187.875,2.5,0.450879,10
crossing_90_e_1,188.375,2.5,0.476193,10
crossing_90_e_1,188.875,2.5,0.414125,10
crossing_90_e_1,189.375,3,0.424723,12
crossing_90_e_1,189.875,3,0.457736,12
crossing_90_e_1,190.375,2.5,0.414151,10
crossing_90_e_1,190.875,2.5,0.465623,10
crossing_90_e_1,191.375,2.25,0.530221,9
crossing_90_e_1,191.875,2,0.553772,8
crossing_90_e_1,192.375,2.5,0.582829,10
crossing_90_e_1,192.875,1.75,0.592973,7
crossing_90_e_1,193.375,1.5,0.59625,6
crossing_90_e_1,193.875,2,0.572519,8
crossing_90_e_1,194.375,1.75,0.470152,7
crossing_90_e_1,194.875,2,0.45732,8
crossing_90_e_1,195.375,2.25,0.388286,9
crossing_90_e_1,195.875,2.25,0.340564,9
crossing_90_e_1,196.375,2.5,0.394284,10
crossing_90_e_1,196.875,2.25,0.388473,9
crossing_90_e_1,197.375,2.5,0.359624,10
crossing_90_e_1,197.875,2.5,0.406076,10
crossing_90_e_1,198.375,2.25,0.41574,9
crossing_90_e_1,198.875,2.75,0.539633,11
crossing_90_e_1,199.375,1.75,0.598489,7
crossing_90_e_1,199.875,2,0.614411,8
crossing_90_e_1,200.375,2.5,0.547709,10
crossing_90_e_1,200.875,2.75,0.600266,11
crossing_90_e_1,201.375,2,0.538183,8
crossing_90_e_1,201.875,2.75,0.566772,11
crossing_90_e_1,202.375,2.25,0.591585,9
crossing_90_e_1,202.875,2,0.572367,8
crossing_90_e_1,203.375,2,0.644788,8
crossing_90_e_1,203.875,1.75,0.666655,7
crossing_90_e_1,204.375,1.25,0.586626,5
crossing_90_e_1,204.875,1.25,0.649038,5
crossing_90_e_1,205.375,1.25,0.691749,5
crossing_90_e_1,205.875,0.75,0.627916,3
crossing_90_e_1,206.375,0.75,0.669138,3
crossing_90_e_1,206.875,1,0.73641,4
crossing_90_e_1,207.375,0.75,0.684397,3
crossing_90_e_1,207.875,0.75,0.717978,3
crossing_90_e_1,208.375,1,0.651093,4
crossing_90_e_1,208.875,1.25,0.681737,5
crossing_90_e_1,209.375,1.25,0.704679,5
crossing_90_e_1,209.875,1.75,0.677376,7
crossing_90_e_1,210.375,1.25,0.658877,5
crossing_90_e_1,210.875,1.25,0.636773,5
crossing_90_e_1,211.375,0.75,0.634524,3
crossing_90_e_1,211.875,1,0.605567,4
crossing_90_e_1,212.375,1,0.59336,4
crossing_90_e_1,212.875,1,0.597079,4
crossing_90_e_1,213.375,1,0.647543,4
crossing_90_e_1,213.875,1,0.587577,4
crossing_90_e_1,214.375,1,0.615616,4
crossing_90_e_1,214.875,0.5,0.669409,2
crossing_90_e_1,215.375,0.5,0.611016,2
crossing_90_e_1,215.875,0.5,0.56273,2
crossing_90_e_1,216.375,0.5,0.640028,2
crossing_90_e_1,216.875,0.5,0.703389,2
crossing_90_e_1,217.375,0.25,0.694395,1
crossing_90_e_1,217.875,0.25,0.678136,1
crossing_90_e_1,218.375,0.25,0.718288,1
crossing_90_e_2,7,0.25,1.77636,1
crossing_90_e_2,7.5,0.25,1.70968,1
crossing_90_e_2,8,0.5,1.55926,2
crossing_90_e_2,8.5,0.5,1.3743,2
crossing_90_e_2,9,0.75,1.5043,3
crossing_90_e_2,9.5,0.5,1.72764,2
crossing_90_e_2,10,0.25,1.17843,1
crossing_90_e_2,10.5,1,1.49706,4
crossing_90_e_2,11,1,1.54244,4
crossing_90_e_2,11.5,1,1.54018,4
crossing_90_e_2,12,0.75,1.48105,3
crossing_90_e_2,12.5,0.5,1.36132,2
crossing_90_e_2,13,0.5,1.30074,2
crossing_90_e_2,13.5,0.75,1.40458,3
crossing_90_e_2,14,0.75,1.40531,3
crossing_90_e_2,14.5,0.75,1.17764,3
crossing_90_e_2,15,0.5,1.28444,2
crossing_90_e_2,15.5,0.75,1.34716,3
crossing_90_e_2,16,0.5,1.15179,2
crossing_90_e_2,16.5,0.75,1.12598,3
crossing_90_e_2,17,0.5,1.17782,2
crossing_90_e_2,17.5,0.75,1.181,3
crossing_90_e_2,18,0.75,1.18291,3
crossing_90_e_2,18.5,0.75,1.24901,3
crossing_90_e_2,19,0.5,1.30963,2
crossing_90_e_2,19.5,0.5,1.13287,2
crossing_90_e_2,20,0.5,1.13767,2
crossing_90_e_2,20.5,1,1.16958,4
crossing_90_e_2,21,0.75,1.17722,3
crossing_90_e_2,21.5,1.25,1.28218,5
crossing_90_e_2,22,1.25,1.28993,5
crossing_90_e_2,22.5,1.25,1.37559,5
crossing_90_e_2,23,0.75,1.40353,3
crossing_90_e_2,23.5,0.25,1.47573,1
crossing_90_e_2,24,0.25,1.22094,1
crossing_90_e_2,24.5,0.25,1.21101,1
crossing_90_e_2,25,0.75,1.26164,3
crossing_90_e_2,25.5,0.25,1.43572,1
crossing_90_e_2,26,1,1.14318,4
crossing_90_e_2,26.5,0.5,1.10065,2
crossing_90_e_2,27,1,1.267,4
crossing_90_e_2,27.5,0.75,1.11494,3
crossing_90_e_2,28,0.5,1.0542,2
crossing_90_e_2,28.5,0.75,0.78841,3
crossing_90_e_2,29,1,0.864862,4
crossing_90_e_2,29.5,1.25,1.0162,5
crossing_90_e_2,30,0.75,1.06497,3
crossing_90_e_2,30.5,0.5,0.927002,2
crossing_90_e_2,31,0.5,1.09063,2
crossing_90_e_2,31.5,0.75,1.18241,3
crossing_90_e_2,32,1,1.19533,4
crossing_90_e_2,32.5,0.5,1.22207,2
crossing_90_e_2,33,0.75,1.00598,3
crossing_90_e_2,33.5,0.75,1.0528,3
crossing_90_e_2,34,0.5,0.969469,2
crossing_90_e_2,34.5,0.5,0.952562,2
crossing_90_e_2,35,0.25,0.857029,1
crossing_90_e_2,35.5,0.5,1.2591,2
crossing_90_e_2,37,0.5,0.895439,2
crossing_90_e_2,37.5,0.75,1.15701,3
crossing_90_e_2,38,1,1.1689,4
crossing_90_e_2,38.5,0.75,1.23773,3
crossing_90_e_2,39,0.5,1.10801,2
crossing_90_e_2,39.5,0.5,1.0254,2
crossing_90_e_2,40,0.25,1.23759,1
crossing_90_e_2,40.5,0.25,1.32509,1
crossing_90_e_2,41,0.25,1.38447,1
crossing_90_e_2,42,0.5,0.936802,2
crossing_90_e_2,42.5,0.75,0.918496,3
crossing_90_e_2,43,1.25,0.987045,5
crossing_90_e_2,43.5,1.25,0.979856,5
crossing_90_e_2,44,1.25,1.06633,5
crossing_90_e_2,44.5,1.25,1.04506,5
crossing_90_e_2,45,1,1.09297,4
crossing_90_e_2,45.5,0.75,1.0576,3
crossing_90_e_2,46,1.25,1.03798,5
crossing_90_e_2,46.5,1,0.851882,4
crossing_90_e_2,47,1,0.906492,4
crossing_90_e_2,47.5,1,1.039,4
crossing_90_e_2,48,0.5,1.00553,2
crossing_90_e_2,48.5,0.75,1.08044,3
crossing_90_e_2,49,0.75,0.816792,3
crossing_90_e_2,49.5,0.75,0.792205,3
crossing_90_e_2,50,1,0.868584,4
crossing_90_e_2,50.5,0.75,0.731364,3
crossing_90_e_2,51,1,0.579752,4
crossing_90_e_2,51.5,1,0.644101,4
crossing_90_e_2,52,0.5,0.684493,2
crossing_90_e_2,52.5,0.5,0.688111,2
crossing_90_e_2,53,0.5,0.838767,2
crossing_90_e_2,53.5,0.5,0.993462,2
crossing_90_e_2,54,0.5,1.08047,2
crossing_90_e_2,54.5,1,1.08577,4
crossing_90_e_2,55,1.25,1.09268,5
crossing_90_e_2,55.5,0.75,1.16193,3
crossing_90_e_2,56,0.75,0.933208,3
crossing_90_e_2,56.5,0.75,0.870752,3
crossing_90_e_2,57,0.5,0.987413,2
crossing_90_e_2,57.5,1.25,0.928541,5
crossing_90_e_2,58,1.25,1.00965,5
crossing_90_e_2,58.5,0.75,1.04219,3
crossing_90_e_2,59,0.75,1.01657,3
crossing_90_e_2,59.5,0.25,0.834341,1
crossing_90_e_2,60,0.75,0.948274,3
crossing_90_e_2,60.5,0.75,0.99055,3
crossing_90_e_2,61,1.25,1.03076,5
crossing_90_e_2,61.5,1,1.01807,4
crossing_90_e_2,62,0.75,1.04046,3
crossing_90_e_2,62.5,0.75,1.04342,3
crossing_90_e_2,63,0.5,0.9732,2
crossing_90_e_2,63.5,0.75,0.996552,3
crossing_90_e_2,64,0.75,1.11993,3
crossing_90_e_2,64.5,0.75,1.07416,3
crossing_90_e_2,65,0.5,1.23099,2
crossing_90_e_2,65.5,0.25,1.34888,1
crossing_90_e_2,66,0.25,1.02395,1
crossing_90_e_2,66.5,0.5,1.01194,2
crossing_90_e_2,67,0.75,0.99237,3
crossing_90_e_2,67.5,1.25,0.932922,5
crossing_90_e_2,68,0.5,0.67853,2
crossing_90_e_2,68.5,0.75,0.699826,3
crossing_90_e_2,69,0.75,0.699788,3
crossing_90_e_2,69.5,0.75,0.790846,3
crossing_90_e_2,70,0.75,0.947678,3
crossing_90_e_2,70.5,0.75,1.23807,3
crossing_90_e_2,71,0.75,1.16321,3
crossing_90_e_2,71.5,0.5,1.06732,2
crossing_90_e_2,72,1.25,1.08075,5
crossing_90_e_2,72.5,0.75,1.06975,3
crossing_90_e_2,73,0.75,0.983326,3
crossing_90_e_2,74,0.25,0.920217,1
crossing_90_e_2,74.5,0.25,1.10729,1
crossing_90_e_2,75,0.25,1.15421,1
crossing_90_e_2,75.5,1,0.968253,4
crossing_90_e_2,76,1,0.8996,4
crossing_90_e_2,76.5,1.25,0.853497,5
crossing_90_e_2,77,1.25,0.748694,5
crossing_90_e_2,77.5,1.25,0.779392,5
crossing_90_e_2,78,0.75,0.924503,3
crossing_90_e_2,78.5,0.5,0.844728,2
crossing_90_e_2,79,0.5,0.99491,2
crossing_90_e_2,79.5,1,0.983636,4
crossing_90_e_2,80,1,1.00688,4
crossing_90_e_2,80.5,1.25,1.04291,5
crossing_90_e_2,81,1,1.07976,4
crossing_90_e_2,81.5,0.75,1.13757,3
crossing_90_e_2,82,0.5,1.06892,2
crossing_90_e_2,82.5,0.5,1.1701,2
crossing_90_e_2,83,0.75,0.996888,3
crossing_90_e_2,83.5,0.5,0.86876,2
crossing_90_e_2,84,0.75,1.16714,3
crossing_90_e_2,84.5,1.25,0.98463,5
crossing_90_e_2,85,1,1.03924,4
crossing_90_e_2,85.5,1.25,0.90161,5
crossing_90_e_2,86,1.25,0.938111,5
crossing_90_e_2,86.5,1,1.00454,4
crossing_90_e_2,87,1,1.12317,4
crossing_90_e_2,87.5,1,1.22069,4
crossing_90_e_2,88,1,1.25543,4
crossing_90_e_2,88.5,1.5,1.1509,6
crossing_90_e_2,89,1.25,0.930972,5
crossing_90_e_2,89.5,1.5,0.96355,6
crossing_90_e_2,90,1,0.922918,4
crossing_90_e_2,90.5,1,0.834099,4
crossing_90_e_2,91,0.75,0.826287,3
crossing_90_e_2,91.5,0.75,0.909896,3
crossing_90_e_2,92,0.5,1.03304,2
crossing_90_e_2,92.5,0.75,0.981285,3
crossing_90_e_2,93,0.5,0.958346,2
crossing_90_e_2,93.5,0.5,0.96197,2
crossing_90_e_2,94,0.5,0.793196,2
crossing_90_e_2,94.5,0.75,0.827139,3
crossing_90_e_2,95,0.75,0.784734,3
crossing_90_e_2,95.5,1,0.985656,4
crossing_90_e_2,96,1,1.08896,4
crossing_90_e_2,96.5,0.5,1.25993,2
crossing_90_e_2,97.5,0.5,0.868669,2
crossing_90_e_2,98,0.25,0.822005,1
crossing_90_e_2,98.5,0.5,0.819059,2
crossing_90_e_2,99,1,0.861344,4
crossing_90_e_2,99.5,1,0.859416,4
crossing_90_e_2,100,0.5,0.944619,2
crossing_90_e_2,100.5,0.75,0.846895,3
crossing_90_e_2,101,0.75,0.902758,3
crossing_90_e_2,101.5,0.5,1.03181,2
crossing_90_e_2,102,0.75,0.88993,3
crossing_90_e_2,102.5,0.5,0.872463,2
crossing_90_e_2,103,0.25,0.785644,1
crossing_90_e_2,103.5,0.25,0.823511,1
crossing_90_e_2,104,0.25,0.890002,1
crossing_90_e_2,104.5,0.75,1.03949,3
crossing_90_e_2,105,0.5,1.05465,2
crossing_90_e_2,105.5,0.75,1.04553,3
crossing_90_e_2,106,0.75,0.993858,3
crossing_90_e_2,106.5,0.75,0.948314,3
crossing_90_e_2,107,1,0.766433,4
crossing_90_e_2,107.5,1,0.836595,4
crossing_90_e_2,108,1.25,0.794663,5
crossing_90_e_2,108.5,1.25,0.678078,5
crossing_90_e_2,109,1,0.758117,4
crossing_90_e_2,109.5,0.75,0.949904,3
crossing_90_e_2,110,0.5,0.97292,2
crossing_90_e_2,110.5,0.25,1.03305,1
crossing_90_e_2,111,0.5,1.11407,2
crossing_90_e_2,111.5,0.5,1.12429,2
crossing_90_e_2,112,1,1.00951,4
crossing_90_e_2,112.5,0.75,1.02378,3
crossing_90_e_2,113,1,0.906055,4
crossing_90_e_2,113.5,1.75,0.869822,7
crossing_90_e_2,114,1.75,0.865778,7
crossing_90_e_2,114.5,1.5,0.874401,6
crossing_90_e_2,115,2.25,0.871066,9
crossing_90_e_2,115.5,2.25,0.859737,9
crossing_90_e_2,116,1.5,0.886791,6
crossing_90_e_2,116.5,1.5,1.0032,6
crossing_90_e_2,117,1,0.910939,4
crossing_90_e_2,117.5,0.75,1.05684,3
crossing_90_e_2,118,1,0.901561,4
crossing_90_e_2,118.5,1.25,0.93709,5
crossing_90_e_2,119,0.75,0.805696,3
crossing_90_e_2,119.5,1.25,0.916128,5
crossing_90_e_2,120,0.75,0.982253,3
crossing_90_e_2,120.5,0.75,0.926463,3
crossing_90_e_2,121,0.75,0.948403,3
crossing_90_e_2,121.5,0.75,0.902464,3
crossing_90_e_2,122,1.25,0.769138,5
crossing_90_e_2,122.5,1.25,0.763164,5
crossing_90_e_2,123,1.25,0.775102,5
crossing_90_e_2,123.5,1.5,0.759482,6
crossing_90_e_2,124,1.5,0.772919,6
crossing_90_e_2,124.5,1.25,0.781552,5
crossing_90_e_2,125,1.5,0.783318,6
crossing_90_e_2,125.5,1.25,0.762935,5
crossing_90_e_2,126,1.25,0.757643,5
crossing_90_e_2,126.5,1.5,0.828314,6
crossing_90_e_2,127,2,0.814074,8
crossing_90_e_2,127.5,1.75,0.713313,7
crossing_90_e_2,128,1.75,0.697405,7
crossing_90_e_2,128.5,2.25,0.643937,9
crossing_90_e_2,129,1.75,0.662151,7
crossing_90_e_2,129.5,2.5,0.72855,10
crossing_90_e_2,130,1.75,0.751954,7
crossing_90_e_2,130.5,2.25,0.711545,9
crossing_90_e_2,131,2.5,0.708109,10
crossing_90_e_2,131.5,2.25,0.675777,9
crossing_90_e_2,132,2,0.688157,8
crossing_90_e_2,132.5,2.25,0.667031,9
crossing_90_e_2,133,2.5,0.637529,10
crossing_90_e_2,133.5,2.5,0.620233,10
crossing_90_e_2,134,2,0.528893,8
crossing_90_e_2,134.5,2.25,0.483415,9
crossing_90_e_2,135,2,0.433718,8
crossing_90_e_2,135.5,2,0.482396,8
crossing_90_e_2,136,2,0.494416,8
crossing_90_e_2,136.5,2.25,0.509829,9
crossing_90_e_2,137,1.75,0.484589,7
crossing_90_e_2,137.5,1.5,0.551024,6
crossing_90_e_2,138,1.75,0.531603,7
crossing_90_e_2,138.5,1.5,0.508396,6
crossing_90_e_2,139,1.75,0.529185,7
crossing_90_e_2,139.5,2,0.538612,8
crossing_90_e_2,140,1.75,0.549696,7
crossing_90_e_2,140.5,2.25,0.578321,9
crossing_90_e_2,141,2,0.575201,8
crossing_90_e_2,141.5,1.75,0.552166,7
crossing_90_e_2,142,1.5,0.579507,6
crossing_90_e_2,142.5,1.25,0.543774,5
crossing_90_e_2,143,1,0.502761,4
crossing_90_e_2,143.5,1.25,0.51382,5
crossing_90_e_2,144,1.5,0.459663,6
crossing_90_e_2,144.5,2,0.38687,8
crossing_90_e_2,145,2,0.414737,8
crossing_90_e_2,145.5,2.25,0.318544,9
crossing_90_e_2,146,2.25,0.360433,9
crossing_90_e_2,146.5,2.75,0.428094,11
crossing_90_e_2,147,2.25,0.346081,9
crossing_90_e_2,147.5,2.75,0.367845,11
crossing_90_e_2,148,2.75,0.362036,11
crossing_90_e_2,148.5,2.75,0.427229,11
crossing_90_e_2,149,2.25,0.368487,9
crossing_90_e_2,149.5,2.75,0.416864,11
crossing_90_e_2,150,1.75,0.395402,7
crossing_90_e_2,150.5,2.25,0.380192,9
crossing_90_e_2,151,2.5,0.413156,10
crossing_90_e_2,151.5,2.5,0.41134,10
crossing_90_e_2,152,2.5,0.384408,10
crossing_90_e_2,152.5,2,0.418418,8
crossing_90_e_2,153,2.25,0.422806,9
crossing_90_e_2,153.5,2.25,0.413895,9
crossing_90_e_2,154,2,0.403271,8
crossing_90_e_2,154.5,2,0.387622,8
crossing_90_e_2,155,2.25,0.417208,9
crossing_90_e_2,155.5,2.25,0.410566,9
crossing_90_e_2,156,2.25,0.379675,9
crossing_90_e_2,156.5,2.5,0.432721,10
crossing_90_e_2,157,2.25,0.425226,9
crossing_90_e_2,157.5,2.5,0.406924,10
crossing_90_e_2,158,2.25,0.368773,9
crossing_90_e_2,158.5,2.25,0.417682,9
crossing_90_e_2,159,2.25,0.407536,9
crossing_90_e_2,159.5,2.75,0.371562,11
crossing_90_e_2,160,2.75,0.310957,11
crossing_90_e_2,160.5,2.75,0.322362,11
crossing_90_e_2,161,3,0.261813,12
crossing_90_e_2,161.5,2.75,0.210942,11
crossing_90_e_2,162,2.5,0.24619,10
crossing_90_e_2,162.5,3.25,0.269497,13
crossing_90_e_2,163,3,0.239722,12
crossing_90_e_2,163.5,2.5,0.308054,10
crossing_90_e_2,164,2.5,0.300427,10
crossing_90_e_2,164.5,2.75,0.307156,11
crossing_90_e_2,165,3,0.358298,12
crossing_90_e_2,165.5,2.25,0.388223,9
crossing_90_e_2,166,2,0.367715,8
crossing_90_e_2,166.5,2,0.427916,8
crossing_90_e_2,167,2.25,0.395306,9
crossing_90_e_2,167.5,2.5,0.328139,10
crossing_90_e_2,168,2,0.355396,8
crossing_90_e_2,168.5,1.75,0.429833,7
crossing_90_e_2,169,1.75,0.37084,7
crossing_90_e_2,169.5,2.25,0.352969,9
crossing_90_e_2,170,2.5,0.333071,10
crossing_90_e_2,170.5,2.25,0.473548,9
crossing_90_e_2,171,1.75,0.392062,7
crossing_90_e_2,171.5,1.5,0.395218,6
crossing_90_e_2,172,1.5,0.440748,6
crossing_90_e_2,172.5,1.5,0.33316,6
crossing_90_e_2,173,1,0.334589,4
crossing_90_e_2,173.5,1.25,0.451647,5
crossing_90_e_2,174,1,0.500189,4
crossing_90_e_2,174.5,0.75,0.580464,3
crossing_90_e_2,175,1,0.429172,4
crossing_90_e_2,175.5,0.75,0.468363,3
crossing_90_e_2,176,0.75,0.476403,3
crossing_90_e_2,176.5,1,0.544264,4
crossing_90_e_2,177,1,0.59043,4
crossing_90_e_2,177.5,0.75,0.527883,3
crossing_90_e_2,178,0.75,0.589136,3
crossing_90_e_2,178.5,1,0.585522,4
crossing_90_e_2,179,0.75,0.598279,3
crossing_90_e_2,179.5,0.5,0.822933,2
crossing_90_e_2,180,0.5,0.925752,2
crossing_90_e_2,180.5,0.5,0.75136,2
crossing_90_e_2,181,0.75,0.895556,3
crossing_90_e_2,181.5,0.75,0.899316,3
crossing_90_e_2,182,0.75,1.02052,3
crossing_90_e_2,182.5,0.25,0.776547,1
crossing_90_e_2,183,0.25,1.22463,1
crossing_90_e_2,183.5,0.25,1.4688,1
crossing_90_e_2,184,0.5,1.25294,2
crossing_90_e_2,184.5,0.25,0.904018,1
crossing_90_e_2,185,0.75,0.953266,3
crossing_90_e_2,185.5,0.5,1.00452,2
crossing_90_e_2,186,0.5,1.06491,2
crossing_90_e_2,186.5,0.5,1.12045,2
crossing_90_e_2,187,0.75,1.15396,3
crossing_90_e_2,187.5,0.25,0.997313,1
crossing_90_e_2,188,0.5,0.578383,2
crossing_90_e_2,188.5,0.25,0.989267,1
crossing_90_e_2,189,0.25,1.13267,1
crossing_90_e_2,189.5,0.25,1.27661,1
crossing_90_e_2,190,0.75,0.958355,3
crossing_90_e_2,190.5,0.5,0.809178,2
crossing_90_e_2,191,0.5,0.819951,2
crossing_90_e_2,191.5,0.25,0.906243,1
crossing_90_e_2,192,0.25,1.03756,1
crossing_90_e_2,192.5,0.5,1.13076,2
crossing_90_e_2,193,0.5,0.992106,2
crossing_90_e_2,193.5,0.25,0.904118,1
crossing_90_e_2,194,0.5,0.796021,2
crossing_90_e_2,194.5,0.5,0.690639,2
crossing_90_e_2,195,0.5,0.751772,2
crossing_90_e_2,195.5,0.5,0.872546,2
crossing_90_e_2,196,0.75,0.854629,3
crossing_90_e_2,196.5,0.25,0.674047,1
crossing_90_e_2,197,0.75,0.813837,3
crossing_90_e_2,197.5,0.75,0.879408,3
crossing_90_e_2,198,1,0.909681,4
crossing_90_e_2,198.5,1,1.00388,4
crossing_90_e_2,199,0.5,1.00617,2
crossing_90_e_2,199.5,0.5,0.973849,2
crossing_90_e_2,200,0.75,0.956233,3
crossing_90_e_2,200.5,0.25,0.96125,1
crossing_90_e_3,8.875,0.25,1.328,1
crossing_90_e_3,9.375,0.25,1.33169,1
crossing_90_e_3,9.875,0.25,1.33987,1
crossing_90_e_3,10.375,0.5,1.11827,2
crossing_90_e_3,10.875,0.25,0.808503,1
crossing_90_e_3,11.375,0.25,0.757196,1
crossing_90_e_3,11.875,0.25,1.10014,1
crossing_90_e_3,12.375,0.25,1.29959,1
crossing_90_e_3,12.875,0.25,1.31289,1
crossing_90_e_3,13.375,0.25,1.14846,1
crossing_90_e_3,13.875,0.25,1.01296,1
crossing_90_e_3,14.375,0.5,1.0881,2
crossing_90_e_3,14.875,0.25,1.1506,1
crossing_90_e_3,15.375,0.25,1.23211,1
crossing_90_e_3,15.875,0.5,1.2474,2
crossing_90_e_3,16.375,0.5,1.27521,2
crossing_90_e_3,16.875,1,1.18646,4
crossing_90_e_3,17.375,0.75,1.08531,3
crossing_90_e_3,17.875,0.25,0.842626,1
crossing_90_e_3,18.375,0.5,1.02848,2
crossing_90_e_3,18.875,0.25,1.15644,1
crossing_90_e_3,19.375,0.5,0.91347,2
crossing_90_e_3,19.875,0.75,0.935475,3
crossing_90_e_3,20.375,0.75,0.900365,3
crossing_90_e_3,20.875,0.75,0.835582,3
crossing_90_e_3,21.375,0.5,0.691911,2
crossing_90_e_3,21.875,0.25,0.855404,1
crossing_90_e_3,22.875,0.25,0.9642,1
crossing_90_e_3,23.875,0.25,1.1724,1
crossing_90_e_3,24.375,0.25,1.21157,1
crossing_90_e_3,24.875,0.25,1.22233,1
crossing_90_e_3,25.875,0.25,0.9144,1
crossing_90_e_3,26.375,0.25,1.05794,1
crossing_90_e_3,27.375,0.25,0.88352,1
crossing_90_e_3,27.875,0.5,0.974698,2
crossing_90_e_3,28.375,0.5,0.88548,2
crossing_90_e_3,28.875,1,0.776464,4
crossing_90_e_3,29.375,1,0.628358,4
crossing_90_e_3,29.875,1,0.573597,4
crossing_90_e_3,30.375,1,0.703407,4
crossing_90_e_3,30.875,1,0.809368,4
crossing_90_e_3,31.375,1,0.777101,4
crossing_90_e_3,31.875,0.5,0.881581,2
crossing_90_e_3,32.375,0.5,0.838438,2
crossing_90_e_3,32.875,0.75,0.909241,3
crossing_90_e_3,33.375,1,0.969475,4
crossing_90_e_3,33.875,1,1.00233,4
crossing_90_e_3,34.375,1.25,1.01556,5
crossing_90_e_3,34.875,1.5,1.05104,6
crossing_90_e_3,35.375,1.5,1.00183,6
crossing_90_e_3,35.875,1,0.910507,4
crossing_90_e_3,36.375,1,0.862494,4
crossing_90_e_3,36.875,1.25,0.812402,5
crossing_90_e_3,37.375,1.5,0.709594,6
crossing_90_e_3,37.875,1.5,0.727765,6
crossing_90_e_3,38.375,1.5,0.670584,6
crossing_90_e_3,38.875,1.5,0.684296,6
crossing_90_e_3,39.375,1,0.592339,4
crossing_90_e_3,39.875,1,0.528247,4
crossing_90_e_3,40.375,1.25,0.527309,5
crossing_90_e_3,40.875,1,0.644066,4
crossing_90_e_3,41.375,0.75,0.701311,3
crossing_90_e_3,41.875,0.5,0.624472,2
crossing_90_e_3,42.375,0.5,0.49485,2
crossing_90_e_3,42.875,1.25,0.712282,5
crossing_90_e_3,43.375,1.25,0.679708,5
crossing_90_e_3,43.875,1.25,0.890809,5
crossing_90_e_3,44.375,1,0.88641,4
crossing_90_e_3,44.875,0.75,1.05587,3
crossing_90_e_3,45.375,1,0.911051,4
crossing_90_e_3,45.875,0.25,1.06611,1
crossing_90_e_3,46.375,0.75,0.814879,3
crossing_90_e_3,46.875,0.75,0.776053,3
crossing_90_e_3,47.375,0.5,0.573831,2
crossing_90_e_3,47.875,0.75,0.602634,3
crossing_90_e_3,48.375,0.5,0.575882,2
crossing_90_e_3,48.875,0.5,0.612649,2
crossing_90_e_3,49.375,0.25,0.515155,1
crossing_90_e_3,49.875,0.25,0.520078,1
crossing_90_e_3,50.375,0.5,0.706164,2
crossing_90_e_3,50.875,0.75,0.773734,3
crossing_90_e_3,51.375,0.5,0.905494,2
crossing_90_e_3,51.875,0.5,0.880565,2
crossing_90_e_3,52.375,0.75,0.98784,3
crossing_90_e_3,52.875,0.75,0.942649,3
crossing_90_e_3,53.375,1,0.981745,4
crossing_90_e_3,53.875,0.75,0.872643,3
crossing_90_e_3,54.375,1.25,0.804241,5
crossing_90_e_3,54.875,1.25,0.784267,5
crossing_90_e_3,55.375,1,0.615023,4
crossing_90_e_3,55.875,1,0.652273,4
crossing_90_e_3,56.375,1,0.643701,4
crossing_90_e_3,56.875,1.25,0.618825,5
crossing_90_e_3,57.375,1,0.541484,4
crossing_90_e_3,57.875,1.25,0.64332,5
crossing_90_e_3,58.375,1,0.673184,4
crossing_90_e_3,58.875,0.75,0.572695,3
crossing_90_e_3,59.375,0.25,0.456584,1
crossing_90_e_3,59.875,0.75,0.957419,3
crossing_90_e_3,60.375,0.5,1.17155,2
crossing_90_e_3,60.875,0.5,1.21056,2
crossing_90_e_3,61.375,0.5,0.969658,2
crossing_90_e_3,62.375,0.25,0.688175,1
crossing_90_e_3,62.875,0.25,0.671253,1
crossing_90_e_3,63.375,0.25,0.554867,1
crossing_90_e_3,63.875,0.75,0.797908,3
crossing_90_e_3,64.375,1,0.777724,4
crossing_90_e_3,64.875,1.25,0.744674,5
crossing_90_e_3,65.375,1,0.595642,4
crossing_90_e_3,65.875,1.5,0.596789,6
crossing_90_e_3,66.375,1,0.639393,4
crossing_90_e_3,66.875,1.25,0.76346,5
crossing_90_e_3,67.375,1,0.87061,4
crossing_90_e_3,67.875,1,0.842523,4
crossing_90_e_3,68.375,1.25,0.63231,5
crossing_90_e_3,68.875,1,0.776783,4
crossing_90_e_3,69.375,1,0.884645,4
crossing_90_e_3,69.875,0.5,0.777228,2
crossing_90_e_3,70.375,0.75,0.695705,3
crossing_90_e_3,70.875,0.5,0.407929,2
crossing_90_e_3,71.375,0.75,0.424756,3
crossing_90_e_3,71.875,1,0.484585,4
crossing_90_e_3,72.375,0.75,0.479379,3
crossing_90_e_3,72.875,1.25,0.688747,5
crossing_90_e_3,73.375,0.75,0.560126,3
crossing_90_e_3,73.875,1,0.63965,4
crossing_90_e_3,74.375,1,0.395397,4
crossing_90_e_3,74.875,0.75,0.365457,3
crossing_90_e_3,75.375,0.75,0.288443,3
crossing_90_e_3,75.875,1,0.24164,4
crossing_90_e_3,76.375,1.25,0.306756,5
crossing_90_e_3,76.875,1.25,0.524033,5
crossing_90_e_3,77.375,0.75,0.71867,3
crossing_90_e_3,77.875,1,0.75135,4
crossing_90_e_3,78.375,1.5,0.776351,6
crossing_90_e_3,78.875,1.25,0.694301,5
crossing_90_e_3,79.375,1.5,0.807613,6
crossing_90_e_3,79.875,1.5,0.649424,6
crossing_90_e_3,80.375,1.25,0.55039,5
crossing_90_e_3,80.875,1.25,0.479135,5
crossing_90_e_3,81.375,1.25,0.525853,5
crossing_90_e_3,81.875,1.25,0.577292,5
crossing_90_e_3,82.375,1.5,0.53888,6
crossing_90_e_3,82.875,1.25,0.731841,5
crossing_90_e_3,83.375,1.5,0.604202,6
crossing_90_e_3,83.875,1.25,0.604272,5
crossing_90_e_3,84.375,1.25,0.605867,5
crossing_90_e_3,84.875,1.25,0.592486,5
crossing_90_e_3,85.375,1.5,0.584735,6
crossing_90_e_3,85.875,1.5,0.593403,6
crossing_90_e_3,86.375,2,0.69001,8
crossing_90_e_3,86.875,1.75,0.761982,7
crossing_90_e_3,87.375,1.5,0.728864,6
crossing_90_e_3,87.875,1.25,0.913864,5
crossing_90_e_3,88.375,1,0.712894,4
crossing_90_e_3,88.875,1.25,0.655219,5
crossing_90_e_3,89.375,1.75,0.633358,7
crossing_90_e_3,89.875,1.5,0.618565,6
crossing_90_e_3,90.375,1.25,0.613076,5
crossing_90_e_3,90.875,1.25,0.645158,5
crossing_90_e_3,91.375,1,0.56935,4
crossing_90_e_3,91.875,1.25,0.559327,5
crossing_90_e_3,92.375,1.25,0.551645,5
crossing_90_e_3,92.875,1.5,0.587163,6
crossing_90_e_3,93.375,1.75,0.573459,7
crossing_90_e_3,93.875,1.75,0.664031,7
crossing_90_e_3,94.375,1.75,0.735664,7
crossing_90_e_3,94.875,1.5,0.824219,6
crossing_90_e_3,95.375,1.5,0.818978,6
crossing_90_e_3,95.875,1.75,0.766575,7
crossing_90_e_3,96.375,1.5,0.853178,6
crossing_90_e_3,96.875,1.5,0.847717,6
crossing_90_e_3,97.375,1.25,0.799534,5
crossing_90_e_3,97.875,1,0.808995,4
crossing_90_e_3,98.375,1,0.750829,4
crossing_90_e_3,98.875,1,0.723803,4
crossing_90_e_3,99.375,0.75,0.828304,3
crossing_90_e_3,99.875,1,0.712768,4
crossing_90_e_3,100.375,1.25,0.814259,5
crossing_90_e_3,100.875,1.5,0.797552,6
crossing_90_e_3,101.375,1.25,0.770247,5
crossing_90_e_3,101.875,1.25,0.647153,5
crossing_90_e_3,102.375,1.5,0.627795,6
crossing_90_e_3,102.875,1.5,0.707034,6
crossing_90_e_3,103.375,1,0.602469,4
crossing_90_e_3,103.875,1.5,0.552454,6
crossing_90_e_3,104.375,1.5,0.639895,6
crossing_90_e_3,104.875,1.75,0.632041,7
crossing_90_e_3,105.375,1.5,0.629995,6
crossing_90_e_3,105.875,1.75,0.671417,7
crossing_90_e_3,106.375,2,0.69247,8
crossing_90_e_3,106.875,1.5,0.683908,6
crossing_90_e_3,107.375,1.25,0.583546,5
crossing_90_e_3,107.875,1,0.556779,4
crossing_90_e_3,108.375,1.5,0.55016,6
crossing_90_e_3,108.875,1.5,0.609559,6
crossing_90_e_3,109.375,2,0.61268,8
crossing_90_e_3,109.875,1.75,0.524517,7
crossing_90_e_3,110.375,1.5,0.384078,6
crossing_90_e_3,110.875,2,0.361101,8
crossing_90_e_3,111.375,2.75,0.351075,11
crossing_90_e_3,111.875,2.25,0.281287,9
crossing_90_e_3,112.375,2.5,0.309675,10
crossing_90_e_3,112.875,2.75,0.322215,11
crossing_90_e_3,113.375,2.75,0.333837,11
crossing_90_e_3,113.875,2.5,0.345848,10
crossing_90_e_3,114.375,2.5,0.357524,10
crossing_90_e_3,114.875,2.75,0.348051,11
crossing_90_e_3,115.375,2.25,0.349655,9
crossing_90_e_3,115.875,2,0.333977,8
crossing_90_e_3,116.375,1.75,0.434628,7
crossing_90_e_3,116.875,2,0.566799,8
crossing_90_e_3,117.375,1.75,0.606711,7
crossing_90_e_3,117.875,1.25,0.41175,5
crossing_90_e_3,118.375,2,0.530818,8
crossing_90_e_3,118.875,1.75,0.583961,7
crossing_90_e_3,119.375,1.5,0.564965,6
crossing_90_e_3,119.875,1.5,0.53858,6
crossing_90_e_3,120.375,1.75,0.476475,7
crossing_90_e_3,120.875,1.75,0.493931,7
crossing_90_e_3,121.375,1.5,0.457978,6
crossing_90_e_3,121.875,1.5,0.533876,6
crossing_90_e_3,122.375,1.75,0.625103,7
crossing_90_e_3,122.875,1.75,0.594154,7
crossing_90_e_3,123.375,1.75,0.537323,7
crossing_90_e_3,123.875,2.25,0.65343,9
crossing_90_e_3,124.375,2,0.632834,8
crossing_90_e_3,124.875,1.75,0.626988,7
crossing_90_e_3,125.375,1.5,0.643516,6
crossing_90_e_3,125.875,2,0.72289,8
crossing_90_e_3,126.375,2,0.69577,8
crossing_90_e_3,126.875,2.5,0.684342,10
crossing_90_e_3,127.375,2,0.674606,8
crossing_90_e_3,127.875,2,0.545125,8
crossing_90_e_3,128.375,2.25,0.592316,9
crossing_90_e_3,128.875,1.5,0.616589,6
crossing_90_e_3,129.375,2.5,0.745553,10
crossing_90_e_3,129.875,1.75,0.777061,7
crossing_90_e_3,130.375,1.25,0.677921,5
crossing_90_e_3,130.875,1.5,0.681551,6
crossing_90_e_3,131.375,1.5,0.683906,6
crossing_90_e_3,131.875,1.25,0.770737,5
crossing_90_e_3,132.375,1.5,0.731364,6
crossing_90_e_3,132.875,1.25,0.689182,5
crossing_90_e_3,133.375,0.5,0.629741,2
crossing_90_e_3,133.875,1.25,0.558723,5
crossing_90_e_3,134.375,1.5,0.550876,6
crossing_90_e_3,134.875,0.75,0.506453,3
crossing_90_e_3,135.375,1.25,0.446713,5
crossing_90_e_3,135.875,1.5,0.464045,6
crossing_90_e_3,136.375,1.5,0.500246,6
crossing_90_e_3,136.875,1.25,0.405588,5
crossing_90_e_3,137.375,1.5,0.480208,6
crossing_90_e_3,137.875,1.5,0.529208,6
crossing_90_e_3,138.375,1.25,0.608311,5
crossing_90_e_3,138.875,1.25,0.75229,5
crossing_90_e_3,139.375,1.5,0.737444,6
crossing_90_e_3,139.875,1.25,0.597065,5
crossing_90_e_3,140.375,1,0.438769,4
crossing_90_e_3,140.875,1.75,0.478534,7
crossing_90_e_3,141.375,1.5,0.540639,6
crossing_90_e_3,141.875,2,0.619003,8
crossing_90_e_3,142.375,1.75,0.692061,7
crossing_90_e_3,142.875,1.5,0.706972,6
crossing_90_e_3,143.375,1.5,0.696017,6
crossing_90_e_3,143.875,1.5,0.758679,6
crossing_90_e_3,144.375,1.25,0.719509,5
crossing_90_e_3,144.875,1.5,0.689261,6
crossing_90_e_3,145.375,1.75,0.745083,7
crossing_90_e_3,145.875,2,0.718643,8
crossing_90_e_3,146.375,2.25,0.686128,9
crossing_90_e_3,146.875,2.25,0.666468,9
crossing_90_e_3,147.375,2.25,0.612647,9
crossing_90_e_3,147.875,2,0.598712,8
crossing_90_e_3,148.375,2.25,0.52422,9
crossing_90_e_3,148.875,2.25,0.485277,9
crossing_90_e_3,149.375,2.75,0.503946,11
crossing_90_e_3,149.875,2.75,0.477254,11
crossing_90_e_3,150.375,2.75,0.484957,11
crossing_90_e_3,150.875,2.75,0.494245,11
crossing_90_e_3,151.375,2.75,0.520451,11
crossing_90_e_3,151.875,2,0.503804,8
crossing_90_e_3,152.375,1.75,0.518669,7
crossing_90_e_3,152.875,1.75,0.508429,7
crossing_90_e_3,153.375,1.75,0.513944,7
crossing_90_e_3,153.875,2,0.539001,8
crossing_90_e_3,154.375,1.75,0.475529,7
crossing_90_e_3,154.875,1.5,0.460618,6
crossing_90_e_3,155.375,1.5,0.478436,6
crossing_90_e_3,155.875,2,0.42258,8
crossing_90_e_3,156.375,2,0.414075,8
crossing_90_e_3,156.875,2.25,0.533804,9
crossing_90_e_3,157.375,2,0.554637,8
crossing_90_e_3,157.875,2.75,0.528812,11
crossing_90_e_3,158.375,2.5,0.574479,10
crossing_90_e_3,158.875,2,0.547096,8
crossing_90_e_3,159.375,2,0.605372,8
crossing_90_e_3,159.875,2.5,0.675657,10
crossing_90_e_3,160.375,2,0.67962,8
crossing_90_e_3,160.875,2.5,0.683303,10
crossing_90_e_3,161.375,1.75,0.708311,7
crossing_90_e_3,161.875,2.25,0.692129,9
crossing_90_e_3,162.375,1.75,0.732231,7
crossing_90_e_3,162.875,1.5,0.765743,6
crossing_90_e_3,163.375,1.75,0.69639,7
crossing_90_e_3,163.875,1.75,0.677924,7
crossing_90_e_3,164.375,1.5,0.62251,6
crossing_90_e_3,164.875,2,0.613855,8
crossing_90_e_3,165.375,2,0.601882,8
crossing_90_e_3,165.875,1.25,0.533283,5
crossing_90_e_3,166.375,1.75,0.606233,7
crossing_90_e_3,166.875,1.25,0.630469,5
crossing_90_e_3,167.375,2,0.640513,8
crossing_90_e_3,167.875,1.5,0.709483,6
crossing_90_e_3,168.375,1.25,0.710956,5
crossing_90_e_3,168.875,1,0.733236,4
crossing_90_e_3,169.375,1.75,0.749132,7
crossing_90_e_3,169.875,1.25,0.718251,5
crossing_90_e_3,170.375,1.25,0.723163,5
crossing_90_e_3,170.875,0.75,0.723794,3
crossing_90_e_3,171.375,1,0.614735,4
crossing_90_e_3,171.875,0.75,0.556728,3
crossing_90_e_3,172.375,1.5,0.670647,6
crossing_90_e_3,172.875,1,0.66287,4
crossing_90_e_3,173.375,1.5,0.69466,6
crossing_90_e_3,173.875,1.5,0.606314,6
crossing_90_e_3,174.375,1.5,0.623535,6
crossing_90_e_3,174.875,1.75,0.680475,7
crossing_90_e_3,175.375,0.75,0.701144,3
crossing_90_e_3,175.875,0.75,0.670377,3
crossing_90_e_3,176.375,0.75,0.611098,3
crossing_90_e_3,176.875,0.75,0.710288,3
crossing_90_e_3,177.375,0.75,0.68446,3
crossing_90_e_3,177.875,0.75,0.689966,3
crossing_90_e_3,178.375,0.75,0.691738,3
crossing_90_e_3,178.875,0.75,0.673615,3
crossing_90_e_3,179.375,0.5,0.692606,2
crossing_90_e_3,179.875,0.25,0.718853,1
crossing_90_e_3,180.375,0.25,0.618159,1
crossing_90_e_4,5.688,0.25,2.06361,1
crossing_90_e_4,6.188,0.5,1.90661,2
crossing_90_e_4,6.688,0.75,2.04858,3
crossing_90_e_4,7.188,0.75,1.83571,3
crossing_90_e_4,7.688,0.75,1.42643,3
crossing_90_e_4,8.188,0.75,1.55673,3
crossing_90_e_4,8.688,0.5,1.16947,2
crossing_90_e_4,9.188,0.75,1.3048,3
crossing_90_e_4,9.688,1.25,1.37664,5
crossing_90_e_4,10.188,0.75,1.56728,3
crossing_90_e_4,10.688,1.25,1.31895,5
crossing_90_e_4,11.188,1.75,1.22764,7
crossing_90_e_4,11.688,2,1.22078,8
crossing_90_e_4,12.188,1.5,1.17327,6
crossing_90_e_4,12.688,1.25,1.06367,5
crossing_90_e_4,13.188,1.5,1.12246,6
crossing_90_e_4,13.688,1.25,1.23045,5
crossing_90_e_4,14.188,1.25,0.990108,5
crossing_90_e_4,14.688,1,0.988707,4
crossing_90_e_4,15.188,1.25,1.08666,5
crossing_90_e_4,15.688,1,1.09442,4
crossing_90_e_4,16.188,0.75,0.905558,3
crossing_90_e_4,16.688,1.25,0.952421,5
crossing_90_e_4,17.188,1.75,0.925702,7
crossing_90_e_4,17.688,2,1.03115,8
crossing_90_e_4,18.188,2,0.989683,8
crossing_90_e_4,18.688,1.75,1.04248,7
crossing_90_e_4,19.188,1.5,1.16384,6
crossing_90_e_4,19.688,0.5,1.10101,2
crossing_90_e_4,20.188,0.75,1.22672,3
crossing_90_e_4,20.688,0.75,1.23615,3
crossing_90_e_4,21.188,1.5,1.09719,6
crossing_90_e_4,21.688,1.25,1.17352,5
crossing_90_e_4,22.188,0.75,1.17938,3
crossing_90_e_4,22.688,0.75,1.1737,3
crossing_90_e_4,23.188,0.25,1.21675,1
crossing_90_e_4,24.188,0.25,1.20312,1
crossing_90_e_4,24.688,0.25,1.24007,1
crossing_90_e_4,25.188,1,1.05539,4
crossing_90_e_4,25.688,0.5,1.01884,2
crossing_90_e_4,26.188,0.75,0.787074,3
crossing_90_e_4,26.688,1,0.91795,4
crossing_90_e_4,27.188,1.5,0.906441,6
crossing_90_e_4,27.688,1.5,1.01713,6
crossing_90_e_4,28.188,1.75,0.956728,7
crossing_90_e_4,28.688,1.25,0.932719,5
crossing_90_e_4,29.188,1,0.789037,4
crossing_90_e_4,29.688,1.25,0.807635,5
crossing_90_e_4,30.188,1,0.78887,4
crossing_90_e_4,30.688,1.5,0.761492,6
crossing_90_e_4,31.188,1.25,0.702697,5
crossing_90_e_4,31.688,1.75,0.787895,7
crossing_90_e_4,32.188,1.5,0.843365,6
crossing_90_e_4,32.688,1.75,0.819696,7
crossing_90_e_4,33.188,1.5,0.783117,6
crossing_90_e_4,33.688,1.25,0.77216,5
crossing_90_e_4,34.188,1.25,0.580197,5
crossing_90_e_4,34.688,1.75,0.507433,7
crossing_90_e_4,35.188,1.75,0.418427,7
crossing_90_e_4,35.688,2.25,0.443856,9
crossing_90_e_4,36.188,2.25,0.478212,9
crossing_90_e_4,36.688,2,0.512489,8
crossing_90_e_4,37.188,2,0.608824,8
crossing_90_e_4,37.688,1.75,0.689418,7
crossing_90_e_4,38.188,1.25,0.673887,5
crossing_90_e_4,38.688,1.25,0.7082,5
crossing_90_e_4,39.188,1,0.621606,4
crossing_90_e_4,39.688,1.25,0.671875,5
crossing_90_e_4,40.188,1,0.707321,4
crossing_90_e_4,40.688,1,0.605633,4
crossing_90_e_4,41.188,1.5,0.551911,6
crossing_90_e_4,41.688,1.75,0.55303,7
crossing_90_e_4,42.188,1,0.476426,4
crossing_90_e_4,42.688,1.25,0.52493,5
crossing_90_e_4,43.188,1.25,0.558341,5
crossing_90_e_4,43.688,1.25,0.658916,5
crossing_90_e_4,44.188,1.25,0.714837,5
crossing_90_e_4,44.688,1.25,0.640197,5
crossing_90_e_4,45.188,1.25,0.654145,5
crossing_90_e_4,45.688,1.25,0.675432,5
crossing_90_e_4,46.188,1.25,0.745085,5
crossing_90_e_4,46.688,1.75,0.694372,7
crossing_90_e_4,47.188,1.25,0.791652,5
crossing_90_e_4,47.688,2,0.771763,8
crossing_90_e_4,48.188,2.25,0.799103,9
crossing_90_e_4,48.688,1.75,0.767065,7
crossing_90_e_4,49.188,2,0.773552,8
crossing_90_e_4,49.688,1.25,0.717966,5
crossing_90_e_4,50.188,1.25,0.770582,5
crossing_90_e_4,50.688,1.75,0.852156,7
crossing_90_e_4,51.188,1.25,0.845902,5
crossing_90_e_4,51.688,1.25,0.75984,5
crossing_90_e_4,52.188,1.25,0.704295,5
crossing_90_e_4,52.688,1.25,0.551697,5
crossing_90_e_4,53.188,1,0.472472,4
crossing_90_e_4,53.688,1,0.485817,4
crossing_90_e_4,54.188,1,0.493161,4
crossing_90_e_4,54.688,1.5,0.611425,6
crossing_90_e_4,55.188,1.5,0.623273,6
crossing_90_e_4,55.688,1.25,0.655071,5
crossing_90_e_4,56.188,1,0.708998,4
crossing_90_e_4,56.688,1.75,0.717073,7
crossing_90_e_4,57.188,1.5,0.802507,6
crossing_90_e_4,57.688,2,0.730663,8
crossing_90_e_4,58.188,1.75,0.72714,7
crossing_90_e_4,58.688,2.25,0.722177,9
crossing_90_e_4,59.188,2.25,0.783423,9
crossing_90_e_4,59.688,2,0.717914,8
crossing_90_e_4,60.188,2,0.670169,8
crossing_90_e_4,60.688,2,0.551528,8
crossing_90_e_4,61.188,2,0.532881,8
crossing_90_e_4,61.688,2.25,0.494761,9
crossing_90_e_4,62.188,2.5,0.542673,10
crossing_90_e_4,62.688,2,0.364234,8
crossing_90_e_4,63.188,2.25,0.40538,9
crossing_90_e_4,63.688,2,0.358229,8
crossing_90_e_4,64.188,1.75,0.403293,7
crossing_90_e_4,64.688,1.75,0.440795,7
crossing_90_e_4,65.188,1.5,0.453967,6
crossing_90_e_4,65.688,1.25,0.521515,5
crossing_90_e_4,66.188,1.25,0.569117,5
crossing_90_e_4,66.688,1,0.576127,4
crossing_90_e_4,67.188,0.5,0.385623,2
crossing_90_e_4,67.688,0.75,0.42712,3
crossing_90_e_4,68.188,1,0.439625,4
crossing_90_e_4,68.688,1,0.43879,4
crossing_90_e_4,69.188,1.25,0.416509,5
crossing_90_e_4,69.688,1.25,0.46007,5
crossing_90_e_4,70.188,1.25,0.48565,5
crossing_90_e_4,70.688,1,0.419446,4
crossing_90_e_4,71.188,1.5,0.452697,6
crossing_90_e_4,71.688,1.5,0.437783,6
crossing_90_e_4,72.188,1.25,0.415172,5
crossing_90_e_4,72.688,1.5,0.422622,6
crossing_90_e_4,73.188,1.25,0.444723,5
crossing_90_e_4,73.688,0.75,0.42684,3
crossing_90_e_4,74.188,1.5,0.409012,6
crossing_90_e_4,74.688,1.5,0.391261,6
crossing_90_e_4,75.188,1.75,0.349162,7
crossing_90_e_4,75.688,1.75,0.337048,7
crossing_90_e_4,76.188,1.75,0.404458,7
crossing_90_e_4,76.688,1.25,0.422268,5
crossing_90_e_4,77.188,1.25,0.592505,5
crossing_90_e_4,77.688,1.5,0.510444,6
crossing_90_e_4,78.188,1.25,0.485945,5
crossing_90_e_4,78.688,1,0.492913,4
crossing_90_e_4,79.188,1.25,0.452405,5
crossing_90_e_4,79.688,1.75,0.510603,7
crossing_90_e_4,80.188,1.75,0.444431,7
crossing_90_e_4,80.688,1.75,0.448899,7
crossing_90_e_4,81.188,2,0.465111,8
crossing_90_e_4,81.688,2,0.408378,8
crossing_90_e_4,82.188,2.5,0.396401,10
crossing_90_e_4,82.688,2.5,0.387922,10
crossing_90_e_4,83.188,2.25,0.41494,9
crossing_90_e_4,83.688,2.25,0.443263,9
crossing_90_e_4,84.188,2.5,0.495195,10
crossing_90_e_4,84.688,2.25,0.534902,9
crossing_90_e_4,85.188,2,0.546767,8
crossing_90_e_4,85.688,1.75,0.545227,7
crossing_90_e_4,86.188,1.75,0.562226,7
crossing_90_e_4,86.688,2,0.621301,8
crossing_90_e_4,87.188,2,0.578621,8
crossing_90_e_4,87.688,1.5,0.536442,6
crossing_90_e_4,88.188,1.5,0.530405,6
crossing_90_e_4,88.688,1.5,0.505097,6
crossing_90_e_4,89.188,1.5,0.497479,6
crossing_90_e_4,89.688,1,0.445932,4
crossing_90_e_4,90.188,2.25,0.401384,9
crossing_90_e_4,90.688,2.25,0.45596,9
crossing_90_e_4,91.188,2.75,0.378089,11
crossing_90_e_4,91.688,2.25,0.379388,9
crossing_90_e_4,92.188,2.5,0.439234,10
crossing_90_e_4,92.688,2.5,0.437738,10
crossing_90_e_4,93.188,2.25,0.47842,9
crossing_90_e_4,93.688,2,0.514069,8
crossing_90_e_4,94.188,1.75,0.440544,7
crossing_90_e_4,94.688,1.5,0.421104,6
crossing_90_e_4,95.188,1.25,0.454357,5
crossing_90_e_4,95.688,0.75,0.281883,3
crossing_90_e_4,96.188,1.25,0.299618,5
crossing_90_e_4,96.688,1.25,0.42461,5
crossing_90_e_4,97.188,0.75,0.298901,3
crossing_90_e_4,97.688,1,0.446179,4
crossing_90_e_4,98.188,1,0.408019,4
crossing_90_e_4,98.688,0.75,0.389324,3
crossing_90_e_4,99.188,1,0.602437,4
crossing_90_e_4,99.688,1.5,0.733633,6
crossing_90_e_4,100.188,1.25,0.790387,5
crossing_90_e_4,100.688,1.5,0.767752,6
crossing_90_e_4,101.188,1.75,0.842086,7
crossing_90_e_4,101.688,1.25,0.795346,5
crossing_90_e_4,102.188,1.25,0.80802,5
crossing_90_e_4,102.688,1.5,0.700861,6
crossing_90_e_4,103.188,1.75,0.561751,7
crossing_90_e_4,103.688,1.5,0.474001,6
crossing_90_e_4,104.188,1.75,0.536913,7
crossing_90_e_4,104.688,2,0.616314,8
crossing_90_e_4,105.188,2.25,0.633724,9
crossing_90_e_4,105.688,2,0.654005,8
crossing_90_e_4,106.188,1.75,0.748371,7
crossing_90_e_4,106.688,1.25,0.641266,5
crossing_90_e_4,107.188,1.25,0.535761,5
crossing_90_e_4,107.688,1.25,0.58006,5
crossing_90_e_4,108.188,1.25,0.529091,5
crossing_90_e_4,108.688,1,0.514205,4
crossing_90_e_4,109.188,0.75,0.509327,3
crossing_90_e_4,109.688,1,0.493895,4
crossing_90_e_4,110.188,1.5,0.441981,6
crossing_90_e_4,110.688,1.5,0.564669,6
crossing_90_e_4,111.188,1.5,0.522631,6
crossing_90_e_4,111.688,1.75,0.560672,7
crossing_90_e_4,112.188,1.5,0.59319,6
crossing_90_e_4,112.688,1.25,0.583925,5
crossing_90_e_4,113.188,1.25,0.552835,5
crossing_90_e_4,113.688,1.5,0.48586,6
crossing_90_e_4,114.188,1.75,0.579706,7
crossing_90_e_4,114.688,1.5,0.589578,6
crossing_90_e_4,115.188,1.5,0.600727,6
crossing_90_e_4,115.688,1,0.573229,4
crossing_90_e_4,116.188,1.5,0.659798,6
crossing_90_e_4,116.688,1.25,0.580283,5
crossing_90_e_4,117.188,1.5,0.535944,6
crossing_90_e_4,117.688,1.25,0.493021,5
crossing_90_e_4,118.188,1.5,0.46157,6
crossing_90_e_4,118.688,1.25,0.454126,5
crossing_90_e_4,119.188,1.25,0.50919,5
crossing_90_e_4,119.688,1.75,0.493246,7
crossing_90_e_4,120.188,1.5,0.606742,6
crossing_90_e_4,120.688,2,0.599211,8
crossing_90_e_4,121.188,1.75,0.558515,7
crossing_90_e_4,121.688,1.25,0.386392,5
crossing_90_e_4,122.188,1.5,0.394097,6
crossing_90_e_4,122.688,1.5,0.414013,6
crossing_90_e_4,123.188,1,0.339678,4
crossing_90_e_4,123.688,1,0.284369,4
crossing_90_e_4,124.188,1.25,0.42661,5
crossing_90_e_4,124.688,1.5,0.345732,6
crossing_90_e_4,125.188,1.25,0.320007,5
crossing_90_e_4,125.688,1.5,0.490913,6
crossing_90_e_4,126.188,1.5,0.511372,6
crossing_90_e_4,126.688,1,0.395135,4
crossing_90_e_4,127.188,1,0.357535,4
crossing_90_e_4,127.688,1,0.357445,4
crossing_90_e_4,128.188,1,0.348255,4
crossing_90_e_4,128.688,0.75,0.343522,3
crossing_90_e_4,129.188,0.75,0.412172,3
crossing_90_e_4,129.688,1,0.410945,4
crossing_90_e_4,130.188,1.25,0.324492,5
crossing_90_e_4,130.688,2,0.371301,8
crossing_90_e_4,131.188,1.75,0.424019,7
crossing_90_e_4,131.688,1.25,0.414264,5
crossing_90_e_4,132.188,1.25,0.514188,5
crossing_90_e_4,132.688,1.5,0.568598,6
crossing_90_e_4,133.188,1,0.436352,4
crossing_90_e_4,133.688,1,0.468268,4
crossing_90_e_4,134.188,1,0.416162,4
crossing_90_e_4,134.688,1,0.312991,4
crossing_90_e_4,135.188,0.75,0.273686,3
crossing_90_e_4,135.688,0.75,0.284082,3
crossing_90_e_4,136.188,0.75,0.306345,3
crossing_90_e_4,136.688,1,0.331899,4
crossing_90_e_4,137.188,1,0.414511,4
crossing_90_e_4,137.688,1,0.362549,4
crossing_90_e_4,138.188,0.75,0.313028,3
crossing_90_e_4,138.688,1,0.359714,4
crossing_90_e_4,139.188,0.75,0.313344,3
crossing_90_e_4,139.688,1.25,0.275474,5
crossing_90_e_4,140.188,1.25,0.28954,5
crossing_90_e_4,140.688,1,0.287713,4
crossing_90_e_4,141.188,0.75,0.296331,3
crossing_90_e_4,141.688,0.5,0.325035,2
crossing_90_e_4,142.188,0.75,0.320525,3
crossing_90_e_4,142.688,1.25,0.411458,5
crossing_90_e_4,143.188,1.25,0.441176,5
crossing_90_e_4,143.688,1.25,0.494007,5
crossing_90_e_4,144.188,1,0.460444,4
crossing_90_e_4,144.688,0.75,0.248893,3
crossing_90_e_4,145.188,1.75,0.381873,7
crossing_90_e_4,145.688,1.5,0.334054,6
crossing_90_e_4,146.188,1.25,0.327966,5
crossing_90_e_4,146.688,1.25,0.319891,5
crossing_90_e_4,147.188,1.25,0.432309,5
crossing_90_e_4,147.688,1.25,0.448868,5
crossing_90_e_4,148.188,1.25,0.270253,5
crossing_90_e_4,148.688,1.5,0.275879,6
crossing_90_e_4,149.188,1.5,0.288904,6
crossing_90_e_4,149.688,1.75,0.298447,7
crossing_90_e_4,150.188,1.75,0.25666,7
crossing_90_e_4,150.688,1.25,0.300582,5
crossing_90_e_4,151.188,2,0.295712,8
crossing_90_e_4,151.688,2,0.315801,8
crossing_90_e_4,152.188,1.75,0.334645,7
crossing_90_e_4,152.688,2,0.289329,8
crossing_90_e_4,153.188,1.75,0.252846,7
crossing_90_e_4,153.688,1.75,0.268273,7
crossing_90_e_4,154.188,2.25,0.317347,9
crossing_90_e_4,154.688,2.25,0.390765,9
crossing_90_e_4,155.188,2.5,0.415222,10
crossing_90_e_4,155.688,2.25,0.369359,9
crossing_90_e_4,156.188,2,0.31389,8
crossing_90_e_4,156.688,2.25,0.326989,9
crossing_90_e_4,157.188,2.25,0.33034,9
crossing_90_e_4,157.688,2.25,0.286906,9
crossing_90_e_4,158.188,2.25,0.383848,9
crossing_90_e_4,158.688,2,0.346818,8
crossing_90_e_4,159.188,1.75,0.361059,7
crossing_90_e_4,159.688,1.75,0.425082,7
crossing_90_e_4,160.188,1.75,0.431894,7
crossing_90_e_4,160.688,1.5,0.442544,6
crossing_90_e_4,161.188,1.25,0.474688,5
crossing_90_e_4,161.688,1.25,0.487333,5
crossing_90_e_4,162.188,1,0.472306,4
crossing_90_e_4,162.688,0.75,0.55,3
crossing_90_e_4,163.188,0.5,0.384487,2
crossing_90_e_4,163.688,0.75,0.40245,3
crossing_90_e_4,164.188,0.5,0.427834,2
crossing_90_e_4,164.688,0.5,0.366972,2
crossing_90_e_4,165.188,0.75,0.452469,3
crossing_90_e_4,165.688,0.75,0.43304,3
crossing_90_e_4,166.188,0.75,0.596216,3
crossing_90_e_4,166.688,1,0.706085,4
crossing_90_e_4,167.188,1,0.727742,4
crossing_90_e_4,167.688,1,0.802087,4
crossing_90_e_4,168.188,1,0.600987,4
crossing_90_e_4,168.688,0.5,0.526924,2
crossing_90_e_4,169.188,0.75,0.386263,3
crossing_90_e_4,169.688,0.5,0.303817,2
crossing_90_e_4,170.188,0.75,0.401975,3
crossing_90_e_4,170.688,0.75,0.466766,3
crossing_90_e_4,171.188,0.75,0.461721,3
crossing_90_e_4,171.688,0.75,0.506926,3
crossing_90_e_4,172.188,0.75,0.321427,3
crossing_90_e_4,172.688,0.5,0.22552,2
crossing_90_e_4,173.188,0.75,0.238342,3
crossing_90_e_4,173.688,1,0.295473,4
crossing_90_e_4,174.188,1,0.355672,4
crossing_90_e_4,174.688,1.25,0.301864,5
crossing_90_e_4,175.188,1,0.284637,4
crossing_90_e_4,175.688,1,0.307799,4
crossing_90_e_4,176.188,1.5,0.369532,6
crossing_90_e_4,176.688,1.25,0.447088,5
crossing_90_e_4,177.188,1.5,0.416539,6
crossing_90_e_4,177.688,1.5,0.549159,6
crossing_90_e_4,178.188,1.5,0.531727,6
crossing_90_e_4,178.688,1,0.684374,4
crossing_90_e_4,179.188,1.25,0.620736,5
crossing_90_e_4,179.688,1.25,0.603652,5
crossing_90_e_4,180.188,1.25,0.747586,5
crossing_90_e_4,180.688,1.25,0.901245,5
crossing_90_e_4,181.188,1.25,0.982474,5
crossing_90_e_4,181.688,1,0.959161,4
crossing_90_e_4,182.188,1,0.878107,4
crossing_90_e_4,182.688,1.25,0.853801,5
crossing_90_e_4,183.188,1,0.835746,4
crossing_90_e_4,183.688,1,0.89959,4
crossing_90_e_4,184.188,1,0.918381,4
crossing_90_e_4,184.688,0.5,0.916385,2
crossing_90_e_4,185.188,0.5,1.05428,2
crossing_90_e_4,185.688,0.25,1.20027,1
crossing_90_e_5,7.25,0.5,1.62444,2
crossing_90_e_5,7.75,0.5,1.58984,2
crossing_90_e_5,8.25,1,1.44113,4
crossing_90_e_5,8.75,0.25,1.32779,1
crossing_90_e_5,9.25,0.5,1.36965,2
crossing_90_e_5,9.75,0.75,1.5123,3
crossing_90_e_5,10.25,0.25,1.43842,1
crossing_90_e_5,10.75,0.75,1.55097,3
crossing_90_e_5,11.25,1,1.44779,4
crossing_90_e_5,11.75,1.25,1.33482,5
crossing_90_e_5,12.25,1,1.24815,4
crossing_90_e_5,12.75,1,1.2415,4
crossing_90_e_5,13.25,0.75,1.01837,3
crossing_90_e_5,13.75,1.25,0.973131,5
crossing_90_e_5,14.25,0.5,0.734543,2
crossing_90_e_5,14.75,0.5,0.663933,2
crossing_90_e_5,15.25,0.5,0.738212,2
crossing_90_e_5,15.75,0.5,0.800965,2
crossing_90_e_5,16.25,1,1.04115,4
crossing_90_e_5,16.75,0.75,1.0455,3
crossing_90_e_5,17.25,0.75,1.00795,3
crossing_90_e_5,17.75,0.75,0.518689,3
crossing_90_e_5,18.25,1.25,0.692716,5
crossing_90_e_5,18.75,1,0.692525,4
crossing_90_e_5,19.25,1,0.649256,4
crossing_90_e_5,19.75,1,0.732832,4
crossing_90_e_5,20.25,1.25,0.638324,5
crossing_90_e_5,20.75,1,0.570581,4
crossing_90_e_5,21.25,1,0.677205,4
crossing_90_e_5,21.75,1.25,0.696455,5
crossing_90_e_5,22.25,1.25,0.682217,5
crossing_90_e_5,22.75,1,0.700182,4
crossing_90_e_5,23.25,1.25,0.693771,5
crossing_90_e_5,23.75,1.5,0.47921,6
crossing_90_e_5,24.25,1.25,0.504918,5
crossing_90_e_5,24.75,0.5,0.392414,2
crossing_90_e_5,25.25,1.75,0.58437,7
crossing_90_e_5,25.75,1.75,0.56147,7
crossing_90_e_5,26.25,2,0.614612,8
crossing_90_e_5,26.75,1.75,0.655813,7
crossing_90_e_5,27.25,1.5,0.61127,6
crossing_90_e_5,27.75,1,0.56584,4
crossing_90_e_5,28.25,1,0.649524,4
crossing_90_e_5,28.75,1,0.50066,4
crossing_90_e_5,29.25,0.75,0.571587,3
crossing_90_e_5,29.75,0.75,0.643697,3
crossing_90_e_5,30.25,0.75,0.616983,3
crossing_90_e_5,30.75,1,0.676189,4
crossing_90_e_5,31.25,0.5,0.484728,2
crossing_90_e_5,31.75,1,0.439737,4
crossing_90_e_5,32.25,1,0.426857,4
crossing_90_e_5,32.75,1.25,0.434922,5
crossing_90_e_5,33.25,1.75,0.413816,7
crossing_90_e_5,33.75,1.25,0.307019,5
crossing_90_e_5,34.25,1.5,0.320543,6
crossing_90_e_5,34.75,2,0.355218,8
crossing_90_e_5,35.25,2.25,0.53094,9
crossing_90_e_5,35.75,2,0.509533,8
crossing_90_e_5,36.25,2,0.467155,8
crossing_90_e_5,36.75,1.5,0.314997,6
crossing_90_e_5,37.25,1.75,0.373323,7
crossing_90_e_5,37.75,2,0.364715,8
crossing_90_e_5,38.25,2,0.343551,8
crossing_90_e_5,38.75,2,0.289046,8
crossing_90_e_5,39.25,2.25,0.323944,9
crossing_90_e_5,39.75,2,0.333177,8
crossing_90_e_5,40.25,1.75,0.366718,7
crossing_90_e_5,40.75,1.25,0.362299,5
crossing_90_e_5,41.25,1.25,0.444817,5
crossing_90_e_5,41.75,1.25,0.461188,5
crossing_90_e_5,42.25,0.5,0.57333,2
crossing_90_e_5,42.75,0.5,0.533874,2
crossing_90_e_5,43.25,1,0.462348,4
crossing_90_e_5,43.75,1,0.635825,4
crossing_90_e_5,44.25,0.75,0.887188,3
crossing_90_e_5,44.75,1.25,0.84066,5
crossing_90_e_5,45.25,0.75,0.998714,3
crossing_90_e_5,45.75,0.5,0.87623,2
crossing_90_e_5,46.25,0.75,1.00676,3
crossing_90_e_5,46.75,0.25,1.06814,1
crossing_90_e_5,47.25,0.25,1.12108,1
crossing_90_e_5,47.75,0.25,0.426279,1
crossing_90_e_5,48.25,0.5,0.762386,2
crossing_90_e_5,48.75,0.75,0.651566,3
crossing_90_e_5,49.25,0.75,0.733625,3
crossing_90_e_5,49.75,0.5,0.713113,2
crossing_90_e_5,50.25,0.5,0.756066,2
crossing_90_e_5,50.75,0.5,0.712883,2
crossing_90_e_5,51.25,0.5,0.641585,2
crossing_90_e_5,51.75,0.5,0.652236,2
crossing_90_e_5,52.25,0.5,1.09313,2
crossing_90_e_5,52.75,0.25,1.25984,1
crossing_90_e_5,53.25,0.5,1.15955,2
crossing_90_e_5,54.75,0.25,0.272265,1
crossing_90_e_5,55.25,0.25,0.271831,1
crossing_90_e_5,55.75,0.75,0.41493,3
crossing_90_e_5,56.25,0.75,0.418015,3
crossing_90_e_5,56.75,0.75,0.45333,3
crossing_90_e_5,57.25,0.75,0.422854,3
crossing_90_e_5,57.75,1,0.428958,4
crossing_90_e_5,58.25,1.5,0.464034,6
crossing_90_e_5,58.75,1.25,0.440716,5
crossing_90_e_5,59.25,1,0.434916,4
crossing_90_e_5,59.75,1.25,0.605799,5
crossing_90_e_5,60.25,2,0.626563,8
crossing_90_e_5,60.75,2,0.669934,8
crossing_90_e_5,61.25,2,0.573812,8
crossing_90_e_5,61.75,1.75,0.562373,7
crossing_90_e_5,62.25,1.75,0.612417,7
crossing_90_e_5,62.75,1.75,0.504876,7
crossing_90_e_5,63.25,2.25,0.52768,9
crossing_90_e_5,63.75,2,0.486159,8
crossing_90_e_5,64.25,2,0.557472,8
crossing_90_e_5,64.75,2,0.478237,8
crossing_90_e_5,65.25,1.5,0.456801,6
crossing_90_e_5,65.75,1.5,0.38369,6
crossing_90_e_5,66.25,1.25,0.340555,5
crossing_90_e_5,66.75,1.5,0.329623,6
crossing_90_e_5,67.25,1.5,0.369985,6
crossing_90_e_5,67.75,1.75,0.308241,7
crossing_90_e_5,68.25,1.5,0.375587,6
crossing_90_e_5,68.75,1.25,0.343884,5
crossing_90_e_5,69.25,1.5,0.3561,6
crossing_90_e_5,69.75,1.5,0.416829,6
crossing_90_e_5,70.25,1.5,0.283483,6
crossing_90_e_5,70.75,2,0.514246,8
crossing_90_e_5,71.25,1.75,0.40379,7
crossing_90_e_5,71.75,1.75,0.349954,7
crossing_90_e_5,72.25,2,0.40452,8
crossing_90_e_5,72.75,2,0.403937,8
crossing_90_e_5,73.25,2,0.418192,8
crossing_90_e_5,73.75,2,0.401061,8
crossing_90_e_5,74.25,1.75,0.283683,7
crossing_90_e_5,74.75,1.5,0.386014,6
crossing_90_e_5,75.25,2,0.366641,8
crossing_90_e_5,75.75,2,0.394872,8
crossing_90_e_5,76.25,1.75,0.361622,7
crossing_90_e_5,76.75,2.25,0.478813,9
crossing_90_e_5,77.25,1.25,0.546719,5
crossing_90_e_5,77.75,2,0.599771,8
crossing_90_e_5,78.25,1.75,0.534266,7
crossing_90_e_5,78.75,1.75,0.656248,7
crossing_90_e_5,79.25,2,0.592995,8
crossing_90_e_5,79.75,2.25,0.680646,9
crossing_90_e_5,80.25,1.75,0.71905,7
crossing_90_e_5,80.75,1.75,0.646109,7
crossing_90_e_5,81.25,1.75,0.676661,7
crossing_90_e_5,81.75,2,0.623107,8
crossing_90_e_5,82.25,1.5,0.599083,6
crossing_90_e_5,82.75,1.75,0.584053,7
crossing_90_e_5,83.25,1.75,0.453464,7
crossing_90_e_5,83.75,2,0.428648,8
crossing_90_e_5,84.25,1.75,0.464661,7
crossing_90_e_5,84.75,1.5,0.519886,6
crossing_90_e_5,85.25,1.75,0.524511,7
crossing_90_e_5,85.75,2,0.555407,8
crossing_90_e_5,86.25,2,0.485648,8
crossing_90_e_5,86.75,1.75,0.511192,7
crossing_90_e_5,87.25,1.75,0.493838,7
crossing_90_e_5,87.75,1.75,0.350561,7
crossing_90_e_5,88.25,1.75,0.307582,7
crossing_90_e_5,88.75,1.75,0.292147,7
crossing_90_e_5,89.25,2,0.292621,8
crossing_90_e_5,89.75,2,0.259198,8
crossing_90_e_5,90.25,1.75,0.225441,7
crossing_90_e_5,90.75,1.75,0.325463,7
crossing_90_e_5,91.25,2,0.47785,8
crossing_90_e_5,91.75,1.75,0.459879,7
crossing_90_e_5,92.25,1.25,0.56969,5
crossing_90_e_5,92.75,1.25,0.488309,5
crossing_90_e_5,93.25,1.5,0.564733,6
crossing_90_e_5,93.75,1.75,0.600514,7
crossing_90_e_5,94.25,1.75,0.620363,7
crossing_90_e_5,94.75,1.5,0.702436,6
crossing_90_e_5,95.25,1,0.587096,4
crossing_90_e_5,95.75,1.25,0.703621,5
crossing_90_e_5,96.25,1.25,0.7101,5
crossing_90_e_5,96.75,1.25,0.518612,5
crossing_90_e_5,97.25,1.25,0.520012,5
crossing_90_e_5,97.75,1.5,0.569628,6
crossing_90_e_5,98.25,1.5,0.618677,6
crossing_90_e_5,98.75,1.5,0.670224,6
crossing_90_e_5,99.25,1.5,0.736478,6
crossing_90_e_5,99.75,1.75,0.656429,7
crossing_90_e_5,100.25,1.5,0.670765,6
crossing_90_e_5,100.75,1.75,0.673671,7
crossing_90_e_5,101.25,1.75,0.56957,7
crossing_90_e_5,101.75,1.75,0.588671,7
crossing_90_e_5,102.25,1.75,0.49008,7
crossing_90_e_5,102.75,2.5,0.459391,10
crossing_90_e_5,103.25,2.5,0.389832,10
crossing_90_e_5,103.75,2.5,0.433481,10
crossing_90_e_5,104.25,2.5,0.365452,10
crossing_90_e_5,104.75,2.5,0.322467,10
crossing_90_e_5,105.25,2.25,0.353401,9
crossing_90_e_5,105.75,2.5,0.394018,10
crossing_90_e_5,106.25,2.75,0.398935,11
crossing_90_e_5,106.75,2.25,0.337804,9
crossing_90_e_5,107.25,2.5,0.405112,10
crossing_90_e_5,107.75,2.5,0.394476,10
crossing_90_e_5,108.25,2.5,0.394502,10
crossing_90_e_5,108.75,2.25,0.305681,9
crossing_90_e_5,109.25,2.5,0.339488,10
crossing_90_e_5,109.75,2.5,0.358303,10
crossing_90_e_5,110.25,2.5,0.325802,10
crossing_90_e_5,110.75,2.75,0.324578,11
crossing_90_e_5,111.25,2.25,0.259464,9
crossing_90_e_5,111.75,2.25,0.220807,9
crossing_90_e_5,112.25,3,0.310043,12
crossing_90_e_5,112.75,2.25,0.243369,9
crossing_90_e_5,113.25,2.25,0.236448,9
crossing_90_e_5,113.75,2,0.290007,8
crossing_90_e_5,114.25,2.25,0.294097,9
crossing_90_e_5,114.75,2.5,0.334526,10
crossing_90_e_5,115.25,2,0.298171,8
crossing_90_e_5,115.75,2.5,0.339348,10
crossing_90_e_5,116.25,2.25,0.247444,9
crossing_90_e_5,116.75,2.25,0.326596,9
crossing_90_e_5,117.25,2.75,0.420555,11
crossing_90_e_5,117.75,2.25,0.452999,9
crossing_90_e_5,118.25,2.5,0.466503,10
crossing_90_e_5,118.75,3,0.503309,12
crossing_90_e_5,119.25,2.75,0.507935,11
crossing_90_e_5,119.75,2.5,0.569784,10
crossing_90_e_5,120.25,1.75,0.502077,7
crossing_90_e_5,120.75,2.25,0.542618,9
crossing_90_e_5,121.25,1.5,0.549333,6
crossing_90_e_5,121.75,1.75,0.667506,7
crossing_90_e_5,122.25,1.5,0.674126,6
crossing_90_e_5,122.75,2,0.63565,8
crossing_90_e_5,123.25,1.75,0.696016,7
crossing_90_e_5,123.75,1.5,0.6602,6
crossing_90_e_5,124.25,1.75,0.604708,7
crossing_90_e_5,124.75,1.75,0.56474,7
crossing_90_e_5,125.25,1.5,0.56957,6
crossing_90_e_5,125.75,1.25,0.515683,5
crossing_90_e_5,126.25,1,0.489927,4
crossing_90_e_5,126.75,1.25,0.356011,5
crossing_90_e_5,127.25,1,0.224502,4
crossing_90_e_5,127.75,1,0.239357,4
crossing_90_e_5,128.25,0.75,0.256614,3
crossing_90_e_5,128.75,1.25,0.363045,5
crossing_90_e_5,129.25,1.25,0.39019,5
crossing_90_e_5,129.75,1.25,0.279366,5
crossing_90_e_5,130.25,1.25,0.276544,5
crossing_90_e_5,130.75,1.5,0.212482,6
crossing_90_e_5,131.25,1.5,0.321636,6
crossing_90_e_5,131.75,1.75,0.325122,7
crossing_90_e_5,132.25,2,0.39101,8
crossing_90_e_5,132.75,1.75,0.403131,7
crossing_90_e_5,133.25,1.75,0.455943,7
crossing_90_e_5,133.75,1.5,0.516169,6
crossing_90_e_5,134.25,1.5,0.535465,6
crossing_90_e_5,134.75,1.75,0.675262,7
crossing_90_e_5,135.25,2.25,0.744407,9
crossing_90_e_5,135.75,1.5,0.581515,6
crossing_90_e_5,136.25,1.75,0.794563,7
crossing_90_e_5,136.75,1.75,0.643119,7
crossing_90_e_5,137.25,1.5,0.5723,6
crossing_90_e_5,137.75,1,0.476349,4
crossing_90_e_5,138.25,2,0.525532,8
crossing_90_e_5,138.75,2,0.561757,8
crossing_90_e_5,139.25,2.25,0.541452,9
crossing_90_e_5,139.75,2,0.541855,8
crossing_90_e_5,140.25,2,0.548412,8
crossing_90_e_5,140.75,2.25,0.534607,9
crossing_90_e_5,141.25,2.25,0.464883,9
crossing_90_e_5,141.75,2.25,0.454314,9
crossing_90_e_5,142.25,2.25,0.403756,9
crossing_90_e_5,142.75,2.25,0.43796,9
crossing_90_e_5,143.25,2,0.36229,8
crossing_90_e_5,143.75,2,0.398844,8
crossing_90_e_5,144.25,2,0.449946,8
crossing_90_e_5,144.75,2.5,0.385995,10
crossing_90_e_5,145.25,2,0.449911,8
crossing_90_e_5,145.75,2.25,0.471921,9
crossing_90_e_5,146.25,2.5,0.434143,10
crossing_90_e_5,146.75,2.5,0.434244,10
crossing_90_e_5,147.25,2.25,0.366756,9
crossing_90_e_5,147.75,2,0.355962,8
crossing_90_e_5,148.25,2.5,0.390292,10
crossing_90_e_5,148.75,3,0.457364,12
crossing_90_e_5,149.25,3.25,0.444041,13
crossing_90_e_5,149.75,3.25,0.436143,13
crossing_90_e_5,150.25,3.25,0.286298,13
crossing_90_e_5,150.75,3,0.280048,12
crossing_90_e_5,151.25,3,0.330432,12
crossing_90_e_5,151.75,3,0.385376,12
crossing_90_e_5,152.25,2.75,0.40866,11
crossing_90_e_5,152.75,3.25,0.439297,13
crossing_90_e_5,153.25,3,0.400762,12
crossing_90_e_5,153.75,3,0.489245,12
crossing_90_e_5,154.25,3,0.470444,12
crossing_90_e_5,154.75,2.5,0.426675,10
crossing_90_e_5,155.25,2.5,0.452551,10
crossing_90_e_5,155.75,2.5,0.46953,10
crossing_90_e_5,156.25,2,0.492421,8
crossing_90_e_5,156.75,2,0.525727,8
crossing_90_e_5,157.25,1.75,0.558966,7
crossing_90_e_5,157.75,1.75,0.589014,7
crossing_90_e_5,158.25,1.25,0.571926,5
crossing_90_e_5,158.75,1.75,0.59451,7
crossing_90_e_5,159.25,2.25,0.524714,9
crossing_90_e_5,159.75,2,0.478229,8
crossing_90_e_5,160.25,2.25,0.387812,9
crossing_90_e_5,160.75,2.25,0.390125,9
crossing_90_e_5,161.25,3,0.403792,12
crossing_90_e_5,161.75,3.25,0.396124,13
crossing_90_e_5,162.25,2.5,0.276495,10
crossing_90_e_5,162.75,3,0.36233,12
crossing_90_e_5,163.25,3.25,0.385121,13
crossing_90_e_5,163.75,3,0.462896,12
crossing_90_e_5,164.25,2.75,0.49947,11
crossing_90_e_5,164.75,2.75,0.581416,11
crossing_90_e_5,165.25,2,0.635157,8
crossing_90_e_5,165.75,2,0.625656,8
crossing_90_e_5,166.25,2,0.663021,8
crossing_90_e_5,166.75,1.5,0.751095,6
crossing_90_e_5,167.25,1.5,0.767516,6
crossing_90_e_5,167.75,1,0.717656,4
crossing_90_e_5,168.25,1,0.787049,4
crossing_90_e_5,168.75,1.25,0.678973,5
crossing_90_e_5,169.25,1.25,0.706901,5
crossing_90_e_5,169.75,1.25,0.647889,5
crossing_90_e_5,170.25,1.25,0.580206,5
crossing_90_e_5,170.75,1.25,0.601194,5
crossing_90_e_5,171.25,1.5,0.731486,6
crossing_90_e_5,171.75,1,0.693904,4
crossing_90_e_5,172.25,0.75,0.734241,3
crossing_90_e_5,172.75,0.75,0.740318,3
crossing_90_e_5,173.25,0.5,0.836622,2
crossing_90_e_5,173.75,0.75,0.821706,3
crossing_90_e_5,174.25,0.5,0.715662,2
crossing_90_e_5,174.75,0.75,0.753451,3
crossing_90_e_5,175.25,1,0.774176,4
crossing_90_e_5,175.75,1,0.75112,4
crossing_90_e_5,176.25,0.75,0.771599,3
crossing_90_e_5,176.75,0.5,0.796909,2
crossing_90_e_5,177.25,0.25,0.703856,1
crossing_90_e_5,177.75,0.25,0.723467,1
crossing_90_e_6,5.562,0.25,2.3403,1
crossing_90_e_6,6.062,0.5,2.11719,2
crossing_90_e_6,6.562,1,2.05318,4
crossing_90_e_6,7.062,0.75,1.9444,3
crossing_90_e_6,7.562,1,2.07535,4
crossing_90_e_6,8.062,1,2.06354,4
crossing_90_e_6,8.562,0.75,1.5632,3
crossing_90_e_6,9.062,1.25,1.85517,5
crossing_90_e_6,9.562,1.25,1.57507,5
crossing_90_e_6,10.062,1.5,1.42728,6
crossing_90_e_6,10.562,1.75,1.11054,7
crossing_90_e_6,11.062,1.75,0.931723,7
crossing_90_e_6,11.562,2.25,1.00836,9
crossing_90_e_6,12.062,2.75,1.0305,11
crossing_90_e_6,12.562,3.25,1.01722,13
crossing_90_e_6,13.062,2.75,0.89938,11
crossing_90_e_6,13.562,2.5,0.81224,10
crossing_90_e_6,14.062,2.75,0.953133,11
crossing_90_e_6,14.562,3,0.81721,12
crossing_90_e_6,15.062,3.5,0.775083,14
crossing_90_e_6,15.562,3.25,0.676492,13
crossing_90_e_6,16.062,2.75,0.766178,11
crossing_90_e_6,16.562,2.5,0.783954,10
crossing_90_e_6,17.062,2.75,0.780577,11
crossing_90_e_6,17.562,2.25,0.712029,9
crossing_90_e_6,18.062,2.25,0.717861,9
crossing_90_e_6,18.562,2.25,0.699992,9
crossing_90_e_6,19.062,2.5,0.613883,10
crossing_90_e_6,19.562,2.5,0.588433,10
crossing_90_e_6,20.062,2.75,0.592002,11
crossing_90_e_6,20.562,2.5,0.64516,10
crossing_90_e_6,21.062,3,0.607782,12
crossing_90_e_6,21.562,2.75,0.56553,11
crossing_90_e_6,22.062,2.5,0.436003,10
crossing_90_e_6,22.562,2.75,0.402982,11
crossing_90_e_6,23.062,2.75,0.387351,11
crossing_90_e_6,23.562,2.75,0.401204,11
crossing_90_e_6,24.062,3.5,0.36386,14
crossing_90_e_6,24.562,2.75,0.413253,11
crossing_90_e_6,25.062,2.75,0.379699,11
crossing_90_e_6,25.562,2.75,0.35638,11
crossing_90_e_6,26.062,3,0.361749,12
crossing_90_e_6,26.562,3,0.393445,12
crossing_90_e_6,27.062,3.25,0.379729,13
crossing_90_e_6,27.562,2.75,0.326385,11
crossing_90_e_6,28.062,2.75,0.325553,11
crossing_90_e_6,28.562,2.75,0.312466,11
crossing_90_e_6,29.062,2.75,0.297893,11
crossing_90_e_6,29.562,3,0.278267,12
crossing_90_e_6,30.062,3,0.305645,12
crossing_90_e_6,30.562,3,0.325756,12
crossing_90_e_6,31.062,3,0.329774,12
crossing_90_e_6,31.562,3.25,0.329818,13
crossing_90_e_6,32.062,3,0.364391,12
crossing_90_e_6,32.562,2.75,0.333819,11
crossing_90_e_6,33.062,3,0.396158,12
crossing_90_e_6,33.562,3,0.378862,12
crossing_90_e_6,34.062,3.5,0.359734,14
crossing_90_e_6,34.562,3.25,0.348481,13
crossing_90_e_6,35.062,3,0.286006,12
crossing_90_e_6,35.562,3,0.336693,12
crossing_90_e_6,36.062,3.25,0.294659,13
crossing_90_e_6,36.562,3,0.310628,12
crossing_90_e_6,37.062,2.75,0.387673,11
crossing_90_e_6,37.562,2.75,0.393511,11
crossing_90_e_6,38.062,3,0.446349,12
crossing_90_e_6,38.562,3,0.461061,12
crossing_90_e_6,39.062,3,0.455658,12
crossing_90_e_6,39.562,3.25,0.464909,13
crossing_90_e_6,40.062,3,0.527336,12
crossing_90_e_6,40.562,2.75,0.573086,11
crossing_90_e_6,41.062,2.5,0.618501,10
crossing_90_e_6,41.562,1.75,0.594813,7
crossing_90_e_6,42.062,2,0.512864,8
crossing_90_e_6,42.562,2,0.494172,8
crossing_90_e_6,43.062,2,0.507823,8
crossing_90_e_6,43.562,2.25,0.528294,9
crossing_90_e_6,44.062,2.5,0.545993,10
crossing_90_e_6,44.562,2,0.51088,8
crossing_90_e_6,45.062,1.75,0.601573,7
crossing_90_e_6,45.562,1.75,0.599029,7
crossing_90_e_6,46.062,2,0.67815,8
crossing_90_e_6,46.562,2.25,0.714537,9
crossing_90_e_6,47.062,1.5,0.579994,6
crossing_90_e_6,47.562,1.5,0.591259,6
crossing_90_e_6,48.062,2,0.674056,8
crossing_90_e_6,48.562,1.75,0.715623,7
crossing_90_e_6,49.062,1.5,0.700375,6
crossing_90_e_6,49.562,1.75,0.594844,7
crossing_90_e_6,50.062,2,0.626838,8
crossing_90_e_6,50.562,1.5,0.620926,6
crossing_90_e_6,51.062,1.5,0.613086,6
crossing_90_e_6,51.562,1.75,0.530413,7
crossing_90_e_6,52.062,1.25,0.523384,5
crossing_90_e_6,52.562,1.5,0.573031,6
crossing_90_e_6,53.062,1.25,0.562931,5
crossing_90_e_6,53.562,1.75,0.630775,7
crossing_90_e_6,54.062,1.75,0.680371,7
crossing_90_e_6,54.562,1.25,0.686124,5
crossing_90_e_6,55.062,1.25,0.680167,5
crossing_90_e_6,55.562,1,0.619629,4
crossing_90_e_6,56.062,1,0.548263,4
crossing_90_e_6,56.562,1.25,0.619456,5
crossing_90_e_6,57.062,1,0.599923,4
crossing_90_e_6,57.562,1.5,0.547088,6
crossing_90_e_6,58.062,1.5,0.545364,6
crossing_90_e_6,58.562,2,0.598208,8
crossing_90_e_6,59.062,2,0.676767,8
crossing_90_e_6,59.562,2,0.718146,8
crossing_90_e_6,60.062,2.5,0.703222,10
crossing_90_e_6,60.562,1.75,0.540561,7
crossing_90_e_6,61.062,2.5,0.441266,10
crossing_90_e_6,61.562,2.25,0.431152,9
crossing_90_e_6,62.062,2.5,0.485257,10
crossing_90_e_6,62.562,2.25,0.408812,9
crossing_90_e_6,63.062,2,0.359185,8
crossing_90_e_6,63.562,1.75,0.366234,7
crossing_90_e_6,64.062,1,0.331012,4
crossing_90_e_6,64.562,1.25,0.319614,5
crossing_90_e_6,65.062,0.75,0.278906,3
crossing_90_e_6,65.562,0.5,0.314924,2
crossing_90_e_6,66.062,0.75,0.322145,3
crossing_90_e_6,66.562,0.75,0.300277,3
crossing_90_e_6,67.062,1,0.471522,4
crossing_90_e_6,67.562,1,0.486888,4
crossing_90_e_6,68.062,1.25,0.413279,5
crossing_90_e_6,68.562,0.75,0.225974,3
crossing_90_e_6,69.062,1,0.353238,4
crossing_90_e_6,69.562,1,0.409022,4
crossing_90_e_6,70.062,0.75,0.510495,3
crossing_90_e_6,70.562,1.5,0.557054,6
crossing_90_e_6,71.062,0.75,0.656438,3
crossing_90_e_6,71.562,1.25,0.56413,5
crossing_90_e_6,72.062,1.25,0.56797,5
crossing_90_e_6,72.562,0.75,0.365992,3
crossing_90_e_6,73.062,0.75,0.283533,3
crossing_90_e_6,73.562,1,0.279172,4
crossing_90_e_6,74.062,1,0.324108,4
crossing_90_e_6,74.562,1.25,0.497366,5
crossing_90_e_6,75.062,0.75,0.359959,3
crossing_90_e_6,75.562,1,0.332232,4
crossing_90_e_6,76.062,0.75,0.321987,3
crossing_90_e_6,76.562,0.5,0.329,2
crossing_90_e_6,77.062,1,0.336117,4
crossing_90_e_6,77.562,1,0.420943,4
crossing_90_e_6,78.062,1.25,0.522355,5
crossing_90_e_6,78.562,1.5,0.507596,6
crossing_90_e_6,79.062,1.5,0.468432,6
crossing_90_e_6,79.562,1.75,0.551357,7
crossing_90_e_6,80.062,1.75,0.490818,7
crossing_90_e_6,80.562,2,0.557772,8
crossing_90_e_6,81.062,2,0.421279,8
crossing_90_e_6,81.562,1.5,0.234102,6
crossing_90_e_6,82.062,1.5,0.246542,6
crossing_90_e_6,82.562,1.75,0.297089,7
crossing_90_e_6,83.062,2,0.349753,8
crossing_90_e_6,83.562,2,0.367207,8
crossing_90_e_6,84.062,2,0.341264,8
crossing_90_e_6,84.562,2.5,0.449257,10
crossing_90_e_6,85.062,2.25,0.373271,9
crossing_90_e_6,85.562,2.5,0.425112,10
crossing_90_e_6,86.062,2.75,0.452736,11
crossing_90_e_6,86.562,2.25,0.427431,9
crossing_90_e_6,87.062,2.5,0.41544,10
crossing_90_e_6,87.562,2.5,0.392048,10
crossing_90_e_6,88.062,1.5,0.330434,6
crossing_90_e_6,88.562,2,0.436038,8
crossing_90_e_6,89.062,1.75,0.43291,7
crossing_90_e_6,89.562,2,0.405221,8
crossing_90_e_6,90.062,1.75,0.393112,7
crossing_90_e_6,90.562,1.75,0.379512,7
crossing_90_e_6,91.062,2.25,0.434781,9
crossing_90_e_6,91.562,2,0.404712,8
crossing_90_e_6,92.062,2.25,0.442544,9
crossing_90_e_6,92.562,1.75,0.402726,7
crossing_90_e_6,93.062,1.25,0.367242,5
crossing_90_e_6,93.562,1.25,0.279506,5
crossing_90_e_6,94.062,1,0.298821,4
crossing_90_e_6,94.562,1.25,0.296086,5
crossing_90_e_6,95.062,1,0.322756,4
crossing_90_e_6,95.562,1.25,0.321996,5
crossing_90_e_6,96.062,1.25,0.301449,5
crossing_90_e_6,96.562,1.75,0.406419,7
crossing_90_e_6,97.062,1.75,0.543919,7
crossing_90_e_6,97.562,1.25,0.459969,5
crossing_90_e_6,98.062,1,0.508658,4
crossing_90_e_6,98.562,1.25,0.481585,5
crossing_90_e_6,99.062,1,0.395743,4
crossing_90_e_6,99.562,1.25,0.441128,5
crossing_90_e_6,100.062,1.5,0.389877,6
crossing_90_e_6,100.562,1.5,0.323296,6
crossing_90_e_6,101.062,2,0.332974,8
crossing_90_e_6,101.562,2.25,0.335382,9
crossing_90_e_6,102.062,2.25,0.376124,9
crossing_90_e_6,102.562,2,0.368793,8
crossing_90_e_6,103.062,2,0.314288,8
crossing_90_e_6,103.562,2.25,0.332945,9
crossing_90_e_6,104.062,2.25,0.35803,9
crossing_90_e_6,104.562,2.25,0.354394,9
crossing_90_e_6,105.062,2,0.333033,8
crossing_90_e_6,105.562,1.75,0.314243,7
crossing_90_e_6,106.062,2,0.302182,8
crossing_90_e_6,106.562,1.75,0.317551,7
crossing_90_e_6,107.062,1.75,0.35864,7
crossing_90_e_6,107.562,2,0.419291,8
crossing_90_e_6,108.062,2,0.352555,8
crossing_90_e_6,108.562,1.5,0.3937,6
crossing_90_e_6,109.062,1.75,0.542893,7
crossing_90_e_6,109.562,1.5,0.45265,6
crossing_90_e_6,110.062,1.5,0.547856,6
crossing_90_e_6,110.562,1.75,0.632051,7
crossing_90_e_6,111.062,2,0.509605,8
crossing_90_e_6,111.562,1.75,0.423162,7
crossing_90_e_6,112.062,2,0.496766,8
crossing_90_e_6,112.562,2,0.537083,8
crossing_90_e_6,113.062,2.25,0.544831,9
crossing_90_e_6,113.562,2,0.565128,8
crossing_90_e_6,114.062,1.25,0.472589,5
crossing_90_e_6,114.562,1.75,0.481234,7
crossing_90_e_6,115.062,1.5,0.441178,6
crossing_90_e_6,115.562,1.75,0.432456,7
crossing_90_e_6,116.062,2,0.402516,8
crossing_90_e_6,116.562,2.75,0.483494,11
crossing_90_e_6,117.062,2.5,0.46501,10
crossing_90_e_6,117.562,2,0.537707,8
crossing_90_e_6,118.062,1,0.447608,4
crossing_90_e_6,118.562,1.5,0.461185,6
crossing_90_e_6,119.062,1.75,0.456865,7
crossing_90_e_6,119.562,2,0.55159,8
crossing_90_e_6,120.062,1.75,0.572792,7
crossing_90_e_6,120.562,1.25,0.486988,5
crossing_90_e_6,121.062,1.25,0.627154,5
crossing_90_e_6,121.562,1.75,0.658813,7
crossing_90_e_6,122.062,1.5,0.565751,6
crossing_90_e_6,122.562,1.5,0.556772,6
crossing_90_e_6,123.062,0.75,0.454418,3
crossing_90_e_6,123.562,1,0.397858,4
crossing_90_e_6,124.062,1.25,0.442268,5
crossing_90_e_6,124.562,0.5,0.396638,2
crossing_90_e_6,125.062,1,0.478005,4
crossing_90_e_6,125.562,1,0.474315,4
crossing_90_e_6,126.062,1.25,0.499151,5
crossing_90_e_6,126.562,0.5,0.289137,2
crossing_90_e_6,127.062,1,0.373925,4
crossing_90_e_6,127.562,0.75,0.480689,3
crossing_90_e_6,128.062,0.75,0.808187,3
crossing_90_e_6,128.562,1,0.709802,4
crossing_90_e_6,129.062,0.5,0.464894,2
crossing_90_e_6,129.562,0.5,0.490876,2
crossing_90_e_6,130.062,1,0.833786,4
crossing_90_e_6,130.562,0.75,1.06084,3
crossing_90_e_6,131.062,0.75,1.00698,3
crossing_90_e_6,131.562,0.5,1.0641,2
crossing_90_e_6,132.062,1,1.07658,4
crossing_90_e_6,132.562,0.75,1.14439,3
crossing_90_e_6,133.062,0.75,1.09341,3
crossing_90_e_6,133.562,1.5,1.11178,6
crossing_90_e_6,134.062,1.75,1.06949,7
crossing_90_e_6,134.562,1.5,1.02938,6
crossing_90_e_6,135.062,1.25,0.981136,5
crossing_90_e_6,135.562,1.5,0.985754,6
crossing_90_e_6,136.062,1.5,0.996545,6
crossing_90_e_6,136.562,0.75,0.907222,3
crossing_90_e_6,137.062,1.25,0.865884,5
crossing_90_e_6,137.562,1.5,0.834171,6
crossing_90_e_6,138.062,1,0.821878,4
crossing_90_e_6,138.562,1.25,0.819725,5
crossing_90_e_6,139.062,1.5,0.776671,6
crossing_90_e_6,139.562,1.75,0.781959,7
crossing_90_e_6,140.062,1.5,0.755233,6
crossing_90_e_6,140.562,1.5,0.729536,6
crossing_90_e_6,141.062,1.5,0.817955,6
crossing_90_e_6,141.562,1.75,0.834448,7
crossing_90_e_6,142.062,1.25,0.767794,5
crossing_90_e_6,142.562,1.75,0.784703,7
crossing_90_e_6,143.062,2,0.835831,8
crossing_90_e_6,143.562,1.75,0.840045,7
crossing_90_e_6,144.062,1,0.730081,4
crossing_90_e_6,144.562,1,0.696162,4
crossing_90_e_6,145.062,1.25,0.765649,5
crossing_90_e_6,145.562,1,0.777407,4
crossing_90_e_6,146.062,1,0.788502,4
crossing_90_e_6,146.562,1.5,0.807485,6
crossing_90_e_6,147.062,1,0.813242,4
crossing_90_e_6,147.562,1,0.738747,4
crossing_90_e_6,148.062,1.25,0.753431,5
crossing_90_e_6,148.562,1.5,0.720644,6
crossing_90_e_6,149.062,1,0.731831,4
crossing_90_e_6,149.562,1.25,0.760206,5
crossing_90_e_6,150.062,0.75,0.756105,3
crossing_90_e_6,150.562,1,0.709897,4
crossing_90_e_6,151.062,0.75,0.693481,3
crossing_90_e_6,151.562,0.5,0.714023,2
crossing_90_e_6,152.062,0.25,0.627135,1
crossing_90_e_6,152.562,0.25,0.769259,1
crossing_90_e_6,153.062,0.25,0.836503,1
crossing_90_f_1,8.688,0.25,1.36827,1
crossing_90_f_1,9.188,0.25,1.60103,1
crossing_90_f_1,9.688,0.5,1.52401,2
crossing_90_f_1,10.188,0.75,1.43057,3
crossing_90_f_1,10.688,0.75,1.26843,3
crossing_90_f_1,11.188,0.5,0.998687,2
crossing_90_f_1,11.688,0.5,0.933708,2
crossing_90_f_1,12.188,0.25,0.946083,1
crossing_90_f_1,12.688,0.25,0.781325,1
crossing_90_f_1,13.188,0.25,0.696208,1
crossing_90_f_1,13.688,0.5,0.863417,2
crossing_90_f_1,14.188,0.5,0.853595,2
crossing_90_f_1,14.688,0.75,0.813421,3
crossing_90_f_1,15.188,1,0.762929,4
crossing_90_f_1,15.688,1.25,0.711374,5
crossing_90_f_1,16.188,1.5,0.765904,6
crossing_90_f_1,16.688,1.25,0.743849,5
crossing_90_f_1,17.188,1.25,0.627655,5
crossing_90_f_1,17.688,1.25,0.744171,5
crossing_90_f_1,18.188,1.5,0.80771,6
crossing_90_f_1,18.688,1.25,0.809318,5
crossing_90_f_1,19.188,1,0.862167,4
crossing_90_f_1,19.688,0.5,0.701237,2
crossing_90_f_1,20.188,0.5,0.714607,2
crossing_90_f_1,20.688,0.75,0.720968,3
crossing_90_f_1,21.188,0.75,0.75183,3
crossing_90_f_1,21.688,1.75,0.759767,7
crossing_90_f_1,22.188,1.25,0.765798,5
crossing_90_f_1,22.688,1.25,0.814559,5
crossing_90_f_1,23.188,1.25,0.771034,5
crossing_90_f_1,23.688,1.5,0.759353,6
crossing_90_f_1,24.188,2.5,0.736045,10
crossing_90_f_1,24.688,2.25,0.675562,9
crossing_90_f_1,25.188,1.75,0.636144,7
crossing_90_f_1,25.688,1.5,0.527805,6
crossing_90_f_1,26.188,1.75,0.556151,7
crossing_90_f_1,26.688,1.75,0.526326,7
crossing_90_f_1,27.188,1.75,0.492551,7
crossing_90_f_1,27.688,2.5,0.488503,10
crossing_90_f_1,28.188,2.25,0.429842,9
crossing_90_f_1,28.688,2.75,0.37506,11
crossing_90_f_1,29.188,2.5,0.37365,10
crossing_90_f_1,29.688,2,0.417409,8
crossing_90_f_1,30.188,2.5,0.467354,10
crossing_90_f_1,30.688,2,0.451407,8
crossing_90_f_1,31.188,2.25,0.405647,9
crossing_90_f_1,31.688,2.25,0.391148,9
crossing_90_f_1,32.188,1.5,0.365933,6
crossing_90_f_1,32.688,1,0.352654,4
crossing_90_f_1,33.188,1.5,0.472923,6
crossing_90_f_1,33.688,0.75,0.45007,3
crossing_90_f_1,34.188,1.25,0.492899,5
crossing_90_f_1,34.688,1.5,0.563903,6
crossing_90_f_1,35.188,1,0.507438,4
crossing_90_f_1,35.688,0.75,0.451452,3
crossing_90_f_1,36.188,1.25,0.540269,5
crossing_90_f_1,36.688,1.5,0.520298,6
crossing_90_f_1,37.188,1.5,0.541152,6
crossing_90_f_1,37.688,1.25,0.567901,5
crossing_90_f_1,38.188,1,0.504683,4
crossing_90_f_1,38.688,1.75,0.458229,7
crossing_90_f_1,39.188,1.25,0.495106,5
crossing_90_f_1,39.688,1.25,0.466914,5
crossing_90_f_1,40.188,1.5,0.418796,6
crossing_90_f_1,40.688,2.25,0.378598,9
crossing_90_f_1,41.188,2.5,0.38309,10
crossing_90_f_1,41.688,2.75,0.415777,11
crossing_90_f_1,42.188,2.25,0.389684,9
crossing_90_f_1,42.688,2.75,0.396136,11
crossing_90_f_1,43.188,2.5,0.433728,10
crossing_90_f_1,43.688,2.5,0.435857,10
crossing_90_f_1,44.188,2,0.376156,8
crossing_90_f_1,44.688,2.25,0.367999,9
crossing_90_f_1,45.188,2.25,0.33837,9
crossing_90_f_1,45.688,2,0.318906,8
crossing_90_f_1,46.188,1.5,0.296781,6
crossing_90_f_1,46.688,1.5,0.336165,6
crossing_90_f_1,47.188,2.25,0.327861,9
crossing_90_f_1,47.688,2.25,0.288625,9
crossing_90_f_1,48.188,2,0.304584,8
crossing_90_f_1,48.688,2,0.334791,8
crossing_90_f_1,49.188,1.75,0.325241,7
crossing_90_f_1,49.688,2,0.355457,8
crossing_90_f_1,50.188,2,0.407075,8
crossing_90_f_1,50.688,1.5,0.413541,6
crossing_90_f_1,51.188,2.25,0.466162,9
crossing_90_f_1,51.688,2,0.442722,8
crossing_90_f_1,52.188,1.75,0.387019,7
crossing_90_f_1,52.688,2,0.331528,8
crossing_90_f_1,53.188,2.5,0.288951,10
crossing_90_f_1,53.688,2.75,0.268073,11
crossing_90_f_1,54.188,2.25,0.268804,9
crossing_90_f_1,54.688,2,0.26191,8
crossing_90_f_1,55.188,2,0.253009,8
crossing_90_f_1,55.688,1.75,0.21261,7
crossing_90_f_1,56.188,1.5,0.203608,6
crossing_90_f_1,56.688,1.75,0.167453,7
crossing_90_f_1,57.188,1.75,0.241029,7
crossing_90_f_1,57.688,1.5,0.23177,6
crossing_90_f_1,58.188,1.75,0.408913,7
crossing_90_f_1,58.688,1.75,0.434742,7
crossing_90_f_1,59.188,2,0.374833,8
crossing_90_f_1,59.688,3,0.339851,12
crossing_90_f_1,60.188,3,0.331295,12
crossing_90_f_1,60.688,2.5,0.301952,10
crossing_90_f_1,61.188,3.25,0.309349,13
crossing_90_f_1,61.688,3,0.279534,12
crossing_90_f_1,62.188,3.5,0.282879,14
crossing_90_f_1,62.688,2.75,0.246249,11
crossing_90_f_1,63.188,3.5,0.21473,14
crossing_90_f_1,63.688,3.25,0.225574,13
crossing_90_f_1,64.188,3.5,0.2363,14
crossing_90_f_1,64.688,3.5,0.256743,14
crossing_90_f_1,65.188,2.75,0.246757,11
crossing_90_f_1,65.688,3.25,0.235091,13
crossing_90_f_1,66.188,3.5,0.185299,14
crossing_90_f_1,66.688,3.75,0.204713,15
crossing_90_f_1,67.188,3.5,0.181686,14
crossing_90_f_1,67.688,3.75,0.179485,15
crossing_90_f_1,68.188,4,0.179342,16
crossing_90_f_1,68.688,3.75,0.162004,15
crossing_90_f_1,69.188,3.5,0.156389,14
crossing_90_f_1,69.688,3.75,0.169413,15
crossing_90_f_1,70.188,4.25,0.204532,17
crossing_90_f_1,70.688,3.75,0.167477,15
crossing_90_f_1,71.188,3.25,0.188267,13
crossing_90_f_1,71.688,3.5,0.199923,14
crossing_90_f_1,72.188,3.5,0.251708,14
crossing_90_f_1,72.688,3,0.179842,12
crossing_90_f_1,73.188,3.25,0.171046,13
crossing_90_f_1,73.688,3.25,0.198437,13
crossing_90_f_1,74.188,3,0.1668,12
crossing_90_f_1,74.688,2.75,0.212774,11
crossing_90_f_1,75.188,2.75,0.211621,11
crossing_90_f_1,75.688,3,0.223412,12
crossing_90_f_1,76.188,2.5,0.20766,10
crossing_90_f_1,76.688,3,0.218439,12
crossing_90_f_1,77.188,2.75,0.239744,11
crossing_90_f_1,77.688,2.5,0.250111,10
crossing_90_f_1,78.188,2.75,0.253647,11
crossing_90_f_1,78.688,3,0.220851,12
crossing_90_f_1,79.188,2.75,0.1735,11
crossing_90_f_1,79.688,2.75,0.170818,11
crossing_90_f_1,80.188,3.25,0.183108,13
crossing_90_f_1,80.688,3,0.220509,12
crossing_90_f_1,81.188,3,0.203278,12
crossing_90_f_1,81.688,3.25,0.209501,13
crossing_90_f_1,82.188,3.5,0.193304,14
crossing_90_f_1,82.688,3.75,0.191079,15
crossing_90_f_1,83.188,4,0.220838,16
crossing_90_f_1,83.688,4.25,0.197625,17
crossing_90_f_1,84.188,4.5,0.18792,18
crossing_90_f_1,84.688,3.5,0.171131,14
crossing_90_f_1,85.188,3,0.212478,12
crossing_90_f_1,85.688,3.25,0.200425,13
crossing_90_f_1,86.188,3.75,0.195331,15
crossing_90_f_1,86.688,3.75,0.194228,15
crossing_90_f_1,87.188,3.5,0.199127,14
crossing_90_f_1,87.688,3,0.239196,12
crossing_90_f_1,88.188,3,0.262662,12
crossing_90_f_1,88.688,3.25,0.221645,13
crossing_90_f_1,89.188,3.75,0.231115,15
crossing_90_f_1,89.688,3.5,0.222587,14
crossing_90_f_1,90.188,4,0.218024,16
crossing_90_f_1,90.688,4.25,0.217317,17
crossing_90_f_1,91.188,4,0.185385,16
crossing_90_f_1,91.688,3.25,0.166022,13
crossing_90_f_1,92.188,3.75,0.147997,15
crossing_90_f_1,92.688,5,0.154953,20
crossing_90_f_1,93.188,4.25,0.146909,17
crossing_90_f_1,93.688,4.25,0.161952,17
crossing_90_f_1,94.188,4.25,0.163196,17
crossing_90_f_1,94.688,4,0.161187,16
crossing_90_f_1,95.188,4,0.168885,16
crossing_90_f_1,95.688,4.5,0.179019,18
crossing_90_f_1,96.188,4,0.172583,16
crossing_90_f_1,96.688,4.25,0.152563,17
crossing_90_f_1,97.188,3.5,0.156854,14
crossing_90_f_1,97.688,3.25,0.183666,13
crossing_90_f_1,98.188,3.5,0.200859,14
crossing_90_f_1,98.688,3.25,0.202011,13
crossing_90_f_1,99.188,3.5,0.175529,14
crossing_90_f_1,99.688,3.75,0.167144,15
crossing_90_f_1,100.188,3,0.181781,12
crossing_90_f_1,100.688,3,0.178841,12
crossing_90_f_1,101.188,3,0.172046,12
crossing_90_f_1,101.688,2.5,0.170669,10
crossing_90_f_1,102.188,2,0.161667,8
crossing_90_f_1,102.688,2.25,0.171983,9
crossing_90_f_1,103.188,2.25,0.205693,9
crossing_90_f_1,103.688,1.75,0.254595,7
crossing_90_f_1,104.188,1.5,0.217426,6
crossing_90_f_1,104.688,2.25,0.230193,9
crossing_90_f_1,105.188,2,0.237908,8
crossing_90_f_1,105.688,1.5,0.233275,6
crossing_90_f_1,106.188,1.5,0.258741,6
crossing_90_f_1,106.688,2.75,0.301211,11
crossing_90_f_1,107.188,2.25,0.280243,9
crossing_90_f_1,107.688,2.25,0.279624,9
crossing_90_f_1,108.188,1.75,0.213975,7
crossing_90_f_1,108.688,2,0.275494,8
crossing_90_f_1,109.188,2,0.362876,8
crossing_90_f_1,109.688,2.5,0.260472,10
crossing_90_f_1,110.188,2,0.236044,8
crossing_90_f_1,110.688,2.5,0.261568,10
crossing_90_f_1,111.188,2.5,0.296513,10
crossing_90_f_1,111.688,1.75,0.25866,7
crossing_90_f_1,112.188,2.5,0.272113,10
crossing_90_f_1,112.688,2.5,0.261766,10
crossing_90_f_1,113.188,3,0.273313,12
crossing_90_f_1,113.688,2,0.272358,8
crossing_90_f_1,114.188,2,0.27144,8
crossing_90_f_1,114.688,1.5,0.317572,6
crossing_90_f_1,115.188,1.5,0.29453,6
crossing_90_f_1,115.688,1.5,0.321726,6
crossing_90_f_1,116.188,1.25,0.269991,5
crossing_90_f_1,116.688,2,0.262777,8
crossing_90_f_1,117.188,2,0.299989,8
crossing_90_f_1,117.688,1.75,0.282455,7
crossing_90_f_1,118.188,1.75,0.298603,7
crossing_90_f_1,118.688,2,0.296905,8
crossing_90_f_1,119.188,2.5,0.319269,10
crossing_90_f_1,119.688,2,0.29943,8
crossing_90_f_1,120.188,1.75,0.299194,7
crossing_90_f_1,120.688,2.5,0.365999,10
crossing_90_f_1,121.188,2.25,0.339521,9
crossing_90_f_1,121.688,2.25,0.315218,9
crossing_90_f_1,122.188,1.75,0.324994,7
crossing_90_f_1,122.688,2.5,0.287818,10
crossing_90_f_1,123.188,2.5,0.323597,10
crossing_90_f_1,123.688,1.75,0.283698,7
crossing_90_f_1,124.188,2.25,0.309581,9
crossing_90_f_1,124.688,2,0.330505,8
crossing_90_f_1,125.188,2,0.258718,8
crossing_90_f_1,125.688,2,0.275916,8
crossing_90_f_1,126.188,1.75,0.247172,7
crossing_90_f_1,126.688,2,0.290285,8
crossing_90_f_1,127.188,2.75,0.293784,11
crossing_90_f_1,127.688,2.5,0.275287,10
crossing_90_f_1,128.188,2.75,0.235575,11
crossing_90_f_1,128.688,3,0.273077,12
crossing_90_f_1,129.188,2.5,0.281723,10
crossing_90_f_1,129.688,2.5,0.276594,10
crossing_90_f_1,130.188,3,0.268313,12
crossing_90_f_1,130.688,3.5,0.274002,14
crossing_90_f_1,131.188,3.25,0.297678,13
crossing_90_f_1,131.688,3,0.256906,12
crossing_90_f_1,132.188,2.75,0.281001,11
crossing_90_f_1,132.688,2.75,0.269154,11
crossing_90_f_1,133.188,2.25,0.219224,9
crossing_90_f_1,133.688,2.25,0.193876,9
crossing_90_f_1,134.188,2,0.236383,8
crossing_90_f_1,134.688,2,0.239031,8
crossing_90_f_1,135.188,1.75,0.209267,7
crossing_90_f_1,135.688,1.5,0.237921,6
crossing_90_f_1,136.188,1.75,0.293579,7
crossing_90_f_1,136.688,1.25,0.252751,5
crossing_90_f_1,137.188,1.75,0.324967,7
crossing_90_f_1,137.688,1.75,0.323291,7
crossing_90_f_1,138.188,1.75,0.347988,7
crossing_90_f_1,138.688,1.75,0.332629,7
crossing_90_f_1,139.188,2,0.313311,8
crossing_90_f_1,139.688,2,0.261136,8
crossing_90_f_1,140.188,2.5,0.310477,10
crossing_90_f_1,140.688,1.75,0.257248,7
crossing_90_f_1,141.188,2,0.242594,8
crossing_90_f_1,141.688,2,0.21552,8
crossing_90_f_1,142.188,2,0.247735,8
crossing_90_f_1,142.688,1.5,0.278183,6
crossing_90_f_1,143.188,1.75,0.298779,7
crossing_90_f_1,143.688,2,0.30546,8
crossing_90_f_1,144.188,1.75,0.333365,7
crossing_90_f_1,144.688,2,0.326803,8
crossing_90_f_1,145.188,2,0.300983,8
crossing_90_f_1,145.688,1.75,0.28611,7
crossing_90_f_1,146.188,1.75,0.365969,7
crossing_90_f_1,146.688,1.5,0.381612,6
crossing_90_f_1,147.188,2,0.440301,8
crossing_90_f_1,147.688,2.25,0.457754,9
crossing_90_f_1,148.188,1.5,0.396561,6
crossing_90_f_1,148.688,1.5,0.369042,6
crossing_90_f_1,149.188,1.75,0.353916,7
crossing_90_f_1,149.688,1.5,0.340442,6
crossing_90_f_1,150.188,1.25,0.328044,5
crossing_90_f_1,150.688,1.5,0.371747,6
crossing_90_f_1,151.188,1.5,0.28063,6
crossing_90_f_1,151.688,1.75,0.244147,7
crossing_90_f_1,152.188,1.5,0.263716,6
crossing_90_f_1,152.688,1.5,0.273939,6
crossing_90_f_1,153.188,1.5,0.2958,6
crossing_90_f_1,153.688,2,0.364812,8
crossing_90_f_1,154.188,1.5,0.445398,6
crossing_90_f_1,154.688,1.5,0.345311,6
crossing_90_f_1,155.188,1.75,0.300918,7
crossing_90_f_1,155.688,1.5,0.22945,6
crossing_90_f_1,156.188,2,0.269649,8
crossing_90_f_1,156.688,2,0.232158,8
crossing_90_f_1,157.188,2,0.285903,8
crossing_90_f_1,157.688,2.75,0.380671,11
crossing_90_f_1,158.188,2.25,0.32999,9
crossing_90_f_1,158.688,2.5,0.273573,10
crossing_90_f_1,159.188,2.75,0.348029,11
crossing_90_f_1,159.688,1.5,0.192661,6
crossing_90_f_1,160.188,2.25,0.257194,9
crossing_90_f_1,160.688,2.5,0.316864,10
crossing_90_f_1,161.188,2,0.31186,8
crossing_90_f_1,161.688,2.5,0.301228,10
crossing_90_f_1,162.188,2.25,0.312336,9
crossing_90_f_1,162.688,2.25,0.302905,9
crossing_90_f_1,163.188,2.5,0.397535,10
crossing_90_f_1,163.688,2.5,0.406934,10
crossing_90_f_1,164.188,2,0.502453,8
crossing_90_f_1,164.688,1.75,0.512994,7
crossing_90_f_1,165.188,1.75,0.588692,7
crossing_90_f_1,165.688,1.75,0.582003,7
crossing_90_f_1,166.188,1,0.551115,4
crossing_90_f_1,166.688,1,0.637336,4
crossing_90_f_1,167.188,0.5,0.612242,2
crossing_90_f_1,167.688,0.5,0.689213,2
crossing_90_f_1,168.188,0.75,0.654219,3
crossing_90_f_1,168.688,0.5,0.706163,2
crossing_90_f_1,169.188,0.25,0.802008,1
crossing_90_f_1,169.688,0.25,1.04412,1
crossing_90_f_1,170.188,0.25,1.19644,1
crossing_90_f_1,170.688,0.25,1.27692,1
crossing_90_f_1,171.688,0.5,0.97206,2
crossing_90_f_1,172.188,0.25,1.11137,1
crossing_90_f_1,172.688,0.5,0.996062,2
crossing_90_f_1,173.188,0.25,1.09041,1
crossing_90_f_1,173.688,0.5,1.04501,2
crossing_90_f_1,174.188,0.25,1.01643,1
crossing_90_f_1,174.688,0.5,1.04568,2
crossing_90_f_1,175.188,0.25,1.06829,1
crossing_90_f_1,175.688,0.25,1.12165,1
crossing_90_f_1,176.188,0.25,1.12848,1
crossing_90_f_2,5.75,0.25,2.23315,1
crossing_90_f_2,6.25,0.5,2.23189,2
crossing_90_f_2,6.75,0.25,1.93004,1
crossing_90_f_2,7.25,0.5,1.86482,2
crossing_90_f_2,7.75,0.5,1.51925,2
crossing_90_f_2,8.25,0.75,1.37945,3
crossing_90_f_2,8.75,1,1.30873,4
crossing_90_f_2,9.25,1,1.26831,4
crossing_90_f_2,9.75,1,0.971538,4
crossing_90_f_2,10.25,1,0.768532,4
crossing_90_f_2,10.75,1.75,0.896848,7
crossing_90_f_2,11.25,1.75,0.951847,7
crossing_90_f_2,11.75,1.5,0.972373,6
crossing_90_f_2,12.25,1.5,0.79229,6
crossing_90_f_2,12.75,2,0.851565,8
crossing_90_f_2,13.25,1,0.926367,4
crossing_90_f_2,13.75,1.25,0.612592,5
crossing_90_f_2,14.25,2,0.598195,8
crossing_90_f_2,14.75,1.5,0.629401,6
crossing_90_f_2,15.25,1.25,0.618819,5
crossing_90_f_2,15.75,1.25,0.554703,5
crossing_90_f_2,16.25,2,0.608001,8
crossing_90_f_2,16.75,1.75,0.663316,7
crossing_90_f_2,17.25,2,0.639445,8
crossing_90_f_2,17.75,2.75,0.586273,11
crossing_90_f_2,18.25,2.5,0.52771,10
crossing_90_f_2,18.75,2,0.493969,8
crossing_90_f_2,19.25,2,0.556087,8
crossing_90_f_2,19.75,2,0.585061,8
crossing_90_f_2,20.25,1.75,0.57862,7
crossing_90_f_2,20.75,2,0.611346,8
crossing_90_f_2,21.25,1.5,0.640167,6
crossing_90_f_2,21.75,1.5,0.690986,6
crossing_90_f_2,22.25,1.5,0.693696,6
crossing_90_f_2,22.75,1.25,0.720298,5
crossing_90_f_2,23.25,1.5,0.647355,6
crossing_90_f_2,23.75,1.5,0.504987,6
crossing_90_f_2,24.25,2,0.558298,8
crossing_90_f_2,24.75,1.25,0.540501,5
crossing_90_f_2,25.25,1.75,0.475479,7
crossing_90_f_2,25.75,1,0.452344,4
crossing_90_f_2,26.25,1.75,0.537812,7
crossing_90_f_2,26.75,1.5,0.514983,6
crossing_90_f_2,27.25,1.5,0.577206,6
crossing_90_f_2,27.75,1,0.593968,4
crossing_90_f_2,28.25,1.5,0.512428,6
crossing_90_f_2,28.75,1.75,0.482305,7
crossing_90_f_2,29.25,2,0.410989,8
crossing_90_f_2,29.75,2,0.434938,8
crossing_90_f_2,30.25,2.25,0.430498,9
crossing_90_f_2,30.75,2.5,0.363594,10
crossing_90_f_2,31.25,2.5,0.327167,10
crossing_90_f_2,31.75,2.5,0.287993,10
crossing_90_f_2,32.25,2.5,0.275439,10
crossing_90_f_2,32.75,3,0.3119,12
crossing_90_f_2,33.25,2.75,0.29008,11
crossing_90_f_2,33.75,3,0.268541,12
crossing_90_f_2,34.25,2.25,0.237027,9
crossing_90_f_2,34.75,2.5,0.259226,10
crossing_90_f_2,35.25,3,0.270562,12
crossing_90_f_2,35.75,2.5,0.255661,10
crossing_90_f_2,36.25,2,0.2533,8
crossing_90_f_2,36.75,2.25,0.258283,9
crossing_90_f_2,37.25,2.25,0.234794,9
crossing_90_f_2,37.75,2,0.195951,8
crossing_90_f_2,38.25,2.25,0.206092,9
crossing_90_f_2,38.75,3.25,0.225723,13
crossing_90_f_2,39.25,3,0.26059,12
crossing_90_f_2,39.75,3,0.215171,12
crossing_90_f_2,40.25,3.5,0.20584,14
crossing_90_f_2,40.75,3.75,0.204704,15
crossing_90_f_2,41.25,3.25,0.238603,13
crossing_90_f_2,41.75,3.5,0.277308,14
crossing_90_f_2,42.25,3.5,0.275106,14
crossing_90_f_2,42.75,3,0.253656,12
crossing_90_f_2,43.25,3.25,0.247604,13
crossing_90_f_2,43.75,3.5,0.222636,14
crossing_90_f_2,44.25,3,0.235426,12
crossing_90_f_2,44.75,2.75,0.21117,11
crossing_90_f_2,45.25,3,0.237902,12
crossing_90_f_2,45.75,3,0.227589,12
crossing_90_f_2,46.25,2.75,0.245783,11
crossing_90_f_2,46.75,2.5,0.249258,10
crossing_90_f_2,47.25,2,0.268535,8
crossing_90_f_2,47.75,2.25,0.328349,9
crossing_90_f_2,48.25,2.25,0.257858,9
crossing_90_f_2,48.75,2.25,0.305683,9
crossing_90_f_2,49.25,1.75,0.324587,7
crossing_90_f_2,49.75,2.5,0.338042,10
crossing_90_f_2,50.25,3,0.30142,12
crossing_90_f_2,50.75,3.25,0.262414,13
crossing_90_f_2,51.25,3.25,0.258663,13
crossing_90_f_2,51.75,2.75,0.245206,11
crossing_90_f_2,52.25,2.75,0.23341,11
crossing_90_f_2,52.75,2.75,0.19751,11
crossing_90_f_2,53.25,3,0.228221,12
crossing_90_f_2,53.75,3.25,0.213825,13
crossing_90_f_2,54.25,3.25,0.214025,13
crossing_90_f_2,54.75,2.75,0.224776,11
crossing_90_f_2,55.25,3,0.205873,12
crossing_90_f_2,55.75,3.25,0.212751,13
crossing_90_f_2,56.25,3.25,0.195501,13
crossing_90_f_2,56.75,3.25,0.186047,13
crossing_90_f_2,57.25,3.25,0.14875,13
crossing_90_f_2,57.75,3.5,0.179956,14
crossing_90_f_2,58.25,3.25,0.161613,13
crossing_90_f_2,58.75,3,0.163845,12
crossing_90_f_2,59.25,3,0.144417,12
crossing_90_f_2,59.75,2.75,0.160971,11
crossing_90_f_2,60.25,2.25,0.169986,9
crossing_90_f_2,60.75,2.25,0.19233,9
crossing_90_f_2,61.25,2.25,0.176523,9
crossing_90_f_2,61.75,2.5,0.1843,10
crossing_90_f_2,62.25,3,0.229843,12
crossing_90_f_2,62.75,2.25,0.236803,9
crossing_90_f_2,63.25,2.75,0.219751,11
crossing_90_f_2,63.75,3,0.251435,12
crossing_90_f_2,64.25,3,0.233875,12
crossing_90_f_2,64.75,2.75,0.200791,11
crossing_90_f_2,65.25,3,0.231645,12
crossing_90_f_2,65.75,2.75,0.214132,11
crossing_90_f_2,66.25,3.75,0.210304,15
crossing_90_f_2,66.75,3.75,0.191698,15
crossing_90_f_2,67.25,3.75,0.180264,15
crossing_90_f_2,67.75,4,0.219236,16
crossing_90_f_2,68.25,3.5,0.195867,14
crossing_90_f_2,68.75,4.25,0.197138,17
crossing_90_f_2,69.25,3.75,0.200141,15
crossing_90_f_2,69.75,3.25,0.167935,13
crossing_90_f_2,70.25,3.75,0.204026,15
crossing_90_f_2,70.75,3.5,0.171173,14
crossing_90_f_2,71.25,3.75,0.173572,15
crossing_90_f_2,71.75,3.75,0.167717,15
crossing_90_f_2,72.25,3.75,0.170711,15
crossing_90_f_2,72.75,3.75,0.199445,15
crossing_90_f_2,73.25,4,0.170759,16
crossing_90_f_2,73.75,4,0.153626,16
crossing_90_f_2,74.25,3.75,0.190821,15
crossing_90_f_2,74.75,3.5,0.168424,14
crossing_90_f_2,75.25,3.5,0.210926,14
crossing_90_f_2,75.75,3.75,0.209854,15
crossing_90_f_2,76.25,3.25,0.222096,13
crossing_90_f_2,76.75,3.25,0.242402,13
crossing_90_f_2,77.25,3.75,0.226077,15
crossing_90_f_2,77.75,3.5,0.216222,14
crossing_90_f_2,78.25,3.25,0.193453,13
crossing_90_f_2,78.75,3.75,0.186575,15
crossing_90_f_2,79.25,4.5,0.160017,18
crossing_90_f_2,79.75,3.75,0.162906,15
crossing_90_f_2,80.25,3.75,0.169918,15
crossing_90_f_2,80.75,4,0.184996,16
crossing_90_f_2,81.25,3.75,0.201049,15
crossing_90_f_2,81.75,3.25,0.181534,13
crossing_90_f_2,82.25,3.5,0.173374,14
crossing_90_f_2,82.75,3,0.188542,12
crossing_90_f_2,83.25,2.75,0.216677,11
crossing_90_f_2,83.75,3,0.229125,12
crossing_90_f_2,84.25,2.5,0.25955,10
crossing_90_f_2,84.75,3,0.227308,12
crossing_90_f_2,85.25,2.25,0.208745,9
crossing_90_f_2,85.75,2.25,0.223235,9
crossing_90_f_2,86.25,2.5,0.225179,10
crossing_90_f_2,86.75,2.75,0.272201,11
crossing_90_f_2,87.25,3,0.279078,12
crossing_90_f_2,87.75,2.75,0.286239,11
crossing_90_f_2,88.25,2.25,0.309853,9
crossing_90_f_2,88.75,2.5,0.282596,10
crossing_90_f_2,89.25,2.5,0.308301,10
crossing_90_f_2,89.75,2.25,0.324548,9
crossing_90_f_2,90.25,2.25,0.307427,9
crossing_90_f_2,90.75,1.75,0.346989,7
crossing_90_f_2,91.25,2,0.341951,8
crossing_90_f_2,91.75,2.5,0.287961,10
crossing_90_f_2,92.25,3.5,0.301307,14
crossing_90_f_2,92.75,3.25,0.318343,13
crossing_90_f_2,93.25,3.25,0.264517,13
crossing_90_f_2,93.75,3,0.304041,12
crossing_90_f_2,94.25,2.75,0.306673,11
crossing_90_f_2,94.75,2.5,0.296045,10
crossing_90_f_2,95.25,3,0.342752,12
crossing_90_f_2,95.75,2.5,0.331274,10
crossing_90_f_2,96.25,2.75,0.378126,11
crossing_90_f_2,96.75,2.25,0.370787,9
crossing_90_f_2,97.25,2.5,0.33577,10
crossing_90_f_2,97.75,2.25,0.32808,9
crossing_90_f_2,98.25,1.75,0.286037,7
crossing_90_f_2,98.75,2.25,0.293051,9
crossing_90_f_2,99.25,2.25,0.302418,9
crossing_90_f_2,99.75,2,0.293843,8
crossing_90_f_2,100.25,1.75,0.278607,7
crossing_90_f_2,100.75,2,0.263181,8
crossing_90_f_2,101.25,2.25,0.33071,9
crossing_90_f_2,101.75,2,0.341663,8
crossing_90_f_2,102.25,2.25,0.374748,9
crossing_90_f_2,102.75,2,0.351493,8
crossing_90_f_2,103.25,2.25,0.308691,9
crossing_90_f_2,103.75,2.25,0.304402,9
crossing_90_f_2,104.25,2.75,0.276832,11
crossing_90_f_2,104.75,2.75,0.275239,11
crossing_90_f_2,105.25,2.75,0.301662,11
crossing_90_f_2,105.75,3,0.288488,12
crossing_90_f_2,106.25,3.75,0.291193,15
crossing_90_f_2,106.75,3,0.267193,12
crossing_90_f_2,107.25,3.25,0.261937,13
crossing_90_f_2,107.75,3.25,0.259215,13
crossing_90_f_2,108.25,3.75,0.215955,15
crossing_90_f_2,108.75,4,0.209802,16
crossing_90_f_2,109.25,3.25,0.229521,13
crossing_90_f_2,109.75,3.5,0.19651,14
crossing_90_f_2,110.25,3.5,0.167888,14
crossing_90_f_2,110.75,2.75,0.163076,11
crossing_90_f_2,111.25,3.25,0.166375,13
crossing_90_f_2,111.75,3.5,0.157038,14
crossing_90_f_2,112.25,3.25,0.157905,13
crossing_90_f_2,112.75,2.75,0.160582,11
crossing_90_f_2,113.25,3,0.226261,12
crossing_90_f_2,113.75,3.5,0.222821,14
crossing_90_f_2,114.25,3,0.226522,12
crossing_90_f_2,114.75,3,0.257371,12
crossing_90_f_2,115.25,2.75,0.215395,11
crossing_90_f_2,115.75,3.25,0.235534,13
crossing_90_f_2,116.25,2.75,0.223521,11
crossing_90_f_2,116.75,3,0.208194,12
crossing_90_f_2,117.25,2.75,0.255542,11
crossing_90_f_2,117.75,2.75,0.258528,11
crossing_90_f_2,118.25,2.75,0.279183,11
crossing_90_f_2,118.75,2.25,0.342597,9
crossing_90_f_2,119.25,2.25,0.323851,9
crossing_90_f_2,119.75,2.25,0.276529,9
crossing_90_f_2,120.25,2.75,0.252411,11
crossing_90_f_2,120.75,2.5,0.210285,10
crossing_90_f_2,121.25,2.25,0.179794,9
crossing_90_f_2,121.75,2.75,0.24204,11
crossing_90_f_2,122.25,2.75,0.230034,11
crossing_90_f_2,122.75,2.5,0.212377,10
crossing_90_f_2,123.25,3,0.204561,12
crossing_90_f_2,123.75,3.25,0.225857,13
crossing_90_f_2,124.25,3.75,0.22788,15
crossing_90_f_2,124.75,3.25,0.1786,13
crossing_90_f_2,125.25,4,0.167952,16
crossing_90_f_2,125.75,3.75,0.147462,15
crossing_90_f_2,126.25,4.25,0.163856,17
crossing_90_f_2,126.75,4.25,0.155584,17
crossing_90_f_2,127.25,3.5,0.125975,14
crossing_90_f_2,127.75,3.5,0.14174,14
crossing_90_f_2,128.25,3.75,0.192319,15
crossing_90_f_2,128.75,4.25,0.206987,17
crossing_90_f_2,129.25,3.5,0.191024,14
crossing_90_f_2,129.75,3.25,0.174308,13
crossing_90_f_2,130.25,3.5,0.178235,14
crossing_90_f_2,130.75,3,0.218982,12
crossing_90_f_2,131.25,3.25,0.224158,13
crossing_90_f_2,131.75,3,0.209203,12
crossing_90_f_2,132.25,3.25,0.215484,13
crossing_90_f_2,132.75,3.25,0.20386,13
crossing_90_f_2,133.25,3.25,0.231376,13
crossing_90_f_2,133.75,3.25,0.220528,13
crossing_90_f_2,134.25,2.75,0.219978,11
crossing_90_f_2,134.75,2.5,0.165066,10
crossing_90_f_2,135.25,3.25,0.246364,13
crossing_90_f_2,135.75,3.25,0.205086,13
crossing_90_f_2,136.25,3.25,0.252285,13
crossing_90_f_2,136.75,2.75,0.259945,11
crossing_90_f_2,137.25,2.75,0.257656,11
crossing_90_f_2,137.75,3,0.189132,12
crossing_90_f_2,138.25,2.25,0.236505,9
crossing_90_f_2,138.75,2.5,0.221441,10
crossing_90_f_2,139.25,2.25,0.223073,9
crossing_90_f_2,139.75,2.5,0.207294,10
crossing_90_f_2,140.25,2.5,0.242646,10
crossing_90_f_2,140.75,2.75,0.246178,11
crossing_90_f_2,141.25,2,0.260975,8
crossing_90_f_2,141.75,2,0.339654,8
crossing_90_f_2,142.25,1.5,0.252826,6
crossing_90_f_2,142.75,1.5,0.34294,6
crossing_90_f_2,143.25,2,0.43664,8
crossing_90_f_2,143.75,2,0.484188,8
crossing_90_f_2,144.25,1.5,0.443587,6
crossing_90_f_2,144.75,1.25,0.419313,5
crossing_90_f_2,145.25,1.75,0.416074,7
crossing_90_f_2,145.75,1.25,0.526144,5
crossing_90_f_2,146.25,1.25,0.536949,5
crossing_90_f_2,146.75,1.25,0.58867,5
crossing_90_f_2,147.25,1,0.473545,4
crossing_90_f_2,147.75,1.5,0.438494,6
crossing_90_f_2,148.25,1.75,0.471112,7
crossing_90_f_2,148.75,2,0.471406,8
crossing_90_f_2,149.25,2,0.504351,8
crossing_90_f_2,149.75,1.75,0.477059,7
crossing_90_f_2,150.25,2,0.483033,8
crossing_90_f_2,150.75,1.5,0.504664,6
crossing_90_f_2,151.25,1,0.512973,4
crossing_90_f_2,151.75,0.5,0.440528,2
crossing_90_f_2,152.25,1.25,0.558694,5
crossing_90_f_2,152.75,0.75,0.647687,3
crossing_90_f_2,153.25,0.75,0.554047,3
crossing_90_f_2,153.75,0.75,0.641417,3
crossing_90_f_2,154.25,1,0.727448,4
crossing_90_f_2,154.75,1,0.709288,4
crossing_90_f_2,155.25,1,0.681003,4
crossing_90_f_2,155.75,1,0.706881,4
crossing_90_f_2,156.25,1,0.730622,4
crossing_90_f_2,156.75,1.25,0.755748,5
crossing_90_f_2,157.25,1.25,0.731477,5
crossing_90_f_2,157.75,1,0.735769,4
crossing_90_f_2,158.25,1,0.746361,4
crossing_90_f_2,158.75,1,0.711047,4
crossing_90_f_2,159.25,1.5,0.722664,6
crossing_90_f_2,159.75,0.75,0.757274,3
crossing_90_f_2,160.25,1,0.742065,4
crossing_90_f_2,160.75,1,0.752392,4
crossing_90_f_2,161.25,1,0.751632,4
crossing_90_f_2,161.75,0.75,0.734711,3
crossing_90_f_2,162.25,0.75,0.763419,3
crossing_90_f_2,162.75,0.75,0.743055,3
crossing_90_f_2,163.25,0.75,0.744043,3
crossing_90_f_2,163.75,0.5,0.734471,2
crossing_90_f_2,164.25,0.5,0.715526,2
crossing_90_f_2,164.75,0.5,0.674454,2
crossing_90_f_2,165.25,1,0.693264,4
crossing_90_f_2,165.75,0.75,0.64728,3
crossing_90_f_2,166.25,0.5,0.719982,2
crossing_90_f_2,166.75,0.5,0.736352,2
crossing_90_f_2,167.25,0.5,0.733627,2
crossing_90_f_2,167.75,0.25,0.745847,1
crossing_90_f_3,5.125,0.25,2.2376,1
crossing_90_f_3,5.625,0.25,2.24683,1
crossing_90_f_3,6.125,0.5,2.25705,2
crossing_90_f_3,6.625,1,1.99966,4
crossing_90_f_3,7.125,1,1.56096,4
crossing_90_f_3,7.625,1.75,1.13903,7
crossing_90_f_3,8.125,1.75,0.991405,7
crossing_90_f_3,8.625,1.75,0.939914,7
crossing_90_f_3,9.125,1,0.833704,4
crossing_90_f_3,9.625,1,0.784437,4
crossing_90_f_3,10.125,1.25,0.781106,5
crossing_90_f_3,10.625,0.75,0.876752,3
crossing_90_f_3,11.125,1.5,0.792227,6
crossing_90_f_3,11.625,1.75,0.86107,7
crossing_90_f_3,12.125,2.25,0.670205,9
crossing_90_f_3,12.625,2.5,0.628745,10
crossing_90_f_3,13.125,2.5,0.544995,10
crossing_90_f_3,13.625,2.75,0.489381,11
crossing_90_f_3,14.125,2.5,0.382092,10
crossing_90_f_3,14.625,2.75,0.368287,11
crossing_90_f_3,15.125,3.75,0.36051,15
crossing_90_f_3,15.625,4.25,0.320109,17
crossing_90_f_3,16.125,3.5,0.294462,14
crossing_90_f_3,16.625,3.75,0.281015,15
crossing_90_f_3,17.125,4,0.235691,16
crossing_90_f_3,17.625,4.5,0.192967,18
crossing_90_f_3,18.125,4.25,0.185281,17
crossing_90_f_3,18.625,4.5,0.151719,18
crossing_90_f_3,19.125,4.25,0.166602,17
crossing_90_f_3,19.625,4.25,0.186225,17
crossing_90_f_3,20.125,4.25,0.220851,17
crossing_90_f_3,20.625,4.25,0.251309,17
crossing_90_f_3,21.125,5,0.248875,20
crossing_90_f_3,21.625,4.75,0.226437,19
crossing_90_f_3,22.125,5.25,0.221137,21
crossing_90_f_3,22.625,5.25,0.217253,21
crossing_90_f_3,23.125,5,0.1765,20
crossing_90_f_3,23.625,4.5,0.158896,18
crossing_90_f_3,24.125,4.5,0.190071,18
crossing_90_f_3,24.625,5.25,0.195006,21
crossing_90_f_3,25.125,5,0.208557,20
crossing_90_f_3,25.625,5.25,0.206336,21
crossing_90_f_3,26.125,5.75,0.195503,23
crossing_90_f_3,26.625,6,0.180446,24
crossing_90_f_3,27.125,5.5,0.141671,22
crossing_90_f_3,27.625,5.75,0.153944,23
crossing_90_f_3,28.125,5.5,0.150149,22
crossing_90_f_3,28.625,5.5,0.17261,22
crossing_90_f_3,29.125,4.75,0.183961,19
crossing_90_f_3,29.625,4.75,0.211463,19
crossing_90_f_3,30.125,5.25,0.184154,21
crossing_90_f_3,30.625,5,0.173436,20
crossing_90_f_3,31.125,5.5,0.146573,22
crossing_90_f_3,31.625,5.75,0.174583,23
crossing_90_f_3,32.125,5.75,0.185369,23
crossing_90_f_3,32.625,5.5,0.209529,22
crossing_90_f_3,33.125,5,0.207406,20
crossing_90_f_3,33.625,4.75,0.191078,19
crossing_90_f_3,34.125,5,0.209757,20
crossing_90_f_3,34.625,4.75,0.199634,19
crossing_90_f_3,35.125,4.75,0.195796,19
crossing_90_f_3,35.625,4.5,0.194312,18
crossing_90_f_3,36.125,4.5,0.166415,18
crossing_90_f_3,36.625,5,0.179349,20
crossing_90_f_3,37.125,4.5,0.184516,18
crossing_90_f_3,37.625,4,0.19947,16
crossing_90_f_3,38.125,4.5,0.166431,18
crossing_90_f_3,38.625,4.75,0.17187,19
crossing_90_f_3,39.125,5,0.167043,20
crossing_90_f_3,39.625,4.25,0.14604,17
crossing_90_f_3,40.125,4.75,0.142741,19
crossing_90_f_3,40.625,4.5,0.151644,18
crossing_90_f_3,41.125,3.75,0.178535,15
crossing_90_f_3,41.625,4.5,0.191516,18
crossing_90_f_3,42.125,4.5,0.185623,18
crossing_90_f_3,42.625,3.75,0.160176,15
crossing_90_f_3,43.125,4.25,0.163673,17
crossing_90_f_3,43.625,4.25,0.159711,17
crossing_90_f_3,44.125,4,0.171877,16
crossing_90_f_3,44.625,3.75,0.194565,15
crossing_90_f_3,45.125,3.75,0.229034,15
crossing_90_f_3,45.625,3.5,0.183003,14
crossing_90_f_3,46.125,3.75,0.217322,15
crossing_90_f_3,46.625,3.5,0.241646,14
crossing_90_f_3,47.125,3,0.300375,12
crossing_90_f_3,47.625,2.75,0.305324,11
crossing_90_f_3,48.125,3.25,0.273205,13
crossing_90_f_3,48.625,3,0.268704,12
crossing_90_f_3,49.125,3.5,0.23272,14
crossing_90_f_3,49.625,3.75,0.249986,15
crossing_90_f_3,50.125,3.25,0.235103,13
crossing_90_f_3,50.625,3.25,0.215237,13
crossing_90_f_3,51.125,3.5,0.232161,14
crossing_90_f_3,51.625,3.75,0.242471,15
crossing_90_f_3,52.125,3.5,0.316885,14
crossing_90_f_3,52.625,3.75,0.281453,15
crossing_90_f_3,53.125,4.25,0.216824,17
crossing_90_f_3,53.625,3.75,0.19802,15
crossing_90_f_3,54.125,4.5,0.170355,18
crossing_90_f_3,54.625,4,0.188497,16
crossing_90_f_3,55.125,4.25,0.231733,17
crossing_90_f_3,55.625,3,0.262276,12
crossing_90_f_3,56.125,3.25,0.251562,13
crossing_90_f_3,56.625,3.5,0.310489,14
crossing_90_f_3,57.125,3.5,0.294222,14
crossing_90_f_3,57.625,3.25,0.260195,13
crossing_90_f_3,58.125,3.75,0.23548,15
crossing_90_f_3,58.625,4.25,0.224431,17
crossing_90_f_3,59.125,4.5,0.188287,18
crossing_90_f_3,59.625,3.75,0.195823,15
crossing_90_f_3,60.125,4.25,0.189146,17
crossing_90_f_3,60.625,4.25,0.213924,17
crossing_90_f_3,61.125,4.5,0.23047,18
crossing_90_f_3,61.625,4.25,0.222407,17
crossing_90_f_3,62.125,4.25,0.228133,17
crossing_90_f_3,62.625,4.25,0.233501,17
crossing_90_f_3,63.125,4.5,0.251093,18
crossing_90_f_3,63.625,4,0.219486,16
crossing_90_f_3,64.125,3.75,0.228856,15
crossing_90_f_3,64.625,3.75,0.208078,15
crossing_90_f_3,65.125,4.25,0.219566,17
crossing_90_f_3,65.625,3.5,0.214215,14
crossing_90_f_3,66.125,3.5,0.240492,14
crossing_90_f_3,66.625,3.25,0.205778,13
crossing_90_f_3,67.125,3.75,0.187711,15
crossing_90_f_3,67.625,3.5,0.233135,14
crossing_90_f_3,68.125,3.25,0.208652,13
crossing_90_f_3,68.625,3,0.179237,12
crossing_90_f_3,69.125,3.5,0.176282,14
crossing_90_f_3,69.625,3.25,0.170399,13
crossing_90_f_3,70.125,3.5,0.174088,14
crossing_90_f_3,70.625,3.25,0.165353,13
crossing_90_f_3,71.125,3.5,0.17961,14
crossing_90_f_3,71.625,3.5,0.17097,14
crossing_90_f_3,72.125,3.75,0.216423,15
crossing_90_f_3,72.625,3.25,0.18748,13
crossing_90_f_3,73.125,3.25,0.186446,13
crossing_90_f_3,73.625,3.5,0.185839,14
crossing_90_f_3,74.125,3.75,0.203108,15
crossing_90_f_3,74.625,3,0.238034,12
crossing_90_f_3,75.125,3.5,0.212261,14
crossing_90_f_3,75.625,3.25,0.233229,13
crossing_90_f_3,76.125,3.5,0.204543,14
crossing_90_f_3,76.625,3.25,0.231879,13
crossing_90_f_3,77.125,3,0.229242,12
crossing_90_f_3,77.625,3.75,0.213164,15
crossing_90_f_3,78.125,3.25,0.189017,13
crossing_90_f_3,78.625,3.5,0.213422,14
crossing_90_f_3,79.125,3.25,0.167782,13
crossing_90_f_3,79.625,4,0.191846,16
crossing_90_f_3,80.125,4,0.225291,16
crossing_90_f_3,80.625,3.75,0.193368,15
crossing_90_f_3,81.125,3.75,0.186043,15
crossing_90_f_3,81.625,4,0.159798,16
crossing_90_f_3,82.125,3.5,0.156547,14
crossing_90_f_3,82.625,3.75,0.182373,15
crossing_90_f_3,83.125,3.75,0.166495,15
crossing_90_f_3,83.625,4,0.198568,16
crossing_90_f_3,84.125,3.25,0.19894,13
crossing_90_f_3,84.625,3,0.216741,12
crossing_90_f_3,85.125,2.75,0.226594,11
crossing_90_f_3,85.625,3.25,0.210555,13
crossing_90_f_3,86.125,2.25,0.197206,9
crossing_90_f_3,86.625,3,0.23293,12
crossing_90_f_3,87.125,2.75,0.209929,11
crossing_90_f_3,87.625,3,0.22584,12
crossing_90_f_3,88.125,3.25,0.227969,13
crossing_90_f_3,88.625,3,0.196951,12
crossing_90_f_3,89.125,2.75,0.238487,11
crossing_90_f_3,89.625,3.5,0.246461,14
crossing_90_f_3,90.125,3.5,0.23473,14
crossing_90_f_3,90.625,4,0.23818,16
crossing_90_f_3,91.125,3.25,0.24206,13
crossing_90_f_3,91.625,3.5,0.255931,14
crossing_90_f_3,92.125,3.25,0.188157,13
crossing_90_f_3,92.625,3.25,0.211242,13
crossing_90_f_3,93.125,3.5,0.219372,14
crossing_90_f_3,93.625,4,0.247879,16
crossing_90_f_3,94.125,4.25,0.218742,17
crossing_90_f_3,94.625,3.5,0.237186,14
crossing_90_f_3,95.125,4,0.213227,16
crossing_90_f_3,95.625,4.25,0.214848,17
crossing_90_f_3,96.125,4.5,0.219319,18
crossing_90_f_3,96.625,3.75,0.196047,15
crossing_90_f_3,97.125,3.75,0.200222,15
crossing_90_f_3,97.625,3.5,0.218412,14
crossing_90_f_3,98.125,3.75,0.186294,15
crossing_90_f_3,98.625,3,0.154871,12
crossing_90_f_3,99.125,2.75,0.18929,11
crossing_90_f_3,99.625,3,0.164911,12
crossing_90_f_3,100.125,3.25,0.176518,13
crossing_90_f_3,100.625,3.75,0.153141,15
crossing_90_f_3,101.125,3.25,0.166299,13
crossing_90_f_3,101.625,2.75,0.162914,11
crossing_90_f_3,102.125,3.25,0.122113,13
crossing_90_f_3,102.625,3,0.135594,12
crossing_90_f_3,103.125,4,0.147877,16
crossing_90_f_3,103.625,3.25,0.158469,13
crossing_90_f_3,104.125,3.75,0.169808,15
crossing_90_f_3,104.625,3.75,0.15463,15
crossing_90_f_3,105.125,3.5,0.142134,14
crossing_90_f_3,105.625,3.5,0.165641,14
crossing_90_f_3,106.125,3.75,0.167382,15
crossing_90_f_3,106.625,3.25,0.158387,13
crossing_90_f_3,107.125,3.5,0.215089,14
crossing_90_f_3,107.625,3.25,0.214356,13
crossing_90_f_3,108.125,3,0.239249,12
crossing_90_f_3,108.625,3.5,0.246528,14
crossing_90_f_3,109.125,3.75,0.23317,15
crossing_90_f_3,109.625,3.25,0.206589,13
crossing_90_f_3,110.125,3,0.180406,12
crossing_90_f_3,110.625,3,0.219716,12
crossing_90_f_3,111.125,3.5,0.21103,14
crossing_90_f_3,111.625,3,0.224741,12
crossing_90_f_3,112.125,3.25,0.243843,13
crossing_90_f_3,112.625,3.25,0.224105,13
crossing_90_f_3,113.125,3.25,0.177515,13
crossing_90_f_3,113.625,3.5,0.1846,14
crossing_90_f_3,114.125,2.75,0.138353,11
crossing_90_f_3,114.625,2.75,0.154567,11
crossing_90_f_3,115.125,2.75,0.166119,11
crossing_90_f_3,115.625,2.75,0.180898,11
crossing_90_f_3,116.125,2.5,0.205139,10
crossing_90_f_3,116.625,2.25,0.202819,9
crossing_90_f_3,117.125,2.25,0.253183,9
crossing_90_f_3,117.625,2.25,0.252051,9
crossing_90_f_3,118.125,2.5,0.283603,10
crossing_90_f_3,118.625,2,0.222985,8
crossing_90_f_3,119.125,2.75,0.268973,11
crossing_90_f_3,119.625,2.5,0.2837,10
crossing_90_f_3,120.125,3,0.324038,12
crossing_90_f_3,120.625,2.75,0.301259,11
crossing_90_f_3,121.125,2.75,0.279731,11
crossing_90_f_3,121.625,3.5,0.254961,14
crossing_90_f_3,122.125,3.25,0.189492,13
crossing_90_f_3,122.625,3.5,0.193537,14
crossing_90_f_3,123.125,4.25,0.165358,17
crossing_90_f_3,123.625,3.5,0.191776,14
crossing_90_f_3,124.125,3.75,0.183688,15
crossing_90_f_3,124.625,3.75,0.185758,15
crossing_90_f_3,125.125,3.25,0.212596,13
crossing_90_f_3,125.625,3,0.207399,12
crossing_90_f_3,126.125,3,0.222716,12
crossing_90_f_3,126.625,3.25,0.210667,13
crossing_90_f_3,127.125,3.5,0.22552,14
crossing_90_f_3,127.625,3,0.215369,12
crossing_90_f_3,128.125,3.5,0.222245,14
crossing_90_f_3,128.625,3.25,0.2338,13
crossing_90_f_3,129.125,3.25,0.217562,13
crossing_90_f_3,129.625,3,0.246434,12
crossing_90_f_3,130.125,2.75,0.212056,11
crossing_90_f_3,130.625,2.75,0.227606,11
crossing_90_f_3,131.125,2.5,0.249576,10
crossing_90_f_3,131.625,2.75,0.209796,11
crossing_90_f_3,132.125,2.5,0.207624,10
crossing_90_f_3,132.625,2.75,0.245585,11
crossing_90_f_3,133.125,3.5,0.210084,14
crossing_90_f_3,133.625,3.25,0.19678,13
crossing_90_f_3,134.125,2.5,0.235914,10
crossing_90_f_3,134.625,3,0.201821,12
crossing_90_f_3,135.125,3.25,0.199481,13
crossing_90_f_3,135.625,3.25,0.176556,13
crossing_90_f_3,136.125,3,0.205823,12
crossing_90_f_3,136.625,2.25,0.211785,9
crossing_90_f_3,137.125,3.25,0.176537,13
crossing_90_f_3,137.625,3,0.192071,12
crossing_90_f_3,138.125,3.5,0.222274,14
crossing_90_f_3,138.625,3.5,0.195751,14
crossing_90_f_3,139.125,3.5,0.209375,14
crossing_90_f_3,139.625,2.75,0.242973,11
crossing_90_f_3,140.125,2.75,0.213127,11
crossing_90_f_3,140.625,2.5,0.224495,10
crossing_90_f_3,141.125,2.25,0.229671,9
crossing_90_f_3,141.625,2.5,0.24348,10
crossing_90_f_3,142.125,2.75,0.269315,11
crossing_90_f_3,142.625,2.5,0.243772,10
crossing_90_f_3,143.125,2.25,0.268765,9
crossing_90_f_3,143.625,1.75,0.216459,7
crossing_90_f_3,144.125,2.5,0.300331,10
crossing_90_f_3,144.625,3,0.28742,12
crossing_90_f_3,145.125,2.25,0.300913,9
crossing_90_f_3,145.625,2.5,0.368299,10
crossing_90_f_3,146.125,2.25,0.319869,9
crossing_90_f_3,146.625,2.75,0.322532,11
crossing_90_f_3,147.125,2.75,0.331484,11
crossing_90_f_3,147.625,2.25,0.354953,9
crossing_90_f_3,148.125,2.5,0.2896,10
crossing_90_f_3,148.625,2.25,0.272285,9
crossing_90_f_3,149.125,2.5,0.290288,10
crossing_90_f_3,149.625,2.25,0.244585,9
crossing_90_f_3,150.125,3.5,0.314119,14
crossing_90_f_3,150.625,2.5,0.309486,10
crossing_90_f_3,151.125,2.25,0.307848,9
crossing_90_f_3,151.625,2,0.324931,8
crossing_90_f_3,152.125,2,0.413663,8
crossing_90_f_3,152.625,2.25,0.434071,9
crossing_90_f_3,153.125,2.25,0.42236,9
crossing_90_f_3,153.625,1.75,0.465721,7
crossing_90_f_3,154.125,1.5,0.439646,6
crossing_90_f_3,154.625,2,0.475626,8
crossing_90_f_3,155.125,2,0.466325,8
crossing_90_f_3,155.625,1.75,0.521593,7
crossing_90_f_3,156.125,1.75,0.571592,7
crossing_90_f_3,156.625,1.25,0.455174,5
crossing_90_f_3,157.125,1.25,0.440196,5
crossing_90_f_3,157.625,1,0.382719,4
crossing_90_f_3,158.125,1.75,0.429361,7
crossing_90_f_3,158.625,2,0.422795,8
crossing_90_f_3,159.125,1.5,0.429907,6
crossing_90_f_3,159.625,1.5,0.469301,6
crossing_90_f_3,160.125,1.5,0.454091,6
crossing_90_f_3,160.625,1,0.399684,4
crossing_90_f_3,161.125,1,0.464897,4
crossing_90_f_3,161.625,1,0.410353,4
crossing_90_f_3,162.125,1,0.444778,4
crossing_90_f_3,162.625,0.75,0.441845,3
crossing_90_f_3,163.125,1,0.522184,4
crossing_90_f_3,163.625,0.75,0.609676,3
crossing_90_f_3,164.125,0.75,0.671309,3
crossing_90_f_3,164.625,0.75,0.546167,3
crossing_90_f_3,165.125,0.75,0.632493,3
crossing_90_f_3,165.625,0.75,0.729343,3
crossing_90_f_3,166.125,0.75,0.790407,3
crossing_90_f_3,166.625,0.5,0.819686,2
crossing_90_f_3,167.125,0.5,0.901482,2
crossing_90_f_3,167.625,0.5,0.964958,2
crossing_90_g_1,6.438,0.25,1.99535,1
crossing_90_g_1,6.938,0.25,1.97684,1
crossing_90_g_1,7.438,1.25,1.81838,5
crossing_90_g_1,7.938,1.5,1.47774,6
crossing_90_g_1,8.438,2,1.02808,8
crossing_90_g_1,8.938,1.75,0.736048,7
crossing_90_g_1,9.438,2.75,0.665162,11
crossing_90_g_1,9.938,2.75,0.621134,11
crossing_90_g_1,10.438,2,0.601887,8
crossing_90_g_1,10.938,2,0.513186,8
crossing_90_g_1,11.438,2.5,0.48258,10
crossing_90_g_1,11.938,2,0.521351,8
crossing_90_g_1,12.438,2.5,0.536369,10
crossing_90_g_1,12.938,2.25,0.572671,9
crossing_90_g_1,13.438,1.75,0.561734,7
crossing_90_g_1,13.938,2.25,0.517236,9
crossing_90_g_1,14.438,2.5,0.446168,10
crossing_90_g_1,14.938,2.5,0.463582,10
crossing_90_g_1,15.438,2.75,0.432137,11
crossing_90_g_1,15.938,3.75,0.429591,15
crossing_90_g_1,16.438,4,0.377522,16
crossing_90_g_1,16.938,4.25,0.309929,17
crossing_90_g_1,17.438,4.5,0.257567,18
crossing_90_g_1,17.938,4.75,0.229869,19
crossing_90_g_1,18.438,5,0.218407,20
crossing_90_g_1,18.938,5,0.213546,20
crossing_90_g_1,19.438,4.75,0.234824,19
crossing_90_g_1,19.938,4.5,0.2473,18
crossing_90_g_1,20.438,4.5,0.236718,18
crossing_90_g_1,20.938,5,0.244463,20
crossing_90_g_1,21.438,5,0.213283,20
crossing_90_g_1,21.938,4.25,0.212678,17
crossing_90_g_1,22.438,4.25,0.219019,17
crossing_90_g_1,22.938,4.5,0.19457,18
crossing_90_g_1,23.438,4.5,0.202373,18
crossing_90_g_1,23.938,5.25,0.211522,21
crossing_90_g_1,24.438,4.75,0.216961,19
crossing_90_g_1,24.938,4.75,0.213702,19
crossing_90_g_1,25.438,5,0.195819,20
crossing_90_g_1,25.938,5,0.197505,20
crossing_90_g_1,26.438,5.25,0.15617,21
crossing_90_g_1,26.938,4.75,0.165903,19
crossing_90_g_1,27.438,5.25,0.157107,21
crossing_90_g_1,27.938,5,0.156342,20
crossing_90_g_1,28.438,5.25,0.15431,21
crossing_90_g_1,28.938,5,0.152036,20
crossing_90_g_1,29.438,4.75,0.179137,19
crossing_90_g_1,29.938,4.75,0.180586,19
crossing_90_g_1,30.438,4.5,0.195702,18
crossing_90_g_1,30.938,4.25,0.18826,17
crossing_90_g_1,31.438,4.75,0.198537,19
crossing_90_g_1,31.938,4.25,0.191898,17
crossing_90_g_1,32.438,4.25,0.193236,17
crossing_90_g_1,32.938,4.5,0.208758,18
crossing_90_g_1,33.438,4.75,0.197584,19
crossing_90_g_1,33.938,4.75,0.256022,19
crossing_90_g_1,34.438,4,0.267581,16
crossing_90_g_1,34.938,5,0.259428,20
crossing_90_g_1,35.438,5,0.198169,20
crossing_90_g_1,35.938,4.75,0.235793,19
crossing_90_g_1,36.438,4.75,0.202473,19
crossing_90_g_1,36.938,5.25,0.198301,21
crossing_90_g_1,37.438,5.25,0.185246,21
crossing_90_g_1,37.938,5,0.185065,20
crossing_90_g_1,38.438,4.75,0.1848,19
crossing_90_g_1,38.938,5,0.203954,20
crossing_90_g_1,39.438,5,0.208732,20
crossing_90_g_1,39.938,4.5,0.247601,18
crossing_90_g_1,40.438,4,0.256969,16
crossing_90_g_1,40.938,4.75,0.207306,19
crossing_90_g_1,41.438,4.25,0.208687,17
crossing_90_g_1,41.938,4.25,0.22756,17
crossing_90_g_1,42.438,3.25,0.187491,13
crossing_90_g_1,42.938,3.5,0.14595,14
crossing_90_g_1,43.438,3.75,0.178117,15
crossing_90_g_1,43.938,3.75,0.170703,15
crossing_90_g_1,44.438,3.75,0.151874,15
crossing_90_g_1,44.938,3.75,0.204037,15
crossing_90_g_1,45.438,4.25,0.221032,17
crossing_90_g_1,45.938,3.75,0.234971,15
crossing_90_g_1,46.438,4.75,0.258209,19
crossing_90_g_1,46.938,4,0.227617,16
crossing_90_g_1,47.438,4.25,0.235391,17
crossing_90_g_1,47.938,4.25,0.244366,17
crossing_90_g_1,48.438,4.25,0.218847,17
crossing_90_g_1,48.938,4.25,0.263327,17
crossing_90_g_1,49.438,3.25,0.245844,13
crossing_90_g_1,49.938,3.5,0.243227,14
crossing_90_g_1,50.438,4,0.2233,16
crossing_90_g_1,50.938,4.25,0.211726,17
crossing_90_g_1,51.438,4.25,0.231765,17
crossing_90_g_1,51.938,4.5,0.270286,18
crossing_90_g_1,52.438,4,0.287664,16
crossing_90_g_1,52.938,3.25,0.314876,13
crossing_90_g_1,53.438,3,0.261086,12
crossing_90_g_1,53.938,4,0.26952,16
crossing_90_g_1,54.438,4,0.319069,16
crossing_90_g_1,54.938,3.75,0.308475,15
crossing_90_g_1,55.438,3,0.295153,12
crossing_90_g_1,55.938,2.5,0.265492,10
crossing_90_g_1,56.438,3.25,0.326529,13
crossing_90_g_1,56.938,3.5,0.2927,14
crossing_90_g_1,57.438,3.75,0.286342,15
crossing_90_g_1,57.938,3.25,0.219962,13
crossing_90_g_1,58.438,3.5,0.27033,14
crossing_90_g_1,58.938,3.75,0.258462,15
crossing_90_g_1,59.438,4.5,0.233634,18
crossing_90_g_1,59.938,4.5,0.207466,18
crossing_90_g_1,60.438,4.5,0.210903,18
crossing_90_g_1,60.938,4,0.2055,16
crossing_90_g_1,61.438,5.25,0.21519,21
crossing_90_g_1,61.938,4.25,0.20264,17
crossing_90_g_1,62.438,4,0.190996,16
crossing_90_g_1,62.938,4,0.211251,16
crossing_90_g_1,63.438,4.25,0.198683,17
crossing_90_g_1,63.938,4,0.182998,16
crossing_90_g_1,64.438,4,0.215736,16
crossing_90_g_1,64.938,4.25,0.212666,17
crossing_90_g_1,65.438,4,0.170936,16
crossing_90_g_1,65.938,3.5,0.221807,14
crossing_90_g_1,66.438,3.25,0.20496,13
crossing_90_g_1,66.938,3.25,0.222429,13
crossing_90_g_1,67.438,3.75,0.206831,15
crossing_90_g_1,67.938,3.25,0.164411,13
crossing_90_g_1,68.438,3,0.153032,12
crossing_90_g_1,68.938,3.5,0.171153,14
crossing_90_g_1,69.438,3.25,0.204433,13
crossing_90_g_1,69.938,2.75,0.200602,11
crossing_90_g_1,70.438,3.5,0.226928,14
crossing_90_g_1,70.938,3.5,0.206983,14
crossing_90_g_1,71.438,3.5,0.219003,14
crossing_90_g_1,71.938,3,0.229363,12
crossing_90_g_1,72.438,3.5,0.251639,14
crossing_90_g_1,72.938,3.5,0.232791,14
crossing_90_g_1,73.438,3.5,0.196934,14
crossing_90_g_1,73.938,3,0.184652,12
crossing_90_g_1,74.438,3.25,0.188056,13
crossing_90_g_1,74.938,3.5,0.170351,14
crossing_90_g_1,75.438,3.25,0.193184,13
crossing_90_g_1,75.938,3.75,0.16937,15
crossing_90_g_1,76.438,3.5,0.161466,14
crossing_90_g_1,76.938,3.5,0.143267,14
crossing_90_g_1,77.438,3.25,0.158055,13
crossing_90_g_1,77.938,3,0.141105,12
crossing_90_g_1,78.438,3,0.123644,12
crossing_90_g_1,78.938,3,0.152321,12
crossing_90_g_1,79.438,3.25,0.169489,13
crossing_90_g_1,79.938,3,0.182777,12
crossing_90_g_1,80.438,2.5,0.215681,10
crossing_90_g_1,80.938,3,0.210756,12
crossing_90_g_1,81.438,3.75,0.228784,15
crossing_90_g_1,81.938,4,0.257851,16
crossing_90_g_1,82.438,3.25,0.210089,13
crossing_90_g_1,82.938,3.25,0.220065,13
crossing_90_g_1,83.438,3.25,0.241767,13
crossing_90_g_1,83.938,3.5,0.24888,14
crossing_90_g_1,84.438,3.75,0.181863,15
crossing_90_g_1,84.938,4,0.201728,16
crossing_90_g_1,85.438,3.75,0.166377,15
crossing_90_g_1,85.938,4,0.160032,16
crossing_90_g_1,86.438,4,0.159201,16
crossing_90_g_1,86.938,3.5,0.174098,14
crossing_90_g_1,87.438,4.25,0.19021,17
crossing_90_g_1,87.938,4.25,0.168267,17
crossing_90_g_1,88.438,4.25,0.202612,17
crossing_90_g_1,88.938,4.25,0.204824,17
crossing_90_g_1,89.438,4.75,0.208239,19
crossing_90_g_1,89.938,4.75,0.189425,19
crossing_90_g_1,90.438,4.75,0.171947,19
crossing_90_g_1,90.938,4.75,0.151669,19
crossing_90_g_1,91.438,4.5,0.154482,18
crossing_90_g_1,91.938,4.75,0.150485,19
crossing_90_g_1,92.438,4.75,0.139367,19
crossing_90_g_1,92.938,4.25,0.131067,17
crossing_90_g_1,93.438,4.25,0.142522,17
crossing_90_g_1,93.938,4.25,0.194413,17
crossing_90_g_1,94.438,4,0.199388,16
crossing_90_g_1,94.938,4,0.170602,16
crossing_90_g_1,95.438,4.5,0.137866,18
crossing_90_g_1,95.938,4.5,0.149221,18
crossing_90_g_1,96.438,4.5,0.151494,18
crossing_90_g_1,96.938,4.25,0.171572,17
crossing_90_g_1,97.438,4.5,0.180735,18
crossing_90_g_1,97.938,4.25,0.177779,17
crossing_90_g_1,98.438,4,0.162352,16
crossing_90_g_1,98.938,4.25,0.163415,17
crossing_90_g_1,99.438,4.25,0.136897,17
crossing_90_g_1,99.938,4,0.147517,16
crossing_90_g_1,100.438,4.25,0.153612,17
crossing_90_g_1,100.938,4.5,0.140426,18
crossing_90_g_1,101.438,4.5,0.19355,18
crossing_90_g_1,101.938,4,0.160035,16
crossing_90_g_1,102.438,4,0.182208,16
crossing_90_g_1,102.938,3.75,0.196587,15
crossing_90_g_1,103.438,4.25,0.18253,17
crossing_90_g_1,103.938,4,0.179938,16
crossing_90_g_1,104.438,4,0.176332,16
crossing_90_g_1,104.938,4,0.204187,16
crossing_90_g_1,105.438,3.5,0.186659,14
crossing_90_g_1,105.938,4.25,0.19426,17
crossing_90_g_1,106.438,4.5,0.230526,18
crossing_90_g_1,106.938,4.25,0.207175,17
crossing_90_g_1,107.438,4.5,0.168265,18
crossing_90_g_1,107.938,4,0.153619,16
crossing_90_g_1,108.438,4.5,0.196268,18
crossing_90_g_1,108.938,4.75,0.186056,19
crossing_90_g_1,109.438,4.75,0.193724,19
crossing_90_g_1,109.938,4.75,0.206858,19
crossing_90_g_1,110.438,4.75,0.209521,19
crossing_90_g_1,110.938,5.25,0.170711,21
crossing_90_g_1,111.438,5,0.189588,20
crossing_90_g_1,111.938,4.75,0.203668,19
crossing_90_g_1,112.438,5,0.163436,20
crossing_90_g_1,112.938,4.75,0.185426,19
crossing_90_g_1,113.438,4.5,0.153709,18
crossing_90_g_1,113.938,4.25,0.180501,17
crossing_90_g_1,114.438,4.5,0.1749,18
crossing_90_g_1,114.938,4,0.181443,16
crossing_90_g_1,115.438,4.25,0.197912,17
crossing_90_g_1,115.938,3.75,0.230962,15
crossing_90_g_1,116.438,3.5,0.211626,14
crossing_90_g_1,116.938,3,0.203303,12
crossing_90_g_1,117.438,3,0.220865,12
crossing_90_g_1,117.938,2.5,0.289146,10
crossing_90_g_1,118.438,2,0.269781,8
crossing_90_g_1,118.938,2.25,0.268287,9
crossing_90_g_1,119.438,2.5,0.324782,10
crossing_90_g_1,119.938,2.5,0.291535,10
crossing_90_g_1,120.438,2.75,0.306096,11
crossing_90_g_1,120.938,2.25,0.305382,9
crossing_90_g_1,121.438,2.25,0.33223,9
crossing_90_g_1,121.938,2.25,0.347508,9
crossing_90_g_1,122.438,1.5,0.42421,6
crossing_90_g_1,122.938,2,0.518881,8
crossing_90_g_1,123.438,1.5,0.511036,6
crossing_90_g_1,123.938,2,0.527169,8
crossing_90_g_1,124.438,2.25,0.44789,9
crossing_90_g_1,124.938,2.25,0.452644,9
crossing_90_g_1,125.438,1.75,0.517536,7
crossing_90_g_1,125.938,2.25,0.442708,9
crossing_90_g_1,126.438,2.25,0.384842,9
crossing_90_g_1,126.938,2.75,0.36451,11
crossing_90_g_1,127.438,2.75,0.311964,11
crossing_90_g_1,127.938,3,0.311183,12
crossing_90_g_1,128.438,3.5,0.302558,14
crossing_90_g_1,128.938,3.75,0.322467,15
crossing_90_g_1,129.438,3.5,0.282191,14
crossing_90_g_1,129.938,3.5,0.309501,14
crossing_90_g_1,130.438,3.5,0.294601,14
crossing_90_g_1,130.938,3.5,0.246185,14
crossing_90_g_1,131.438,3.75,0.284231,15
crossing_90_g_1,131.938,3.25,0.24297,13
crossing_90_g_1,132.438,4,0.25668,16
crossing_90_g_1,132.938,3.75,0.262113,15
crossing_90_g_1,133.438,3.5,0.264876,14
crossing_90_g_1,133.938,3.25,0.278093,13
crossing_90_g_1,134.438,3.25,0.242755,13
crossing_90_g_1,134.938,3.75,0.308456,15
crossing_90_g_1,135.438,2.75,0.33235,11
crossing_90_g_1,135.938,2.75,0.311285,11
crossing_90_g_1,136.438,3,0.313152,12
crossing_90_g_1,136.938,3,0.346913,12
crossing_90_g_1,137.438,3.25,0.373154,13
crossing_90_g_1,137.938,3.25,0.353009,13
crossing_90_g_1,138.438,3.5,0.373308,14
crossing_90_g_1,138.938,3.5,0.367031,14
crossing_90_g_1,139.438,2.75,0.410019,11
crossing_90_g_1,139.938,2.75,0.442551,11
crossing_90_g_1,140.438,3,0.411882,12
crossing_90_g_1,140.938,2.75,0.419231,11
crossing_90_g_1,141.438,2.5,0.366668,10
crossing_90_g_1,141.938,2.5,0.360486,10
crossing_90_g_1,142.438,2.25,0.359672,9
crossing_90_g_1,142.938,2.75,0.399255,11
crossing_90_g_1,143.438,3,0.34278,12
crossing_90_g_1,143.938,2.5,0.325331,10
crossing_90_g_1,144.438,2.5,0.312777,10
crossing_90_g_1,144.938,2.75,0.247109,11
crossing_90_g_1,145.438,2.5,0.276452,10
crossing_90_g_1,145.938,2.5,0.346173,10
crossing_90_g_1,146.438,2.25,0.370176,9
crossing_90_g_1,146.938,2.25,0.480986,9
crossing_90_g_1,147.438,1.75,0.457653,7
crossing_90_g_1,147.938,2,0.558831,8
crossing_90_g_1,148.438,1.75,0.544414,7
crossing_90_g_1,148.938,2.25,0.610419,9
crossing_90_g_1,149.438,1.75,0.664397,7
crossing_90_g_1,149.938,2,0.657416,8
crossing_90_g_1,150.438,2,0.568009,8
crossing_90_g_1,150.938,2,0.553932,8
crossing_90_g_1,151.438,1.75,0.611689,7
crossing_90_g_1,151.938,2,0.592535,8
crossing_90_g_1,152.438,1.5,0.556298,6
crossing_90_g_1,152.938,1.75,0.59865,7
crossing_90_g_1,153.438,1.75,0.631617,7
crossing_90_g_1,153.938,1.75,0.608664,7
crossing_90_g_1,154.438,1.75,0.621865,7
crossing_90_g_1,154.938,1.5,0.632826,6
crossing_90_g_1,155.438,1.5,0.60014,6
crossing_90_g_1,155.938,1,0.597647,4
crossing_90_g_1,156.438,1.25,0.631285,5
crossing_90_g_1,156.938,1.25,0.689017,5
crossing_90_g_1,157.438,0.75,0.750844,3
crossing_90_g_1,157.938,1,0.762466,4
crossing_90_g_1,158.438,1,0.746249,4
crossing_90_g_1,158.938,1.25,0.750469,5
crossing_90_g_1,159.438,1,0.739733,4
crossing_90_g_1,159.938,1,0.73842,4
crossing_90_g_1,160.438,1,0.684776,4
crossing_90_g_1,160.938,1,0.669693,4
crossing_90_g_1,161.438,1,0.707243,4
crossing_90_g_1,161.938,0.75,0.602632,3
crossing_90_g_1,162.438,0.75,0.586989,3
crossing_90_g_1,162.938,0.75,0.685037,3
crossing_90_g_1,163.438,0.75,0.647704,3
crossing_90_g_1,163.938,0.25,0.6272,1
crossing_90_g_2,5.312,0.25,2.77408,1
crossing_90_g_2,5.812,0.5,2.77329,2
crossing_90_g_2,6.312,0.5,2.58696,2
crossing_90_g_2,6.812,0.5,2.02383,2
crossing_90_g_2,7.312,0.25,1.69532,1
crossing_90_g_2,7.812,1,1.50899,4
crossing_90_g_2,8.312,1,1.27594,4
crossing_90_g_2,8.812,1,1.17309,4
crossing_90_g_2,9.312,1,1.00276,4
crossing_90_g_2,9.812,1.75,0.996261,7
crossing_90_g_2,10.312,1.5,0.9209,6
crossing_90_g_2,10.812,1.5,0.793846,6
crossing_90_g_2,11.312,1.75,0.707226,7
crossing_90_g_2,11.812,2,0.642407,8
crossing_90_g_2,12.312,1.75,0.662834,7
crossing_90_g_2,12.812,2,0.657985,8
crossing_90_g_2,13.312,2.25,0.655736,9
crossing_90_g_2,13.812,2.5,0.661291,10
crossing_90_g_2,14.312,2.5,0.665649,10
crossing_90_g_2,14.812,2.5,0.589408,10
crossing_90_g_2,15.312,2.75,0.573526,11
crossing_90_g_2,15.812,2.25,0.503116,9
crossing_90_g_2,16.312,2.25,0.453782,9
crossing_90_g_2,16.812,1.75,0.523318,7
crossing_90_g_2,17.312,2,0.465506,8
crossing_90_g_2,17.812,1.75,0.516626,7
crossing_90_g_2,18.312,1.5,0.559037,6
crossing_90_g_2,18.812,1.75,0.471822,7
crossing_90_g_2,19.312,1.5,0.367177,6
crossing_90_g_2,19.812,1.75,0.386741,7
crossing_90_g_2,20.312,1.75,0.372296,7
crossing_90_g_2,20.812,2,0.399531,8
crossing_90_g_2,21.312,2,0.402009,8
crossing_90_g_2,21.812,2.5,0.392034,10
crossing_90_g_2,22.312,2.75,0.373398,11
crossing_90_g_2,22.812,2.25,0.316485,9
crossing_90_g_2,23.312,2.75,0.333459,11
crossing_90_g_2,23.812,2.5,0.403884,10
crossing_90_g_2,24.312,2.75,0.395375,11
crossing_90_g_2,24.812,3,0.343417,12
crossing_90_g_2,25.312,2.75,0.340421,11
crossing_90_g_2,25.812,3.25,0.381443,13
crossing_90_g_2,26.312,3.25,0.316308,13
crossing_90_g_2,26.812,3.25,0.348972,13
crossing_90_g_2,27.312,3.5,0.350416,14
crossing_90_g_2,27.812,3.5,0.301957,14
crossing_90_g_2,28.312,2.75,0.325543,11
crossing_90_g_2,28.812,3.25,0.274734,13
crossing_90_g_2,29.312,3.25,0.247198,13
crossing_90_g_2,29.812,3.25,0.21864,13
crossing_90_g_2,30.312,3.75,0.21801,15
crossing_90_g_2,30.812,3.75,0.191122,15
crossing_90_g_2,31.312,3.25,0.208716,13
crossing_90_g_2,31.812,3.25,0.188637,13
crossing_90_g_2,32.312,3.25,0.203412,13
crossing_90_g_2,32.812,4,0.240838,16
crossing_90_g_2,33.312,3.25,0.244275,13
crossing_90_g_2,33.812,3.25,0.221344,13
crossing_90_g_2,34.312,3.25,0.197383,13
crossing_90_g_2,34.812,3.5,0.234635,14
crossing_90_g_2,35.312,3,0.214771,12
crossing_90_g_2,35.812,3.25,0.271423,13
crossing_90_g_2,36.312,3.5,0.275495,14
crossing_90_g_2,36.812,3.25,0.255508,13
crossing_90_g_2,37.312,3.25,0.274319,13
crossing_90_g_2,37.812,2.75,0.272382,11
crossing_90_g_2,38.312,3,0.292879,12
crossing_90_g_2,38.812,3,0.325832,12
crossing_90_g_2,39.312,3,0.306757,12
crossing_90_g_2,39.812,2.75,0.297578,11
crossing_90_g_2,40.312,3,0.305637,12
crossing_90_g_2,40.812,3,0.305947,12
crossing_90_g_2,41.312,2.75,0.287435,11
crossing_90_g_2,41.812,3.25,0.320827,13
crossing_90_g_2,42.312,2.75,0.348569,11
crossing_90_g_2,42.812,3,0.339138,12
crossing_90_g_2,43.312,2.75,0.347746,11
crossing_90_g_2,43.812,3,0.32429,12
crossing_90_g_2,44.312,2.75,0.300178,11
crossing_90_g_2,44.812,3.5,0.270042,14
crossing_90_g_2,45.312,3.25,0.261339,13
crossing_90_g_2,45.812,3,0.317314,12
crossing_90_g_2,46.312,2.75,0.260474,11
crossing_90_g_2,46.812,3,0.208147,12
crossing_90_g_2,47.312,3,0.267475,12
crossing_90_g_2,47.812,3,0.278075,12
crossing_90_g_2,48.312,3,0.295406,12
crossing_90_g_2,48.812,3.75,0.293179,15
crossing_90_g_2,49.312,3,0.327423,12
crossing_90_g_2,49.812,3,0.364487,12
crossing_90_g_2,50.312,3.25,0.331675,13
crossing_90_g_2,50.812,3.5,0.330472,14
crossing_90_g_2,51.312,2.75,0.330433,11
crossing_90_g_2,51.812,3.5,0.299637,14
crossing_90_g_2,52.312,3.75,0.286475,15
crossing_90_g_2,52.812,4,0.249578,16
crossing_90_g_2,53.312,4,0.243247,16
crossing_90_g_2,53.812,3.75,0.264805,15
crossing_90_g_2,54.312,3.75,0.243173,15
crossing_90_g_2,54.812,3.75,0.214487,15
crossing_90_g_2,55.312,3.5,0.23916,14
crossing_90_g_2,55.812,3.5,0.243398,14
crossing_90_g_2,56.312,3.25,0.217134,13
crossing_90_g_2,56.812,3.75,0.202977,15
crossing_90_g_2,57.312,3.75,0.235604,15
crossing_90_g_2,57.812,3.5,0.219286,14
crossing_90_g_2,58.312,3.5,0.228846,14
crossing_90_g_2,58.812,4,0.184603,16
crossing_90_g_2,59.312,3.5,0.215528,14
crossing_90_g_2,59.812,4,0.227256,16
crossing_90_g_2,60.312,4.25,0.214575,17
crossing_90_g_2,60.812,3.75,0.174275,15
crossing_90_g_2,61.312,4.5,0.165107,18
crossing_90_g_2,61.812,4.25,0.185297,17
crossing_90_g_2,62.312,4.25,0.148548,17
crossing_90_g_2,62.812,4.25,0.178346,17
crossing_90_g_2,63.312,4.25,0.155543,17
crossing_90_g_2,63.812,4.25,0.156116,17
crossing_90_g_2,64.312,4,0.155113,16
crossing_90_g_2,64.812,4,0.151287,16
crossing_90_g_2,65.312,4.25,0.141268,17
crossing_90_g_2,65.812,4.25,0.129572,17
crossing_90_g_2,66.312,4.25,0.132758,17
crossing_90_g_2,66.812,4.25,0.14408,17
crossing_90_g_2,67.312,4.25,0.148429,17
crossing_90_g_2,67.812,4.25,0.144679,17
crossing_90_g_2,68.312,4.25,0.126574,17
crossing_90_g_2,68.812,4,0.139513,16
crossing_90_g_2,69.312,4.25,0.179214,17
crossing_90_g_2,69.812,4.25,0.170229,17
crossing_90_g_2,70.312,4,0.176295,16
crossing_90_g_2,70.812,4.25,0.18006,17
crossing_90_g_2,71.312,3.75,0.226883,15
crossing_90_g_2,71.812,3.5,0.170401,14
crossing_90_g_2,72.312,3.5,0.204551,14
crossing_90_g_2,72.812,3.5,0.213474,14
crossing_90_g_2,73.312,3.75,0.221731,15
crossing_90_g_2,73.812,4.25,0.18366,17
crossing_90_g_2,74.312,3.75,0.185971,15
crossing_90_g_2,74.812,3.5,0.169965,14
crossing_90_g_2,75.312,3.25,0.191438,13
crossing_90_g_2,75.812,3.5,0.17963,14
crossing_90_g_2,76.312,3.75,0.181595,15
crossing_90_g_2,76.812,4,0.170799,16
crossing_90_g_2,77.312,4.5,0.190134,18
crossing_90_g_2,77.812,3.75,0.191694,15
crossing_90_g_2,78.312,3.25,0.212624,13
crossing_90_g_2,78.812,3.25,0.212589,13
crossing_90_g_2,79.312,3.5,0.212741,14
crossing_90_g_2,79.812,3.75,0.212843,15
crossing_90_g_2,80.312,3.5,0.207952,14
crossing_90_g_2,80.812,3.75,0.207174,15
crossing_90_g_2,81.312,4.5,0.215858,18
crossing_90_g_2,81.812,4,0.188967,16
crossing_90_g_2,82.312,4.5,0.201289,18
crossing_90_g_2,82.812,4.25,0.208773,17
crossing_90_g_2,83.312,4.5,0.205326,18
crossing_90_g_2,83.812,4.25,0.193075,17
crossing_90_g_2,84.312,4.25,0.184246,17
crossing_90_g_2,84.812,4.25,0.183877,17
crossing_90_g_2,85.312,4,0.210327,16
crossing_90_g_2,85.812,4.25,0.196702,17
crossing_90_g_2,86.312,4.5,0.208185,18
crossing_90_g_2,86.812,4,0.236623,16
crossing_90_g_2,87.312,4.5,0.224414,18
crossing_90_g_2,87.812,4,0.236045,16
crossing_90_g_2,88.312,4.75,0.224918,19
crossing_90_g_2,88.812,4.25,0.188433,17
crossing_90_g_2,89.312,4.75,0.185561,19
crossing_90_g_2,89.812,4.25,0.197288,17
crossing_90_g_2,90.312,4,0.198167,16
crossing_90_g_2,90.812,4.25,0.217593,17
crossing_90_g_2,91.312,4.25,0.246568,17
crossing_90_g_2,91.812,4,0.197251,16
crossing_90_g_2,92.312,4.5,0.211714,18
crossing_90_g_2,92.812,4,0.19588,16
crossing_90_g_2,93.312,3.5,0.194178,14
crossing_90_g_2,93.812,4,0.171093,16
crossing_90_g_2,94.312,4.25,0.202826,17
crossing_90_g_2,94.812,3.25,0.18656,13
crossing_90_g_2,95.312,3.25,0.165021,13
crossing_90_g_2,95.812,3,0.17946,12
crossing_90_g_2,96.312,3,0.157575,12
crossing_90_g_2,96.812,2.75,0.158955,11
crossing_90_g_2,97.312,2.5,0.111147,10
crossing_90_g_2,97.812,3.25,0.16907,13
crossing_90_g_2,98.312,3,0.170429,12
crossing_90_g_2,98.812,2.75,0.179989,11
crossing_90_g_2,99.312,2.75,0.216541,11
crossing_90_g_2,99.812,2.75,0.20337,11
crossing_90_g_2,100.312,2.75,0.219472,11
crossing_90_g_2,100.812,3,0.203102,12
crossing_90_g_2,101.312,2.75,0.173292,11
crossing_90_g_2,101.812,2.75,0.180101,11
crossing_90_g_2,102.312,2.75,0.173328,11
crossing_90_g_2,102.812,2.75,0.138993,11
crossing_90_g_2,103.312,2.5,0.17043,10
crossing_90_g_2,103.812,2.5,0.190879,10
crossing_90_g_2,104.312,2.5,0.178302,10
crossing_90_g_2,104.812,2.75,0.209253,11
crossing_90_g_2,105.312,2.5,0.168848,10
crossing_90_g_2,105.812,2.25,0.176989,9
crossing_90_g_2,106.312,2.5,0.206246,10
crossing_90_g_2,106.812,2.25,0.162997,9
crossing_90_g_2,107.312,2.5,0.181771,10
crossing_90_g_2,107.812,2,0.156981,8
crossing_90_g_2,108.312,2.75,0.142304,11
crossing_90_g_2,108.812,2.75,0.133188,11
crossing_90_g_2,109.312,3.25,0.20471,13
crossing_90_g_2,109.812,3.5,0.224893,14
crossing_90_g_2,110.312,3.5,0.271526,14
crossing_90_g_2,110.812,3.75,0.270234,15
crossing_90_g_2,111.312,4.25,0.266924,17
crossing_90_g_2,111.812,4,0.238365,16
crossing_90_g_2,112.312,4,0.243128,16
crossing_90_g_2,112.812,4.25,0.276778,17
crossing_90_g_2,113.312,3.75,0.292473,15
crossing_90_g_2,113.812,3.25,0.26404,13
crossing_90_g_2,114.312,2.75,0.290534,11
crossing_90_g_2,114.812,2.75,0.228996,11
crossing_90_g_2,115.312,2.5,0.239721,10
crossing_90_g_2,115.812,2.25,0.248607,9
crossing_90_g_2,116.312,2.25,0.258473,9
crossing_90_g_2,116.812,2.25,0.220912,9
crossing_90_g_2,117.312,2.25,0.258939,9
crossing_90_g_2,117.812,2.25,0.263862,9
crossing_90_g_2,118.312,2.25,0.274455,9
crossing_90_g_2,118.812,3,0.24954,12
crossing_90_g_2,119.312,3.5,0.214599,14
crossing_90_g_2,119.812,2.75,0.221069,11
crossing_90_g_2,120.312,3.5,0.230995,14
crossing_90_g_2,120.812,3,0.195735,12
crossing_90_g_2,121.312,2.75,0.247292,11
crossing_90_g_2,121.812,2.75,0.30648,11
crossing_90_g_2,122.312,2.75,0.284056,11
crossing_90_g_2,122.812,3.5,0.309282,14
crossing_90_g_2,123.312,3,0.279387,12
crossing_90_g_2,123.812,3,0.316985,12
crossing_90_g_2,124.312,3,0.26125,12
crossing_90_g_2,124.812,3,0.279772,12
crossing_90_g_2,125.312,4,0.270863,16
crossing_90_g_2,125.812,3.75,0.275072,15
crossing_90_g_2,126.312,3.5,0.303889,14
crossing_90_g_2,126.812,3,0.247589,12
crossing_90_g_2,127.312,3,0.252169,12
crossing_90_g_2,127.812,3.5,0.223039,14
crossing_90_g_2,128.312,3,0.201494,12
crossing_90_g_2,128.812,3,0.200802,12
crossing_90_g_2,129.312,3.75,0.231162,15
crossing_90_g_2,129.812,4.25,0.226222,17
crossing_90_g_2,130.312,4.25,0.229935,17
crossing_90_g_2,130.812,4,0.215451,16
crossing_90_g_2,131.312,3.75,0.164056,15
crossing_90_g_2,131.812,3.75,0.186274,15
crossing_90_g_2,132.312,3.5,0.185374,14
crossing_90_g_2,132.812,4,0.176017,16
crossing_90_g_2,133.312,3,0.18399,12
crossing_90_g_2,133.812,3,0.174456,12
crossing_90_g_2,134.312,2.5,0.183007,10
crossing_90_g_2,134.812,2.75,0.167841,11
crossing_90_g_2,135.312,4,0.18445,16
crossing_90_g_2,135.812,3.5,0.176322,14
crossing_90_g_2,136.312,3.5,0.185259,14
crossing_90_g_2,136.812,3,0.193088,12
crossing_90_g_2,137.312,3.25,0.205347,13
crossing_90_g_2,137.812,3.25,0.192443,13
crossing_90_g_2,138.312,2.75,0.221627,11
crossing_90_g_2,138.812,3.25,0.208273,13
crossing_90_g_2,139.312,3.25,0.238008,13
crossing_90_g_2,139.812,2.75,0.226426,11
crossing_90_g_2,140.312,2.75,0.212864,11
crossing_90_g_2,140.812,3,0.164807,12
crossing_90_g_2,141.312,3.25,0.210114,13
crossing_90_g_2,141.812,3.25,0.169344,13
crossing_90_g_2,142.312,3.25,0.184817,13
crossing_90_g_2,142.812,3,0.177269,12
crossing_90_g_2,143.312,3.25,0.198673,13
crossing_90_g_2,143.812,3,0.232903,12
crossing_90_g_2,144.312,2.5,0.23254,10
crossing_90_g_2,144.812,2,0.230882,8
crossing_90_g_2,145.312,2,0.291593,8
crossing_90_g_2,145.812,2.25,0.302514,9
crossing_90_g_2,146.312,2.25,0.264926,9
crossing_90_g_2,146.812,2,0.312646,8
crossing_90_g_2,147.312,2,0.304802,8
crossing_90_g_2,147.812,2,0.344361,8
crossing_90_g_2,148.312,2.5,0.328095,10
crossing_90_g_2,148.812,2.5,0.327763,10
crossing_90_g_2,149.312,3,0.337879,12
crossing_90_g_2,149.812,3,0.352016,12
crossing_90_g_2,150.312,3,0.320549,12
crossing_90_g_2,150.812,3,0.302372,12
crossing_90_g_2,151.312,3.5,0.334213,14
crossing_90_g_2,151.812,3.25,0.270342,13
crossing_90_g_2,152.312,3.5,0.242612,14
crossing_90_g_2,152.812,3,0.274585,12
crossing_90_g_2,153.312,3.25,0.305922,13
crossing_90_g_2,153.812,3,0.281482,12
crossing_90_g_2,154.312,3.25,0.286751,13
crossing_90_g_2,154.812,3,0.272857,12
crossing_90_g_2,155.312,3,0.262034,12
crossing_90_g_2,155.812,2.5,0.222311,10
crossing_90_g_2,156.312,2.75,0.220513,11
crossing_90_g_2,156.812,3.5,0.262677,14
crossing_90_g_2,157.312,3.5,0.231653,14
crossing_90_g_2,157.812,2.75,0.252297,11
crossing_90_g_2,158.312,3,0.253122,12
crossing_90_g_2,158.812,3.5,0.273409,14
crossing_90_g_2,159.312,2.75,0.266909,11
crossing_90_g_2,159.812,3,0.302795,12
crossing_90_g_2,160.312,2.75,0.326308,11
crossing_90_g_2,160.812,2.5,0.344524,10
crossing_90_g_2,161.312,2.5,0.418355,10
crossing_90_g_2,161.812,2.5,0.44758,10
crossing_90_g_2,162.312,2.75,0.432348,11
crossing_90_g_2,162.812,2,0.395658,8
crossing_90_g_2,163.312,2.25,0.405334,9
crossing_90_g_2,163.812,2.25,0.459119,9
crossing_90_g_2,164.312,2.25,0.461981,9
crossing_90_g_2,164.812,2.25,0.444276,9
crossing_90_g_2,165.312,2,0.508605,8
crossing_90_g_2,165.812,1.75,0.515709,7
crossing_90_g_2,166.312,2,0.518483,8
crossing_90_g_2,166.812,1.5,0.552988,6
crossing_90_g_2,167.312,1.25,0.588313,5
crossing_90_g_2,167.812,1.25,0.625034,5
crossing_90_g_2,168.312,1,0.730592,4
crossing_90_g_2,168.812,1,0.835596,4
crossing_90_g_2,169.312,1,0.86596,4
crossing_90_g_2,169.812,0.5,0.850443,2
crossing_90_g_2,170.312,0.75,0.830627,3
crossing_90_g_2,170.812,0.5,0.799265,2
crossing_90_g_2,171.312,0.5,0.844295,2
crossing_90_g_2,171.812,0.25,0.71318,1
crossing_90_g_2,172.312,0.25,0.732151,1
crossing_90_g_3,3.938,0.25,2.01102,1
crossing_90_g_3,4.438,0.25,2.01783,1
crossing_90_g_3,6.438,0.25,1.47072,1
crossing_90_g_3,6.938,0.25,1.21801,1
crossing_90_g_3,7.438,0.75,1.19956,3
crossing_90_g_3,7.938,1.5,1.03338,6
crossing_90_g_3,8.438,1.5,0.950342,6
crossing_90_g_3,8.938,1.25,1.01818,5
crossing_90_g_3,9.438,1.75,0.921298,7
crossing_90_g_3,9.938,2,0.904862,8
crossing_90_g_3,10.438,2,0.834356,8
crossing_90_g_3,10.938,1.75,0.786263,7
crossing_90_g_3,11.438,1.5,0.718006,6
crossing_90_g_3,11.938,1.25,0.72033,5
crossing_90_g_3,12.438,1.75,0.864982,7
crossing_90_g_3,12.938,2,0.747875,8
crossing_90_g_3,13.438,2.25,0.694345,9
crossing_90_g_3,13.938,1.75,0.622439,7
crossing_90_g_3,14.438,1.5,0.626553,6
crossing_90_g_3,14.938,1.25,0.704153,5
crossing_90_g_3,15.438,1.5,0.742125,6
crossing_90_g_3,15.938,1.5,0.666344,6
crossing_90_g_3,16.438,1.25,0.574157,5
crossing_90_g_3,16.938,1.25,0.540482,5
crossing_90_g_3,17.438,1,0.546832,4
crossing_90_g_3,17.938,1.5,0.466954,6
crossing_90_g_3,18.438,0.75,0.446878,3
crossing_90_g_3,18.938,1.5,0.651236,6
crossing_90_g_3,19.438,1,0.739919,4
crossing_90_g_3,19.938,1,0.622839,4
crossing_90_g_3,20.438,1.5,0.548227,6
crossing_90_g_3,20.938,1.25,0.507597,5
crossing_90_g_3,21.438,1.75,0.455523,7
crossing_90_g_3,21.938,1.5,0.502783,6
crossing_90_g_3,22.438,1.25,0.524853,5
crossing_90_g_3,22.938,1.25,0.518567,5
crossing_90_g_3,23.438,1,0.557095,4
crossing_90_g_3,23.938,1,0.735144,4
crossing_90_g_3,24.438,1,0.595448,4
crossing_90_g_3,24.938,1,0.538097,4
crossing_90_g_3,25.438,1.25,0.534983,5
crossing_90_g_3,25.938,1.25,0.546252,5
crossing_90_g_3,26.438,2,0.546221,8
crossing_90_g_3,26.938,2.5,0.443468,10
crossing_90_g_3,27.438,3,0.442217,12
crossing_90_g_3,27.938,2.5,0.409725,10
crossing_90_g_3,28.438,2.5,0.351472,10
crossing_90_g_3,28.938,3,0.374675,12
crossing_90_g_3,29.438,3.25,0.355424,13
crossing_90_g_3,29.938,3,0.307261,12
crossing_90_g_3,30.438,2.25,0.297068,9
crossing_90_g_3,30.938,2.25,0.26955,9
crossing_90_g_3,31.438,1.75,0.2398,7
crossing_90_g_3,31.938,1.5,0.224416,6
crossing_90_g_3,32.438,1.5,0.179107,6
crossing_90_g_3,32.938,2,0.41021,8
crossing_90_g_3,33.438,2,0.501961,8
crossing_90_g_3,33.938,2,0.509423,8
crossing_90_g_3,34.438,2,0.536693,8
crossing_90_g_3,34.938,2.25,0.523221,9
crossing_90_g_3,35.438,2.75,0.503602,11
crossing_90_g_3,35.938,2.75,0.534502,11
crossing_90_g_3,36.438,2.5,0.527943,10
crossing_90_g_3,36.938,2.75,0.485152,11
crossing_90_g_3,37.438,2.25,0.502347,9
crossing_90_g_3,37.938,2.5,0.452769,10
crossing_90_g_3,38.438,2,0.416761,8
crossing_90_g_3,38.938,2.5,0.368248,10
crossing_90_g_3,39.438,2.75,0.383462,11
crossing_90_g_3,39.938,2.5,0.353521,10
crossing_90_g_3,40.438,2.5,0.363688,10
crossing_90_g_3,40.938,2.25,0.428628,9
crossing_90_g_3,41.438,2.25,0.479024,9
crossing_90_g_3,41.938,2.5,0.473095,10
crossing_90_g_3,42.438,2,0.45356,8
crossing_90_g_3,42.938,2.25,0.432469,9
crossing_90_g_3,43.438,2,0.40909,8
crossing_90_g_3,43.938,2,0.382358,8
crossing_90_g_3,44.438,2.75,0.439804,11
crossing_90_g_3,44.938,2.25,0.401035,9
crossing_90_g_3,45.438,2.25,0.358198,9
crossing_90_g_3,45.938,2.5,0.400672,10
crossing_90_g_3,46.438,3,0.406415,12
crossing_90_g_3,46.938,2.75,0.455207,11
crossing_90_g_3,47.438,2.75,0.454684,11
crossing_90_g_3,47.938,2.5,0.462052,10
crossing_90_g_3,48.438,3,0.463179,12
crossing_90_g_3,48.938,2.75,0.398637,11
crossing_90_g_3,49.438,2.75,0.411887,11
crossing_90_g_3,49.938,2.25,0.36933,9
crossing_90_g_3,50.438,2.5,0.324235,10
crossing_90_g_3,50.938,2.75,0.342637,11
crossing_90_g_3,51.438,2.5,0.402335,10
crossing_90_g_3,51.938,3,0.376168,12
crossing_90_g_3,52.438,2.75,0.380272,11
crossing_90_g_3,52.938,2.75,0.386274,11
crossing_90_g_3,53.438,3,0.380353,12
crossing_90_g_3,53.938,3,0.32073,12
crossing_90_g_3,54.438,3.25,0.289989,13
crossing_90_g_3,54.938,2.5,0.278302,10
crossing_90_g_3,55.438,3.25,0.33175,13
crossing_90_g_3,55.938,2.75,0.287657,11
crossing_90_g_3,56.438,2.75,0.295915,11
crossing_90_g_3,56.938,3,0.321726,12
crossing_90_g_3,57.438,3,0.319375,12
crossing_90_g_3,57.938,2.75,0.324026,11
crossing_90_g_3,58.438,2.25,0.288093,9
crossing_90_g_3,58.938,3,0.329418,12
crossing_90_g_3,59.438,2.5,0.349453,10
crossing_90_g_3,59.938,2.5,0.393559,10
crossing_90_g_3,60.438,2.25,0.400371,9
crossing_90_g_3,60.938,1.75,0.365122,7
crossing_90_g_3,61.438,2.25,0.374678,9
crossing_90_g_3,61.938,2.5,0.369596,10
crossing_90_g_3,62.438,2.75,0.344322,11
crossing_90_g_3,62.938,2.25,0.299549,9
crossing_90_g_3,63.438,2.5,0.309597,10
crossing_90_g_3,63.938,2.25,0.293653,9
crossing_90_g_3,64.438,2.5,0.304521,10
crossing_90_g_3,64.938,2.5,0.272132,10
crossing_90_g_3,65.438,2.75,0.327903,11
crossing_90_g_3,65.938,2.5,0.2712,10
crossing_90_g_3,66.438,2.75,0.278932,11
crossing_90_g_3,66.938,2.75,0.276764,11
crossing_90_g_3,67.438,3,0.31646,12
crossing_90_g_3,67.938,3,0.29147,12
crossing_90_g_3,68.438,3,0.342402,12
crossing_90_g_3,68.938,2.75,0.329347,11
crossing_90_g_3,69.438,3.5,0.301639,14
crossing_90_g_3,69.938,3.75,0.327757,15
crossing_90_g_3,70.438,4,0.316206,16
crossing_90_g_3,70.938,4.25,0.294496,17
crossing_90_g_3,71.438,4.25,0.281862,17
crossing_90_g_3,71.938,3.5,0.272635,14
crossing_90_g_3,72.438,3.5,0.328192,14
crossing_90_g_3,72.938,3,0.361895,12
crossing_90_g_3,73.438,3.25,0.359351,13
crossing_90_g_3,73.938,3,0.345763,12
crossing_90_g_3,74.438,3,0.403592,12
crossing_90_g_3,74.938,2.5,0.330405,10
crossing_90_g_3,75.438,3,0.306203,12
crossing_90_g_3,75.938,3,0.30717,12
crossing_90_g_3,76.438,3.5,0.259553,14
crossing_90_g_3,76.938,3.25,0.261996,13
crossing_90_g_3,77.438,3.5,0.242705,14
crossing_90_g_3,77.938,3.75,0.267248,15
crossing_90_g_3,78.438,3.75,0.253521,15
crossing_90_g_3,78.938,2.75,0.265857,11
crossing_90_g_3,79.438,3.5,0.246729,14
crossing_90_g_3,79.938,4,0.222501,16
crossing_90_g_3,80.438,3.75,0.211551,15
crossing_90_g_3,80.938,3.25,0.242455,13
crossing_90_g_3,81.438,3.25,0.204678,13
crossing_90_g_3,81.938,3,0.234788,12
crossing_90_g_3,82.438,3.5,0.216052,14
crossing_90_g_3,82.938,3,0.211889,12
crossing_90_g_3,83.438,3.25,0.217488,13
crossing_90_g_3,83.938,3.25,0.225967,13
crossing_90_g_3,84.438,2.75,0.272136,11
crossing_90_g_3,84.938,2.75,0.27172,11
crossing_90_g_3,85.438,2.5,0.244997,10
crossing_90_g_3,85.938,3.25,0.269803,13
crossing_90_g_3,86.438,3,0.264814,12
crossing_90_g_3,86.938,3.25,0.315894,13
crossing_90_g_3,87.438,3,0.270281,12
crossing_90_g_3,87.938,3.25,0.275968,13
crossing_90_g_3,88.438,3.5,0.239831,14
crossing_90_g_3,88.938,4,0.209556,16
crossing_90_g_3,89.438,3.5,0.226796,14
crossing_90_g_3,89.938,4.25,0.216743,17
crossing_90_g_3,90.438,4,0.171399,16
crossing_90_g_3,90.938,4.5,0.215095,18
crossing_90_g_3,91.438,4.5,0.221451,18
crossing_90_g_3,91.938,4,0.19734,16
crossing_90_g_3,92.438,3.75,0.234437,15
crossing_90_g_3,92.938,3.5,0.256071,14
crossing_90_g_3,93.438,3.75,0.252439,15
crossing_90_g_3,93.938,3.75,0.243888,15
crossing_90_g_3,94.438,3.75,0.234663,15
crossing_90_g_3,94.938,3.5,0.254902,14
crossing_90_g_3,95.438,3,0.283035,12
crossing_90_g_3,95.938,3.5,0.220718,14
crossing_90_g_3,96.438,3.5,0.287066,14
crossing_90_g_3,96.938,2.5,0.232725,10
crossing_90_g_3,97.438,3.25,0.220254,13
crossing_90_g_3,97.938,3,0.194356,12
crossing_90_g_3,98.438,3.5,0.24621,14
crossing_90_g_3,98.938,4,0.202384,16
crossing_90_g_3,99.438,3.25,0.204863,13
crossing_90_g_3,99.938,3.25,0.225466,13
crossing_90_g_3,100.438,3.25,0.196145,13
crossing_90_g_3,100.938,3.25,0.179842,13
crossing_90_g_3,101.438,3.25,0.233084,13
crossing_90_g_3,101.938,3.25,0.217401,13
crossing_90_g_3,102.438,2.75,0.217743,11
crossing_90_g_3,102.938,2.75,0.239918,11
crossing_90_g_3,103.438,2.75,0.209196,11
crossing_90_g_3,103.938,3,0.220187,12
crossing_90_g_3,104.438,2.5,0.209724,10
crossing_90_g_3,104.938,2.75,0.220424,11
crossing_90_g_3,105.438,3,0.202375,12
crossing_90_g_3,105.938,2.75,0.176883,11
crossing_90_g_3,106.438,2.5,0.252492,10
crossing_90_g_3,106.938,3.25,0.243583,13
crossing_90_g_3,107.438,3,0.305539,12
crossing_90_g_3,107.938,3.25,0.282165,13
crossing_90_g_3,108.438,3.5,0.241031,14
crossing_90_g_3,108.938,3.25,0.256904,13
crossing_90_g_3,109.438,3.5,0.267181,14
crossing_90_g_3,109.938,3.75,0.266566,15
crossing_90_g_3,110.438,3,0.280847,12
crossing_90_g_3,110.938,3.25,0.277948,13
crossing_90_g_3,111.438,2.75,0.233811,11
crossing_90_g_3,111.938,3.25,0.247746,13
crossing_90_g_3,112.438,3.5,0.287803,14
crossing_90_g_3,112.938,3,0.314834,12
crossing_90_g_3,113.438,3,0.345802,12
crossing_90_g_3,113.938,2.5,0.321051,10
crossing_90_g_3,114.438,2,0.365735,8
crossing_90_g_3,114.938,1.5,0.36302,6
crossing_90_g_3,115.438,1.75,0.396436,7
crossing_90_g_3,115.938,1.75,0.395457,7
crossing_90_g_3,116.438,1,0.416148,4
crossing_90_g_3,116.938,1,0.420646,4
crossing_90_g_3,117.438,1.25,0.629912,5
crossing_90_g_3,117.938,0.75,0.754224,3
crossing_90_g_3,118.438,1.5,0.627396,6
crossing_90_g_3,118.938,1.25,0.580228,5
crossing_90_g_3,119.438,1.75,0.500515,7
crossing_90_g_3,119.938,1.75,0.492801,7
crossing_90_g_3,120.438,1.75,0.497253,7
crossing_90_g_3,120.938,1.5,0.528821,6
crossing_90_g_3,121.438,2,0.5094,8
crossing_90_g_3,121.938,2,0.463735,8
crossing_90_g_3,122.438,2,0.450126,8
crossing_90_g_3,122.938,2.25,0.488391,9
crossing_90_g_3,123.438,2.5,0.48272,10
crossing_90_g_3,123.938,2.25,0.461302,9
crossing_90_g_3,124.438,2.5,0.486064,10
crossing_90_g_3,124.938,2.25,0.399007,9
crossing_90_g_3,125.438,2.25,0.383995,9
crossing_90_g_3,125.938,2.25,0.323611,9
crossing_90_g_3,126.438,2.25,0.40212,9
crossing_90_g_3,126.938,2.25,0.395929,9
crossing_90_g_3,127.438,2.5,0.391308,10
crossing_90_g_3,127.938,2.25,0.396999,9
crossing_90_g_3,128.438,2,0.366945,8
crossing_90_g_3,128.938,2,0.397833,8
crossing_90_g_3,129.438,2,0.428942,8
crossing_90_g_3,129.938,1.75,0.421444,7
crossing_90_g_3,130.438,2.5,0.420054,10
crossing_90_g_3,130.938,2,0.47294,8
crossing_90_g_3,131.438,1.75,0.469979,7
crossing_90_g_3,131.938,2.25,0.522638,9
crossing_90_g_3,132.438,2.25,0.561624,9
crossing_90_g_3,132.938,2,0.509035,8
crossing_90_g_3,133.438,1.75,0.437843,7
crossing_90_g_3,133.938,2,0.515675,8
crossing_90_g_3,134.438,2,0.495943,8
crossing_90_g_3,134.938,1.5,0.565444,6
crossing_90_g_3,135.438,1.25,0.507319,5
crossing_90_g_3,135.938,1.5,0.571841,6
crossing_90_g_3,136.438,1.75,0.486787,7
crossing_90_g_3,136.938,1.5,0.579088,6
crossing_90_g_3,137.438,1.5,0.622889,6
crossing_90_g_3,137.938,1,0.650456,4
crossing_90_g_3,138.438,1,0.722571,4
crossing_90_g_3,138.938,0.75,0.751923,3
crossing_90_g_3,140.938,0.25,0.78478,1
