dataset,run,t_s,rho_per_m2,v_along_mps,speed_mps,n_in_area,steady
hermes_uni_closed,ug-100-007,0.5,0.5,0.002297,0.00406764,1,0
hermes_uni_closed,ug-100-007,1,0.5,-0.01131,0.0113969,1,0
hermes_uni_closed,ug-100-007,1.5,0.5,0.120811,0.138494,1,0
hermes_uni_closed,ug-100-007,2,0.5,0.445131,0.445382,1,0
hermes_uni_closed,ug-100-007,2.5,0.5,0.843501,0.847136,1,0
hermes_uni_closed,ug-100-007,4,0.5,1.30443,1.30464,1,0
hermes_uni_closed,ug-100-007,4.5,0.5,1.35053,1.35059,1,0
hermes_uni_closed,ug-100-007,5,0.5,1.36291,1.36337,1,0
hermes_uni_closed,ug-100-007,6.5,0.5,1.5438,1.5438,1,0
hermes_uni_closed,ug-100-007,7,0.5,1.59807,1.59809,1,0
hermes_uni_closed,ug-100-007,7.5,0.5,1.57565,1.57888,1,0
hermes_uni_closed,ug-100-007,9,0.5,1.54265,1.54275,1,0
hermes_uni_closed,ug-100-007,9.5,0.5,1.57133,1.57153,1,0
hermes_uni_closed,ug-100-007,10,0.5,1.56995,1.57038,1,0
hermes_uni_closed,ug-100-007,12.5,0.5,1.52525,1.5264,1,1
hermes_uni_closed,ug-100-007,13,0.5,1.48986,1.49045,1,1
hermes_uni_closed,ug-100-007,13.5,0.5,1.42889,1.43071,1,1
hermes_uni_closed,ug-100-007,15,0.5,1.49497,1.49795,1,1
hermes_uni_closed,ug-100-007,15.5,0.5,1.47792,1.47997,1,1
hermes_uni_closed,ug-100-007,17,0.5,1.64258,1.65045,1,1
hermes_uni_closed,ug-100-007,17.5,0.5,1.57894,1.57959,1,1
hermes_uni_closed,ug-100-007,18,0.5,1.45566,1.45575,1,1
hermes_uni_closed,ug-100-007,19.5,0.5,1.55706,1.55718,1,1
hermes_uni_closed,ug-100-007,20,0.5,1.53357,1.53365,1,1
hermes_uni_closed,ug-100-007,22.5,0.5,1.46803,1.47111,1,1
hermes_uni_closed,ug-100-007,23,0.5,1.48968,1.48985,1,1
hermes_uni_closed,ug-100-007,23.5,0.5,1.60754,1.60822,1,1
hermes_uni_closed,ug-100-007,25,0.5,1.43308,1.43861,1,1
hermes_uni_closed,ug-100-007,25.5,0.5,1.43888,1.44078,1,1
hermes_uni_closed,ug-100-007,28.5,0.5,1.40192,1.40192,1,1
hermes_uni_closed,ug-100-007,29,0.5,1.42766,1.42777,1,1
hermes_uni_closed,ug-100-007,29.5,0.5,1.42923,1.42944,1,1
hermes_uni_closed,ug-100-007,31.5,0.5,1.44561,1.44566,1,1
hermes_uni_closed,ug-100-007,32,0.5,1.3974,1.39749,1,1
hermes_uni_closed,ug-100-007,32.5,0.5,1.38611,1.38613,1,1
hermes_uni_closed,ug-100-007,34,0.5,1.39367,1.39382,1,1
hermes_uni_closed,ug-100-007,34.5,0.5,1.37886,1.37892,1,1
hermes_uni_closed,ug-100-007,35,0.5,1.40006,1.4006,1,1
hermes_uni_closed,ug-100-007,36.5,0.5,1.31675,1.31682,1,1
hermes_uni_closed,ug-100-007,37,0.5,1.3008,1.30268,1,1
hermes_uni_closed,ug-100-007,37.5,0.5,1.33871,1.33926,1,1
hermes_uni_closed,ug-100-007,39,0.5,1.40333,1.40334,1,1
hermes_uni_closed,ug-100-007,39.5,0.5,1.39989,1.40087,1,1
hermes_uni_closed,ug-100-007,40,0.5,1.38561,1.38567,1,1
hermes_uni_closed,ug-100-007,41.5,0.5,1.42552,1.42609,1,1
hermes_uni_closed,ug-100-007,42,0.5,1.39272,1.39357,1,1
hermes_uni_closed,ug-100-007,42.5,0.5,1.37722,1.37722,1,1
hermes_uni_closed,ug-100-007,44,0.5,1.39706,1.3973,1,1
hermes_uni_closed,ug-100-007,44.5,0.5,1.40049,1.40076,1,1
hermes_uni_closed,ug-100-007,45,0.5,1.43808,1.43808,1,1
hermes_uni_closed,ug-100-007,47,0.5,1.52791,1.52879,1,1
hermes_uni_closed,ug-100-007,47.5,0.5,1.51718,1.51776,1,1
hermes_uni_closed,ug-100-007,48,0.5,1.51704,1.51732,1,1
hermes_uni_closed,ug-100-007,51,0.5,1.38772,1.38774,1,1
hermes_uni_closed,ug-100-007,51.5,0.5,1.42329,1.42333,1,1
hermes_uni_closed,ug-100-007,52,0.5,1.43458,1.43478,1,1
hermes_uni_closed,ug-100-007,53,0.5,1.39143,1.39155,1,1
hermes_uni_closed,ug-100-007,53.5,0.5,1.38925,1.38925,1,1
hermes_uni_closed,ug-100-007,54,0.5,1.38446,1.38538,1,1
hermes_uni_closed,ug-100-007,56.5,0.5,1.34445,1.34531,1,1
hermes_uni_closed,ug-100-007,57,0.5,1.32137,1.3214,1,1
hermes_uni_closed,ug-100-007,57.5,0.5,1.35964,1.36125,1,1
hermes_uni_closed,ug-100-007,59,0.5,1.35694,1.35704,1,1
hermes_uni_closed,ug-100-007,59.5,0.5,1.36463,1.36498,1,1
hermes_uni_closed,ug-100-007,60,0.5,1.38552,1.38671,1,1
hermes_uni_closed,ug-100-007,61,0.5,1.40124,1.40354,1,1
hermes_uni_closed,ug-100-007,61.5,0.5,1.43676,1.43683,1,1
hermes_uni_closed,ug-100-007,62,0.5,1.45039,1.45368,1,1
hermes_uni_closed,ug-100-007,64,0.5,1.40026,1.40465,1,1
hermes_uni_closed,ug-100-007,64.5,0.5,1.42704,1.42713,1,1
hermes_uni_closed,ug-100-007,65,0.5,1.45853,1.45882,1,1
hermes_uni_closed,ug-100-007,66.5,0.5,1.48476,1.48519,1,1
hermes_uni_closed,ug-100-007,67,0.5,1.45423,1.45423,1,1
hermes_uni_closed,ug-100-007,70,0.5,1.44304,1.44304,1,1
hermes_uni_closed,ug-100-007,70.5,0.5,1.42474,1.42475,1,1
hermes_uni_closed,ug-100-007,71,0.5,1.42212,1.42215,1,1
hermes_uni_closed,ug-100-007,90,0.5,1.44895,1.45069,1,1
hermes_uni_closed,ug-100-007,90.5,0.5,1.43222,1.43224,1,1
hermes_uni_closed,ug-100-007,91,0.5,1.37614,1.37641,1,1
hermes_uni_closed,ug-100-007,92,0.5,1.38971,1.3902,1,1
hermes_uni_closed,ug-100-007,92.5,1,1.34014,1.34024,2,1
hermes_uni_closed,ug-100-007,93,1,1.27782,1.27845,2,1
hermes_uni_closed,ug-100-007,93.5,0.5,1.20841,1.20863,1,1
hermes_uni_closed,ug-100-007,94.5,0.5,1.14428,1.14437,1,1
hermes_uni_closed,ug-100-007,95,0.5,1.02166,1.02168,1,1
hermes_uni_closed,ug-100-007,95.5,0.5,0.781574,0.789534,1,1
hermes_uni_closed,ug-100-007,96,0.5,0.474545,0.477218,1,1
hermes_uni_closed,ug-100-007,96.5,0.5,0.182024,0.208043,1,0
hermes_uni_closed,ug-100-007,97,0.5,0.021189,0.0336772,1,0
hermes_uni_closed,ug-100-007,97.5,0.5,-0.077092,0.0970144,1,0
hermes_uni_closed,ug-100-007,98,0.5,-0.073434,0.0898274,1,0
hermes_uni_closed,ug-100-007,98.5,0.5,0.060997,0.070929,1,0
hermes_uni_closed,ug-100-007,99,0.5,0.067831,0.095655,1,0
hermes_uni_closed,ug-100-007,99.5,0.5,0.000606,0.0113112,1,0
hermes_uni_closed,ug-100-007,100,0.5,-0.001349,0.0191386,1,0
hermes_uni_closed,ug-100-007,100.5,0.5,0.003403,0.00729178,1,0
hermes_uni_closed,ug-100-007,101,0.5,0.007865,0.0138943,1,0
hermes_uni_closed,ug-100-007,101.5,0.5,0.022107,0.0319241,1,0
hermes_uni_closed,ug-100-007,102,0.5,0.002007,0.0289347,1,0
hermes_uni_closed,ug-100-007,102.5,0.5,-0.026527,0.0276704,1,0
hermes_uni_closed,ug-100-007,103,0.5,-0.024254,0.0535112,1,0
hermes_uni_closed,ug-100-007,103.5,0.5,-0.012604,0.0237681,1,0
hermes_uni_closed,ug-100-007,104,0.5,0.007083,0.00783527,1,0
hermes_uni_closed,ug-100-007,104.5,0.5,0.001112,0.0239219,1,0
hermes_uni_closed,ug-100-007,105,0.5,-0.060604,0.160165,1,0
hermes_uni_closed,ug-100-007,105.5,0.5,-0.053102,0.193168,1,0
hermes_uni_closed,ug-100-007,106,0.5,0.028963,0.0856685,1,0
hermes_uni_closed,ug-100-007,106.5,0.5,0.04109,0.0440044,1,0
hermes_uni_closed,ug-100-007,107,0.5,0.014074,0.0344765,1,0
hermes_uni_closed,ug-100-015,3.188,0.5,1.40936,1.40956,1,0
hermes_uni_closed,ug-100-015,3.688,0.5,1.56571,1.56666,1,0
hermes_uni_closed,ug-100-015,4.188,1,1.67321,1.67422,2,0
hermes_uni_closed,ug-100-015,4.688,0.5,1.72658,1.7279,1,0
hermes_uni_closed,ug-100-015,5.188,0.5,1.67896,1.67919,1,0
hermes_uni_closed,ug-100-015,6.188,0.5,1.69454,1.69455,1,0
hermes_uni_closed,ug-100-015,6.688,1,1.78077,1.78149,2,0
hermes_uni_closed,ug-100-015,7.188,0.5,1.78551,1.7856,1,0
hermes_uni_closed,ug-100-015,7.688,0.5,1.8466,1.8466,1,0
hermes_uni_closed,ug-100-015,8.188,0.5,1.68318,1.69054,1,1
hermes_uni_closed,ug-100-015,8.688,0.5,1.6916,1.69493,1,1
hermes_uni_closed,ug-100-015,9.188,0.5,1.67122,1.67345,1,1
hermes_uni_closed,ug-100-015,9.688,0.5,1.72969,1.72969,1,1
hermes_uni_closed,ug-100-015,10.188,0.5,1.50997,1.50999,1,1
hermes_uni_closed,ug-100-015,10.688,1,1.47319,1.47327,2,1
hermes_uni_closed,ug-100-015,11.188,0.5,1.42155,1.42292,1,1
hermes_uni_closed,ug-100-015,11.688,0.5,1.43443,1.43615,1,1
hermes_uni_closed,ug-100-015,13.688,0.5,1.29993,1.30066,1,1
hermes_uni_closed,ug-100-015,14.188,0.5,1.30931,1.31233,1,1
hermes_uni_closed,ug-100-015,14.688,0.5,1.28714,1.288,1,1
hermes_uni_closed,ug-100-015,15.188,0.5,1.24429,1.2451,1,1
hermes_uni_closed,ug-100-015,15.688,0.5,1.32536,1.32598,1,1
hermes_uni_closed,ug-100-015,16.188,1,1.31507,1.3152,2,1
hermes_uni_closed,ug-100-015,16.688,0.5,1.30648,1.30651,1,1
hermes_uni_closed,ug-100-015,17.188,1,1.36324,1.36505,2,1
hermes_uni_closed,ug-100-015,17.688,0.5,1.41003,1.41037,1,1
hermes_uni_closed,ug-100-015,18.188,1,1.43809,1.4389,2,1
hermes_uni_closed,ug-100-015,18.688,0.5,1.41972,1.42024,1,1
hermes_uni_closed,ug-100-015,19.188,1,1.38395,1.38478,2,1
hermes_uni_closed,ug-100-015,19.688,0.5,1.36401,1.36534,1,1
hermes_uni_closed,ug-100-015,20.188,0.5,1.38884,1.38964,1,1
hermes_uni_closed,ug-100-015,20.688,0.5,1.38797,1.38808,1,1
hermes_uni_closed,ug-100-015,21.188,0.5,1.40493,1.4054,1,1
hermes_uni_closed,ug-100-015,21.688,1,1.44402,1.44428,2,1
hermes_uni_closed,ug-100-015,22.188,1,1.47538,1.47684,2,1
hermes_uni_closed,ug-100-015,22.688,0.5,1.51896,1.51967,1,1
hermes_uni_closed,ug-100-015,23.188,0.5,1.55483,1.55488,1,1
hermes_uni_closed,ug-100-015,23.688,0.5,1.52987,1.52989,1,1
hermes_uni_closed,ug-100-015,24.188,1,1.54122,1.5427,2,1
hermes_uni_closed,ug-100-015,24.688,0.5,1.5994,1.60191,1,1
hermes_uni_closed,ug-100-015,25.188,0.5,1.58803,1.58918,1,1
hermes_uni_closed,ug-100-015,25.688,0.5,1.59386,1.59486,1,1
hermes_uni_closed,ug-100-015,26.188,1,1.52784,1.52902,2,1
hermes_uni_closed,ug-100-015,26.688,0.5,1.54741,1.54762,1,1
hermes_uni_closed,ug-100-015,27.188,0.5,1.55015,1.5502,1,1
hermes_uni_closed,ug-100-015,27.688,0.5,1.58748,1.59016,1,1
hermes_uni_closed,ug-100-015,28.188,0.5,1.55838,1.55839,1,1
hermes_uni_closed,ug-100-015,28.688,0.5,1.49355,1.4948,1,1
hermes_uni_closed,ug-100-015,29.188,0.5,1.5221,1.52213,1,1
hermes_uni_closed,ug-100-015,29.688,0.5,1.52721,1.52765,1,1
hermes_uni_closed,ug-100-015,33.688,0.5,1.37859,1.37887,1,1
hermes_uni_closed,ug-100-015,34.188,0.5,1.3895,1.3906,1,1
hermes_uni_closed,ug-100-015,34.688,0.5,1.42292,1.4242,1,1
hermes_uni_closed,ug-100-015,35.688,0.5,1.32427,1.32437,1,1
hermes_uni_closed,ug-100-015,36.188,0.5,1.30657,1.30684,1,1
hermes_uni_closed,ug-100-015,36.688,1,1.28526,1.28529,2,1
hermes_uni_closed,ug-100-015,37.188,0.5,1.21842,1.21918,1,1
hermes_uni_closed,ug-100-015,37.688,0.5,1.25194,1.25206,1,1
hermes_uni_closed,ug-100-015,38.188,0.5,1.31267,1.31558,1,1
hermes_uni_closed,ug-100-015,38.688,0.5,1.40733,1.40758,1,1
hermes_uni_closed,ug-100-015,39.188,1,1.37105,1.37157,2,1
hermes_uni_closed,ug-100-015,39.688,1,1.33298,1.33373,2,1
hermes_uni_closed,ug-100-015,40.188,1,1.34183,1.34205,2,1
hermes_uni_closed,ug-100-015,40.688,1,1.32737,1.32744,2,1
hermes_uni_closed,ug-100-015,41.188,0.5,1.3027,1.30319,1,1
hermes_uni_closed,ug-100-015,41.688,1,1.31015,1.31039,2,1
hermes_uni_closed,ug-100-015,42.188,0.5,1.32759,1.32811,1,1
hermes_uni_closed,ug-100-015,42.688,1,1.33172,1.33174,2,1
hermes_uni_closed,ug-100-015,43.188,0.5,1.32468,1.32482,1,1
hermes_uni_closed,ug-100-015,43.688,1,1.30231,1.30285,2,1
hermes_uni_closed,ug-100-015,44.188,1,1.31863,1.31892,2,0
hermes_uni_closed,ug-100-015,44.688,1,1.29857,1.29887,2,0
hermes_uni_closed,ug-100-015,45.188,1,1.32157,1.32206,2,0
hermes_uni_closed,ug-100-015,45.688,0.5,1.36355,1.36409,1,0
hermes_uni_closed,ug-100-015,46.188,1,1.33024,1.33241,2,0
hermes_uni_closed,ug-100-015,46.688,1,1.34343,1.34361,2,0
hermes_uni_closed,ug-100-015,47.188,1,1.31181,1.31183,2,0
hermes_uni_closed,ug-100-015,47.688,1,1.3148,1.31488,2,0
hermes_uni_closed,ug-100-015,48.188,1,1.27122,1.27285,2,0
hermes_uni_closed,ug-100-015,48.688,0.5,1.30044,1.30045,1,0
hermes_uni_closed,ug-100-030,4,0.5,0.081652,0.0961279,1,0
hermes_uni_closed,ug-100-030,4.5,0.5,0.077551,0.0894967,1,0
hermes_uni_closed,ug-100-030,5,0.5,0.097335,0.106009,1,0
hermes_uni_closed,ug-100-030,5.5,0.5,0.034477,0.0940623,1,0
hermes_uni_closed,ug-100-030,6,0.5,-0.11721,0.117273,1,0
hermes_uni_closed,ug-100-030,6.5,0.5,-0.080318,0.119782,1,0
hermes_uni_closed,ug-100-030,7,0.5,-0.032401,0.0424941,1,0
hermes_uni_closed,ug-100-030,7.5,0.5,-0.016285,0.01649,1,0
hermes_uni_closed,ug-100-030,8,0.5,0.010461,0.0110294,1,0
hermes_uni_closed,ug-100-030,8.5,0.5,0.019354,0.0208614,1,0
hermes_uni_closed,ug-100-030,9,0.5,0.039914,0.0421803,1,0
hermes_uni_closed,ug-100-030,9.5,0.5,0.026321,0.0276438,1,0
hermes_uni_closed,ug-100-030,10,0.5,0.016789,0.0216,1,0
hermes_uni_closed,ug-100-030,10.5,0.5,-0.040661,0.109084,1,0
hermes_uni_closed,ug-100-030,11,0.5,-0.034748,0.0792069,1,0
hermes_uni_closed,ug-100-030,11.5,0.5,0.115645,0.133115,1,0
hermes_uni_closed,ug-100-030,12,0.5,0.23609,0.275811,1,0
hermes_uni_closed,ug-100-030,12.5,0.5,0.155157,0.238609,1,0
hermes_uni_closed,ug-100-030,13,0.5,-0.028286,0.0677367,1,1
hermes_uni_closed,ug-100-030,13.5,0.5,-0.110475,0.116558,1,1
hermes_uni_closed,ug-100-030,14,0.5,-0.085551,0.0897452,1,1
hermes_uni_closed,ug-100-030,14.5,0.5,-0.01336,0.0330405,1,1
hermes_uni_closed,ug-100-030,15,0.5,0.022862,0.036303,1,1
hermes_uni_closed,ug-100-030,15.5,0.5,0.024206,0.0322412,1,1
hermes_uni_closed,ug-100-030,16,0.5,0.015767,0.0227269,1,1
hermes_uni_closed,ug-100-030,16.5,0.5,0.007614,0.0100066,1,1
hermes_uni_closed,ug-100-030,17,0.5,0.006715,0.00914837,1,1
hermes_uni_closed,ug-100-030,17.5,0.5,-0.000791,0.00976708,1,1
hermes_uni_closed,ug-100-030,18,0.5,-0.004858,0.0161033,1,1
hermes_uni_closed,ug-100-030,18.5,0.5,0.004747,0.0304997,1,1
hermes_uni_closed,ug-100-030,19,0.5,0.026224,0.0606964,1,1
hermes_uni_closed,ug-100-030,19.5,0.5,0.145129,0.179048,1,1
hermes_uni_closed,ug-100-030,20,0.5,0.331963,0.332326,1,1
hermes_uni_closed,ug-100-030,20.5,0.5,0.434386,0.460138,1,1
hermes_uni_closed,ug-100-030,21,1,0.510547,0.512269,2,1
hermes_uni_closed,ug-100-030,21.5,1,0.662448,0.667784,2,1
hermes_uni_closed,ug-100-030,22,1,0.762748,0.772868,2,1
hermes_uni_closed,ug-100-030,22.5,1.5,0.813612,0.821015,3,1
hermes_uni_closed,ug-100-030,23,1,0.804808,0.807007,2,1
hermes_uni_closed,ug-100-030,23.5,2,0.885748,0.889911,4,1
hermes_uni_closed,ug-100-030,24,2,0.920249,0.924915,4,1
hermes_uni_closed,ug-100-030,24.5,1.5,0.859225,0.859814,3,1
hermes_uni_closed,ug-100-030,25,1.5,0.921489,0.922154,3,1
hermes_uni_closed,ug-100-030,25.5,1,0.961637,0.962619,2,1
hermes_uni_closed,ug-100-030,26,1,0.980642,0.981756,2,1
hermes_uni_closed,ug-100-030,26.5,1,0.999602,0.999686,2,1
hermes_uni_closed,ug-100-030,27,1,1.03787,1.0381,2,1
hermes_uni_closed,ug-100-030,27.5,1,1.01178,1.01232,2,1
hermes_uni_closed,ug-100-030,28,1,1.03838,1.03892,2,1
hermes_uni_closed,ug-100-030,28.5,0.5,1.05824,1.05845,1,1
hermes_uni_closed,ug-100-030,29,1,1.04871,1.05348,2,1
hermes_uni_closed,ug-100-030,29.5,0.5,1.06897,1.06917,1,1
hermes_uni_closed,ug-100-030,30,1,1.09027,1.0917,2,1
hermes_uni_closed,ug-100-030,30.5,0.5,1.17023,1.17036,1,1
hermes_uni_closed,ug-100-030,31,1,1.02952,1.03214,2,1
hermes_uni_closed,ug-100-030,31.5,0.5,0.99071,0.99169,1,1
hermes_uni_closed,ug-100-030,32,1,1.0216,1.02261,2,1
hermes_uni_closed,ug-100-030,32.5,1,0.996846,0.998451,2,1
hermes_uni_closed,ug-100-030,33,1,0.913641,0.917069,2,1
hermes_uni_closed,ug-100-030,33.5,1,0.931836,0.93538,2,1
hermes_uni_closed,ug-100-030,34,1,0.924009,0.924607,2,1
hermes_uni_closed,ug-100-030,34.5,1.5,0.946532,0.949719,3,1
hermes_uni_closed,ug-100-030,35,1,0.908526,0.915716,2,1
hermes_uni_closed,ug-100-030,35.5,1.5,0.980215,0.980665,3,1
hermes_uni_closed,ug-100-030,36,1,0.992647,0.992842,2,1
hermes_uni_closed,ug-100-030,36.5,1,0.934224,0.934936,2,1
hermes_uni_closed,ug-100-030,37,1,0.942317,0.949075,2,1
hermes_uni_closed,ug-100-030,37.5,1,0.915193,0.918488,2,1
hermes_uni_closed,ug-100-030,38,1,0.920409,0.921894,2,1
hermes_uni_closed,ug-100-030,38.5,0.5,0.916373,0.918764,1,1
hermes_uni_closed,ug-100-030,39,1,1.002,1.00258,2,1
hermes_uni_closed,ug-100-030,39.5,1,0.973653,0.973956,2,1
hermes_uni_closed,ug-100-030,40,1,1.00469,1.00525,2,1
hermes_uni_closed,ug-100-030,40.5,1,0.995789,0.999725,2,1
hermes_uni_closed,ug-100-030,41,1,1.0011,1.00182,2,1
hermes_uni_closed,ug-100-030,41.5,1,0.99685,0.997253,2,1
hermes_uni_closed,ug-100-030,42,1,0.971885,0.972985,2,1
hermes_uni_closed,ug-100-030,42.5,1,0.966967,0.969172,2,1
hermes_uni_closed,ug-100-030,43,1,0.889968,0.890218,2,1
hermes_uni_closed,ug-100-030,43.5,1,0.919483,0.925395,2,1
hermes_uni_closed,ug-100-030,44,1,0.95352,0.954975,2,1
hermes_uni_closed,ug-100-030,44.5,1,0.907658,0.908862,2,1
hermes_uni_closed,ug-100-030,45,1.5,0.890653,0.893204,3,1
hermes_uni_closed,ug-100-030,45.5,1,0.917571,0.919685,2,1
hermes_uni_closed,ug-100-030,46,1.5,0.894537,0.895298,3,1
hermes_uni_closed,ug-100-030,46.5,1.5,0.887607,0.88786,3,1
hermes_uni_closed,ug-100-030,47,1,0.889115,0.890264,2,1
hermes_uni_closed,ug-100-030,47.5,1,0.858173,0.858813,2,1
hermes_uni_closed,ug-100-030,48,1,0.913531,0.914144,2,1
hermes_uni_closed,ug-100-030,48.5,1,0.880493,0.881119,2,1
hermes_uni_closed,ug-100-030,49,1,0.865483,0.865915,2,1
hermes_uni_closed,ug-100-030,49.5,1,0.834,0.834053,2,1
hermes_uni_closed,ug-100-030,50,1.5,0.840324,0.841843,3,1
hermes_uni_closed,ug-100-030,50.5,1,0.845375,0.848481,2,1
hermes_uni_closed,ug-100-030,51,1,0.802501,0.802864,2,1
hermes_uni_closed,ug-100-030,51.5,1.5,0.806047,0.810404,3,1
hermes_uni_closed,ug-100-030,52,1.5,0.846296,0.852627,3,1
hermes_uni_closed,ug-100-030,52.5,2,0.886109,0.888668,4,1
hermes_uni_closed,ug-100-030,53,1.5,0.799095,0.804134,3,1
hermes_uni_closed,ug-100-030,53.5,2,0.767098,0.771808,4,1
hermes_uni_closed,ug-100-030,54,1.5,0.736899,0.738163,3,1
hermes_uni_closed,ug-100-030,54.5,1.5,0.764253,0.766059,3,1
hermes_uni_closed,ug-100-030,55,1,0.731764,0.742097,2,1
hermes_uni_closed,ug-100-030,55.5,1.5,0.753145,0.754164,3,1
hermes_uni_closed,ug-100-030,56,1,0.769926,0.770672,2,1
hermes_uni_closed,ug-100-030,56.5,1,0.805662,0.807284,2,1
hermes_uni_closed,ug-100-030,57,1,0.800266,0.801888,2,1
hermes_uni_closed,ug-100-030,57.5,1,0.833006,0.835788,2,1
hermes_uni_closed,ug-100-030,58,1,0.846812,0.856896,2,1
hermes_uni_closed,ug-100-030,58.5,1,0.877799,0.878457,2,1
hermes_uni_closed,ug-100-030,59,1,0.929321,0.929954,2,1
hermes_uni_closed,ug-100-030,59.5,1,0.889688,0.892457,2,1
hermes_uni_closed,ug-100-030,60,1,0.907778,0.910325,2,1
hermes_uni_closed,ug-100-030,60.5,0.5,0.921027,0.923389,1,1
hermes_uni_closed,ug-100-030,61,1,0.924342,0.925554,2,1
hermes_uni_closed,ug-100-030,61.5,0.5,0.889469,0.89213,1,1
hermes_uni_closed,ug-100-030,62,1,0.91024,0.913487,2,1
hermes_uni_closed,ug-100-030,62.5,1,0.921554,0.922439,2,1
hermes_uni_closed,ug-100-030,63,1,0.892814,0.896479,2,1
hermes_uni_closed,ug-100-030,63.5,1,0.917907,0.922112,2,1
hermes_uni_closed,ug-100-030,64,1,0.919167,0.921868,2,1
hermes_uni_closed,ug-100-030,64.5,1.5,0.931884,0.934892,3,1
hermes_uni_closed,ug-100-030,65,1,0.911809,0.912284,2,1
hermes_uni_closed,ug-100-030,65.5,1.5,0.896824,0.901179,3,1
hermes_uni_closed,ug-100-030,66,1,0.865048,0.86674,2,1
hermes_uni_closed,ug-100-030,66.5,1,0.858133,0.858937,2,1
hermes_uni_closed,ug-100-030,67,1,0.851608,0.852634,2,1
hermes_uni_closed,ug-100-030,67.5,1,0.847931,0.84998,2,1
hermes_uni_closed,ug-100-030,68,1,0.839995,0.841762,2,1
hermes_uni_closed,ug-100-030,68.5,1,0.852491,0.861527,2,1
hermes_uni_closed,ug-100-030,69,1,0.869793,0.871703,2,1
hermes_uni_closed,ug-100-030,69.5,1,0.874451,0.886511,2,1
hermes_uni_closed,ug-100-030,70,1,0.894182,0.901625,2,1
hermes_uni_closed,ug-100-030,70.5,1,0.935082,0.935534,2,1
hermes_uni_closed,ug-100-030,71,1,1.00828,1.01037,2,1
hermes_uni_closed,ug-100-030,71.5,1,1.00457,1.00458,2,1
hermes_uni_closed,ug-100-030,72,1,1.00575,1.00638,2,1
hermes_uni_closed,ug-100-030,72.5,0.5,0.985335,0.986633,1,1
hermes_uni_closed,ug-100-030,73,1,0.94533,0.947855,2,1
hermes_uni_closed,ug-100-030,73.5,1,0.987062,0.987937,2,1
hermes_uni_closed,ug-100-030,74,1,0.942077,0.943528,2,1
hermes_uni_closed,ug-100-030,74.5,1,0.95538,0.957079,2,1
hermes_uni_closed,ug-100-030,75,1,0.950792,0.951271,2,1
hermes_uni_closed,ug-100-030,75.5,1,1.03517,1.03529,2,1
hermes_uni_closed,ug-100-030,76,0.5,0.992169,0.992221,1,1
hermes_uni_closed,ug-100-030,76.5,1,1.09449,1.09467,2,1
hermes_uni_closed,ug-100-030,77,0.5,1.15822,1.15925,1,1
hermes_uni_closed,ug-100-030,77.5,1,1.06014,1.06071,2,1
hermes_uni_closed,ug-100-030,78,1,0.954129,0.961719,2,1
hermes_uni_closed,ug-100-030,78.5,1,1.03311,1.03625,2,1
hermes_uni_closed,ug-100-030,79,1,1.05651,1.05867,2,1
hermes_uni_closed,ug-100-030,79.5,1,0.999237,1.00181,2,1
hermes_uni_closed,ug-100-030,80,0.5,1.05285,1.05286,1,1
hermes_uni_closed,ug-100-030,80.5,1,1.06188,1.06193,2,1
hermes_uni_closed,ug-100-030,81,1.5,1.04884,1.0495,3,1
hermes_uni_closed,ug-100-030,81.5,1.5,1.06605,1.0665,3,1
hermes_uni_closed,ug-100-030,82,1.5,1.08602,1.08618,3,1
hermes_uni_closed,ug-100-030,82.5,2,1.0723,1.07475,4,1
hermes_uni_closed,ug-100-030,83,2,1.07136,1.0728,4,1
hermes_uni_closed,ug-100-030,83.5,2,1.06245,1.06383,4,1
hermes_uni_closed,ug-100-030,84,1.5,1.07323,1.07428,3,1
hermes_uni_closed,ug-100-030,84.5,1,1.02097,1.02148,2,1
hermes_uni_closed,ug-100-030,85,1,1.07229,1.07292,2,0
hermes_uni_closed,ug-100-030,85.5,0.5,1.17521,1.17949,1,0
hermes_uni_closed,ug-100-030,86,1,1.14592,1.1475,2,0
hermes_uni_closed,ug-100-030,86.5,0.5,1.03201,1.03874,1,0
hermes_uni_closed,ug-100-030,87,0.5,1.02523,1.02523,1,0
hermes_uni_closed,ug-100-030,87.5,1,1.10803,1.10911,2,0
hermes_uni_closed,ug-100-030,88,0.5,1.10502,1.10514,1,0
hermes_uni_closed,ug-100-030,88.5,0.5,1.13001,1.13529,1,0
hermes_uni_closed,ug-100-030,89,1,1.12321,1.12428,2,0
hermes_uni_closed,ug-100-030,89.5,0.5,1.18089,1.18143,1,0
hermes_uni_closed,ug-100-030,90,1,1.11095,1.11249,2,0
hermes_uni_closed,ug-100-030,90.5,0.5,1.03412,1.03498,1,0
hermes_uni_closed,ug-100-030,91,1,1.04197,1.04473,2,0
hermes_uni_closed,ug-100-030,91.5,1,1.12777,1.12943,2,0
hermes_uni_closed,ug-100-030,92,1,1.11762,1.12044,2,0
hermes_uni_closed,ug-100-030,92.5,1,1.17395,1.17532,2,0
hermes_uni_closed,ug-100-030,93,0.5,1.21191,1.21205,1,0
hermes_uni_closed,ug-100-030,93.5,0.5,1.1929,1.19341,1,0
hermes_uni_closed,ug-100-045,0.5,0.5,1.2793,1.28506,1,0
hermes_uni_closed,ug-100-045,1,0.5,1.25169,1.25694,1,0
hermes_uni_closed,ug-100-045,1.5,1.5,1.26871,1.26978,3,0
hermes_uni_closed,ug-100-045,2,1,1.2828,1.28308,2,0
hermes_uni_closed,ug-100-045,2.5,0.5,1.19482,1.19543,1,0
hermes_uni_closed,ug-100-045,3,0.5,1.20779,1.20805,1,0
hermes_uni_closed,ug-100-045,3.5,1,1.21628,1.21787,2,0
hermes_uni_closed,ug-100-045,4,1,1.25098,1.25147,2,0
hermes_uni_closed,ug-100-045,4.5,1,1.26513,1.2652,2,0
hermes_uni_closed,ug-100-045,5,0.5,1.25909,1.25941,1,0
hermes_uni_closed,ug-100-045,5.5,1,1.2574,1.25814,2,0
hermes_uni_closed,ug-100-045,6,0.5,1.27463,1.27588,1,0
hermes_uni_closed,ug-100-045,6.5,1,1.30107,1.30136,2,0
hermes_uni_closed,ug-100-045,7,0.5,1.30487,1.30531,1,0
hermes_uni_closed,ug-100-045,7.5,1,1.25866,1.26059,2,0
hermes_uni_closed,ug-100-045,8,0.5,1.23152,1.23246,1,0
hermes_uni_closed,ug-100-045,8.5,1,1.20693,1.20798,2,0
hermes_uni_closed,ug-100-045,9,1,1.17806,1.17894,2,0
hermes_uni_closed,ug-100-045,9.5,1,1.20677,1.21257,2,0
hermes_uni_closed,ug-100-045,10,1,1.21538,1.21653,2,0
hermes_uni_closed,ug-100-045,10.5,1,1.20028,1.2008,2,0
hermes_uni_closed,ug-100-045,11,0.5,1.19244,1.19261,1,0
hermes_uni_closed,ug-100-045,11.5,1,1.1562,1.15651,2,1
hermes_uni_closed,ug-100-045,12,0.5,1.18593,1.19012,1,1
hermes_uni_closed,ug-100-045,12.5,1,1.18088,1.18213,2,1
hermes_uni_closed,ug-100-045,13,1,1.15484,1.15568,2,1
hermes_uni_closed,ug-100-045,13.5,1.5,1.16974,1.17167,3,1
hermes_uni_closed,ug-100-045,14,2,1.15926,1.15999,4,1
hermes_uni_closed,ug-100-045,14.5,1,1.11788,1.11939,2,1
hermes_uni_closed,ug-100-045,15,1.5,1.18594,1.18701,3,1
hermes_uni_closed,ug-100-045,15.5,0.5,1.27027,1.27058,1,1
hermes_uni_closed,ug-100-045,16,1,1.21902,1.22074,2,1
hermes_uni_closed,ug-100-045,16.5,0.5,1.24273,1.24294,1,1
hermes_uni_closed,ug-100-045,17,1,1.18503,1.18534,2,1
hermes_uni_closed,ug-100-045,17.5,1,1.14236,1.14256,2,1
hermes_uni_closed,ug-100-045,18,1,1.1386,1.13864,2,1
hermes_uni_closed,ug-100-045,18.5,1.5,1.17435,1.17533,3,1
hermes_uni_closed,ug-100-045,19,0.5,1.17989,1.18264,1,1
hermes_uni_closed,ug-100-045,19.5,1,1.13204,1.13255,2,1
hermes_uni_closed,ug-100-045,20,1,1.01184,1.01252,2,1
hermes_uni_closed,ug-100-045,20.5,1,0.86661,0.868442,2,1
hermes_uni_closed,ug-100-045,21,1.5,0.773516,0.776786,3,1
hermes_uni_closed,ug-100-045,21.5,2,0.522936,0.524503,4,1
hermes_uni_closed,ug-100-045,22,2,0.265148,0.289322,4,1
hermes_uni_closed,ug-100-045,22.5,1.5,0.0822099,0.103986,3,1
hermes_uni_closed,ug-100-045,23,1.5,0.0481254,0.0992997,3,1
hermes_uni_closed,ug-100-045,23.5,1.5,0.0332342,0.0633645,3,1
hermes_uni_closed,ug-100-045,24,1.5,0.0167038,0.0254002,3,1
hermes_uni_closed,ug-100-045,24.5,1.5,0.000200333,0.0215647,3,1
hermes_uni_closed,ug-100-045,25,1.5,-0.0175429,0.0346562,3,1
hermes_uni_closed,ug-100-045,25.5,1.5,0.0014575,0.0293909,3,1
hermes_uni_closed,ug-100-045,26,1.5,0.0547973,0.0726761,3,1
hermes_uni_closed,ug-100-045,26.5,1.5,0.0735426,0.100728,3,1
hermes_uni_closed,ug-100-045,27,1.5,0.0756493,0.0953078,3,1
hermes_uni_closed,ug-100-045,27.5,1.5,0.191275,0.261726,3,1
hermes_uni_closed,ug-100-045,28,1,0.196894,0.290811,2,1
hermes_uni_closed,ug-100-045,28.5,1,0.463626,0.473831,2,1
hermes_uni_closed,ug-100-045,29,1,0.664966,0.665966,2,1
hermes_uni_closed,ug-100-045,29.5,1,0.54105,0.543857,2,1
hermes_uni_closed,ug-100-045,30,1,0.478083,0.478901,2,1
hermes_uni_closed,ug-100-045,30.5,1.5,0.359592,0.362461,3,1
hermes_uni_closed,ug-100-045,31,1.5,0.270725,0.287798,3,1
hermes_uni_closed,ug-100-045,31.5,1.5,0.218608,0.220126,3,1
hermes_uni_closed,ug-100-045,32,1.5,0.128958,0.140326,3,1
hermes_uni_closed,ug-100-045,32.5,2,0.0921195,0.100021,4,1
hermes_uni_closed,ug-100-045,33,1.5,0.042897,0.0630484,3,1
hermes_uni_closed,ug-100-045,33.5,1.5,0.010306,0.0307096,3,1
hermes_uni_closed,ug-100-045,34,1.5,-0.000274667,0.0195713,3,1
hermes_uni_closed,ug-100-045,34.5,1.5,0.00669467,0.0136683,3,1
hermes_uni_closed,ug-100-045,35,1.5,0.00882367,0.0114618,3,1
hermes_uni_closed,ug-100-045,35.5,1.5,0.015577,0.0160398,3,1
hermes_uni_closed,ug-100-045,36,1.5,0.0140137,0.0167024,3,1
hermes_uni_closed,ug-100-045,36.5,1.5,0.00895767,0.0109463,3,1
hermes_uni_closed,ug-100-045,37,1.5,0.0111837,0.0113185,3,1
hermes_uni_closed,ug-100-045,37.5,1.5,0.00176467,0.00882615,3,1
hermes_uni_closed,ug-100-045,38,1.5,0.00803733,0.0109947,3,1
hermes_uni_closed,ug-100-045,38.5,1.5,0.075165,0.0852455,3,1
hermes_uni_closed,ug-100-045,39,1.5,0.175345,0.192672,3,1
hermes_uni_closed,ug-100-045,39.5,1.5,0.276794,0.30719,3,1
hermes_uni_closed,ug-100-045,40,2,0.442539,0.44923,4,1
hermes_uni_closed,ug-100-045,40.5,2,0.59452,0.60639,4,1
hermes_uni_closed,ug-100-045,41,1.5,0.695916,0.69662,3,1
hermes_uni_closed,ug-100-045,41.5,2,0.713557,0.716206,4,1
hermes_uni_closed,ug-100-045,42,1.5,0.772702,0.77743,3,1
hermes_uni_closed,ug-100-045,42.5,1.5,0.841802,0.843086,3,1
hermes_uni_closed,ug-100-045,43,1.5,0.864008,0.865335,3,1
hermes_uni_closed,ug-100-045,43.5,1.5,0.909411,0.909487,3,1
hermes_uni_closed,ug-100-045,44,1,0.950292,0.952076,2,1
hermes_uni_closed,ug-100-045,44.5,1.5,0.970436,0.970622,3,1
hermes_uni_closed,ug-100-045,45,1.5,1.01894,1.01996,3,1
hermes_uni_closed,ug-100-045,45.5,1.5,1.01604,1.01662,3,1
hermes_uni_closed,ug-100-045,46,2,1.08853,1.08915,4,1
hermes_uni_closed,ug-100-045,46.5,1.5,1.11049,1.11126,3,1
hermes_uni_closed,ug-100-045,47,1.5,1.09898,1.09985,3,1
hermes_uni_closed,ug-100-045,47.5,1.5,0.974853,0.976397,3,1
hermes_uni_closed,ug-100-045,48,1,1.05624,1.05797,2,1
hermes_uni_closed,ug-100-045,48.5,1,0.963893,0.964958,2,1
hermes_uni_closed,ug-100-045,49,1,0.970343,0.974941,2,1
hermes_uni_closed,ug-100-045,49.5,1,0.804493,0.804568,2,1
hermes_uni_closed,ug-100-045,50,1,0.909396,0.914679,2,1
hermes_uni_closed,ug-100-045,50.5,1.5,0.886642,0.887505,3,1
hermes_uni_closed,ug-100-045,51,1.5,0.874517,0.874817,3,1
hermes_uni_closed,ug-100-045,51.5,1.5,0.783189,0.783496,3,1
hermes_uni_closed,ug-100-045,52,1.5,0.734867,0.738807,3,1
hermes_uni_closed,ug-100-045,52.5,1.5,0.796311,0.797262,3,1
hermes_uni_closed,ug-100-045,53,1,0.786364,0.790602,2,1
hermes_uni_closed,ug-100-045,53.5,0.5,0.799651,0.799711,1,1
hermes_uni_closed,ug-100-045,54,1,0.88076,0.883449,2,1
hermes_uni_closed,ug-100-045,54.5,1,0.842248,0.845968,2,1
hermes_uni_closed,ug-100-045,55,1.5,0.952766,0.953593,3,1
hermes_uni_closed,ug-100-045,55.5,1.5,0.851617,0.853954,3,1
hermes_uni_closed,ug-100-045,56,2,0.83547,0.838581,4,1
hermes_uni_closed,ug-100-045,56.5,1.5,0.843701,0.846516,3,1
hermes_uni_closed,ug-100-045,57,2,0.853997,0.854918,4,1
hermes_uni_closed,ug-100-045,57.5,1,0.86166,0.864911,2,1
hermes_uni_closed,ug-100-045,58,1.5,0.848606,0.853136,3,1
hermes_uni_closed,ug-100-045,58.5,1.5,0.905236,0.908067,3,1
hermes_uni_closed,ug-100-045,59,1,0.859715,0.861823,2,1
hermes_uni_closed,ug-100-045,59.5,1,0.792417,0.79614,2,1
hermes_uni_closed,ug-100-045,60,1,0.902392,0.906388,2,1
hermes_uni_closed,ug-100-045,60.5,1.5,0.895418,0.898206,3,1
hermes_uni_closed,ug-100-045,61,1.5,0.989063,0.990311,3,1
hermes_uni_closed,ug-100-045,61.5,1.5,0.918421,0.920915,3,1
hermes_uni_closed,ug-100-045,62,1.5,0.876917,0.879416,3,1
hermes_uni_closed,ug-100-045,62.5,1.5,0.899333,0.903453,3,1
hermes_uni_closed,ug-100-045,63,2,0.862481,0.863666,4,1
hermes_uni_closed,ug-100-045,63.5,2,0.807676,0.808669,4,1
hermes_uni_closed,ug-100-045,64,2.5,0.811123,0.812004,5,1
hermes_uni_closed,ug-100-045,64.5,2,0.76621,0.768414,4,1
hermes_uni_closed,ug-100-045,65,2.5,0.738416,0.742716,5,1
hermes_uni_closed,ug-100-045,65.5,2,0.632061,0.635205,4,1
hermes_uni_closed,ug-100-045,66,2,0.623262,0.625155,4,1
hermes_uni_closed,ug-100-045,66.5,2,0.571264,0.576906,4,1
hermes_uni_closed,ug-100-045,67,2,0.62026,0.625207,4,1
hermes_uni_closed,ug-100-045,67.5,2,0.64726,0.653849,4,1
hermes_uni_closed,ug-100-045,68,1,0.62956,0.646151,2,1
hermes_uni_closed,ug-100-045,68.5,2,0.649039,0.650716,4,1
hermes_uni_closed,ug-100-045,69,1.5,0.661232,0.66213,3,1
hermes_uni_closed,ug-100-045,69.5,2,0.700446,0.711999,4,1
hermes_uni_closed,ug-100-045,70,1.5,0.673858,0.676368,3,1
hermes_uni_closed,ug-100-045,70.5,1.5,0.678957,0.679733,3,1
hermes_uni_closed,ug-100-045,71,2.5,0.682338,0.685144,5,1
hermes_uni_closed,ug-100-045,71.5,1.5,0.659329,0.666894,3,1
hermes_uni_closed,ug-100-045,72,1.5,0.657752,0.65999,3,1
hermes_uni_closed,ug-100-045,72.5,1.5,0.665008,0.670439,3,1
hermes_uni_closed,ug-100-045,73,1.5,0.678254,0.687683,3,1
hermes_uni_closed,ug-100-045,73.5,1.5,0.694356,0.695641,3,1
hermes_uni_closed,ug-100-045,74,1.5,0.716313,0.719686,3,1
hermes_uni_closed,ug-100-045,74.5,2,0.709017,0.710968,4,1
hermes_uni_closed,ug-100-045,75,2.5,0.69136,0.694991,5,1
hermes_uni_closed,ug-100-045,75.5,2.5,0.708579,0.71048,5,1
hermes_uni_closed,ug-100-045,76,3,0.65548,0.657931,6,1
hermes_uni_closed,ug-100-045,76.5,3,0.708017,0.710296,6,1
hermes_uni_closed,ug-100-045,77,2,0.701389,0.703595,4,1
hermes_uni_closed,ug-100-045,77.5,2.5,0.686689,0.689759,5,1
hermes_uni_closed,ug-100-045,78,1.5,0.776045,0.778309,3,1
hermes_uni_closed,ug-100-045,78.5,2,0.755034,0.760294,4,1
hermes_uni_closed,ug-100-045,79,1.5,0.639485,0.641387,3,1
hermes_uni_closed,ug-100-045,79.5,2,0.663281,0.664516,4,1
hermes_uni_closed,ug-100-045,80,1.5,0.725839,0.729869,3,1
hermes_uni_closed,ug-100-045,80.5,2,0.806547,0.807985,4,1
hermes_uni_closed,ug-100-045,81,2.5,0.844239,0.845395,5,1
hermes_uni_closed,ug-100-045,81.5,2,0.88411,0.885045,4,1
hermes_uni_closed,ug-100-045,82,2,0.877536,0.877814,4,1
hermes_uni_closed,ug-100-045,82.5,1.5,0.885878,0.887189,3,1
hermes_uni_closed,ug-100-045,83,1,0.865672,0.867873,2,1
hermes_uni_closed,ug-100-045,83.5,1.5,0.860849,0.861185,3,1
hermes_uni_closed,ug-100-045,84,1.5,0.896324,0.898589,3,1
hermes_uni_closed,ug-100-045,84.5,1,0.893085,0.893611,2,1
hermes_uni_closed,ug-100-045,85,1,0.855199,0.859911,2,1
hermes_uni_closed,ug-100-045,85.5,1,0.864644,0.866739,2,1
hermes_uni_closed,ug-100-045,86,1.5,0.859,0.862129,3,1
hermes_uni_closed,ug-100-045,86.5,1.5,0.846151,0.846579,3,1
hermes_uni_closed,ug-100-045,87,1,0.833462,0.833469,2,1
hermes_uni_closed,ug-100-045,87.5,1.5,0.816672,0.820565,3,1
hermes_uni_closed,ug-100-045,88,1,0.828228,0.828844,2,1
hermes_uni_closed,ug-100-045,88.5,0.5,0.867176,0.872902,1,1
hermes_uni_closed,ug-100-045,89,1,0.826583,0.832282,2,1
hermes_uni_closed,ug-100-045,89.5,1,0.853704,0.85761,2,1
hermes_uni_closed,ug-100-045,90,1,0.819848,0.821031,2,1
hermes_uni_closed,ug-100-045,90.5,1.5,0.863142,0.863975,3,1
hermes_uni_closed,ug-100-045,91,1,0.893623,0.89462,2,1
hermes_uni_closed,ug-100-045,91.5,1.5,0.929741,0.931523,3,1
hermes_uni_closed,ug-100-045,92,2,0.93368,0.935075,4,1
hermes_uni_closed,ug-100-045,92.5,1,0.959108,0.962224,2,1
hermes_uni_closed,ug-100-045,93,1.5,0.907332,0.914754,3,1
hermes_uni_closed,ug-100-045,93.5,1.5,0.936093,0.938493,3,1
hermes_uni_closed,ug-100-045,94,1,0.989623,0.989766,2,1
hermes_uni_closed,ug-100-045,94.5,1.5,0.908456,0.908653,3,1
hermes_uni_closed,ug-100-045,95,1.5,0.838248,0.840753,3,1
hermes_uni_closed,ug-100-045,95.5,1.5,0.815658,0.817452,3,1
hermes_uni_closed,ug-100-045,96,1.5,0.843799,0.844286,3,1
hermes_uni_closed,ug-100-045,96.5,2,0.845998,0.84757,4,0
hermes_uni_closed,ug-100-045,97,1.5,0.904436,0.90489,3,0
hermes_uni_closed,ug-100-045,97.5,2,0.876302,0.877151,4,0
hermes_uni_closed,ug-100-045,98,2,0.877311,0.878064,4,0
hermes_uni_closed,ug-100-045,98.5,2,0.814943,0.815683,4,0
hermes_uni_closed,ug-100-045,99,2,0.616337,0.619243,4,0
hermes_uni_closed,ug-100-045,99.5,1.5,0.42352,0.424365,3,0
hermes_uni_closed,ug-100-045,100,1.5,0.218936,0.222641,3,0
hermes_uni_closed,ug-100-045,100.5,1,0.0490335,0.05046,2,0
hermes_uni_closed,ug-100-045,101,1,0.009884,0.020978,2,0
hermes_uni_closed,ug-100-045,101.5,1,-0.0003585,0.0223971,2,0
hermes_uni_closed,ug-100-045,102,1,0.056957,0.062995,2,0
hermes_uni_closed,ug-100-045,102.5,1,0.327206,0.330905,2,0
hermes_uni_closed,ug-100-045,103,1,0.612294,0.612805,2,0
hermes_uni_closed,ug-100-045,103.5,1,0.747303,0.749184,2,0
hermes_uni_closed,ug-100-045,104,1.5,0.738442,0.739174,3,0
hermes_uni_closed,ug-100-045,104.5,1.5,0.658023,0.660118,3,0
hermes_uni_closed,ug-100-045,105,1.5,0.725328,0.728736,3,0
hermes_uni_closed,ug-100-045,105.5,1.5,0.641996,0.647249,3,0
hermes_uni_closed,ug-100-045,106,1,0.67128,0.672314,2,0
hermes_uni_closed,ug-100-045,106.5,1,0.730816,0.732535,2,0
hermes_uni_closed,ug-100-045,107,1,0.691083,0.703764,2,0
hermes_uni_closed,ug-100-060,0.5,3,0.152424,0.160106,6,0
hermes_uni_closed,ug-100-060,1,3,0.202537,0.217139,6,0
hermes_uni_closed,ug-100-060,1.5,3,0.161096,0.170704,6,0
hermes_uni_closed,ug-100-060,2,3,0.0618779,0.0844644,6,0
hermes_uni_closed,ug-100-060,2.5,3,0.0181432,0.0424106,6,0
hermes_uni_closed,ug-100-060,3,3,0.0143633,0.0319015,6,0
hermes_uni_closed,ug-100-060,3.5,3,0.0181735,0.0325537,6,0
hermes_uni_closed,ug-100-060,4,3,0.0217764,0.0284657,6,0
hermes_uni_closed,ug-100-060,4.5,3,0.0143957,0.0160487,6,0
hermes_uni_closed,ug-100-060,5,3,0.00587343,0.0166342,6,0
hermes_uni_closed,ug-100-060,5.5,3,0.0456183,0.056434,6,0
hermes_uni_closed,ug-100-060,6,2,0.23772,0.2528,4,0
hermes_uni_closed,ug-100-060,6.5,2,0.508255,0.5115,4,0
hermes_uni_closed,ug-100-060,7,2,0.667195,0.671462,4,0
hermes_uni_closed,ug-100-060,7.5,2,0.702905,0.70444,4,0
hermes_uni_closed,ug-100-060,8,2,0.766775,0.768431,4,1
hermes_uni_closed,ug-100-060,8.5,2,0.775109,0.776861,4,1
hermes_uni_closed,ug-100-060,9,2,0.786596,0.787779,4,1
hermes_uni_closed,ug-100-060,9.5,2,0.795576,0.80097,4,1
hermes_uni_closed,ug-100-060,10,2.5,0.763786,0.765876,5,1
hermes_uni_closed,ug-100-060,10.5,2,0.752813,0.753099,4,1
hermes_uni_closed,ug-100-060,11,2.5,0.665425,0.668118,5,1
hermes_uni_closed,ug-100-060,11.5,2,0.662439,0.664334,4,1
hermes_uni_closed,ug-100-060,12,2,0.576225,0.577023,4,1
hermes_uni_closed,ug-100-060,12.5,2,0.553387,0.557143,4,1
hermes_uni_closed,ug-100-060,13,1.5,0.535776,0.54555,3,1
hermes_uni_closed,ug-100-060,13.5,2,0.508956,0.514655,4,1
hermes_uni_closed,ug-100-060,14,2,0.443352,0.451287,4,1
hermes_uni_closed,ug-100-060,14.5,1.5,0.409447,0.416765,3,1
hermes_uni_closed,ug-100-060,15,2.5,0.438514,0.445373,5,1
hermes_uni_closed,ug-100-060,15.5,2,0.394082,0.39962,4,1
hermes_uni_closed,ug-100-060,16,2,0.298992,0.313399,4,1
hermes_uni_closed,ug-100-060,16.5,2,0.22633,0.240063,4,1
hermes_uni_closed,ug-100-060,17,2,0.223999,0.238269,4,1
hermes_uni_closed,ug-100-060,17.5,2,0.217394,0.223441,4,1
hermes_uni_closed,ug-100-060,18,2,0.26072,0.269193,4,1
hermes_uni_closed,ug-100-060,18.5,2.5,0.280755,0.298734,5,1
hermes_uni_closed,ug-100-060,19,2,0.292681,0.305794,4,1
hermes_uni_closed,ug-100-060,19.5,2.5,0.328812,0.335773,5,1
hermes_uni_closed,ug-100-060,20,2.5,0.340745,0.348283,5,1
hermes_uni_closed,ug-100-060,20.5,2.5,0.311959,0.326255,5,1
hermes_uni_closed,ug-100-060,21,1.5,0.302443,0.314549,3,1
hermes_uni_closed,ug-100-060,21.5,2,0.299579,0.315216,4,1
hermes_uni_closed,ug-100-060,22,2,0.311823,0.343181,4,1
hermes_uni_closed,ug-100-060,22.5,2,0.306908,0.319387,4,1
hermes_uni_closed,ug-100-060,23,2,0.307917,0.322677,4,1
hermes_uni_closed,ug-100-060,23.5,2,0.28968,0.308145,4,1
hermes_uni_closed,ug-100-060,24,2,0.268224,0.282599,4,1
hermes_uni_closed,ug-100-060,24.5,2,0.306389,0.333884,4,1
hermes_uni_closed,ug-100-060,25,1.5,0.304002,0.32004,3,1
hermes_uni_closed,ug-100-060,25.5,1.5,0.359642,0.370727,3,1
hermes_uni_closed,ug-100-060,26,1,0.362595,0.36965,2,1
hermes_uni_closed,ug-100-060,26.5,1.5,0.362297,0.377702,3,1
hermes_uni_closed,ug-100-060,27,1.5,0.374568,0.380265,3,1
hermes_uni_closed,ug-100-060,27.5,1,0.383721,0.403437,2,1
hermes_uni_closed,ug-100-060,28,1,0.407693,0.410392,2,1
hermes_uni_closed,ug-100-060,28.5,1,0.435051,0.440242,2,1
hermes_uni_closed,ug-100-060,29,0.5,0.485132,0.492267,1,1
hermes_uni_closed,ug-100-060,29.5,1,0.473582,0.501152,2,1
hermes_uni_closed,ug-100-060,30,1,0.526227,0.532167,2,1
hermes_uni_closed,ug-100-060,30.5,1,0.572848,0.589503,2,1
hermes_uni_closed,ug-100-060,31,0.5,0.65974,0.662574,1,1
hermes_uni_closed,ug-100-060,31.5,1,0.672642,0.673127,2,1
hermes_uni_closed,ug-100-060,32,1,0.696314,0.703473,2,1
hermes_uni_closed,ug-100-060,32.5,1,0.683427,0.690217,2,1
hermes_uni_closed,ug-100-060,33,1,0.710811,0.715283,2,1
hermes_uni_closed,ug-100-060,33.5,1.5,0.728641,0.733125,3,1
hermes_uni_closed,ug-100-060,34,2,0.681773,0.683569,4,1
hermes_uni_closed,ug-100-060,34.5,1.5,0.669817,0.675539,3,1
hermes_uni_closed,ug-100-060,35,2.5,0.688113,0.692697,5,1
hermes_uni_closed,ug-100-060,35.5,2,0.621496,0.623479,4,1
hermes_uni_closed,ug-100-060,36,2.5,0.633104,0.641482,5,1
hermes_uni_closed,ug-100-060,36.5,3,0.670928,0.671598,6,1
hermes_uni_closed,ug-100-060,37,2,0.665687,0.678463,4,1
hermes_uni_closed,ug-100-060,37.5,2,0.666151,0.667672,4,1
hermes_uni_closed,ug-100-060,38,1.5,0.639631,0.640085,3,1
hermes_uni_closed,ug-100-060,38.5,2,0.679794,0.681567,4,1
hermes_uni_closed,ug-100-060,39,1.5,0.686253,0.689801,3,1
hermes_uni_closed,ug-100-060,39.5,1.5,0.715839,0.717279,3,1
hermes_uni_closed,ug-100-060,40,1.5,0.701343,0.704019,3,1
hermes_uni_closed,ug-100-060,40.5,1,0.660459,0.666419,2,1
hermes_uni_closed,ug-100-060,41,1.5,0.738765,0.739782,3,1
hermes_uni_closed,ug-100-060,41.5,1.5,0.690722,0.694085,3,1
hermes_uni_closed,ug-100-060,42,2,0.66167,0.667092,4,1
hermes_uni_closed,ug-100-060,42.5,2,0.651015,0.655459,4,1
hermes_uni_closed,ug-100-060,43,2.5,0.611726,0.620377,5,1
hermes_uni_closed,ug-100-060,43.5,3,0.564028,0.571028,6,1
hermes_uni_closed,ug-100-060,44,2,0.568409,0.576896,4,1
hermes_uni_closed,ug-100-060,44.5,2,0.546187,0.557005,4,1
hermes_uni_closed,ug-100-060,45,1.5,0.491402,0.503768,3,1
hermes_uni_closed,ug-100-060,45.5,2,0.532664,0.542972,4,1
hermes_uni_closed,ug-100-060,46,1.5,0.529736,0.542315,3,1
hermes_uni_closed,ug-100-060,46.5,1.5,0.58267,0.585057,3,1
hermes_uni_closed,ug-100-060,47,2,0.544223,0.54682,4,1
hermes_uni_closed,ug-100-060,47.5,1.5,0.511651,0.527193,3,1
hermes_uni_closed,ug-100-060,48,2,0.558027,0.560204,4,1
hermes_uni_closed,ug-100-060,48.5,2.5,0.521034,0.528944,5,1
hermes_uni_closed,ug-100-060,49,2.5,0.483072,0.490461,5,1
hermes_uni_closed,ug-100-060,49.5,2.5,0.483488,0.488716,5,1
hermes_uni_closed,ug-100-060,50,2,0.480272,0.4905,4,1
hermes_uni_closed,ug-100-060,50.5,2.5,0.48489,0.489765,5,1
hermes_uni_closed,ug-100-060,51,3,0.458808,0.466738,6,1
hermes_uni_closed,ug-100-060,51.5,2.5,0.453554,0.470984,5,1
hermes_uni_closed,ug-100-060,52,2,0.49037,0.49358,4,1
hermes_uni_closed,ug-100-060,52.5,3,0.483707,0.489099,6,1
hermes_uni_closed,ug-100-060,53,2.5,0.455295,0.459742,5,1
hermes_uni_closed,ug-100-060,53.5,2.5,0.441539,0.447923,5,1
hermes_uni_closed,ug-100-060,54,2.5,0.445018,0.450454,5,1
hermes_uni_closed,ug-100-060,54.5,2.5,0.434655,0.440427,5,1
hermes_uni_closed,ug-100-060,55,2,0.44901,0.466009,4,1
hermes_uni_closed,ug-100-060,55.5,2,0.470655,0.472619,4,1
hermes_uni_closed,ug-100-060,56,2,0.449775,0.469216,4,1
hermes_uni_closed,ug-100-060,56.5,2,0.416632,0.417451,4,1
hermes_uni_closed,ug-100-060,57,2,0.454097,0.461392,4,1
hermes_uni_closed,ug-100-060,57.5,2,0.441378,0.456739,4,1
hermes_uni_closed,ug-100-060,58,2,0.441159,0.443616,4,1
hermes_uni_closed,ug-100-060,58.5,2,0.442112,0.456337,4,1
hermes_uni_closed,ug-100-060,59,2,0.382175,0.402209,4,1
hermes_uni_closed,ug-100-060,59.5,2.5,0.383496,0.392633,5,1
hermes_uni_closed,ug-100-060,60,2,0.365781,0.374083,4,1
hermes_uni_closed,ug-100-060,60.5,2.5,0.345587,0.361101,5,1
hermes_uni_closed,ug-100-060,61,2.5,0.342766,0.35186,5,1
hermes_uni_closed,ug-100-060,61.5,2.5,0.346353,0.37348,5,1
hermes_uni_closed,ug-100-060,62,2,0.283675,0.296883,4,1
hermes_uni_closed,ug-100-060,62.5,2.5,0.291847,0.313122,5,1
hermes_uni_closed,ug-100-060,63,2.5,0.346838,0.354541,5,1
hermes_uni_closed,ug-100-060,63.5,2.5,0.325333,0.341682,5,1
hermes_uni_closed,ug-100-060,64,2,0.280688,0.307004,4,1
hermes_uni_closed,ug-100-060,64.5,3,0.281085,0.290515,6,1
hermes_uni_closed,ug-100-060,65,3,0.243251,0.266189,6,1
hermes_uni_closed,ug-100-060,65.5,2.5,0.223178,0.234733,5,1
hermes_uni_closed,ug-100-060,66,3,0.239313,0.261445,6,1
hermes_uni_closed,ug-100-060,66.5,2.5,0.275769,0.30255,5,1
hermes_uni_closed,ug-100-060,67,3,0.325615,0.339783,6,1
hermes_uni_closed,ug-100-060,67.5,3,0.329557,0.345158,6,1
hermes_uni_closed,ug-100-060,68,3,0.347306,0.358107,6,0
hermes_uni_closed,ug-100-060,68.5,2.5,0.362498,0.372473,5,0
hermes_uni_closed,ug-100-060,69,2.5,0.399977,0.41567,5,0
hermes_uni_closed,ug-100-060,69.5,3,0.447447,0.46617,6,0
hermes_uni_closed,ug-100-060,70,2.5,0.39256,0.402668,5,0
hermes_uni_closed,ug-100-060,70.5,2,0.262188,0.281471,4,0
hermes_uni_closed,ug-100-060,71,2,0.151866,0.17653,4,0
hermes_uni_closed,ug-100-060,71.5,2,0.0781435,0.0890692,4,0
hermes_uni_closed,ug-100-060,72,2,0.053011,0.0800282,4,0
hermes_uni_closed,ug-100-060,72.5,2,0.0225164,0.0413947,4,0
hermes_uni_closed,ug-100-060,73,2,0.0106576,0.0259117,4,0
hermes_uni_closed,ug-100-060,73.5,1,0.0311695,0.0395881,2,0
hermes_uni_closed,ug-100-060,74,1,0.191735,0.198259,2,0
hermes_uni_closed,ug-100-060,74.5,1,0.398044,0.40124,2,0
hermes_uni_closed,ug-100-060,75,0.5,0.548407,0.567594,1,0
hermes_uni_closed,ug-100-075,0.562,0.5,0.098351,0.0996932,1,0
hermes_uni_closed,ug-100-075,1.062,0.5,0.049859,0.0568899,1,0
hermes_uni_closed,ug-100-075,1.562,0.5,0.000501,0.015737,1,0
hermes_uni_closed,ug-100-075,2.062,0.5,-0.002428,0.00801844,1,0
hermes_uni_closed,ug-100-075,2.562,0.5,-0.008424,0.00960483,1,0
hermes_uni_closed,ug-100-075,3.062,0.5,-0.015344,0.0153654,1,0
hermes_uni_closed,ug-100-075,3.562,0.5,-0.007261,0.0124375,1,0
hermes_uni_closed,ug-100-075,4.062,0.5,0.026785,0.0333159,1,0
hermes_uni_closed,ug-100-075,4.562,0.5,0.172084,0.185449,1,0
hermes_uni_closed,ug-100-075,5.062,0.5,0.353774,0.353821,1,0
hermes_uni_closed,ug-100-075,5.562,0.5,0.316531,0.321306,1,0
hermes_uni_closed,ug-100-075,6.062,0.5,0.142069,0.146576,1,0
hermes_uni_closed,ug-100-075,6.562,0.5,0.046646,0.0662565,1,0
hermes_uni_closed,ug-100-075,7.062,1,0.0609595,0.0859267,2,0
hermes_uni_closed,ug-100-075,7.562,1,0.123799,0.142465,2,1
hermes_uni_closed,ug-100-075,8.062,1,0.204803,0.221903,2,1
hermes_uni_closed,ug-100-075,8.562,1,0.221589,0.231663,2,1
hermes_uni_closed,ug-100-075,9.062,1.5,0.23024,0.259714,3,1
hermes_uni_closed,ug-100-075,9.562,1.5,0.266217,0.272104,3,1
hermes_uni_closed,ug-100-075,10.062,2,0.314939,0.33647,4,1
hermes_uni_closed,ug-100-075,10.562,2,0.307362,0.314254,4,1
hermes_uni_closed,ug-100-075,11.062,2,0.346654,0.364446,4,1
hermes_uni_closed,ug-100-075,11.562,2,0.392518,0.402721,4,1
hermes_uni_closed,ug-100-075,12.062,2,0.349387,0.357211,4,1
hermes_uni_closed,ug-100-075,12.562,2,0.409371,0.412764,4,1
hermes_uni_closed,ug-100-075,13.062,2,0.48058,0.482389,4,1
hermes_uni_closed,ug-100-075,13.562,1.5,0.510138,0.517205,3,1
hermes_uni_closed,ug-100-075,14.062,2,0.538687,0.543878,4,1
hermes_uni_closed,ug-100-075,14.562,1.5,0.536971,0.546736,3,1
hermes_uni_closed,ug-100-075,15.062,1,0.532798,0.539169,2,1
hermes_uni_closed,ug-100-075,15.562,2,0.539946,0.550924,4,1
hermes_uni_closed,ug-100-075,16.062,1.5,0.539449,0.55886,3,1
hermes_uni_closed,ug-100-075,16.562,1.5,0.569674,0.576859,3,1
hermes_uni_closed,ug-100-075,17.062,1.5,0.59692,0.603563,3,1
hermes_uni_closed,ug-100-075,17.562,1.5,0.606135,0.606195,3,1
hermes_uni_closed,ug-100-075,18.062,1.5,0.555293,0.601459,3,1
hermes_uni_closed,ug-100-075,18.562,2,0.516981,0.551062,4,1
hermes_uni_closed,ug-100-075,19.062,2,0.52557,0.531453,4,1
hermes_uni_closed,ug-100-075,19.562,2,0.519557,0.5231,4,1
hermes_uni_closed,ug-100-075,20.062,2,0.483903,0.489947,4,1
hermes_uni_closed,ug-100-075,20.562,2.5,0.452903,0.461913,5,1
hermes_uni_closed,ug-100-075,21.062,2,0.429009,0.435671,4,1
hermes_uni_closed,ug-100-075,21.562,2.5,0.475084,0.485125,5,1
hermes_uni_closed,ug-100-075,22.062,2.5,0.435708,0.442261,5,1
hermes_uni_closed,ug-100-075,22.562,2.5,0.411143,0.442192,5,1
hermes_uni_closed,ug-100-075,23.062,2.5,0.390312,0.391288,5,1
hermes_uni_closed,ug-100-075,23.562,2,0.371352,0.379377,4,1
hermes_uni_closed,ug-100-075,24.062,2.5,0.360025,0.367474,5,1
hermes_uni_closed,ug-100-075,24.562,2.5,0.344024,0.35064,5,1
hermes_uni_closed,ug-100-075,25.062,2.5,0.340187,0.348692,5,1
hermes_uni_closed,ug-100-075,25.562,2.5,0.334784,0.350244,5,1
hermes_uni_closed,ug-100-075,26.062,2.5,0.305939,0.311888,5,1
hermes_uni_closed,ug-100-075,26.562,2.5,0.281888,0.299572,5,1
hermes_uni_closed,ug-100-075,27.062,2,0.281616,0.299223,4,1
hermes_uni_closed,ug-100-075,27.562,2,0.301304,0.310627,4,1
hermes_uni_closed,ug-100-075,28.062,2.5,0.299346,0.325247,5,1
hermes_uni_closed,ug-100-075,28.562,3,0.265767,0.285464,6,1
hermes_uni_closed,ug-100-075,29.062,2.5,0.272628,0.310874,5,1
hermes_uni_closed,ug-100-075,29.562,2.5,0.301353,0.314606,5,1
hermes_uni_closed,ug-100-075,30.062,3,0.276055,0.304442,6,1
hermes_uni_closed,ug-100-075,30.562,2.5,0.238685,0.256716,5,1
hermes_uni_closed,ug-100-075,31.062,3,0.247622,0.268676,6,1
hermes_uni_closed,ug-100-075,31.562,3,0.196426,0.251683,6,1
hermes_uni_closed,ug-100-075,32.062,2.5,0.181863,0.202533,5,1
hermes_uni_closed,ug-100-075,32.562,3,0.209664,0.264167,6,1
hermes_uni_closed,ug-100-075,33.062,3,0.204932,0.244221,6,1
hermes_uni_closed,ug-100-075,33.562,3,0.204808,0.240952,6,1
hermes_uni_closed,ug-100-075,34.062,3,0.178586,0.196059,6,1
hermes_uni_closed,ug-100-075,34.562,3.5,0.147665,0.186322,7,1
hermes_uni_closed,ug-100-075,35.062,3,0.133702,0.187966,6,1
hermes_uni_closed,ug-100-075,35.562,3,0.110907,0.142301,6,1
hermes_uni_closed,ug-100-075,36.062,3,0.106037,0.154137,6,1
hermes_uni_closed,ug-100-075,36.562,3.5,0.132922,0.184404,7,1
hermes_uni_closed,ug-100-075,37.062,3.5,0.150908,0.17921,7,1
hermes_uni_closed,ug-100-075,37.562,4,0.164861,0.210606,8,1
hermes_uni_closed,ug-100-075,38.062,3,0.146371,0.17339,6,1
hermes_uni_closed,ug-100-075,38.562,3,0.187351,0.220569,6,1
hermes_uni_closed,ug-100-075,39.062,3,0.216479,0.247828,6,1
hermes_uni_closed,ug-100-075,39.562,3,0.227248,0.252373,6,1
hermes_uni_closed,ug-100-075,40.062,3,0.2354,0.264806,6,1
hermes_uni_closed,ug-100-075,40.562,3,0.266971,0.28206,6,1
hermes_uni_closed,ug-100-075,41.062,3,0.254142,0.269864,6,1
hermes_uni_closed,ug-100-075,41.562,3,0.25097,0.263905,6,1
hermes_uni_closed,ug-100-075,42.062,3,0.245496,0.255823,6,1
hermes_uni_closed,ug-100-075,42.562,3,0.233014,0.262733,6,1
hermes_uni_closed,ug-100-075,43.062,3,0.233036,0.24647,6,1
hermes_uni_closed,ug-100-075,43.562,3,0.268366,0.285071,6,1
hermes_uni_closed,ug-100-075,44.062,2.5,0.289024,0.302241,5,1
hermes_uni_closed,ug-100-075,44.562,3,0.306507,0.31635,6,1
hermes_uni_closed,ug-100-075,45.062,3,0.296434,0.305744,6,1
hermes_uni_closed,ug-100-075,45.562,3,0.276182,0.291098,6,1
hermes_uni_closed,ug-100-075,46.062,2.5,0.285026,0.29617,5,1
hermes_uni_closed,ug-100-075,46.562,2.5,0.267174,0.281065,5,1
hermes_uni_closed,ug-100-075,47.062,3,0.275624,0.288778,6,1
hermes_uni_closed,ug-100-075,47.562,3,0.279795,0.287978,6,1
hermes_uni_closed,ug-100-075,48.062,2.5,0.271947,0.28982,5,1
hermes_uni_closed,ug-100-075,48.562,2.5,0.272357,0.279935,5,1
hermes_uni_closed,ug-100-075,49.062,2,0.30295,0.314999,4,1
hermes_uni_closed,ug-100-075,49.562,2,0.305146,0.327317,4,1
hermes_uni_closed,ug-100-075,50.062,2,0.338733,0.353352,4,1
hermes_uni_closed,ug-100-075,50.562,2.5,0.328864,0.343563,5,1
hermes_uni_closed,ug-100-075,51.062,2,0.329568,0.34739,4,1
hermes_uni_closed,ug-100-075,51.562,2,0.36675,0.389917,4,1
hermes_uni_closed,ug-100-075,52.062,2,0.365484,0.38004,4,1
hermes_uni_closed,ug-100-075,52.562,2,0.373159,0.392021,4,1
hermes_uni_closed,ug-100-075,53.062,2,0.3802,0.39089,4,1
hermes_uni_closed,ug-100-075,53.562,2,0.413356,0.421376,4,1
hermes_uni_closed,ug-100-075,54.062,2,0.385193,0.399098,4,1
hermes_uni_closed,ug-100-075,54.562,2,0.370854,0.378205,4,1
hermes_uni_closed,ug-100-075,55.062,2.5,0.361956,0.375415,5,1
hermes_uni_closed,ug-100-075,55.562,2.5,0.365492,0.380597,5,1
hermes_uni_closed,ug-100-075,56.062,2.5,0.332718,0.348372,5,1
hermes_uni_closed,ug-100-075,56.562,3,0.345642,0.359413,6,1
hermes_uni_closed,ug-100-075,57.062,3,0.371693,0.376818,6,1
hermes_uni_closed,ug-100-075,57.562,3,0.403325,0.409919,6,1
hermes_uni_closed,ug-100-075,58.062,3,0.414535,0.41473,6,1
hermes_uni_closed,ug-100-075,58.562,3.5,0.428953,0.436326,7,1
hermes_uni_closed,ug-100-075,59.062,3,0.422418,0.425681,6,1
hermes_uni_closed,ug-100-075,59.562,3,0.361455,0.369034,6,1
hermes_uni_closed,ug-100-075,60.062,3,0.334238,0.343811,6,1
hermes_uni_closed,ug-100-075,60.562,3,0.349191,0.35671,6,1
hermes_uni_closed,ug-100-075,61.062,3.5,0.349241,0.355632,7,1
hermes_uni_closed,ug-100-075,61.562,3,0.315246,0.322142,6,1
hermes_uni_closed,ug-100-075,62.062,2.5,0.288645,0.297787,5,1
hermes_uni_closed,ug-100-075,62.562,2.5,0.300166,0.312082,5,1
hermes_uni_closed,ug-100-075,63.062,3,0.262442,0.268113,6,1
hermes_uni_closed,ug-100-075,63.562,3.5,0.241439,0.268486,7,0
hermes_uni_closed,ug-100-075,64.062,3,0.204931,0.218084,6,0
hermes_uni_closed,ug-100-075,64.562,2.5,0.200435,0.246249,5,0
hermes_uni_closed,ug-100-075,65.062,2.5,0.198363,0.204316,5,0
hermes_uni_closed,ug-100-075,65.562,3.5,0.195578,0.224814,7,0
hermes_uni_closed,ug-100-075,66.062,3.5,0.172229,0.19138,7,0
hermes_uni_closed,ug-100-075,66.562,3.5,0.160687,0.198034,7,0
hermes_uni_closed,ug-100-075,67.062,3.5,0.201171,0.217809,7,0
hermes_uni_closed,ug-100-075,67.562,3,0.212483,0.226553,6,0
hermes_uni_closed,ug-100-075,68.062,2.5,0.175794,0.183781,5,0
hermes_uni_closed,ug-100-075,68.562,2.5,0.184075,0.216408,5,0
hermes_uni_closed,ug-100-075,69.062,2.5,0.190145,0.198097,5,0
hermes_uni_closed,ug-100-075,69.562,2.5,0.103507,0.13689,5,0
hermes_uni_closed,ug-100-075,70.062,2.5,0.0278566,0.0784993,5,0
hermes_uni_closed,ug-100-090,0.5,3.5,-0.000742929,0.0241705,7,0
hermes_uni_closed,ug-100-090,1,3,-0.00682953,0.0248863,6,0
hermes_uni_closed,ug-100-090,1.5,3,0.00100663,0.0279476,6,0
hermes_uni_closed,ug-100-090,2,3,0.0108074,0.0232932,6,0
hermes_uni_closed,ug-100-090,2.5,3,0.0101056,0.0141707,6,0
hermes_uni_closed,ug-100-090,3,3.5,0.0068773,0.0282866,7,0
hermes_uni_closed,ug-100-090,3.5,3.5,0.00441872,0.0278864,7,0
hermes_uni_closed,ug-100-090,4,3.5,0.00791232,0.0162472,7,0
hermes_uni_closed,ug-100-090,4.5,3.5,0.0125259,0.0351583,7,0
hermes_uni_closed,ug-100-090,5,3.5,0.00452393,0.0391859,7,0
hermes_uni_closed,ug-100-090,5.5,3.5,-0.0162581,0.026416,7,0
hermes_uni_closed,ug-100-090,6,3,-0.0114021,0.0526979,6,0
hermes_uni_closed,ug-100-090,6.5,3,0.00622263,0.0280836,6,0
hermes_uni_closed,ug-100-090,7,4,0.052604,0.0644231,8,0
hermes_uni_closed,ug-100-090,7.5,4,0.087111,0.0926208,8,0
hermes_uni_closed,ug-100-090,8,4,0.0712755,0.081657,8,0
hermes_uni_closed,ug-100-090,8.5,4,0.0300025,0.0646587,8,0
hermes_uni_closed,ug-100-090,9,4,0.0369329,0.0675702,8,0
hermes_uni_closed,ug-100-090,9.5,4,0.0929946,0.129341,8,0
hermes_uni_closed,ug-100-090,10,4,0.132088,0.141,8,0
hermes_uni_closed,ug-100-090,10.5,4,0.171417,0.18129,8,0
hermes_uni_closed,ug-100-090,11,4,0.197118,0.208155,8,0
hermes_uni_closed,ug-100-090,11.5,4,0.16516,0.175637,8,0
hermes_uni_closed,ug-100-090,12,4,0.154302,0.165693,8,0
hermes_uni_closed,ug-100-090,12.5,4,0.189913,0.204202,8,0
hermes_uni_closed,ug-100-090,13,4,0.165364,0.18264,8,0
hermes_uni_closed,ug-100-090,13.5,4,0.168887,0.183323,8,0
hermes_uni_closed,ug-100-090,14,4,0.212695,0.229882,8,1
hermes_uni_closed,ug-100-090,14.5,3,0.197286,0.215909,6,1
hermes_uni_closed,ug-100-090,15,3.5,0.24693,0.270118,7,1
hermes_uni_closed,ug-100-090,15.5,3.5,0.263271,0.284966,7,1
hermes_uni_closed,ug-100-090,16,3,0.320917,0.332363,6,1
hermes_uni_closed,ug-100-090,16.5,3,0.40892,0.415429,6,1
hermes_uni_closed,ug-100-090,17,2.5,0.439392,0.443005,5,1
hermes_uni_closed,ug-100-090,17.5,2.5,0.429134,0.435481,5,1
hermes_uni_closed,ug-100-090,18,3,0.500173,0.50369,6,1
hermes_uni_closed,ug-100-090,18.5,3,0.481263,0.484783,6,1
hermes_uni_closed,ug-100-090,19,3,0.44214,0.446918,6,1
hermes_uni_closed,ug-100-090,19.5,3,0.501515,0.509922,6,1
hermes_uni_closed,ug-100-090,20,2.5,0.504266,0.510009,5,1
hermes_uni_closed,ug-100-090,20.5,2,0.539803,0.546325,4,1
hermes_uni_closed,ug-100-090,21,2.5,0.550719,0.553414,5,1
hermes_uni_closed,ug-100-090,21.5,2.5,0.562107,0.569884,5,1
hermes_uni_closed,ug-100-090,22,2,0.55983,0.564469,4,1
hermes_uni_closed,ug-100-090,22.5,2,0.489764,0.499145,4,1
hermes_uni_closed,ug-100-090,23,1.5,0.429167,0.433435,3,1
hermes_uni_closed,ug-100-090,23.5,2,0.458351,0.459562,4,1
hermes_uni_closed,ug-100-090,24,2,0.404658,0.417231,4,1
hermes_uni_closed,ug-100-090,24.5,2,0.379481,0.38672,4,1
hermes_uni_closed,ug-100-090,25,2,0.394644,0.39956,4,1
hermes_uni_closed,ug-100-090,25.5,2,0.349577,0.358504,4,1
hermes_uni_closed,ug-100-090,26,2.5,0.337174,0.351229,5,1
hermes_uni_closed,ug-100-090,26.5,2.5,0.298615,0.303098,5,1
hermes_uni_closed,ug-100-090,27,2.5,0.304943,0.317052,5,1
hermes_uni_closed,ug-100-090,27.5,2.5,0.277397,0.285601,5,1
hermes_uni_closed,ug-100-090,28,2.5,0.23532,0.246641,5,1
hermes_uni_closed,ug-100-090,28.5,3,0.203899,0.218283,6,1
hermes_uni_closed,ug-100-090,29,2.5,0.149107,0.158796,5,1
hermes_uni_closed,ug-100-090,29.5,2.5,0.0818959,0.101652,5,1
hermes_uni_closed,ug-100-090,30,3,0.0524173,0.0708678,6,1
hermes_uni_closed,ug-100-090,30.5,3,0.0452287,0.0732222,6,1
hermes_uni_closed,ug-100-090,31,3,0.0694853,0.0908279,6,1
hermes_uni_closed,ug-100-090,31.5,2.5,0.0809638,0.101448,5,1
hermes_uni_closed,ug-100-090,32,2.5,0.129771,0.148347,5,1
hermes_uni_closed,ug-100-090,32.5,2.5,0.161279,0.175906,5,1
hermes_uni_closed,ug-100-090,33,2.5,0.156679,0.173995,5,1
hermes_uni_closed,ug-100-090,33.5,3,0.138462,0.160727,6,1
hermes_uni_closed,ug-100-090,34,3,0.128851,0.146456,6,1
hermes_uni_closed,ug-100-090,34.5,3,0.115809,0.135155,6,1
hermes_uni_closed,ug-100-090,35,2.5,0.10581,0.1231,5,1
hermes_uni_closed,ug-100-090,35.5,2.5,0.131728,0.159787,5,1
hermes_uni_closed,ug-100-090,36,2.5,0.171309,0.1928,5,1
hermes_uni_closed,ug-100-090,36.5,2.5,0.205587,0.210446,5,1
hermes_uni_closed,ug-100-090,37,2.5,0.218975,0.241821,5,1
hermes_uni_closed,ug-100-090,37.5,2,0.235903,0.271448,4,1
hermes_uni_closed,ug-100-090,38,2.5,0.296216,0.307854,5,1
hermes_uni_closed,ug-100-090,38.5,2,0.336148,0.352411,4,1
hermes_uni_closed,ug-100-090,39,2,0.331823,0.350696,4,1
hermes_uni_closed,ug-100-090,39.5,2,0.319038,0.337153,4,1
hermes_uni_closed,ug-100-090,40,2,0.321446,0.342592,4,1
hermes_uni_closed,ug-100-090,40.5,2,0.31243,0.323932,4,1
hermes_uni_closed,ug-100-090,41,2,0.298276,0.315898,4,1
hermes_uni_closed,ug-100-090,41.5,2.5,0.285183,0.294971,5,1
hermes_uni_closed,ug-100-090,42,2.5,0.303836,0.321081,5,1
hermes_uni_closed,ug-100-090,42.5,2.5,0.319275,0.342038,5,1
hermes_uni_closed,ug-100-090,43,2.5,0.322161,0.330297,5,1
hermes_uni_closed,ug-100-090,43.5,2.5,0.317308,0.341271,5,1
hermes_uni_closed,ug-100-090,44,2,0.2858,0.289892,4,1
hermes_uni_closed,ug-100-090,44.5,2.5,0.302332,0.316302,5,1
hermes_uni_closed,ug-100-090,45,2.5,0.308748,0.317153,5,1
hermes_uni_closed,ug-100-090,45.5,3,0.319511,0.33123,6,1
hermes_uni_closed,ug-100-090,46,2.5,0.287073,0.295637,5,1
hermes_uni_closed,ug-100-090,46.5,3,0.267241,0.281708,6,1
hermes_uni_closed,ug-100-090,47,3,0.263525,0.273977,6,1
hermes_uni_closed,ug-100-090,47.5,3.5,0.242115,0.260552,7,1
hermes_uni_closed,ug-100-090,48,3,0.251188,0.26262,6,1
hermes_uni_closed,ug-100-090,48.5,2.5,0.2623,0.292838,5,1
hermes_uni_closed,ug-100-090,49,3,0.256443,0.270131,6,1
hermes_uni_closed,ug-100-090,49.5,3,0.266908,0.30034,6,1
hermes_uni_closed,ug-100-090,50,3,0.27525,0.285701,6,1
hermes_uni_closed,ug-100-090,50.5,3,0.262525,0.299266,6,1
hermes_uni_closed,ug-100-090,51,3,0.261199,0.27264,6,1
hermes_uni_closed,ug-100-090,51.5,3,0.283296,0.306941,6,1
hermes_uni_closed,ug-100-090,52,2.5,0.295641,0.310057,5,1
hermes_uni_closed,ug-100-090,52.5,3,0.268588,0.28776,6,1
hermes_uni_closed,ug-100-090,53,3,0.263277,0.295747,6,1
hermes_uni_closed,ug-100-090,53.5,2.5,0.278763,0.306975,5,1
hermes_uni_closed,ug-100-090,54,2.5,0.25725,0.287546,5,1
hermes_uni_closed,ug-100-090,54.5,3,0.252945,0.276968,6,1
hermes_uni_closed,ug-100-090,55,2.5,0.263249,0.282891,5,1
hermes_uni_closed,ug-100-090,55.5,2.5,0.258451,0.282225,5,1
hermes_uni_closed,ug-100-090,56,3,0.243671,0.265274,6,1
hermes_uni_closed,ug-100-090,56.5,3,0.24734,0.280921,6,1
hermes_uni_closed,ug-100-090,57,3,0.262013,0.286469,6,1
hermes_uni_closed,ug-100-090,57.5,3,0.252023,0.285453,6,1
hermes_uni_closed,ug-100-090,58,3,0.211515,0.253274,6,1
hermes_uni_closed,ug-100-090,58.5,3.5,0.208732,0.235561,7,1
hermes_uni_closed,ug-100-090,59,3.5,0.180356,0.212318,7,1
hermes_uni_closed,ug-100-090,59.5,3.5,0.126549,0.177583,7,1
hermes_uni_closed,ug-100-090,60,3.5,0.125552,0.157277,7,1
hermes_uni_closed,ug-100-090,60.5,3.5,0.0830089,0.115052,7,1
hermes_uni_closed,ug-100-090,61,4,0.0407437,0.0661279,8,1
hermes_uni_closed,ug-100-090,61.5,4,0.00870729,0.0575232,8,1
hermes_uni_closed,ug-100-090,62,4,-0.00132641,0.0380703,8,1
hermes_uni_closed,ug-100-090,62.5,4,-0.00692642,0.0272072,8,1
hermes_uni_closed,ug-100-090,63,4,-0.000116525,0.0423331,8,1
hermes_uni_closed,ug-100-090,63.5,4,0.0133232,0.0501004,8,1
hermes_uni_closed,ug-100-090,64,4,0.0568752,0.0789972,8,1
hermes_uni_closed,ug-100-090,64.5,3.5,0.0746356,0.104619,7,1
hermes_uni_closed,ug-100-090,65,3,0.0744837,0.0881347,6,1
hermes_uni_closed,ug-100-090,65.5,3,0.135614,0.157238,6,1
hermes_uni_closed,ug-100-090,66,3,0.178991,0.200623,6,1
hermes_uni_closed,ug-100-090,66.5,3,0.214432,0.226277,6,1
hermes_uni_closed,ug-100-090,67,2.5,0.224889,0.257287,5,1
hermes_uni_closed,ug-100-090,67.5,2.5,0.240142,0.249709,5,1
hermes_uni_closed,ug-100-090,68,2.5,0.250802,0.288955,5,1
hermes_uni_closed,ug-100-090,68.5,2.5,0.232506,0.249372,5,1
hermes_uni_closed,ug-100-090,69,3,0.238726,0.266424,6,1
hermes_uni_closed,ug-100-090,69.5,3,0.227871,0.24601,6,1
hermes_uni_closed,ug-100-090,70,3,0.219623,0.236863,6,1
hermes_uni_closed,ug-100-090,70.5,2.5,0.211787,0.230181,5,1
hermes_uni_closed,ug-100-090,71,2.5,0.179737,0.197704,5,1
hermes_uni_closed,ug-100-090,71.5,3.5,0.162833,0.192753,7,1
hermes_uni_closed,ug-100-090,72,3.5,0.121364,0.160162,7,1
hermes_uni_closed,ug-100-090,72.5,3.5,0.0844516,0.115872,7,1
hermes_uni_closed,ug-100-090,73,3.5,0.0627957,0.0953811,7,1
hermes_uni_closed,ug-100-090,73.5,3.5,0.027125,0.0456658,7,1
hermes_uni_closed,ug-100-090,74,3.5,0.0098997,0.0389247,7,1
hermes_uni_closed,ug-100-090,74.5,3.5,-0.0175884,0.0390369,7,1
hermes_uni_closed,ug-100-090,75,3.5,-0.0475364,0.0685448,7,1
hermes_uni_closed,ug-100-090,75.5,3.5,-0.0309741,0.0652776,7,1
hermes_uni_closed,ug-100-090,76,3.5,-0.000480286,0.0303957,7,1
hermes_uni_closed,ug-100-090,76.5,3.5,0.0105653,0.0417186,7,1
hermes_uni_closed,ug-100-090,77,3.5,0.0218439,0.0649762,7,1
hermes_uni_closed,ug-100-090,77.5,3.5,0.0513927,0.0673948,7,1
hermes_uni_closed,ug-100-090,78,3,0.0721466,0.0946891,6,1
hermes_uni_closed,ug-100-090,78.5,3,0.132657,0.154351,6,1
hermes_uni_closed,ug-100-090,79,3,0.198496,0.22645,6,1
hermes_uni_closed,ug-100-090,79.5,3,0.276417,0.297538,6,1
hermes_uni_closed,ug-100-090,80,3.5,0.295316,0.312438,7,1
hermes_uni_closed,ug-100-090,80.5,2.5,0.332136,0.338959,5,1
hermes_uni_closed,ug-100-090,81,2.5,0.370669,0.38529,5,1
hermes_uni_closed,ug-100-090,81.5,3,0.384996,0.391548,6,1
hermes_uni_closed,ug-100-090,82,3,0.359741,0.367859,6,1
hermes_uni_closed,ug-100-090,82.5,2.5,0.419089,0.426578,5,1
hermes_uni_closed,ug-100-090,83,3,0.461614,0.465968,6,1
hermes_uni_closed,ug-100-090,83.5,3,0.452199,0.458869,6,1
hermes_uni_closed,ug-100-090,84,2.5,0.436061,0.438783,5,1
hermes_uni_closed,ug-100-090,84.5,3,0.444621,0.449647,6,1
hermes_uni_closed,ug-100-090,85,3,0.52227,0.528339,6,1
hermes_uni_closed,ug-100-090,85.5,2.5,0.551144,0.55189,5,1
hermes_uni_closed,ug-100-090,86,3,0.543858,0.545921,6,1
hermes_uni_closed,ug-100-090,86.5,3,0.496405,0.497743,6,1
hermes_uni_closed,ug-100-090,87,3,0.460765,0.464074,6,1
hermes_uni_closed,ug-100-090,87.5,3.5,0.441977,0.444992,7,1
hermes_uni_closed,ug-100-090,88,3,0.404608,0.411249,6,1
hermes_uni_closed,ug-100-090,88.5,3.5,0.422452,0.425025,7,1
hermes_uni_closed,ug-100-090,89,3,0.445403,0.447899,6,1
hermes_uni_closed,ug-100-090,89.5,3,0.450543,0.452407,6,1
hermes_uni_closed,ug-100-090,90,3,0.45891,0.464399,6,1
hermes_uni_closed,ug-100-090,90.5,2.5,0.427658,0.434276,5,1
hermes_uni_closed,ug-100-090,91,2.5,0.395406,0.407997,5,1
hermes_uni_closed,ug-100-090,91.5,2.5,0.382007,0.394301,5,1
hermes_uni_closed,ug-100-090,92,2,0.38533,0.397102,4,1
hermes_uni_closed,ug-100-090,92.5,2.5,0.381429,0.384039,5,1
hermes_uni_closed,ug-100-090,93,2.5,0.348657,0.358126,5,1
hermes_uni_closed,ug-100-090,93.5,2.5,0.355926,0.368517,5,1
hermes_uni_closed,ug-100-090,94,2,0.362861,0.387019,4,1
hermes_uni_closed,ug-100-090,94.5,2.5,0.328438,0.34245,5,1
hermes_uni_closed,ug-100-090,95,2.5,0.250584,0.271316,5,1
hermes_uni_closed,ug-100-090,95.5,2.5,0.190726,0.226868,5,1
hermes_uni_closed,ug-100-090,96,3,0.221908,0.257982,6,1
hermes_uni_closed,ug-100-090,96.5,3,0.213121,0.249622,6,1
hermes_uni_closed,ug-100-090,97,3,0.145538,0.171971,6,1
hermes_uni_closed,ug-100-090,97.5,3,0.099598,0.139058,6,1
hermes_uni_closed,ug-100-090,98,3,0.0990352,0.112962,6,1
hermes_uni_closed,ug-100-090,98.5,4,0.119622,0.14638,8,1
hermes_uni_closed,ug-100-090,99,4,0.0938832,0.107906,8,1
hermes_uni_closed,ug-100-090,99.5,3.5,0.0836766,0.115318,7,1
hermes_uni_closed,ug-100-090,100,3.5,0.09746,0.117089,7,1
hermes_uni_closed,ug-100-090,100.5,3.5,0.0625621,0.0919461,7,1
hermes_uni_closed,ug-100-090,101,3.5,0.0364867,0.0732092,7,1
hermes_uni_closed,ug-100-090,101.5,3.5,0.0265433,0.0713847,7,1
hermes_uni_closed,ug-100-090,102,3.5,0.0141003,0.0439376,7,1
hermes_uni_closed,ug-100-090,102.5,4,0.0185425,0.0485642,8,1
hermes_uni_closed,ug-100-090,103,4,0.0227293,0.0611988,8,1
hermes_uni_closed,ug-100-090,103.5,4,0.0115496,0.0639864,8,1
hermes_uni_closed,ug-100-090,104,4,9.65e-05,0.052803,8,1
hermes_uni_closed,ug-100-090,104.5,4,0.00172375,0.0358197,8,1
hermes_uni_closed,ug-100-090,105,4,0.0106481,0.0473711,8,1
hermes_uni_closed,ug-100-090,105.5,4,0.0218682,0.0649216,8,1
hermes_uni_closed,ug-100-090,106,4,0.0126386,0.0516421,8,1
hermes_uni_closed,ug-100-090,106.5,4,-0.000516788,0.0425168,8,1
hermes_uni_closed,ug-100-090,107,4,0.00757196,0.0314095,8,1
hermes_uni_closed,ug-100-090,107.5,4,0.0108307,0.0402026,8,1
hermes_uni_closed,ug-100-090,108,4,0.00166651,0.0312912,8,1
hermes_uni_closed,ug-100-090,108.5,4,-0.0077421,0.0290775,8,1
hermes_uni_closed,ug-100-090,109,4,-0.0164432,0.0281811,8,1
hermes_uni_closed,ug-100-090,109.5,4,-0.00525222,0.0295618,8,1
hermes_uni_closed,ug-100-090,110,4,0.009198,0.0410544,8,1
hermes_uni_closed,ug-100-090,110.5,3.5,0.007508,0.021651,7,1
hermes_uni_closed,ug-100-090,111,3.5,0.000703714,0.023994,7,1
hermes_uni_closed,ug-100-090,111.5,3.5,-0.00909457,0.0295692,7,1
hermes_uni_closed,ug-100-090,112,3.5,-0.0204406,0.0325238,7,1
hermes_uni_closed,ug-100-090,112.5,3.5,-0.0235179,0.0311241,7,1
hermes_uni_closed,ug-100-090,113,3.5,-0.0188835,0.0246366,7,1
hermes_uni_closed,ug-100-090,113.5,3.5,-0.0158223,0.024733,7,1
hermes_uni_closed,ug-100-090,114,4,-0.00456695,0.0182684,8,1
hermes_uni_closed,ug-100-090,114.5,4,0.01397,0.0331062,8,1
hermes_uni_closed,ug-100-090,115,3.5,0.00757211,0.023831,7,1
hermes_uni_closed,ug-100-090,115.5,3.5,0.019627,0.0310421,7,1
hermes_uni_closed,ug-100-090,116,3.5,0.0372953,0.0618881,7,1
hermes_uni_closed,ug-100-090,116.5,3.5,0.0811466,0.0914838,7,1
hermes_uni_closed,ug-100-090,117,3.5,0.0642138,0.0771016,7,1
hermes_uni_closed,ug-100-090,117.5,3.5,0.0320443,0.123541,7,1
hermes_uni_closed,ug-100-090,118,3,0.0762725,0.131397,6,1
hermes_uni_closed,ug-100-090,118.5,3,0.203399,0.224598,6,1
hermes_uni_closed,ug-100-090,119,3,0.202555,0.231741,6,1
hermes_uni_closed,ug-100-090,119.5,3.5,0.243299,0.254565,7,1
hermes_uni_closed,ug-100-090,120,3.5,0.302184,0.31147,7,0
hermes_uni_closed,ug-100-090,120.5,3,0.327249,0.333772,6,0
hermes_uni_closed,ug-100-090,121,3,0.365803,0.380058,6,0
hermes_uni_closed,ug-100-090,121.5,3,0.374128,0.388114,6,0
hermes_uni_closed,ug-100-090,122,3.5,0.400212,0.407522,7,0
hermes_uni_closed,ug-100-090,122.5,3,0.415296,0.420063,6,0
hermes_uni_closed,ug-100-090,123,3.5,0.431114,0.440333,7,0
hermes_uni_closed,ug-100-090,123.5,3,0.459865,0.465313,6,0
hermes_uni_closed,ug-100-090,124,2.5,0.4509,0.461652,5,0
hermes_uni_closed,ug-100-090,124.5,2.5,0.483947,0.490952,5,0
hermes_uni_closed,ug-100-090,125,2.5,0.497665,0.502579,5,0
hermes_uni_closed,ug-100-090,125.5,2.5,0.465525,0.471649,5,0
hermes_uni_closed,ug-100-090,126,2.5,0.495422,0.501072,5,0
hermes_uni_closed,ug-100-090,126.5,2,0.53612,0.550448,4,0
hermes_uni_closed,ug-100-090,127,2,0.512234,0.517713,4,0
hermes_uni_closed,ug-100-090,127.5,2.5,0.499773,0.507879,5,0
hermes_uni_closed,ug-100-090,128,2.5,0.515309,0.51978,5,0
hermes_uni_closed,ug-100-090,128.5,2.5,0.545424,0.552794,5,0
hermes_uni_closed,ug-100-090,129,1.5,0.439508,0.44879,3,0
hermes_uni_closed,ug-100-090,129.5,2.5,0.267105,0.277815,5,0
hermes_uni_closed,ug-100-090,130,2.5,0.236913,0.246591,5,0
hermes_uni_closed,ug-100-090,130.5,2.5,0.321754,0.333659,5,0
hermes_uni_closed,ug-100-090,131,2.5,0.415311,0.420071,5,0
hermes_uni_closed,ug-100-090,131.5,2,0.464772,0.468814,4,0
hermes_uni_closed,ug-100-090,132,2.5,0.469836,0.473965,5,0
hermes_uni_closed,ug-100-090,132.5,1,0.382811,0.384813,2,0
hermes_uni_closed,ug-100-090,133,1,0.327914,0.332969,2,0
hermes_uni_closed,ug-100-120,0.5,5,-0.0128593,0.0285161,10,0
hermes_uni_closed,ug-100-120,1,4.5,-0.0079,0.0441848,9,0
hermes_uni_closed,ug-100-120,1.5,4.5,-0.0117733,0.0358803,9,0
hermes_uni_closed,ug-100-120,2,4.5,-0.00942378,0.0236381,9,0
hermes_uni_closed,ug-100-120,2.5,4.5,-9.57778e-05,0.0148039,9,0
hermes_uni_closed,ug-100-120,3,4.5,-0.00160522,0.0142655,9,0
hermes_uni_closed,ug-100-120,3.5,4.5,-0.00693878,0.0228548,9,0
hermes_uni_closed,ug-100-120,4,4.5,-0.00631922,0.0166849,9,0
hermes_uni_closed,ug-100-120,4.5,4.5,-0.00590344,0.00916868,9,0
hermes_uni_closed,ug-100-120,5,4.5,-0.00460533,0.0159423,9,0
hermes_uni_closed,ug-100-120,5.5,4.5,0.000880889,0.0116737,9,0
hermes_uni_closed,ug-100-120,6,4.5,0.0152104,0.0167889,9,0
hermes_uni_closed,ug-100-120,6.5,4.5,0.0169823,0.0240755,9,0
hermes_uni_closed,ug-100-120,7,4.5,0.00936856,0.0278937,9,0
hermes_uni_closed,ug-100-120,7.5,4.5,-0.00578956,0.0309985,9,0
hermes_uni_closed,ug-100-120,8,4.5,-0.00962911,0.0254182,9,0
hermes_uni_closed,ug-100-120,8.5,4.5,0.002643,0.0123513,9,0
hermes_uni_closed,ug-100-120,9,4.5,-0.00495878,0.0149774,9,0
hermes_uni_closed,ug-100-120,9.5,4.5,-0.00859533,0.0140882,9,0
hermes_uni_closed,ug-100-120,10,4.5,-0.00550956,0.00961111,9,0
hermes_uni_closed,ug-100-120,10.5,5,0.0023065,0.0182251,10,0
hermes_uni_closed,ug-100-120,11,5.5,0.00930318,0.0202175,11,0
hermes_uni_closed,ug-100-120,11.5,5.5,0.015024,0.0182442,11,0
hermes_uni_closed,ug-100-120,12,5.5,0.0106653,0.0217408,11,0
hermes_uni_closed,ug-100-120,12.5,5.5,0.00604002,0.0224408,11,0
hermes_uni_closed,ug-100-120,13,5.5,0.0142778,0.0246118,11,0
hermes_uni_closed,ug-100-120,13.5,5.5,0.0137734,0.0205064,11,0
hermes_uni_closed,ug-100-120,14,5.5,0.0121034,0.0420788,11,0
hermes_uni_closed,ug-100-120,14.5,5.5,0.0291145,0.0651103,11,0
hermes_uni_closed,ug-100-120,15,5,0.0327499,0.0558643,10,1
hermes_uni_closed,ug-100-120,15.5,5.5,0.0131008,0.0466144,11,1
hermes_uni_closed,ug-100-120,16,5.5,0.00976808,0.0555152,11,1
hermes_uni_closed,ug-100-120,16.5,4.5,0.00857188,0.0644992,9,1
hermes_uni_closed,ug-100-120,17,4.5,0.0168422,0.0699391,9,1
hermes_uni_closed,ug-100-120,17.5,4.5,0.0140735,0.0656559,9,1
hermes_uni_closed,ug-100-120,18,4.5,0.0109411,0.0457768,9,1
hermes_uni_closed,ug-100-120,18.5,4.5,0.00765606,0.0700082,9,1
hermes_uni_closed,ug-100-120,19,4.5,0.0072126,0.0476327,9,1
hermes_uni_closed,ug-100-120,19.5,4.5,0.0110177,0.0562782,9,1
hermes_uni_closed,ug-100-120,20,4.5,0.0249218,0.0491369,9,1
hermes_uni_closed,ug-100-120,20.5,4.5,0.0218862,0.0424259,9,1
hermes_uni_closed,ug-100-120,21,4.5,0.00571603,0.0390874,9,1
hermes_uni_closed,ug-100-120,21.5,4.5,0.00178097,0.0275921,9,1
hermes_uni_closed,ug-100-120,22,4.5,0.00884128,0.0257588,9,1
hermes_uni_closed,ug-100-120,22.5,4.5,0.0357932,0.04524,9,1
hermes_uni_closed,ug-100-120,23,5,0.0759043,0.0818939,10,1
hermes_uni_closed,ug-100-120,23.5,5,0.0926353,0.102019,10,1
hermes_uni_closed,ug-100-120,24,5,0.108397,0.126902,10,1
hermes_uni_closed,ug-100-120,24.5,5,0.14678,0.163004,10,1
hermes_uni_closed,ug-100-120,25,4,0.144641,0.150882,8,1
hermes_uni_closed,ug-100-120,25.5,4,0.169262,0.185072,8,1
hermes_uni_closed,ug-100-120,26,4,0.205985,0.221718,8,1
hermes_uni_closed,ug-100-120,26.5,3,0.201539,0.219758,6,1
hermes_uni_closed,ug-100-120,27,3.5,0.203416,0.223086,7,1
hermes_uni_closed,ug-100-120,27.5,3.5,0.193381,0.204031,7,1
hermes_uni_closed,ug-100-120,28,3.5,0.226504,0.248943,7,1
hermes_uni_closed,ug-100-120,28.5,3.5,0.202319,0.232704,7,1
hermes_uni_closed,ug-100-120,29,3.5,0.167555,0.1922,7,1
hermes_uni_closed,ug-100-120,29.5,4,0.1782,0.193563,8,1
hermes_uni_closed,ug-100-120,30,4,0.158818,0.166566,8,1
hermes_uni_closed,ug-100-120,30.5,4,0.13423,0.164592,8,1
hermes_uni_closed,ug-100-120,31,4,0.122766,0.136743,8,1
hermes_uni_closed,ug-100-120,31.5,4,0.130288,0.155131,8,1
hermes_uni_closed,ug-100-120,32,4,0.111937,0.124939,8,1
hermes_uni_closed,ug-100-120,32.5,4,0.0957609,0.119905,8,1
hermes_uni_closed,ug-100-120,33,4,0.0938661,0.108973,8,1
hermes_uni_closed,ug-100-120,33.5,4,0.0744414,0.111577,8,1
hermes_uni_closed,ug-100-120,34,3.5,0.0616323,0.08625,7,1
hermes_uni_closed,ug-100-120,34.5,4,0.050034,0.0611086,8,1
hermes_uni_closed,ug-100-120,35,4,0.0191951,0.0435313,8,1
hermes_uni_closed,ug-100-120,35.5,4,7.57875e-05,0.0266739,8,1
hermes_uni_closed,ug-100-120,36,4,-0.00939804,0.0330492,8,1
hermes_uni_closed,ug-100-120,36.5,4,-0.00279604,0.0171406,8,1
hermes_uni_closed,ug-100-120,37,4,-0.00390491,0.0202823,8,1
hermes_uni_closed,ug-100-120,37.5,4,-0.0153353,0.0393707,8,1
hermes_uni_closed,ug-100-120,38,3.5,-0.0125809,0.0324296,7,1
hermes_uni_closed,ug-100-120,38.5,4,-0.00643391,0.037894,8,1
hermes_uni_closed,ug-100-120,39,3.5,0.00894983,0.0301148,7,1
hermes_uni_closed,ug-100-120,39.5,4,0.0408177,0.0704115,8,1
hermes_uni_closed,ug-100-120,40,4,0.0736799,0.0906104,8,1
hermes_uni_closed,ug-100-120,40.5,4,0.096415,0.116154,8,1
hermes_uni_closed,ug-100-120,41,4,0.116013,0.124741,8,1
hermes_uni_closed,ug-100-120,41.5,4,0.142883,0.160987,8,1
hermes_uni_closed,ug-100-120,42,4,0.154055,0.169258,8,1
hermes_uni_closed,ug-100-120,42.5,3,0.139695,0.148601,6,1
hermes_uni_closed,ug-100-120,43,3,0.147019,0.166826,6,1
hermes_uni_closed,ug-100-120,43.5,3.5,0.161813,0.175884,7,1
hermes_uni_closed,ug-100-120,44,3.5,0.167387,0.184543,7,1
hermes_uni_closed,ug-100-120,44.5,3.5,0.181254,0.189637,7,1
hermes_uni_closed,ug-100-120,45,3.5,0.153949,0.166998,7,1
hermes_uni_closed,ug-100-120,45.5,3.5,0.0957198,0.113172,7,1
hermes_uni_closed,ug-100-120,46,4,0.0766049,0.104741,8,1
hermes_uni_closed,ug-100-120,46.5,4,0.0491309,0.0797555,8,1
hermes_uni_closed,ug-100-120,47,4.5,0.0366306,0.0703432,9,1
hermes_uni_closed,ug-100-120,47.5,4.5,0.0299737,0.0483846,9,1
hermes_uni_closed,ug-100-120,48,4.5,0.0255803,0.0403162,9,1
hermes_uni_closed,ug-100-120,48.5,4.5,0.0108429,0.021054,9,1
hermes_uni_closed,ug-100-120,49,4.5,-0.000721444,0.0206816,9,1
hermes_uni_closed,ug-100-120,49.5,4.5,-0.00482,0.0209815,9,1
hermes_uni_closed,ug-100-120,50,4.5,-0.00780689,0.0183244,9,1
hermes_uni_closed,ug-100-120,50.5,4.5,-0.00585444,0.0241094,9,1
hermes_uni_closed,ug-100-120,51,4.5,0.00159033,0.0165465,9,1
hermes_uni_closed,ug-100-120,51.5,4.5,0.00393956,0.0137003,9,1
hermes_uni_closed,ug-100-120,52,4.5,-0.00188503,0.00984111,9,1
hermes_uni_closed,ug-100-120,52.5,4.5,-0.00668529,0.0128215,9,1
hermes_uni_closed,ug-100-120,53,4.5,-0.00442963,0.0106359,9,1
hermes_uni_closed,ug-100-120,53.5,4.5,-0.00332923,0.011059,9,1
hermes_uni_closed,ug-100-120,54,4.5,0.00412711,0.0136512,9,1
hermes_uni_closed,ug-100-120,54.5,4.5,0.0178611,0.0281808,9,1
hermes_uni_closed,ug-100-120,55,4.5,0.00841132,0.0169381,9,1
hermes_uni_closed,ug-100-120,55.5,4.5,-0.0107675,0.0136928,9,1
hermes_uni_closed,ug-100-120,56,4.5,-0.0154878,0.0178022,9,1
hermes_uni_closed,ug-100-120,56.5,4.5,-0.0173821,0.0229625,9,1
hermes_uni_closed,ug-100-120,57,4.5,-0.0104507,0.0191904,9,1
hermes_uni_closed,ug-100-120,57.5,4.5,0.000233133,0.0120666,9,1
hermes_uni_closed,ug-100-120,58,4.5,-0.0008861,0.0183075,9,1
hermes_uni_closed,ug-100-120,58.5,4.5,-0.000613289,0.0148404,9,1
hermes_uni_closed,ug-100-120,59,4.5,0.00798888,0.0197775,9,1
hermes_uni_closed,ug-100-120,59.5,4.5,0.0254579,0.0513096,9,1
hermes_uni_closed,ug-100-120,60,4.5,0.059211,0.0935956,9,1
hermes_uni_closed,ug-100-120,60.5,3.5,0.0408954,0.0578644,7,1
hermes_uni_closed,ug-100-120,61,3.5,0.0245394,0.0705089,7,1
hermes_uni_closed,ug-100-120,61.5,3.5,0.0390425,0.051563,7,1
hermes_uni_closed,ug-100-120,62,3.5,0.0469879,0.0731577,7,1
hermes_uni_closed,ug-100-120,62.5,3.5,0.056353,0.0883816,7,1
hermes_uni_closed,ug-100-120,63,3.5,0.0737825,0.0875167,7,1
hermes_uni_closed,ug-100-120,63.5,3.5,0.110284,0.134681,7,1
hermes_uni_closed,ug-100-120,64,3.5,0.15885,0.175371,7,1
hermes_uni_closed,ug-100-120,64.5,3,0.150041,0.176296,6,1
hermes_uni_closed,ug-100-120,65,3,0.136521,0.167455,6,1
hermes_uni_closed,ug-100-120,65.5,3,0.148743,0.162285,6,1
hermes_uni_closed,ug-100-120,66,3,0.161232,0.192087,6,1
hermes_uni_closed,ug-100-120,66.5,3,0.177135,0.184203,6,1
hermes_uni_closed,ug-100-120,67,3,0.183048,0.203976,6,1
hermes_uni_closed,ug-100-120,67.5,3.5,0.196031,0.205086,7,1
hermes_uni_closed,ug-100-120,68,3.5,0.21415,0.229321,7,1
hermes_uni_closed,ug-100-120,68.5,3,0.199871,0.230488,6,1
hermes_uni_closed,ug-100-120,69,3,0.18908,0.206997,6,1
hermes_uni_closed,ug-100-120,69.5,3,0.173843,0.199512,6,1
hermes_uni_closed,ug-100-120,70,3.5,0.153123,0.18879,7,1
hermes_uni_closed,ug-100-120,70.5,3.5,0.136634,0.158667,7,1
hermes_uni_closed,ug-100-120,71,3,0.136659,0.158752,6,1
hermes_uni_closed,ug-100-120,71.5,3,0.144166,0.183548,6,1
hermes_uni_closed,ug-100-120,72,3,0.151775,0.167619,6,1
hermes_uni_closed,ug-100-120,72.5,3,0.168644,0.203406,6,1
hermes_uni_closed,ug-100-120,73,3,0.172264,0.190631,6,1
hermes_uni_closed,ug-100-120,73.5,3.5,0.175543,0.202812,7,1
hermes_uni_closed,ug-100-120,74,3,0.14986,0.173006,6,1
hermes_uni_closed,ug-100-120,74.5,2.5,0.126185,0.15818,5,1
hermes_uni_closed,ug-100-120,75,3,0.156439,0.171306,6,1
hermes_uni_closed,ug-100-120,75.5,3,0.159517,0.191384,6,1
hermes_uni_closed,ug-100-120,76,3,0.143647,0.152586,6,1
hermes_uni_closed,ug-100-120,76.5,3,0.138297,0.157597,6,1
hermes_uni_closed,ug-100-120,77,3.5,0.125567,0.147167,7,1
hermes_uni_closed,ug-100-120,77.5,3.5,0.114541,0.132986,7,1
hermes_uni_closed,ug-100-120,78,3.5,0.104924,0.146759,7,1
hermes_uni_closed,ug-100-120,78.5,3,0.0509817,0.0949328,6,1
hermes_uni_closed,ug-100-120,79,3,0.00511667,0.0893785,6,1
hermes_uni_closed,ug-100-120,79.5,3,0.006249,0.0684537,6,1
hermes_uni_closed,ug-100-120,80,3,0.00702873,0.0595226,6,1
hermes_uni_closed,ug-100-120,80.5,3,0.0058073,0.0354666,6,1
hermes_uni_closed,ug-100-120,81,3.5,0.000109657,0.0292655,7,1
hermes_uni_closed,ug-100-120,81.5,3.5,0.00269483,0.0299099,7,1
hermes_uni_closed,ug-100-120,82,3,-0.00396642,0.0268673,6,1
hermes_uni_closed,ug-100-120,82.5,3,0.00327017,0.0302613,6,1
hermes_uni_closed,ug-100-120,83,3.5,0.00478626,0.0153856,7,1
hermes_uni_closed,ug-100-120,83.5,3.5,9.87714e-05,0.0115143,7,1
hermes_uni_closed,ug-100-120,84,3.5,-0.00185161,0.0112658,7,1
hermes_uni_closed,ug-100-120,84.5,3.5,-0.000491729,0.0100962,7,1
hermes_uni_closed,ug-100-120,85,3.5,0.00314963,0.0129018,7,1
hermes_uni_closed,ug-100-120,85.5,3.5,0.0057046,0.00919019,7,1
hermes_uni_closed,ug-100-120,86,3,0.0004277,0.0114101,6,1
hermes_uni_closed,ug-100-120,86.5,3,0.00104315,0.0124113,6,1
hermes_uni_closed,ug-100-120,87,3,0.00115457,0.00888669,6,1
hermes_uni_closed,ug-100-120,87.5,3.5,-0.007649,0.0152923,7,1
hermes_uni_closed,ug-100-120,88,3.5,-0.00775461,0.012768,7,1
hermes_uni_closed,ug-100-120,88.5,3,-0.00975217,0.014981,6,1
hermes_uni_closed,ug-100-120,89,3.5,-0.00756367,0.0155001,7,1
hermes_uni_closed,ug-100-120,89.5,4,-0.0009565,0.00888919,8,1
hermes_uni_closed,ug-100-120,90,4,0.0013685,0.00633115,8,1
hermes_uni_closed,ug-100-120,90.5,4,0.00554325,0.0113478,8,1
hermes_uni_closed,ug-100-120,91,3.5,0.00514429,0.00948984,7,1
hermes_uni_closed,ug-100-120,91.5,4,0.00178036,0.0134964,8,1
hermes_uni_closed,ug-100-120,92,4,0.00766688,0.0215181,8,1
hermes_uni_closed,ug-100-120,92.5,4,0.00818089,0.0249734,8,1
hermes_uni_closed,ug-100-120,93,4,0.000140375,0.017126,8,1
hermes_uni_closed,ug-100-120,93.5,4,-0.001361,0.0162692,8,1
hermes_uni_closed,ug-100-120,94,4,-0.00151762,0.0197464,8,1
hermes_uni_closed,ug-100-120,94.5,3.5,-0.00226343,0.01899,7,1
hermes_uni_closed,ug-100-120,95,3.5,-0.002393,0.0166991,7,1
hermes_uni_closed,ug-100-120,95.5,3.5,0.000264143,0.0260963,7,1
hermes_uni_closed,ug-100-120,96,3.5,-0.000881286,0.0338291,7,1
hermes_uni_closed,ug-100-120,96.5,3.5,-0.00778143,0.0124568,7,1
hermes_uni_closed,ug-100-120,97,3.5,-0.0129991,0.0202491,7,1
hermes_uni_closed,ug-100-120,97.5,3.5,-0.000587714,0.0171171,7,1
hermes_uni_closed,ug-100-120,98,3.5,0.00842629,0.0134761,7,1
hermes_uni_closed,ug-100-120,98.5,3.5,0.00528471,0.0155842,7,1
hermes_uni_closed,ug-100-120,99,3.5,0.00549157,0.0182696,7,1
hermes_uni_closed,ug-100-120,99.5,3.5,0.00690571,0.0120783,7,1
hermes_uni_closed,ug-100-120,100,3.5,0.00983829,0.0119788,7,1
hermes_uni_closed,ug-100-120,100.5,3.5,0.012519,0.0158992,7,1
hermes_uni_closed,ug-100-120,101,3.5,0.006505,0.0149699,7,1
hermes_uni_closed,ug-100-120,101.5,3.5,0.000705286,0.0157328,7,1
hermes_uni_closed,ug-100-120,102,3.5,0.00764371,0.019343,7,1
hermes_uni_closed,ug-100-120,102.5,3.5,0.00909214,0.0212037,7,1
hermes_uni_closed,ug-100-120,103,3.5,0.00610729,0.0150861,7,1
hermes_uni_closed,ug-100-120,103.5,3.5,0.00644486,0.0131492,7,1
hermes_uni_closed,ug-100-120,104,3.5,0.00951371,0.0203057,7,1
hermes_uni_closed,ug-100-120,104.5,3.5,0.0124256,0.0194234,7,1
hermes_uni_closed,ug-100-120,105,3,0.0129893,0.0273651,6,1
hermes_uni_closed,ug-100-120,105.5,3,0.0531178,0.0672484,6,1
hermes_uni_closed,ug-100-120,106,3,0.12214,0.14088,6,1
hermes_uni_closed,ug-100-120,106.5,3,0.18947,0.200759,6,1
hermes_uni_closed,ug-100-120,107,2.5,0.205383,0.230628,5,1
hermes_uni_closed,ug-100-120,107.5,3,0.204942,0.219323,6,1
hermes_uni_closed,ug-100-120,108,3,0.203035,0.21974,6,1
hermes_uni_closed,ug-100-120,108.5,2.5,0.191018,0.210976,5,1
hermes_uni_closed,ug-100-120,109,2,0.206177,0.222851,4,1
hermes_uni_closed,ug-100-120,109.5,2.5,0.180344,0.206906,5,1
hermes_uni_closed,ug-100-120,110,2.5,0.184875,0.196237,5,1
hermes_uni_closed,ug-100-120,110.5,3,0.200582,0.238216,6,1
hermes_uni_closed,ug-100-120,111,3,0.197503,0.208971,6,1
hermes_uni_closed,ug-100-120,111.5,3,0.185989,0.226292,6,1
hermes_uni_closed,ug-100-120,112,2.5,0.169314,0.188407,5,1
hermes_uni_closed,ug-100-120,112.5,2.5,0.16355,0.195193,5,1
hermes_uni_closed,ug-100-120,113,3,0.158832,0.174341,6,1
hermes_uni_closed,ug-100-120,113.5,3,0.148233,0.175554,6,1
hermes_uni_closed,ug-100-120,114,3,0.171148,0.192808,6,1
hermes_uni_closed,ug-100-120,114.5,3,0.156252,0.187257,6,1
hermes_uni_closed,ug-100-120,115,3,0.169567,0.197857,6,1
hermes_uni_closed,ug-100-120,115.5,3.5,0.162642,0.188212,7,1
hermes_uni_closed,ug-100-120,116,3.5,0.116978,0.129065,7,1
hermes_uni_closed,ug-100-120,116.5,3.5,0.0697232,0.0991798,7,1
hermes_uni_closed,ug-100-120,117,3.5,0.008297,0.0633773,7,1
hermes_uni_closed,ug-100-120,117.5,4,0.00904394,0.050039,8,1
hermes_uni_closed,ug-100-120,118,4,0.00695746,0.0427025,8,1
hermes_uni_closed,ug-100-120,118.5,4,-0.00519734,0.0258931,8,1
hermes_uni_closed,ug-100-120,119,4,-0.00186672,0.0355585,8,1
hermes_uni_closed,ug-100-120,119.5,4,0.0105229,0.0354832,8,1
hermes_uni_closed,ug-100-120,120,4,0.0132578,0.0421166,8,1
hermes_uni_closed,ug-100-120,120.5,4,0.01441,0.0345718,8,1
hermes_uni_closed,ug-100-120,121,4,0.00301974,0.0430333,8,1
hermes_uni_closed,ug-100-120,121.5,4,-1.415e-05,0.0372253,8,1
hermes_uni_closed,ug-100-120,122,4,0.00819175,0.0282943,8,1
hermes_uni_closed,ug-100-120,122.5,4,-0.0124971,0.0442404,8,1
hermes_uni_closed,ug-100-120,123,4,-0.025005,0.0436643,8,1
hermes_uni_closed,ug-100-120,123.5,4,-0.0145719,0.0368345,8,1
hermes_uni_closed,ug-100-120,124,4,-0.00895187,0.0396079,8,1
hermes_uni_closed,ug-100-120,124.5,4,-0.00779013,0.0303578,8,1
hermes_uni_closed,ug-100-120,125,4,-0.00393212,0.0166303,8,1
hermes_uni_closed,ug-100-120,125.5,4,0.00519938,0.0222435,8,1
hermes_uni_closed,ug-100-120,126,4,0.00405412,0.0277466,8,1
hermes_uni_closed,ug-100-120,126.5,4,-0.006412,0.0247932,8,1
hermes_uni_closed,ug-100-120,127,4,-0.00458725,0.013531,8,0
hermes_uni_closed,ug-100-120,127.5,4,0.00189538,0.0194906,8,0
hermes_uni_closed,ug-100-120,128,4,0.00448487,0.0245925,8,0
hermes_uni_closed,ug-100-120,128.5,4,0.006842,0.0395815,8,0
hermes_uni_closed,ug-100-120,129,4,0.0152135,0.0406024,8,0
hermes_uni_closed,ug-100-120,129.5,4,0.0139961,0.0241665,8,0
hermes_uni_closed,ug-100-120,130,4,0.00315475,0.0179807,8,0
hermes_uni_closed,ug-100-120,130.5,4,0.00533963,0.0273265,8,0
hermes_uni_closed,ug-100-120,131,4,0.0080605,0.025975,8,0
hermes_uni_closed,ug-100-120,131.5,4,0.000708625,0.0385782,8,0
hermes_uni_closed,ug-100-120,132,3.5,0.000210143,0.0436344,7,0
hermes_uni_closed,ug-100-120,132.5,3.5,0.016173,0.0493561,7,0
hermes_uni_closed,ug-100-120,133,3.5,0.0226989,0.0502852,7,0
hermes_uni_closed,ug-100-120,133.5,3.5,0.0465201,0.064861,7,0
hermes_uni_closed,ug-100-120,134,3.5,0.0518382,0.0623891,7,0
hermes_uni_closed,ug-100-120,134.5,3.5,0.0521058,0.0968851,7,0
hermes_uni_closed,ug-100-120,135,3.5,0.10229,0.129032,7,0
hermes_uni_closed,ug-100-120,135.5,4,0.146747,0.169037,8,0
hermes_uni_closed,ug-100-120,136,4,0.190472,0.215732,8,0
hermes_uni_closed,ug-100-120,136.5,3.5,0.219341,0.251929,7,0
hermes_uni_closed,ug-100-120,137,3.5,0.260931,0.277663,7,0
hermes_uni_closed,ug-100-120,137.5,3,0.262307,0.282768,6,0
hermes_uni_closed,ug-100-120,138,3.5,0.311202,0.319493,7,0
hermes_uni_closed,ug-100-120,138.5,3,0.342112,0.3577,6,0
hermes_uni_closed,ug-100-120,139,3,0.450358,0.452926,6,0
hermes_uni_closed,ug-100-120,139.5,3,0.495234,0.509369,6,0
hermes_uni_closed,ug-100-120,140,2,0.460724,0.493112,4,0
hermes_uni_closed,ug-100-120,140.5,1.5,0.467473,0.483674,3,0
hermes_uni_closed,ug-100-120,141,1.5,0.484368,0.513998,3,0
hermes_uni_closed,ug-140-010,2.062,0.357143,0.484923,0.498623,1,0
hermes_uni_closed,ug-140-010,2.562,0.357143,0.191406,0.20294,1,0
hermes_uni_closed,ug-140-010,3.062,0.357143,0.039587,0.0438076,1,0
hermes_uni_closed,ug-140-010,3.562,0.357143,0.24029,0.247679,1,0
hermes_uni_closed,ug-140-010,4.062,0.357143,0.576288,0.586262,1,0
hermes_uni_closed,ug-140-010,4.562,0.357143,0.864602,0.865068,1,0
hermes_uni_closed,ug-140-010,5.062,0.357143,1.0917,1.092,1,0
hermes_uni_closed,ug-140-010,5.562,0.357143,1.21823,1.21831,1,0
hermes_uni_closed,ug-140-010,6.562,0.357143,1.35547,1.35554,1,0
hermes_uni_closed,ug-140-010,7.062,0.357143,1.2264,1.22646,1,0
hermes_uni_closed,ug-140-010,7.562,0.357143,1.20464,1.20614,1,0
hermes_uni_closed,ug-140-010,8.562,0.357143,1.3629,1.36367,1,0
hermes_uni_closed,ug-140-010,9.062,0.357143,1.33724,1.34305,1,0
hermes_uni_closed,ug-140-010,9.562,0.357143,1.39959,1.40127,1,0
hermes_uni_closed,ug-140-010,10.062,0.357143,1.32088,1.32097,1,0
hermes_uni_closed,ug-140-010,12.562,0.357143,1.18191,1.18485,1,0
hermes_uni_closed,ug-140-010,13.062,0.357143,1.21459,1.2155,1,0
hermes_uni_closed,ug-140-010,13.562,0.357143,1.24693,1.24769,1,0
hermes_uni_closed,ug-140-010,15.562,0.357143,1.35083,1.35083,1,1
hermes_uni_closed,ug-140-010,16.062,0.357143,1.42545,1.42612,1,1
hermes_uni_closed,ug-140-010,16.562,0.714286,1.39399,1.39402,2,1
hermes_uni_closed,ug-140-010,17.062,0.357143,1.33326,1.33329,1,1
hermes_uni_closed,ug-140-010,17.562,0.714286,1.26513,1.26792,2,1
hermes_uni_closed,ug-140-010,18.062,0.714286,1.2247,1.22836,2,1
hermes_uni_closed,ug-140-010,18.562,0.714286,1.266,1.26779,2,1
hermes_uni_closed,ug-140-010,19.062,0.357143,1.2905,1.2912,1,1
hermes_uni_closed,ug-140-010,19.562,0.357143,1.24975,1.24978,1,1
hermes_uni_closed,ug-140-010,20.562,0.357143,1.32098,1.32107,1,1
hermes_uni_closed,ug-140-010,21.062,0.357143,1.37601,1.378,1,1
hermes_uni_closed,ug-140-010,21.562,0.357143,1.45073,1.452,1,1
hermes_uni_closed,ug-140-010,25.562,0.357143,1.33467,1.33469,1,1
hermes_uni_closed,ug-140-010,26.062,0.357143,1.34769,1.3477,1,1
hermes_uni_closed,ug-140-010,26.562,0.357143,1.35373,1.35376,1,1
hermes_uni_closed,ug-140-010,28.062,0.357143,1.4073,1.40849,1,1
hermes_uni_closed,ug-140-010,28.562,0.357143,1.36009,1.36025,1,1
hermes_uni_closed,ug-140-010,29.062,0.357143,1.4464,1.44903,1,1
hermes_uni_closed,ug-140-010,29.562,0.357143,1.42578,1.42691,1,1
hermes_uni_closed,ug-140-010,30.062,0.357143,1.38044,1.38409,1,1
hermes_uni_closed,ug-140-010,30.562,0.357143,1.3701,1.37104,1,1
hermes_uni_closed,ug-140-010,31.062,0.357143,1.38769,1.39233,1,1
hermes_uni_closed,ug-140-010,35.062,0.357143,1.29597,1.29619,1,1
hermes_uni_closed,ug-140-010,35.562,0.714286,1.33176,1.33389,2,1
hermes_uni_closed,ug-140-010,36.062,0.714286,1.32986,1.33225,2,1
hermes_uni_closed,ug-140-010,36.562,0.357143,1.28856,1.28881,1,1
hermes_uni_closed,ug-140-010,37.562,0.357143,1.35373,1.35379,1,1
hermes_uni_closed,ug-140-010,38.062,0.714286,1.31351,1.31403,2,1
hermes_uni_closed,ug-140-010,38.562,0.714286,1.24864,1.25276,2,1
hermes_uni_closed,ug-140-010,39.062,0.714286,1.35768,1.36191,2,1
hermes_uni_closed,ug-140-010,39.562,0.357143,1.38148,1.38152,1,1
hermes_uni_closed,ug-140-010,40.062,0.357143,1.32166,1.32175,1,1
hermes_uni_closed,ug-140-010,40.562,0.357143,1.28775,1.29111,1,1
hermes_uni_closed,ug-140-010,41.062,0.357143,1.36946,1.37255,1,1
hermes_uni_closed,ug-140-010,41.562,0.357143,1.3468,1.34927,1,1
hermes_uni_closed,ug-140-010,45.562,0.357143,1.40859,1.40864,1,1
hermes_uni_closed,ug-140-010,46.062,0.357143,1.43143,1.43157,1,1
hermes_uni_closed,ug-140-010,46.562,0.357143,1.39751,1.39752,1,1
hermes_uni_closed,ug-140-010,48.062,0.357143,1.25957,1.27049,1,1
hermes_uni_closed,ug-140-010,48.562,0.357143,1.2583,1.26245,1,1
hermes_uni_closed,ug-140-010,49.062,0.357143,1.28117,1.28133,1,1
hermes_uni_closed,ug-140-010,49.562,0.357143,1.26798,1.27475,1,1
hermes_uni_closed,ug-140-010,50.062,0.357143,1.24941,1.25102,1,1
hermes_uni_closed,ug-140-010,50.562,0.357143,1.28251,1.2866,1,1
hermes_uni_closed,ug-140-010,51.062,0.357143,1.38157,1.38163,1,1
hermes_uni_closed,ug-140-010,51.562,0.357143,1.38985,1.39431,1,1
hermes_uni_closed,ug-140-010,52.062,0.357143,1.39861,1.4012,1,1
hermes_uni_closed,ug-140-010,56.562,0.357143,1.33925,1.33943,1,1
hermes_uni_closed,ug-140-010,57.062,0.357143,1.34997,1.3506,1,1
hermes_uni_closed,ug-140-010,57.562,0.714286,1.33968,1.33971,2,1
hermes_uni_closed,ug-140-010,58.062,0.357143,1.32913,1.32926,1,1
hermes_uni_closed,ug-140-010,58.562,0.357143,1.37948,1.37979,1,1
hermes_uni_closed,ug-140-010,59.062,0.357143,1.3469,1.34725,1,1
hermes_uni_closed,ug-140-010,59.562,0.714286,1.32253,1.3249,2,1
hermes_uni_closed,ug-140-010,60.062,0.714286,1.35032,1.35287,2,1
hermes_uni_closed,ug-140-010,60.562,0.714286,1.356,1.36652,2,1
hermes_uni_closed,ug-140-010,61.062,0.357143,1.3921,1.39309,1,1
hermes_uni_closed,ug-140-010,61.562,0.357143,1.20253,1.20355,1,1
hermes_uni_closed,ug-140-010,62.062,0.357143,1.23839,1.23845,1,1
hermes_uni_closed,ug-140-010,62.562,0.357143,1.27063,1.27081,1,1
hermes_uni_closed,ug-140-010,63.062,0.357143,1.29143,1.29224,1,1
hermes_uni_closed,ug-140-010,66.062,0.357143,1.35289,1.35404,1,1
hermes_uni_closed,ug-140-010,66.562,0.357143,1.34064,1.34073,1,1
hermes_uni_closed,ug-140-010,67.062,0.357143,1.28589,1.28648,1,1
hermes_uni_closed,ug-140-010,68.562,0.357143,1.35742,1.35884,1,1
hermes_uni_closed,ug-140-010,69.062,0.357143,1.35358,1.35398,1,1
hermes_uni_closed,ug-140-010,69.562,0.357143,1.3615,1.36155,1,1
hermes_uni_closed,ug-140-010,70.062,0.357143,1.47481,1.47525,1,1
hermes_uni_closed,ug-140-010,70.562,0.357143,1.48278,1.4856,1,1
hermes_uni_closed,ug-140-010,71.062,0.357143,1.45838,1.46243,1,1
hermes_uni_closed,ug-140-010,71.562,0.357143,1.46407,1.46437,1,1
hermes_uni_closed,ug-140-010,72.062,0.357143,1.47542,1.47543,1,1
hermes_uni_closed,ug-140-010,72.562,0.357143,1.48453,1.48465,1,1
hermes_uni_closed,ug-140-010,77.562,0.357143,1.31868,1.31912,1,1
hermes_uni_closed,ug-140-010,78.062,0.357143,1.34131,1.34132,1,1
hermes_uni_closed,ug-140-010,78.562,0.714286,1.36328,1.36404,2,1
hermes_uni_closed,ug-140-010,79.062,0.357143,1.30677,1.30944,1,1
hermes_uni_closed,ug-140-010,79.562,0.357143,1.26449,1.26459,1,1
hermes_uni_closed,ug-140-010,80.062,0.357143,1.36897,1.36913,1,1
hermes_uni_closed,ug-140-010,80.562,0.357143,1.3637,1.36633,1,1
hermes_uni_closed,ug-140-010,81.062,0.714286,1.35187,1.35243,2,1
hermes_uni_closed,ug-140-010,81.562,0.357143,1.33602,1.33733,1,1
hermes_uni_closed,ug-140-010,82.062,0.714286,1.34346,1.34552,2,1
hermes_uni_closed,ug-140-010,82.562,0.357143,1.33893,1.34174,1,1
hermes_uni_closed,ug-140-010,83.062,0.357143,1.37597,1.38421,1,1
hermes_uni_closed,ug-140-010,83.562,0.357143,1.33046,1.33575,1,1
hermes_uni_closed,ug-140-010,84.062,0.357143,1.31226,1.32008,1,1
hermes_uni_closed,ug-140-010,84.562,0.357143,1.29619,1.29923,1,1
hermes_uni_closed,ug-140-010,94.562,0.714286,1.27099,1.27115,2,1
hermes_uni_closed,ug-140-010,95.062,0.714286,1.27558,1.27633,2,1
hermes_uni_closed,ug-140-010,95.562,0.714286,1.29212,1.2922,2,1
hermes_uni_closed,ug-140-010,96.062,0.357143,1.41395,1.41733,1,1
hermes_uni_closed,ug-140-010,96.562,0.357143,1.36675,1.37332,1,1
hermes_uni_closed,ug-140-010,97.062,0.714286,1.42216,1.42359,2,1
hermes_uni_closed,ug-140-010,97.562,0.714286,1.33451,1.33566,2,1
hermes_uni_closed,ug-140-010,98.062,0.714286,1.24151,1.24224,2,1
hermes_uni_closed,ug-140-010,98.562,0.357143,1.29683,1.29772,1,1
hermes_uni_closed,ug-140-010,99.062,0.714286,1.29177,1.29301,2,1
hermes_uni_closed,ug-140-010,99.562,0.357143,1.31621,1.31772,1,1
hermes_uni_closed,ug-140-010,100.062,0.357143,1.29289,1.29296,1,1
hermes_uni_closed,ug-140-010,101.562,0.357143,1.46947,1.46956,1,1
hermes_uni_closed,ug-140-010,102.062,0.357143,1.48804,1.48832,1,1
hermes_uni_closed,ug-140-010,102.562,0.357143,1.41604,1.41612,1,1
hermes_uni_closed,ug-140-010,103.062,0.714286,1.34963,1.35264,2,1
hermes_uni_closed,ug-140-010,103.562,1.07143,1.33439,1.33479,3,1
hermes_uni_closed,ug-140-010,104.062,1.07143,1.34578,1.34693,3,1
hermes_uni_closed,ug-140-010,104.562,0.714286,1.33522,1.33787,2,1
hermes_uni_closed,ug-140-010,105.062,1.07143,1.2803,1.28141,3,1
hermes_uni_closed,ug-140-010,105.562,0.714286,0.953251,0.955323,2,1
hermes_uni_closed,ug-140-010,106.062,1.42857,0.516921,0.519802,4,1
hermes_uni_closed,ug-140-010,106.562,1.42857,0.209326,0.221412,4,1
hermes_uni_closed,ug-140-010,107.062,1.42857,0.0618385,0.109527,4,1
hermes_uni_closed,ug-140-010,107.562,1.42857,0.0066005,0.0872731,4,1
hermes_uni_closed,ug-140-010,108.062,1.42857,-0.00371925,0.0982633,4,1
hermes_uni_closed,ug-140-010,108.562,1.42857,0.020311,0.127548,4,1
hermes_uni_closed,ug-140-010,109.062,1.42857,0.0523858,0.0649315,4,1
hermes_uni_closed,ug-140-010,109.562,1.42857,0.053191,0.104752,4,1
hermes_uni_closed,ug-140-010,110.062,1.42857,0.009648,0.146731,4,1
hermes_uni_closed,ug-140-010,110.562,1.42857,-0.06511,0.164504,4,0
hermes_uni_closed,ug-140-010,111.062,1.42857,-0.0530815,0.0945662,4,0
hermes_uni_closed,ug-140-010,111.562,1.42857,0.0106485,0.0788377,4,0
hermes_uni_closed,ug-140-010,112.062,1.42857,0.0352245,0.0721666,4,0
hermes_uni_closed,ug-140-010,112.562,1.42857,0.0116667,0.0760931,4,0
hermes_uni_closed,ug-140-010,113.062,1.42857,0.031467,0.0956029,4,0
hermes_uni_closed,ug-140-010,113.562,1.42857,0.0402088,0.128622,4,0
hermes_uni_closed,ug-140-010,114.062,1.42857,0.0283535,0.108159,4,0
hermes_uni_closed,ug-140-010,114.562,1.42857,0.0366178,0.0933214,4,0
hermes_uni_closed,ug-140-010,115.062,1.42857,0.00421325,0.0857989,4,0
hermes_uni_closed,ug-140-010,115.562,1.42857,-0.0211228,0.106009,4,0
hermes_uni_closed,ug-140-010,116.062,1.42857,-0.009328,0.104746,4,0
hermes_uni_closed,ug-140-010,116.562,1.42857,0.00034625,0.0794031,4,0
hermes_uni_closed,ug-140-010,117.062,1.42857,-0.0331,0.107017,4,0
hermes_uni_closed,ug-140-010,117.562,1.42857,-0.0464678,0.104458,4,0
hermes_uni_closed,ug-140-010,118.062,1.42857,0.0370608,0.115337,4,0
hermes_uni_closed,ug-140-010,118.562,1.07143,0.0553687,0.13022,3,0
hermes_uni_closed,ug-140-010,119.062,1.07143,0.0603903,0.137099,3,0
hermes_uni_closed,ug-140-010,119.562,1.07143,0.113541,0.115427,3,0
hermes_uni_closed,ug-140-010,120.062,1.07143,0.0965787,0.133115,3,0
hermes_uni_closed,ug-140-010,120.562,1.07143,-0.00467867,0.105882,3,0
hermes_uni_closed,ug-140-010,121.062,1.07143,-0.0616383,0.115171,3,0
hermes_uni_closed,ug-140-010,121.562,1.07143,-0.0685757,0.0820475,3,0
hermes_uni_closed,ug-140-010,122.062,1.07143,-0.0124743,0.0374763,3,0
hermes_uni_closed,ug-140-010,122.562,1.07143,0.0313397,0.0705442,3,0
hermes_uni_closed,ug-140-020,0.5,1.07143,0.0251707,0.0301744,3,0
hermes_uni_closed,ug-140-020,1,1.07143,0.0452327,0.0499437,3,0
hermes_uni_closed,ug-140-020,1.5,1.07143,0.0305577,0.0389771,3,0
hermes_uni_closed,ug-140-020,2,1.07143,0.0116473,0.0242087,3,0
hermes_uni_closed,ug-140-020,2.5,1.07143,-6.8e-05,0.0171616,3,0
hermes_uni_closed,ug-140-020,3,1.07143,-0.0112913,0.0284751,3,0
hermes_uni_closed,ug-140-020,3.5,1.07143,-0.020624,0.029642,3,0
hermes_uni_closed,ug-140-020,4,1.07143,-0.00924533,0.0155728,3,0
hermes_uni_closed,ug-140-020,4.5,1.07143,0.0400623,0.0442064,3,0
hermes_uni_closed,ug-140-020,5,1.07143,0.11232,0.118701,3,0
hermes_uni_closed,ug-140-020,5.5,1.07143,0.26626,0.270823,3,0
hermes_uni_closed,ug-140-020,6,1.07143,0.672216,0.681608,3,0
hermes_uni_closed,ug-140-020,6.5,0.714286,1.06548,1.07347,2,0
hermes_uni_closed,ug-140-020,7,0.714286,1.13613,1.13643,2,0
hermes_uni_closed,ug-140-020,7.5,0.357143,1.14933,1.15057,1,0
hermes_uni_closed,ug-140-020,8,0.357143,1.23984,1.24313,1,1
hermes_uni_closed,ug-140-020,8.5,0.357143,1.31233,1.31358,1,1
hermes_uni_closed,ug-140-020,9,0.714286,1.26934,1.26944,2,1
hermes_uni_closed,ug-140-020,9.5,0.714286,1.301,1.30128,2,1
hermes_uni_closed,ug-140-020,10,0.714286,1.37627,1.37655,2,1
hermes_uni_closed,ug-140-020,10.5,1.07143,1.36923,1.37008,3,1
hermes_uni_closed,ug-140-020,11,0.714286,1.37533,1.37881,2,1
hermes_uni_closed,ug-140-020,11.5,0.357143,1.42201,1.42421,1,1
hermes_uni_closed,ug-140-020,12,0.357143,1.3236,1.32361,1,1
hermes_uni_closed,ug-140-020,12.5,0.714286,1.33065,1.33108,2,1
hermes_uni_closed,ug-140-020,13,0.714286,1.33199,1.33225,2,1
hermes_uni_closed,ug-140-020,13.5,0.357143,1.36354,1.36401,1,1
hermes_uni_closed,ug-140-020,14.5,0.357143,1.35779,1.36027,1,1
hermes_uni_closed,ug-140-020,15,0.714286,1.41052,1.41178,2,1
hermes_uni_closed,ug-140-020,15.5,1.07143,1.41069,1.41278,3,1
hermes_uni_closed,ug-140-020,16,0.714286,1.42339,1.42502,2,1
hermes_uni_closed,ug-140-020,16.5,0.357143,1.45226,1.45267,1,1
hermes_uni_closed,ug-140-020,17,0.714286,1.41761,1.41806,2,1
hermes_uni_closed,ug-140-020,17.5,0.714286,1.47464,1.47475,2,1
hermes_uni_closed,ug-140-020,18,1.07143,1.48123,1.48319,3,1
hermes_uni_closed,ug-140-020,18.5,0.357143,1.46629,1.47023,1,1
hermes_uni_closed,ug-140-020,19,0.357143,1.46549,1.47362,1,1
hermes_uni_closed,ug-140-020,19.5,0.357143,1.57411,1.57671,1,1
hermes_uni_closed,ug-140-020,20,0.714286,1.59875,1.60059,2,1
hermes_uni_closed,ug-140-020,20.5,0.357143,1.54128,1.54157,1,1
hermes_uni_closed,ug-140-020,21,0.357143,1.62753,1.62779,1,1
hermes_uni_closed,ug-140-020,21.5,0.357143,1.5698,1.57074,1,1
hermes_uni_closed,ug-140-020,22,0.714286,1.87034,1.87103,2,1
hermes_uni_closed,ug-140-020,22.5,1.07143,1.6542,1.65528,3,1
hermes_uni_closed,ug-140-020,23,0.714286,1.49626,1.49754,2,1
hermes_uni_closed,ug-140-020,23.5,0.357143,1.50475,1.50567,1,1
hermes_uni_closed,ug-140-020,26.5,0.357143,1.30295,1.30301,1,1
hermes_uni_closed,ug-140-020,27,0.357143,1.31831,1.3188,1,1
hermes_uni_closed,ug-140-020,27.5,0.357143,1.31255,1.31295,1,1
hermes_uni_closed,ug-140-020,29,0.714286,1.29356,1.29365,2,1
hermes_uni_closed,ug-140-020,29.5,0.714286,1.19332,1.19399,2,1
hermes_uni_closed,ug-140-020,30,1.07143,1.34011,1.34119,3,1
hermes_uni_closed,ug-140-020,30.5,0.714286,1.32752,1.32843,2,1
hermes_uni_closed,ug-140-020,31,0.714286,1.3119,1.31315,2,1
hermes_uni_closed,ug-140-020,31.5,0.357143,1.28923,1.29063,1,1
hermes_uni_closed,ug-140-020,33,0.357143,1.37592,1.37603,1,1
hermes_uni_closed,ug-140-020,33.5,0.714286,1.36849,1.36868,2,1
hermes_uni_closed,ug-140-020,34,0.714286,1.33623,1.33671,2,1
hermes_uni_closed,ug-140-020,34.5,0.714286,1.32856,1.32883,2,1
hermes_uni_closed,ug-140-020,35,0.357143,1.36963,1.3716,1,1
hermes_uni_closed,ug-140-020,35.5,0.714286,1.40505,1.4054,2,1
hermes_uni_closed,ug-140-020,36,1.07143,1.36046,1.36136,3,1
hermes_uni_closed,ug-140-020,36.5,1.07143,1.35032,1.35034,3,1
hermes_uni_closed,ug-140-020,37,1.07143,1.32694,1.32784,3,1
hermes_uni_closed,ug-140-020,37.5,1.07143,1.32122,1.32223,3,1
hermes_uni_closed,ug-140-020,38,1.07143,1.29201,1.2924,3,1
hermes_uni_closed,ug-140-020,38.5,1.42857,1.32542,1.32645,4,1
hermes_uni_closed,ug-140-020,39,1.07143,1.33808,1.33863,3,1
hermes_uni_closed,ug-140-020,39.5,1.42857,1.38241,1.38248,4,1
hermes_uni_closed,ug-140-020,40,0.714286,1.35627,1.35696,2,1
hermes_uni_closed,ug-140-020,40.5,1.07143,1.40487,1.40711,3,1
hermes_uni_closed,ug-140-020,41,0.714286,1.38469,1.38576,2,1
hermes_uni_closed,ug-140-020,41.5,0.714286,1.37099,1.37105,2,1
hermes_uni_closed,ug-140-020,47,0.357143,1.28345,1.2871,1,1
hermes_uni_closed,ug-140-020,47.5,0.357143,1.3833,1.3911,1,1
hermes_uni_closed,ug-140-020,48,0.357143,1.4122,1.41348,1,1
hermes_uni_closed,ug-140-020,49.5,0.357143,1.34551,1.34719,1,1
hermes_uni_closed,ug-140-020,50,0.714286,1.39773,1.39786,2,1
hermes_uni_closed,ug-140-020,50.5,0.714286,1.42943,1.4305,2,1
hermes_uni_closed,ug-140-020,51,0.714286,1.35548,1.3555,2,1
hermes_uni_closed,ug-140-020,51.5,0.714286,1.35945,1.35963,2,1
hermes_uni_closed,ug-140-020,52,0.714286,1.36692,1.36775,2,1
hermes_uni_closed,ug-140-020,53.5,0.357143,1.24978,1.2508,1,1
hermes_uni_closed,ug-140-020,54,0.714286,1.29578,1.29627,2,1
hermes_uni_closed,ug-140-020,54.5,0.714286,1.30499,1.30574,2,1
hermes_uni_closed,ug-140-020,55,0.714286,1.29672,1.2973,2,1
hermes_uni_closed,ug-140-020,55.5,0.357143,1.35884,1.35895,1,1
hermes_uni_closed,ug-140-020,56,0.714286,1.32517,1.32875,2,1
hermes_uni_closed,ug-140-020,56.5,1.42857,1.38546,1.38795,4,1
hermes_uni_closed,ug-140-020,57,1.42857,1.35694,1.35804,4,1
hermes_uni_closed,ug-140-020,57.5,1.07143,1.33959,1.33972,3,1
hermes_uni_closed,ug-140-020,58,1.07143,1.35296,1.35499,3,1
hermes_uni_closed,ug-140-020,58.5,1.42857,1.34176,1.34283,4,1
hermes_uni_closed,ug-140-020,59,1.42857,1.29832,1.29839,4,1
hermes_uni_closed,ug-140-020,59.5,1.42857,1.28917,1.29123,4,1
hermes_uni_closed,ug-140-020,60,0.714286,1.19964,1.2018,2,1
hermes_uni_closed,ug-140-020,60.5,1.42857,1.24754,1.24931,4,1
hermes_uni_closed,ug-140-020,61,0.714286,1.23017,1.23326,2,1
hermes_uni_closed,ug-140-020,61.5,0.714286,1.16309,1.16439,2,1
hermes_uni_closed,ug-140-020,68,0.357143,1.29716,1.3002,1,0
hermes_uni_closed,ug-140-020,68.5,0.357143,1.27164,1.27602,1,0
hermes_uni_closed,ug-140-020,69,0.714286,1.49039,1.49062,2,0
hermes_uni_closed,ug-140-020,69.5,0.714286,1.41468,1.41478,2,0
hermes_uni_closed,ug-140-020,71,0.357143,1.46755,1.47675,1,0
hermes_uni_closed,ug-140-045,-0.5,0.357143,1.34483,1.34498,1,0
hermes_uni_closed,ug-140-045,0,0.714286,1.31339,1.31491,2,0
hermes_uni_closed,ug-140-045,0.5,1.07143,1.21946,1.22211,3,0
hermes_uni_closed,ug-140-045,1,0.714286,1.11095,1.11098,2,0
hermes_uni_closed,ug-140-045,1.5,1.42857,0.856015,0.85707,4,0
hermes_uni_closed,ug-140-045,2,1.42857,0.438601,0.458481,4,0
hermes_uni_closed,ug-140-045,2.5,1.78571,0.116887,0.210368,5,0
hermes_uni_closed,ug-140-045,3,2.14286,-0.0188226,0.0559227,6,0
hermes_uni_closed,ug-140-045,3.5,2.14286,-0.00951597,0.0771527,6,0
hermes_uni_closed,ug-140-045,4,2.14286,-0.00717398,0.0398534,6,0
hermes_uni_closed,ug-140-045,4.5,2.14286,-0.00896345,0.0410954,6,0
hermes_uni_closed,ug-140-045,5,2.14286,0.0128535,0.0293299,6,0
hermes_uni_closed,ug-140-045,5.5,2.14286,0.011062,0.0354064,6,0
hermes_uni_closed,ug-140-045,6,2.14286,-0.0027509,0.0354723,6,0
hermes_uni_closed,ug-140-045,6.5,2.14286,-0.00553927,0.020154,6,0
hermes_uni_closed,ug-140-045,7,2.14286,-0.0068238,0.0249168,6,0
hermes_uni_closed,ug-140-045,7.5,2.14286,-0.00854207,0.0186869,6,0
hermes_uni_closed,ug-140-045,8,2.14286,-0.00623552,0.0204638,6,0
hermes_uni_closed,ug-140-045,8.5,2.14286,0.00357525,0.0315296,6,0
hermes_uni_closed,ug-140-045,9,2.14286,0.00786547,0.0357086,6,0
hermes_uni_closed,ug-140-045,9.5,2.14286,0.00905677,0.021069,6,0
hermes_uni_closed,ug-140-045,10,2.14286,0.00124105,0.0380093,6,0
hermes_uni_closed,ug-140-045,10.5,2.14286,-0.0115737,0.0635164,6,0
hermes_uni_closed,ug-140-045,11,2.14286,0.0184322,0.0501621,6,0
hermes_uni_closed,ug-140-045,11.5,2.14286,0.0296566,0.0571449,6,0
hermes_uni_closed,ug-140-045,12,2.14286,0.0206359,0.0567361,6,1
hermes_uni_closed,ug-140-045,12.5,2.14286,0.033951,0.0577435,6,1
hermes_uni_closed,ug-140-045,13,2.14286,0.032998,0.0622532,6,1
hermes_uni_closed,ug-140-045,13.5,2.14286,0.00124217,0.0534479,6,1
hermes_uni_closed,ug-140-045,14,2.14286,-0.0240718,0.0397151,6,1
hermes_uni_closed,ug-140-045,14.5,2.14286,-0.0178477,0.0637697,6,1
hermes_uni_closed,ug-140-045,15,2.14286,-0.0152678,0.0760696,6,1
hermes_uni_closed,ug-140-045,15.5,2.14286,-0.0209697,0.0583711,6,1
hermes_uni_closed,ug-140-045,16,2.14286,-0.0108392,0.0600709,6,1
hermes_uni_closed,ug-140-045,16.5,2.14286,-0.00448417,0.0356361,6,1
hermes_uni_closed,ug-140-045,17,2.14286,0.0137478,0.0311147,6,1
hermes_uni_closed,ug-140-045,17.5,2.14286,0.0298402,0.0554391,6,1
hermes_uni_closed,ug-140-045,18,2.14286,0.021839,0.0464414,6,1
hermes_uni_closed,ug-140-045,18.5,2.14286,0.0120532,0.040132,6,1
hermes_uni_closed,ug-140-045,19,2.14286,-0.0146817,0.0466011,6,1
hermes_uni_closed,ug-140-045,19.5,2.14286,-0.0153566,0.0282281,6,1
hermes_uni_closed,ug-140-045,20,2.14286,0.00373183,0.0416326,6,1
hermes_uni_closed,ug-140-045,20.5,2.14286,-0.0041807,0.034727,6,1
hermes_uni_closed,ug-140-045,21,2.14286,-0.00723533,0.0554298,6,1
hermes_uni_closed,ug-140-045,21.5,2.14286,0.0101297,0.0533721,6,1
hermes_uni_closed,ug-140-045,22,2.14286,0.016085,0.0373432,6,1
hermes_uni_closed,ug-140-045,22.5,2.14286,0.012571,0.0408049,6,1
hermes_uni_closed,ug-140-045,23,2.14286,-0.0205998,0.0596965,6,1
hermes_uni_closed,ug-140-045,23.5,2.14286,-0.0267625,0.0500265,6,1
hermes_uni_closed,ug-140-045,24,2.14286,-0.00158282,0.032974,6,1
hermes_uni_closed,ug-140-045,24.5,2.14286,0.000761683,0.0218778,6,1
hermes_uni_closed,ug-140-045,25,1.78571,-0.00508014,0.00764016,5,1
hermes_uni_closed,ug-140-045,25.5,2.14286,-0.0144412,0.0227965,6,1
hermes_uni_closed,ug-140-045,26,2.14286,-0.00175353,0.00900858,6,1
hermes_uni_closed,ug-140-045,26.5,2.14286,0.00976748,0.0162843,6,1
hermes_uni_closed,ug-140-045,27,2.14286,0.00460213,0.0115239,6,1
hermes_uni_closed,ug-140-045,27.5,2.14286,0.00626297,0.0128728,6,1
hermes_uni_closed,ug-140-045,28,2.14286,0.0101676,0.0246301,6,1
hermes_uni_closed,ug-140-045,28.5,2.14286,0.0127564,0.0261321,6,1
hermes_uni_closed,ug-140-045,29,2.14286,0.000506483,0.0236273,6,1
hermes_uni_closed,ug-140-045,29.5,2.14286,-0.0128272,0.0269713,6,1
hermes_uni_closed,ug-140-045,30,2.14286,-0.00662917,0.0138951,6,1
hermes_uni_closed,ug-140-045,30.5,2.14286,0.0037092,0.00818947,6,1
hermes_uni_closed,ug-140-045,31,2.14286,0.011018,0.0228181,6,1
hermes_uni_closed,ug-140-045,31.5,1.78571,0.0117846,0.0285515,5,1
hermes_uni_closed,ug-140-045,32,1.78571,0.006927,0.0127051,5,1
hermes_uni_closed,ug-140-045,32.5,2.14286,0.00388467,0.0198949,6,1
hermes_uni_closed,ug-140-045,33,2.14286,0.025557,0.0301251,6,1
hermes_uni_closed,ug-140-045,33.5,2.14286,0.0541325,0.0554502,6,1
hermes_uni_closed,ug-140-045,34,1.78571,0.018817,0.0279271,5,1
hermes_uni_closed,ug-140-045,34.5,1.42857,0.005336,0.0219979,4,1
hermes_uni_closed,ug-140-045,35,1.42857,-0.0149982,0.0255985,4,1
hermes_uni_closed,ug-140-045,35.5,1.78571,-0.0200116,0.0220295,5,1
hermes_uni_closed,ug-140-045,36,1.78571,-0.0152556,0.021193,5,1
hermes_uni_closed,ug-140-045,36.5,1.78571,-0.0172302,0.0229907,5,1
hermes_uni_closed,ug-140-045,37,1.78571,-0.0136456,0.0200738,5,1
hermes_uni_closed,ug-140-045,37.5,1.78571,0.0192936,0.0270409,5,1
hermes_uni_closed,ug-140-045,38,1.78571,0.167282,0.172869,5,1
hermes_uni_closed,ug-140-045,38.5,1.78571,0.487736,0.496784,5,1
hermes_uni_closed,ug-140-045,39,1.42857,0.767514,0.770774,4,1
hermes_uni_closed,ug-140-045,39.5,1.42857,0.892802,0.905434,4,1
hermes_uni_closed,ug-140-045,40,1.07143,1.02886,1.04104,3,1
hermes_uni_closed,ug-140-045,40.5,1.07143,1.18629,1.19099,3,1
hermes_uni_closed,ug-140-045,41,1.42857,1.24082,1.24154,4,1
hermes_uni_closed,ug-140-045,41.5,1.07143,1.23438,1.23484,3,1
hermes_uni_closed,ug-140-045,42,1.42857,1.24749,1.24796,4,1
hermes_uni_closed,ug-140-045,42.5,1.42857,1.24538,1.24595,4,1
hermes_uni_closed,ug-140-045,43,1.78571,1.2475,1.24786,5,1
hermes_uni_closed,ug-140-045,43.5,1.78571,1.26925,1.26932,5,1
hermes_uni_closed,ug-140-045,44,1.78571,1.26877,1.26971,5,1
hermes_uni_closed,ug-140-045,44.5,1.07143,1.28945,1.28983,3,1
hermes_uni_closed,ug-140-045,45,1.07143,1.3325,1.33265,3,1
hermes_uni_closed,ug-140-045,45.5,1.42857,1.33162,1.33286,4,1
hermes_uni_closed,ug-140-045,46,0.714286,1.27089,1.27181,2,1
hermes_uni_closed,ug-140-045,46.5,1.07143,1.25756,1.25845,3,1
hermes_uni_closed,ug-140-045,47,0.714286,1.39306,1.39472,2,1
hermes_uni_closed,ug-140-045,47.5,1.07143,1.3381,1.33838,3,1
hermes_uni_closed,ug-140-045,48,0.714286,1.31205,1.31339,2,1
hermes_uni_closed,ug-140-045,48.5,1.07143,1.38875,1.39002,3,1
hermes_uni_closed,ug-140-045,49,1.07143,1.38546,1.38593,3,1
hermes_uni_closed,ug-140-045,49.5,1.42857,1.30372,1.30553,4,1
hermes_uni_closed,ug-140-045,50,1.07143,1.2234,1.22367,3,1
hermes_uni_closed,ug-140-045,50.5,1.07143,1.15136,1.15255,3,1
hermes_uni_closed,ug-140-045,51,1.07143,1.05237,1.05256,3,1
hermes_uni_closed,ug-140-045,51.5,0.357143,1.1004,1.10097,1,1
hermes_uni_closed,ug-140-045,52.5,0.357143,1.54341,1.54612,1,1
hermes_uni_closed,ug-140-045,53,0.714286,1.48089,1.49624,2,1
hermes_uni_closed,ug-140-045,53.5,1.07143,1.21585,1.22543,3,1
hermes_uni_closed,ug-140-045,54,1.42857,1.33444,1.34258,4,1
hermes_uni_closed,ug-140-045,54.5,1.42857,1.31206,1.32021,4,1
hermes_uni_closed,ug-140-045,55,1.42857,1.24936,1.25301,4,1
hermes_uni_closed,ug-140-045,55.5,1.42857,1.26438,1.26559,4,1
hermes_uni_closed,ug-140-045,56,1.42857,1.2729,1.27378,4,1
hermes_uni_closed,ug-140-045,56.5,1.07143,1.27008,1.27221,3,1
hermes_uni_closed,ug-140-045,57,1.07143,1.21444,1.21636,3,1
hermes_uni_closed,ug-140-045,57.5,1.78571,1.28908,1.29093,5,1
hermes_uni_closed,ug-140-045,58,1.42857,1.34266,1.34323,4,1
hermes_uni_closed,ug-140-045,58.5,1.07143,1.35161,1.35217,3,1
hermes_uni_closed,ug-140-045,59,1.42857,1.30624,1.30634,4,1
hermes_uni_closed,ug-140-045,59.5,1.42857,1.32283,1.32291,4,1
hermes_uni_closed,ug-140-045,60,1.42857,1.29571,1.29583,4,1
hermes_uni_closed,ug-140-045,60.5,1.42857,1.34634,1.34686,4,1
hermes_uni_closed,ug-140-045,61,1.42857,1.34655,1.34892,4,1
hermes_uni_closed,ug-140-045,61.5,1.42857,1.29429,1.29592,4,1
hermes_uni_closed,ug-140-045,62,0.714286,1.28473,1.28497,2,1
hermes_uni_closed,ug-140-045,62.5,1.07143,1.31238,1.31346,3,1
hermes_uni_closed,ug-140-045,63,0.714286,1.25152,1.252,2,1
hermes_uni_closed,ug-140-045,63.5,1.42857,1.26889,1.26997,4,1
hermes_uni_closed,ug-140-045,64,1.07143,1.32324,1.3234,3,1
hermes_uni_closed,ug-140-045,64.5,1.78571,1.28284,1.28301,5,1
hermes_uni_closed,ug-140-045,65,1.07143,1.25171,1.25204,3,1
hermes_uni_closed,ug-140-045,65.5,1.42857,1.28828,1.28836,4,1
hermes_uni_closed,ug-140-045,66,0.714286,1.29636,1.29637,2,1
hermes_uni_closed,ug-140-045,66.5,1.42857,1.25559,1.25601,4,1
hermes_uni_closed,ug-140-045,67,1.42857,1.25885,1.25975,4,1
hermes_uni_closed,ug-140-045,67.5,1.42857,1.21563,1.21573,4,1
hermes_uni_closed,ug-140-045,68,0.714286,1.18355,1.18619,2,1
hermes_uni_closed,ug-140-045,68.5,1.07143,1.19115,1.19185,3,1
hermes_uni_closed,ug-140-045,69,0.714286,1.33473,1.3348,2,1
hermes_uni_closed,ug-140-045,69.5,1.42857,1.29423,1.29721,4,1
hermes_uni_closed,ug-140-045,70,1.07143,1.2909,1.29218,3,1
hermes_uni_closed,ug-140-045,70.5,1.42857,1.30752,1.30804,4,1
hermes_uni_closed,ug-140-045,71,1.07143,1.32169,1.32296,3,1
hermes_uni_closed,ug-140-045,71.5,1.07143,1.28324,1.28524,3,1
hermes_uni_closed,ug-140-045,72,1.07143,1.29515,1.30243,3,1
hermes_uni_closed,ug-140-045,72.5,0.714286,1.2132,1.21374,2,1
hermes_uni_closed,ug-140-045,73,1.07143,1.28247,1.28356,3,1
hermes_uni_closed,ug-140-045,73.5,0.714286,1.31368,1.31539,2,1
hermes_uni_closed,ug-140-045,74,0.714286,1.29841,1.301,2,1
hermes_uni_closed,ug-140-045,75,0.714286,1.37571,1.38106,2,1
hermes_uni_closed,ug-140-045,75.5,1.42857,1.40252,1.40479,4,1
hermes_uni_closed,ug-140-045,76,1.42857,1.4054,1.40647,4,1
hermes_uni_closed,ug-140-045,76.5,1.07143,1.3906,1.39726,3,1
hermes_uni_closed,ug-140-045,77,0.714286,1.34803,1.34837,2,1
hermes_uni_closed,ug-140-045,77.5,1.07143,1.37502,1.37633,3,1
hermes_uni_closed,ug-140-045,78,1.42857,1.39645,1.39742,4,1
hermes_uni_closed,ug-140-045,78.5,1.07143,1.39466,1.39528,3,1
hermes_uni_closed,ug-140-045,79,1.07143,1.37497,1.37565,3,1
hermes_uni_closed,ug-140-045,79.5,1.07143,1.47331,1.47528,3,1
hermes_uni_closed,ug-140-045,80,1.42857,1.45354,1.45506,4,1
hermes_uni_closed,ug-140-045,80.5,0.714286,1.47369,1.4739,2,1
hermes_uni_closed,ug-140-045,81,1.42857,1.44798,1.44952,4,1
hermes_uni_closed,ug-140-045,81.5,0.714286,1.46708,1.46817,2,1
hermes_uni_closed,ug-140-045,82,1.78571,1.42615,1.42717,5,1
hermes_uni_closed,ug-140-045,82.5,1.07143,1.41797,1.41843,3,1
hermes_uni_closed,ug-140-045,83,0.714286,1.4695,1.47211,2,1
hermes_uni_closed,ug-140-045,83.5,0.357143,1.45147,1.45147,1,1
hermes_uni_closed,ug-140-045,84,1.07143,1.3703,1.37074,3,1
hermes_uni_closed,ug-140-045,84.5,0.714286,1.33541,1.33595,2,1
hermes_uni_closed,ug-140-045,85,1.42857,1.35723,1.35878,4,1
hermes_uni_closed,ug-140-045,85.5,1.07143,1.33029,1.33074,3,1
hermes_uni_closed,ug-140-045,86,1.78571,1.35126,1.35161,5,1
hermes_uni_closed,ug-140-045,86.5,1.07143,1.33774,1.33869,3,1
hermes_uni_closed,ug-140-045,87,1.07143,1.33701,1.33738,3,1
hermes_uni_closed,ug-140-045,87.5,0.714286,1.33588,1.33599,2,1
hermes_uni_closed,ug-140-045,88,1.42857,1.34003,1.34017,4,1
hermes_uni_closed,ug-140-045,88.5,1.42857,1.3632,1.36361,4,1
hermes_uni_closed,ug-140-045,89,1.42857,1.33324,1.33415,4,1
hermes_uni_closed,ug-140-045,89.5,0.714286,1.34563,1.34594,2,1
hermes_uni_closed,ug-140-045,90,1.07143,1.3754,1.37559,3,1
hermes_uni_closed,ug-140-045,90.5,0.714286,1.34423,1.34482,2,1
hermes_uni_closed,ug-140-045,91,1.07143,1.32655,1.32696,3,1
hermes_uni_closed,ug-140-045,91.5,1.07143,1.3352,1.33578,3,1
hermes_uni_closed,ug-140-045,92,1.07143,1.35908,1.35913,3,1
hermes_uni_closed,ug-140-045,92.5,1.07143,1.27911,1.2796,3,1
hermes_uni_closed,ug-140-045,93,1.42857,1.27874,1.27936,4,1
hermes_uni_closed,ug-140-045,93.5,1.07143,1.18561,1.18623,3,1
hermes_uni_closed,ug-140-045,94,1.07143,1.20017,1.20049,3,1
hermes_uni_closed,ug-140-045,94.5,1.42857,1.20939,1.21299,4,1
hermes_uni_closed,ug-140-045,95,1.07143,1.28702,1.28831,3,1
hermes_uni_closed,ug-140-045,95.5,0.714286,1.33677,1.337,2,1
hermes_uni_closed,ug-140-045,96,1.07143,1.28561,1.28606,3,1
hermes_uni_closed,ug-140-045,96.5,0.714286,1.34383,1.34563,2,1
hermes_uni_closed,ug-140-045,97,1.42857,1.30808,1.30872,4,1
hermes_uni_closed,ug-140-045,97.5,1.07143,1.30781,1.30825,3,1
hermes_uni_closed,ug-140-045,98,1.07143,1.36353,1.3639,3,1
hermes_uni_closed,ug-140-045,98.5,1.07143,1.31307,1.31327,3,1
hermes_uni_closed,ug-140-045,99,1.07143,1.28623,1.28682,3,1
hermes_uni_closed,ug-140-045,99.5,1.42857,1.3352,1.33549,4,1
hermes_uni_closed,ug-140-045,100,1.07143,1.38411,1.38503,3,1
hermes_uni_closed,ug-140-045,100.5,1.42857,1.33153,1.33165,4,1
hermes_uni_closed,ug-140-045,101,1.07143,1.35999,1.36071,3,1
hermes_uni_closed,ug-140-045,101.5,1.42857,1.3824,1.38276,4,1
hermes_uni_closed,ug-140-045,102,1.07143,1.35344,1.35443,3,1
hermes_uni_closed,ug-140-045,102.5,1.42857,1.35829,1.35855,4,1
hermes_uni_closed,ug-140-045,103,1.07143,1.41723,1.41772,3,1
hermes_uni_closed,ug-140-045,103.5,1.42857,1.31089,1.31969,4,1
hermes_uni_closed,ug-140-045,104,1.07143,1.31258,1.31531,3,1
hermes_uni_closed,ug-140-045,104.5,0.714286,1.306,1.30997,2,1
hermes_uni_closed,ug-140-045,105,0.357143,1.26902,1.26916,1,1
hermes_uni_closed,ug-140-045,105.5,1.07143,1.22252,1.22317,3,1
hermes_uni_closed,ug-140-045,106,0.714286,1.26564,1.26597,2,1
hermes_uni_closed,ug-140-045,106.5,1.07143,1.2909,1.29098,3,1
hermes_uni_closed,ug-140-045,107,1.07143,1.22561,1.22702,3,1
hermes_uni_closed,ug-140-045,107.5,1.07143,1.23959,1.24077,3,1
hermes_uni_closed,ug-140-045,108,1.42857,1.21736,1.21793,4,1
hermes_uni_closed,ug-140-045,108.5,0.714286,1.18929,1.18954,2,1
hermes_uni_closed,ug-140-045,109,1.42857,1.19782,1.198,4,1
hermes_uni_closed,ug-140-045,109.5,0.714286,1.18685,1.18724,2,1
hermes_uni_closed,ug-140-045,110,1.42857,1.21749,1.21824,4,0
hermes_uni_closed,ug-140-045,110.5,1.07143,1.23986,1.24081,3,0
hermes_uni_closed,ug-140-045,111,1.42857,1.2496,1.24978,4,0
hermes_uni_closed,ug-140-045,111.5,0.714286,1.23597,1.23705,2,0
hermes_uni_closed,ug-140-045,112,1.42857,1.23677,1.2376,4,0
hermes_uni_closed,ug-140-045,112.5,0.714286,1.28054,1.28203,2,0
hermes_uni_closed,ug-140-045,113,1.42857,1.32511,1.32581,4,0
hermes_uni_closed,ug-140-045,113.5,1.07143,1.38854,1.38983,3,0
hermes_uni_closed,ug-140-045,114,1.42857,1.35753,1.35924,4,0
hermes_uni_closed,ug-140-045,114.5,0.714286,1.33316,1.33354,2,0
hermes_uni_closed,ug-140-045,115,1.07143,1.37598,1.3764,3,0
hermes_uni_closed,ug-140-045,115.5,0.714286,1.35237,1.3528,2,0
hermes_uni_closed,ug-140-045,116,1.07143,1.33447,1.33624,3,0
hermes_uni_closed,ug-140-045,116.5,1.07143,1.30343,1.30497,3,0
hermes_uni_closed,ug-140-045,117,1.07143,1.29528,1.29844,3,0
hermes_uni_closed,ug-140-045,117.5,1.07143,1.35749,1.36091,3,0
hermes_uni_closed,ug-140-045,118,0.714286,1.3914,1.39155,2,0
hermes_uni_closed,ug-140-045,118.5,1.42857,1.37021,1.37399,4,0
hermes_uni_closed,ug-140-045,119,1.07143,1.39868,1.40003,3,0
hermes_uni_closed,ug-140-045,119.5,1.07143,1.38791,1.38803,3,0
hermes_uni_closed,ug-140-045,120,1.07143,1.25657,1.25669,3,0
hermes_uni_closed,ug-140-045,120.5,1.07143,1.25197,1.2551,3,0
hermes_uni_closed,ug-140-045,121,1.07143,1.18966,1.191,3,0
hermes_uni_closed,ug-140-045,121.5,1.07143,1.27284,1.27324,3,0
hermes_uni_closed,ug-140-045,122,0.357143,1.26062,1.26215,1,0
hermes_uni_closed,ug-140-065,0.5,0.714286,1.25816,1.2647,2,0
hermes_uni_closed,ug-140-065,1,0.714286,1.17647,1.17797,2,0
hermes_uni_closed,ug-140-065,1.5,1.42857,1.25955,1.26055,4,0
hermes_uni_closed,ug-140-065,2,0.714286,1.2185,1.21866,2,0
hermes_uni_closed,ug-140-065,2.5,0.714286,1.21222,1.21657,2,0
hermes_uni_closed,ug-140-065,3,1.07143,1.27355,1.2736,3,0
hermes_uni_closed,ug-140-065,3.5,0.714286,1.18424,1.18486,2,0
hermes_uni_closed,ug-140-065,4,1.07143,1.22488,1.22547,3,0
hermes_uni_closed,ug-140-065,4.5,1.07143,1.23297,1.23306,3,0
hermes_uni_closed,ug-140-065,5,0.714286,1.27424,1.27665,2,0
hermes_uni_closed,ug-140-065,5.5,0.714286,1.29495,1.29703,2,0
hermes_uni_closed,ug-140-065,6,0.714286,1.2835,1.28506,2,0
hermes_uni_closed,ug-140-065,6.5,1.42857,1.23964,1.24205,4,0
hermes_uni_closed,ug-140-065,7,0.714286,1.24981,1.25022,2,0
hermes_uni_closed,ug-140-065,7.5,0.714286,1.29677,1.29697,2,0
hermes_uni_closed,ug-140-065,8.5,0.357143,1.26541,1.26597,1,0
hermes_uni_closed,ug-140-065,9,0.357143,1.3713,1.37197,1,0
hermes_uni_closed,ug-140-065,9.5,0.714286,1.30247,1.30274,2,0
hermes_uni_closed,ug-140-065,10,0.714286,1.26039,1.26057,2,0
hermes_uni_closed,ug-140-065,10.5,1.07143,1.27014,1.27148,3,0
hermes_uni_closed,ug-140-065,11,0.714286,1.21435,1.21445,2,0
hermes_uni_closed,ug-140-065,11.5,1.42857,1.18939,1.18996,4,0
hermes_uni_closed,ug-140-065,12,1.07143,1.21014,1.21049,3,0
hermes_uni_closed,ug-140-065,12.5,1.42857,1.17414,1.17535,4,0
hermes_uni_closed,ug-140-065,13,1.07143,1.17711,1.17808,3,0
hermes_uni_closed,ug-140-065,13.5,1.07143,1.16677,1.16703,3,1
hermes_uni_closed,ug-140-065,14,1.07143,1.14568,1.14918,3,1
hermes_uni_closed,ug-140-065,14.5,0.714286,1.16874,1.16933,2,1
hermes_uni_closed,ug-140-065,15,1.07143,1.29899,1.29919,3,1
hermes_uni_closed,ug-140-065,15.5,1.07143,1.25116,1.25218,3,1
hermes_uni_closed,ug-140-065,16,0.714286,1.17138,1.17178,2,1
hermes_uni_closed,ug-140-065,16.5,0.714286,1.16198,1.16329,2,1
hermes_uni_closed,ug-140-065,17,0.714286,1.15722,1.15821,2,1
hermes_uni_closed,ug-140-065,17.5,1.07143,1.17803,1.17925,3,1
hermes_uni_closed,ug-140-065,18,1.07143,1.13575,1.13658,3,1
hermes_uni_closed,ug-140-065,18.5,0.714286,1.20616,1.207,2,1
hermes_uni_closed,ug-140-065,19,0.714286,1.19335,1.19361,2,1
hermes_uni_closed,ug-140-065,19.5,0.357143,1.314,1.31705,1,1
hermes_uni_closed,ug-140-065,20,0.714286,1.1614,1.16312,2,1
hermes_uni_closed,ug-140-065,20.5,1.07143,1.19544,1.19722,3,1
hermes_uni_closed,ug-140-065,21,1.07143,1.21039,1.21137,3,1
hermes_uni_closed,ug-140-065,21.5,1.42857,1.15444,1.15717,4,1
hermes_uni_closed,ug-140-065,22,0.714286,1.05122,1.0514,2,1
hermes_uni_closed,ug-140-065,22.5,0.357143,1.05065,1.05408,1,1
hermes_uni_closed,ug-140-065,23,1.07143,1.07609,1.07761,3,1
hermes_uni_closed,ug-140-065,23.5,0.714286,1.10133,1.10208,2,1
hermes_uni_closed,ug-140-065,24,1.07143,1.0955,1.09765,3,1
hermes_uni_closed,ug-140-065,24.5,1.78571,1.0503,1.05058,5,1
hermes_uni_closed,ug-140-065,25,1.07143,1.0251,1.02577,3,1
hermes_uni_closed,ug-140-065,25.5,1.42857,1.08575,1.08635,4,1
hermes_uni_closed,ug-140-065,26,1.78571,1.03079,1.032,5,1
hermes_uni_closed,ug-140-065,26.5,1.07143,0.987198,0.987422,3,1
hermes_uni_closed,ug-140-065,27,1.42857,0.988675,0.989209,4,1
hermes_uni_closed,ug-140-065,27.5,1.78571,1.00297,1.00431,5,1
hermes_uni_closed,ug-140-065,28,1.78571,1.00745,1.00817,5,1
hermes_uni_closed,ug-140-065,28.5,1.78571,0.954371,0.957085,5,1
hermes_uni_closed,ug-140-065,29,1.07143,0.963871,0.96419,3,1
hermes_uni_closed,ug-140-065,29.5,1.42857,0.955378,0.957352,4,1
hermes_uni_closed,ug-140-065,30,1.07143,0.906067,0.906322,3,1
hermes_uni_closed,ug-140-065,30.5,1.42857,0.874254,0.879415,4,1
hermes_uni_closed,ug-140-065,31,1.42857,0.855678,0.857459,4,1
hermes_uni_closed,ug-140-065,31.5,1.42857,0.87601,0.876993,4,1
hermes_uni_closed,ug-140-065,32,1.42857,0.838002,0.838775,4,1
hermes_uni_closed,ug-140-065,32.5,1.42857,0.795801,0.799643,4,1
hermes_uni_closed,ug-140-065,33,1.42857,0.82259,0.828236,4,1
hermes_uni_closed,ug-140-065,33.5,1.42857,0.754927,0.76101,4,1
hermes_uni_closed,ug-140-065,34,1.07143,0.786818,0.789931,3,1
hermes_uni_closed,ug-140-065,34.5,1.42857,0.752862,0.756751,4,1
hermes_uni_closed,ug-140-065,35,1.78571,0.709424,0.714069,5,1
hermes_uni_closed,ug-140-065,35.5,1.78571,0.663295,0.665219,5,1
hermes_uni_closed,ug-140-065,36,1.42857,0.653258,0.656063,4,1
hermes_uni_closed,ug-140-065,36.5,1.78571,0.569401,0.576577,5,1
hermes_uni_closed,ug-140-065,37,2.14286,0.4875,0.4961,6,1
hermes_uni_closed,ug-140-065,37.5,1.78571,0.3338,0.336903,5,1
hermes_uni_closed,ug-140-065,38,1.78571,0.182204,0.223103,5,1
hermes_uni_closed,ug-140-065,38.5,1.42857,0.0834865,0.093273,4,1
hermes_uni_closed,ug-140-065,39,1.78571,0.0081758,0.0660709,5,1
hermes_uni_closed,ug-140-065,39.5,1.78571,0.0123772,0.0247274,5,1
hermes_uni_closed,ug-140-065,40,1.78571,0.011821,0.0279413,5,1
hermes_uni_closed,ug-140-065,40.5,1.78571,0.0059896,0.0224607,5,1
hermes_uni_closed,ug-140-065,41,1.78571,-0.0015626,0.013665,5,1
hermes_uni_closed,ug-140-065,41.5,1.78571,0.0015236,0.0118303,5,1
hermes_uni_closed,ug-140-065,42,1.78571,0.0176844,0.0258004,5,1
hermes_uni_closed,ug-140-065,42.5,1.78571,-0.0044948,0.0231923,5,1
hermes_uni_closed,ug-140-065,43,1.78571,-0.0242248,0.0451939,5,1
hermes_uni_closed,ug-140-065,43.5,1.78571,-0.0145154,0.0387946,5,1
hermes_uni_closed,ug-140-065,44,1.78571,-0.0249964,0.0269024,5,1
hermes_uni_closed,ug-140-065,44.5,1.78571,-0.0207052,0.0307819,5,1
hermes_uni_closed,ug-140-065,45,1.78571,-0.0025938,0.03437,5,1
hermes_uni_closed,ug-140-065,45.5,1.78571,0.001668,0.0286138,5,1
hermes_uni_closed,ug-140-065,46,1.78571,0.009654,0.0189896,5,1
hermes_uni_closed,ug-140-065,46.5,1.78571,0.0480164,0.0590228,5,1
hermes_uni_closed,ug-140-065,47,2.14286,0.183548,0.205835,6,1
hermes_uni_closed,ug-140-065,47.5,2.14286,0.350184,0.354938,6,1
hermes_uni_closed,ug-140-065,48,1.78571,0.433349,0.450059,5,1
hermes_uni_closed,ug-140-065,48.5,2.14286,0.553118,0.563471,6,1
hermes_uni_closed,ug-140-065,49,1.78571,0.670129,0.673678,5,1
hermes_uni_closed,ug-140-065,49.5,1.42857,0.696389,0.696971,4,1
hermes_uni_closed,ug-140-065,50,1.78571,0.690615,0.692173,5,1
hermes_uni_closed,ug-140-065,50.5,1.42857,0.714551,0.716574,4,1
hermes_uni_closed,ug-140-065,51,1.42857,0.744376,0.745468,4,1
hermes_uni_closed,ug-140-065,51.5,1.42857,0.730309,0.730865,4,1
hermes_uni_closed,ug-140-065,52,1.78571,0.705225,0.709827,5,1
hermes_uni_closed,ug-140-065,52.5,1.42857,0.702441,0.710622,4,1
hermes_uni_closed,ug-140-065,53,1.42857,0.727028,0.72804,4,1
hermes_uni_closed,ug-140-065,53.5,1.42857,0.693674,0.69692,4,1
hermes_uni_closed,ug-140-065,54,2.14286,0.748333,0.749282,6,1
hermes_uni_closed,ug-140-065,54.5,1.78571,0.736805,0.738263,5,1
hermes_uni_closed,ug-140-065,55,1.78571,0.731723,0.733466,5,1
hermes_uni_closed,ug-140-065,55.5,1.78571,0.72576,0.729431,5,1
hermes_uni_closed,ug-140-065,56,1.78571,0.733083,0.734567,5,1
hermes_uni_closed,ug-140-065,56.5,1.42857,0.74819,0.749449,4,1
hermes_uni_closed,ug-140-065,57,1.07143,0.785502,0.786064,3,1
hermes_uni_closed,ug-140-065,57.5,1.42857,0.75527,0.758326,4,1
hermes_uni_closed,ug-140-065,58,2.14286,0.757318,0.762877,6,1
hermes_uni_closed,ug-140-065,58.5,1.78571,0.778685,0.782593,5,1
hermes_uni_closed,ug-140-065,59,1.78571,0.777746,0.778713,5,1
hermes_uni_closed,ug-140-065,59.5,2.85714,0.786128,0.789886,8,1
hermes_uni_closed,ug-140-065,60,2.14286,0.723886,0.726379,6,1
hermes_uni_closed,ug-140-065,60.5,2.5,0.76171,0.763669,7,1
hermes_uni_closed,ug-140-065,61,1.78571,0.787065,0.790133,5,1
hermes_uni_closed,ug-140-065,61.5,1.78571,0.832698,0.834476,5,1
hermes_uni_closed,ug-140-065,62,1.78571,0.852299,0.85713,5,1
hermes_uni_closed,ug-140-065,62.5,1.42857,0.83183,0.835933,4,1
hermes_uni_closed,ug-140-065,63,1.07143,0.812974,0.814155,3,1
hermes_uni_closed,ug-140-065,63.5,1.42857,0.851904,0.854306,4,1
hermes_uni_closed,ug-140-065,64,1.07143,0.85579,0.856261,3,1
hermes_uni_closed,ug-140-065,64.5,1.42857,0.850073,0.851129,4,1
hermes_uni_closed,ug-140-065,65,1.42857,0.824914,0.828026,4,1
hermes_uni_closed,ug-140-065,65.5,0.714286,0.819852,0.823042,2,1
hermes_uni_closed,ug-140-065,66,1.07143,0.849522,0.850829,3,1
hermes_uni_closed,ug-140-065,66.5,1.42857,0.864549,0.867024,4,1
hermes_uni_closed,ug-140-065,67,0.714286,0.852009,0.853822,2,1
hermes_uni_closed,ug-140-065,67.5,1.07143,0.884482,0.888569,3,1
hermes_uni_closed,ug-140-065,68,1.07143,0.82336,0.825626,3,1
hermes_uni_closed,ug-140-065,68.5,1.42857,0.78941,0.79568,4,1
hermes_uni_closed,ug-140-065,69,1.42857,0.799148,0.803877,4,1
hermes_uni_closed,ug-140-065,69.5,2.14286,0.825756,0.83265,6,1
hermes_uni_closed,ug-140-065,70,1.78571,0.824413,0.825571,5,1
hermes_uni_closed,ug-140-065,70.5,1.42857,0.862451,0.863774,4,1
hermes_uni_closed,ug-140-065,71,1.78571,0.863162,0.863281,5,1
hermes_uni_closed,ug-140-065,71.5,1.78571,0.845563,0.849119,5,1
hermes_uni_closed,ug-140-065,72,1.42857,0.863797,0.865658,4,1
hermes_uni_closed,ug-140-065,72.5,2.14286,0.899279,0.900064,6,1
hermes_uni_closed,ug-140-065,73,1.78571,0.90087,0.901653,5,1
hermes_uni_closed,ug-140-065,73.5,1.42857,0.892956,0.893275,4,1
hermes_uni_closed,ug-140-065,74,2.14286,0.884513,0.885801,6,1
hermes_uni_closed,ug-140-065,74.5,1.78571,0.880652,0.883231,5,1
hermes_uni_closed,ug-140-065,75,1.78571,0.860777,0.861986,5,1
hermes_uni_closed,ug-140-065,75.5,1.78571,0.846228,0.847989,5,1
hermes_uni_closed,ug-140-065,76,1.78571,0.820332,0.821902,5,1
hermes_uni_closed,ug-140-065,76.5,1.42857,0.816103,0.818211,4,1
hermes_uni_closed,ug-140-065,77,1.78571,0.823263,0.825859,5,1
hermes_uni_closed,ug-140-065,77.5,1.42857,0.83519,0.838673,4,1
hermes_uni_closed,ug-140-065,78,1.07143,0.829687,0.832087,3,1
hermes_uni_closed,ug-140-065,78.5,1.42857,0.796161,0.798582,4,1
hermes_uni_closed,ug-140-065,79,1.42857,0.841771,0.848274,4,1
hermes_uni_closed,ug-140-065,79.5,0.714286,0.878367,0.883792,2,1
hermes_uni_closed,ug-140-065,80,1.42857,0.901468,0.902234,4,1
hermes_uni_closed,ug-140-065,80.5,1.42857,0.966105,0.967312,4,1
hermes_uni_closed,ug-140-065,81,1.42857,0.91016,0.912402,4,1
hermes_uni_closed,ug-140-065,81.5,1.78571,0.949118,0.949951,5,1
hermes_uni_closed,ug-140-065,82,1.42857,0.966049,0.967743,4,1
hermes_uni_closed,ug-140-065,82.5,1.78571,0.952752,0.953436,5,1
hermes_uni_closed,ug-140-065,83,1.42857,0.91705,0.920484,4,1
hermes_uni_closed,ug-140-065,83.5,1.07143,0.962987,0.963092,3,1
hermes_uni_closed,ug-140-065,84,1.42857,0.952029,0.953991,4,1
hermes_uni_closed,ug-140-065,84.5,1.07143,0.966617,0.96842,3,1
hermes_uni_closed,ug-140-065,85,1.42857,0.93012,0.930822,4,1
hermes_uni_closed,ug-140-065,85.5,1.42857,0.95418,0.95659,4,1
hermes_uni_closed,ug-140-065,86,1.42857,0.898293,0.899044,4,1
hermes_uni_closed,ug-140-065,86.5,1.78571,0.931472,0.931966,5,1
hermes_uni_closed,ug-140-065,87,1.42857,0.931036,0.932541,4,1
hermes_uni_closed,ug-140-065,87.5,1.42857,0.98419,0.984972,4,1
hermes_uni_closed,ug-140-065,88,1.42857,0.922246,0.924298,4,1
hermes_uni_closed,ug-140-065,88.5,1.42857,0.955493,0.955909,4,1
hermes_uni_closed,ug-140-065,89,0.714286,0.907982,0.909774,2,1
hermes_uni_closed,ug-140-065,89.5,1.42857,0.927395,0.929003,4,1
hermes_uni_closed,ug-140-065,90,1.42857,0.947248,0.948487,4,1
hermes_uni_closed,ug-140-065,90.5,1.42857,0.95502,0.956878,4,1
hermes_uni_closed,ug-140-065,91,1.42857,0.943003,0.943881,4,1
hermes_uni_closed,ug-140-065,91.5,1.42857,0.962748,0.964419,4,1
hermes_uni_closed,ug-140-065,92,1.78571,0.945322,0.946975,5,1
hermes_uni_closed,ug-140-065,92.5,1.42857,0.941786,0.943016,4,1
hermes_uni_closed,ug-140-065,93,2.14286,0.945231,0.945532,6,1
hermes_uni_closed,ug-140-065,93.5,1.42857,0.916343,0.917929,4,1
hermes_uni_closed,ug-140-065,94,2.14286,0.89344,0.896745,6,1
hermes_uni_closed,ug-140-065,94.5,1.42857,0.845633,0.847779,4,1
hermes_uni_closed,ug-140-065,95,2.14286,0.853385,0.854518,6,1
hermes_uni_closed,ug-140-065,95.5,1.42857,0.799396,0.80303,4,1
hermes_uni_closed,ug-140-065,96,2.14286,0.823962,0.825119,6,1
hermes_uni_closed,ug-140-065,96.5,1.42857,0.860916,0.863091,4,1
hermes_uni_closed,ug-140-065,97,1.42857,0.862963,0.863262,4,1
hermes_uni_closed,ug-140-065,97.5,1.42857,0.848842,0.849037,4,1
hermes_uni_closed,ug-140-065,98,1.42857,0.831601,0.832583,4,1
hermes_uni_closed,ug-140-065,98.5,0.714286,0.89941,0.903921,2,1
hermes_uni_closed,ug-140-065,99,1.42857,0.949379,0.949926,4,1
hermes_uni_closed,ug-140-065,99.5,0.714286,0.959062,0.960347,2,1
hermes_uni_closed,ug-140-065,100,0.714286,0.973383,0.973961,2,1
hermes_uni_closed,ug-140-065,100.5,1.42857,0.986552,0.988085,4,1
hermes_uni_closed,ug-140-065,101,1.07143,0.98514,0.988204,3,1
hermes_uni_closed,ug-140-065,101.5,1.07143,0.998068,1.00409,3,1
hermes_uni_closed,ug-140-065,102,1.07143,0.981891,0.982631,3,1
hermes_uni_closed,ug-140-065,102.5,1.07143,0.932987,0.934877,3,1
hermes_uni_closed,ug-140-065,103,1.07143,0.922747,0.923921,3,1
hermes_uni_closed,ug-140-065,103.5,1.07143,0.954651,0.956643,3,1
hermes_uni_closed,ug-140-065,104,1.42857,0.948668,0.949468,4,1
hermes_uni_closed,ug-140-065,104.5,1.07143,0.944741,0.945348,3,1
hermes_uni_closed,ug-140-065,105,1.42857,0.938935,0.941127,4,1
hermes_uni_closed,ug-140-065,105.5,1.07143,0.987363,0.989938,3,1
hermes_uni_closed,ug-140-065,106,1.07143,1.0255,1.02563,3,1
hermes_uni_closed,ug-140-065,106.5,1.42857,1.01385,1.0142,4,1
hermes_uni_closed,ug-140-065,107,1.42857,0.994448,0.995131,4,1
hermes_uni_closed,ug-140-065,107.5,2.14286,1.00303,1.00332,6,1
hermes_uni_closed,ug-140-065,108,1.78571,0.999654,1.00025,5,1
hermes_uni_closed,ug-140-065,108.5,1.78571,1.03132,1.03244,5,1
hermes_uni_closed,ug-140-065,109,1.78571,1.04477,1.0459,5,1
hermes_uni_closed,ug-140-065,109.5,1.78571,1.06219,1.06494,5,1
hermes_uni_closed,ug-140-065,110,1.42857,1.03363,1.03652,4,1
hermes_uni_closed,ug-140-065,110.5,1.42857,1.03679,1.03857,4,1
hermes_uni_closed,ug-140-065,111,1.42857,1.04278,1.04394,4,1
hermes_uni_closed,ug-140-065,111.5,0.714286,1.07393,1.07699,2,1
hermes_uni_closed,ug-140-065,112,1.42857,1.0729,1.07367,4,1
hermes_uni_closed,ug-140-065,112.5,0.714286,1.12053,1.1211,2,1
hermes_uni_closed,ug-140-065,113,1.42857,1.09894,1.10259,4,1
hermes_uni_closed,ug-140-065,113.5,0.714286,1.05021,1.05184,2,1
hermes_uni_closed,ug-140-065,114,1.07143,1.06832,1.06905,3,1
hermes_uni_closed,ug-140-065,114.5,1.42857,1.08126,1.08188,4,1
hermes_uni_closed,ug-140-065,115,0.714286,1.07506,1.07676,2,1
hermes_uni_closed,ug-140-065,115.5,1.42857,1.08545,1.08634,4,1
hermes_uni_closed,ug-140-065,116,1.07143,1.06295,1.0637,3,1
hermes_uni_closed,ug-140-065,116.5,1.42857,1.06745,1.06829,4,1
hermes_uni_closed,ug-140-065,117,1.42857,1.07414,1.0754,4,1
hermes_uni_closed,ug-140-065,117.5,1.07143,1.07027,1.07132,3,0
hermes_uni_closed,ug-140-065,118,1.78571,1.10153,1.10213,5,0
hermes_uni_closed,ug-140-065,118.5,1.07143,1.13764,1.13883,3,0
hermes_uni_closed,ug-140-065,119,1.42857,1.11483,1.11822,4,0
hermes_uni_closed,ug-140-065,119.5,1.07143,1.05249,1.05289,3,0
hermes_uni_closed,ug-140-065,120,1.42857,1.07107,1.0734,4,0
hermes_uni_closed,ug-140-065,120.5,1.42857,1.02153,1.02369,4,0
hermes_uni_closed,ug-140-065,121,1.07143,0.95673,0.957961,3,0
hermes_uni_closed,ug-140-065,121.5,1.07143,0.935428,0.941817,3,0
hermes_uni_closed,ug-140-065,122,0.714286,0.934748,0.935061,2,0
hermes_uni_closed,ug-140-065,122.5,1.07143,0.958469,0.958613,3,0
hermes_uni_closed,ug-140-065,123,1.07143,0.970847,0.972939,3,0
hermes_uni_closed,ug-140-065,123.5,1.07143,0.975281,0.978024,3,0
hermes_uni_closed,ug-140-065,124,1.78571,1.00991,1.01237,5,0
hermes_uni_closed,ug-140-065,124.5,1.07143,0.959344,0.963536,3,0
hermes_uni_closed,ug-140-065,125,1.07143,0.971805,0.97247,3,0
hermes_uni_closed,ug-140-065,125.5,1.42857,0.99796,0.998796,4,0
hermes_uni_closed,ug-140-065,126,0.714286,1.01685,1.02034,2,0
hermes_uni_closed,ug-140-065,126.5,1.42857,1.0716,1.07399,4,0
hermes_uni_closed,ug-140-065,127,1.42857,1.16063,1.16107,4,0
hermes_uni_closed,ug-140-065,127.5,1.07143,1.07395,1.07416,3,0
hermes_uni_closed,ug-140-065,128,1.42857,1.10381,1.10462,4,0
hermes_uni_closed,ug-140-065,128.5,1.07143,1.1362,1.13697,3,0
hermes_uni_closed,ug-140-065,129,1.42857,1.15543,1.15705,4,0
hermes_uni_closed,ug-140-065,129.5,0.714286,1.10856,1.10896,2,0
hermes_uni_closed,ug-140-065,130,0.714286,1.10959,1.11661,2,0
hermes_uni_closed,ug-140-085,0.562,0.357143,1.15023,1.15042,1,0
hermes_uni_closed,ug-140-085,1.062,0.357143,1.10976,1.11374,1,0
hermes_uni_closed,ug-140-085,1.562,1.07143,1.10944,1.11114,3,0
hermes_uni_closed,ug-140-085,2.062,1.07143,1.10797,1.10909,3,0
hermes_uni_closed,ug-140-085,2.562,0.714286,1.08477,1.09004,2,0
hermes_uni_closed,ug-140-085,3.062,0.357143,1.10647,1.1184,1,0
hermes_uni_closed,ug-140-085,4.062,0.357143,0.916943,0.927753,1,0
hermes_uni_closed,ug-140-085,4.562,0.357143,1.08207,1.08208,1,0
hermes_uni_closed,ug-140-085,5.062,1.42857,1.12915,1.13138,4,0
hermes_uni_closed,ug-140-085,5.562,1.42857,1.10177,1.10693,4,0
hermes_uni_closed,ug-140-085,6.062,1.78571,1.03542,1.03815,5,0
hermes_uni_closed,ug-140-085,6.562,2.14286,1.05771,1.05937,6,0
hermes_uni_closed,ug-140-085,7.062,1.42857,1.08291,1.0841,4,0
hermes_uni_closed,ug-140-085,7.562,1.42857,1.08347,1.08553,4,0
hermes_uni_closed,ug-140-085,8.062,1.42857,1.05798,1.05835,4,0
hermes_uni_closed,ug-140-085,8.562,1.07143,1.03757,1.03821,3,0
hermes_uni_closed,ug-140-085,9.062,0.714286,1.03788,1.03846,2,0
hermes_uni_closed,ug-140-085,9.562,1.07143,1.07564,1.07787,3,0
hermes_uni_closed,ug-140-085,10.062,0.714286,1.12987,1.13028,2,0
hermes_uni_closed,ug-140-085,10.562,0.714286,1.11236,1.11359,2,0
hermes_uni_closed,ug-140-085,11.062,0.714286,1.13013,1.13101,2,0
hermes_uni_closed,ug-140-085,11.562,1.07143,1.20938,1.20976,3,0
hermes_uni_closed,ug-140-085,12.062,0.714286,1.20203,1.20295,2,0
hermes_uni_closed,ug-140-085,12.562,1.42857,1.17962,1.18127,4,0
hermes_uni_closed,ug-140-085,13.062,0.714286,1.18369,1.18395,2,0
hermes_uni_closed,ug-140-085,13.562,1.42857,1.19522,1.19642,4,0
hermes_uni_closed,ug-140-085,14.062,1.07143,1.17959,1.18011,3,0
hermes_uni_closed,ug-140-085,14.562,0.714286,1.13867,1.13912,2,0
hermes_uni_closed,ug-140-085,15.062,0.714286,1.0998,1.10003,2,0
hermes_uni_closed,ug-140-085,15.562,0.357143,1.25698,1.25842,1,0
hermes_uni_closed,ug-140-085,16.062,0.357143,1.33796,1.34112,1,0
hermes_uni_closed,ug-140-085,16.562,1.07143,1.14586,1.14725,3,0
hermes_uni_closed,ug-140-085,17.062,0.714286,1.10801,1.11148,2,0
hermes_uni_closed,ug-140-085,17.562,1.07143,1.18067,1.18196,3,0
hermes_uni_closed,ug-140-085,18.062,0.714286,1.19117,1.19481,2,0
hermes_uni_closed,ug-140-085,18.562,0.357143,1.18776,1.19086,1,0
hermes_uni_closed,ug-140-085,19.062,0.714286,1.17418,1.17503,2,0
hermes_uni_closed,ug-140-085,19.562,1.07143,1.17367,1.17564,3,0
hermes_uni_closed,ug-140-085,20.062,1.07143,1.14168,1.14426,3,0
hermes_uni_closed,ug-140-085,20.562,1.07143,1.08833,1.09018,3,0
hermes_uni_closed,ug-140-085,21.062,1.07143,1.06192,1.06338,3,0
hermes_uni_closed,ug-140-085,21.562,1.07143,1.06366,1.06715,3,0
hermes_uni_closed,ug-140-085,22.062,1.07143,1.03689,1.03761,3,0
hermes_uni_closed,ug-140-085,22.562,1.07143,1.03912,1.03921,3,0
hermes_uni_closed,ug-140-085,23.062,1.07143,0.996793,1.00013,3,0
hermes_uni_closed,ug-140-085,23.562,0.714286,0.969322,0.97099,2,0
hermes_uni_closed,ug-140-085,24.062,0.714286,1.01482,1.01687,2,0
hermes_uni_closed,ug-140-085,25.562,0.714286,1.11325,1.11987,2,0
hermes_uni_closed,ug-140-085,26.062,1.07143,1.09017,1.09084,3,0
hermes_uni_closed,ug-140-085,26.562,1.42857,1.07149,1.07253,4,1
hermes_uni_closed,ug-140-085,27.062,1.07143,1.03127,1.03804,3,1
hermes_uni_closed,ug-140-085,27.562,0.714286,0.974358,0.975709,2,1
hermes_uni_closed,ug-140-085,28.062,1.42857,0.971189,0.971242,4,1
hermes_uni_closed,ug-140-085,28.562,0.714286,0.968968,0.971001,2,1
hermes_uni_closed,ug-140-085,29.062,0.714286,0.959167,0.959887,2,1
hermes_uni_closed,ug-140-085,29.562,1.07143,0.837398,0.839304,3,1
hermes_uni_closed,ug-140-085,30.062,1.42857,0.828265,0.831172,4,1
hermes_uni_closed,ug-140-085,30.562,1.07143,0.835422,0.837584,3,1
hermes_uni_closed,ug-140-085,31.062,1.07143,0.83327,0.834086,3,1
hermes_uni_closed,ug-140-085,31.562,1.42857,0.81653,0.818622,4,1
hermes_uni_closed,ug-140-085,32.062,1.42857,0.796488,0.79851,4,1
hermes_uni_closed,ug-140-085,32.562,1.07143,0.804869,0.805973,3,1
hermes_uni_closed,ug-140-085,33.062,1.42857,0.759145,0.764155,4,1
hermes_uni_closed,ug-140-085,33.562,1.42857,0.730431,0.731461,4,1
hermes_uni_closed,ug-140-085,34.062,1.78571,0.79596,0.799034,5,1
hermes_uni_closed,ug-140-085,34.562,2.14286,0.758296,0.762541,6,1
hermes_uni_closed,ug-140-085,35.062,1.78571,0.750836,0.759749,5,1
hermes_uni_closed,ug-140-085,35.562,1.78571,0.735875,0.744558,5,1
hermes_uni_closed,ug-140-085,36.062,2.14286,0.711157,0.712101,6,1
hermes_uni_closed,ug-140-085,36.562,1.78571,0.692493,0.698006,5,1
hermes_uni_closed,ug-140-085,37.062,1.42857,0.694118,0.696393,4,1
hermes_uni_closed,ug-140-085,37.562,1.78571,0.719884,0.723696,5,1
hermes_uni_closed,ug-140-085,38.062,1.78571,0.655981,0.657903,5,1
hermes_uni_closed,ug-140-085,38.562,1.07143,0.64271,0.645521,3,1
hermes_uni_closed,ug-140-085,39.062,1.07143,0.650978,0.651933,3,1
hermes_uni_closed,ug-140-085,39.562,1.07143,0.570872,0.573397,3,1
hermes_uni_closed,ug-140-085,40.062,1.42857,0.479555,0.483945,4,1
hermes_uni_closed,ug-140-085,40.562,1.78571,0.401492,0.420297,5,1
hermes_uni_closed,ug-140-085,41.062,2.14286,0.368092,0.380968,6,1
hermes_uni_closed,ug-140-085,41.562,2.14286,0.387898,0.419745,6,1
hermes_uni_closed,ug-140-085,42.062,1.78571,0.352136,0.386688,5,1
hermes_uni_closed,ug-140-085,42.562,1.78571,0.3616,0.395457,5,1
hermes_uni_closed,ug-140-085,43.062,1.78571,0.343835,0.358899,5,1
hermes_uni_closed,ug-140-085,43.562,2.14286,0.366314,0.385199,6,1
hermes_uni_closed,ug-140-085,44.062,2.5,0.423796,0.431891,7,1
hermes_uni_closed,ug-140-085,44.562,1.78571,0.471591,0.476962,5,1
hermes_uni_closed,ug-140-085,45.062,1.78571,0.505082,0.519465,5,1
hermes_uni_closed,ug-140-085,45.562,2.14286,0.512138,0.519452,6,1
hermes_uni_closed,ug-140-085,46.062,1.78571,0.507465,0.517866,5,1
hermes_uni_closed,ug-140-085,46.562,2.14286,0.507919,0.511339,6,1
hermes_uni_closed,ug-140-085,47.062,2.14286,0.534103,0.548844,6,1
hermes_uni_closed,ug-140-085,47.562,1.42857,0.509014,0.513837,4,1
hermes_uni_closed,ug-140-085,48.062,1.42857,0.468079,0.492932,4,1
hermes_uni_closed,ug-140-085,48.562,1.78571,0.46737,0.469488,5,1
hermes_uni_closed,ug-140-085,49.062,1.42857,0.447481,0.466647,4,1
hermes_uni_closed,ug-140-085,49.562,1.42857,0.42605,0.441458,4,1
hermes_uni_closed,ug-140-085,50.062,2.14286,0.450391,0.468143,6,1
hermes_uni_closed,ug-140-085,50.562,2.14286,0.40866,0.429774,6,1
hermes_uni_closed,ug-140-085,51.062,1.78571,0.411992,0.423288,5,1
hermes_uni_closed,ug-140-085,51.562,2.5,0.422692,0.426163,7,1
hermes_uni_closed,ug-140-085,52.062,2.5,0.387972,0.403346,7,1
hermes_uni_closed,ug-140-085,52.562,2.5,0.362412,0.373238,7,1
hermes_uni_closed,ug-140-085,53.062,2.5,0.372236,0.393334,7,1
hermes_uni_closed,ug-140-085,53.562,2.14286,0.357311,0.370291,6,1
hermes_uni_closed,ug-140-085,54.062,2.14286,0.302498,0.31972,6,1
hermes_uni_closed,ug-140-085,54.562,2.14286,0.269606,0.298459,6,1
hermes_uni_closed,ug-140-085,55.062,1.78571,0.285588,0.309045,5,1
hermes_uni_closed,ug-140-085,55.562,2.14286,0.258443,0.271502,6,1
hermes_uni_closed,ug-140-085,56.062,2.14286,0.238057,0.257246,6,1
hermes_uni_closed,ug-140-085,56.562,2.14286,0.22689,0.250904,6,1
hermes_uni_closed,ug-140-085,57.062,2.5,0.238511,0.257248,7,1
hermes_uni_closed,ug-140-085,57.562,2.14286,0.21968,0.24334,6,1
hermes_uni_closed,ug-140-085,58.062,2.14286,0.239537,0.281679,6,1
hermes_uni_closed,ug-140-085,58.562,1.78571,0.28095,0.295642,5,1
hermes_uni_closed,ug-140-085,59.062,2.14286,0.216063,0.246161,6,1
hermes_uni_closed,ug-140-085,59.562,2.5,0.161267,0.240543,7,1
hermes_uni_closed,ug-140-085,60.062,2.5,0.161575,0.2051,7,1
hermes_uni_closed,ug-140-085,60.562,2.14286,0.216804,0.269838,6,1
hermes_uni_closed,ug-140-085,61.062,2.5,0.252012,0.27284,7,1
hermes_uni_closed,ug-140-085,61.562,2.5,0.227999,0.262554,7,1
hermes_uni_closed,ug-140-085,62.062,2.5,0.224467,0.238515,7,1
hermes_uni_closed,ug-140-085,62.562,2.85714,0.223234,0.282532,8,1
hermes_uni_closed,ug-140-085,63.062,2.85714,0.208491,0.226684,8,1
hermes_uni_closed,ug-140-085,63.562,3.21429,0.179546,0.25171,9,1
hermes_uni_closed,ug-140-085,64.062,3.21429,0.155579,0.199487,9,1
hermes_uni_closed,ug-140-085,64.562,2.85714,0.163523,0.2224,8,1
hermes_uni_closed,ug-140-085,65.062,2.85714,0.142256,0.165776,8,1
hermes_uni_closed,ug-140-085,65.562,3.21429,0.14931,0.184049,9,1
hermes_uni_closed,ug-140-085,66.062,3.21429,0.13782,0.165992,9,1
hermes_uni_closed,ug-140-085,66.562,3.21429,0.125928,0.163246,9,1
hermes_uni_closed,ug-140-085,67.062,3.21429,0.130051,0.150293,9,1
hermes_uni_closed,ug-140-085,67.562,3.21429,0.119829,0.140967,9,1
hermes_uni_closed,ug-140-085,68.062,3.21429,0.14279,0.172923,9,1
hermes_uni_closed,ug-140-085,68.562,2.85714,0.159272,0.176347,8,1
hermes_uni_closed,ug-140-085,69.062,3.57143,0.177563,0.186256,10,1
hermes_uni_closed,ug-140-085,69.562,3.57143,0.200367,0.227393,10,1
hermes_uni_closed,ug-140-085,70.062,3.21429,0.203349,0.226218,9,1
hermes_uni_closed,ug-140-085,70.562,2.85714,0.233842,0.255602,8,1
hermes_uni_closed,ug-140-085,71.062,2.85714,0.301582,0.320136,8,1
hermes_uni_closed,ug-140-085,71.562,2.85714,0.313206,0.325518,8,1
hermes_uni_closed,ug-140-085,72.062,2.5,0.308774,0.322186,7,1
hermes_uni_closed,ug-140-085,72.562,2.5,0.348638,0.360767,7,1
hermes_uni_closed,ug-140-085,73.062,2.5,0.386876,0.404807,7,1
hermes_uni_closed,ug-140-085,73.562,2.5,0.400008,0.411293,7,1
hermes_uni_closed,ug-140-085,74.062,2.5,0.383053,0.395578,7,1
hermes_uni_closed,ug-140-085,74.562,2.85714,0.393988,0.407905,8,1
hermes_uni_closed,ug-140-085,75.062,2.85714,0.39151,0.40417,8,1
hermes_uni_closed,ug-140-085,75.562,2.85714,0.376515,0.388306,8,1
hermes_uni_closed,ug-140-085,76.062,2.5,0.413749,0.435578,7,1
hermes_uni_closed,ug-140-085,76.562,2.5,0.43751,0.444297,7,1
hermes_uni_closed,ug-140-085,77.062,2.14286,0.440593,0.450794,6,1
hermes_uni_closed,ug-140-085,77.562,2.14286,0.481565,0.493522,6,1
hermes_uni_closed,ug-140-085,78.062,2.5,0.506441,0.518738,7,1
hermes_uni_closed,ug-140-085,78.562,1.78571,0.520014,0.522698,5,1
hermes_uni_closed,ug-140-085,79.062,2.14286,0.486556,0.497922,6,1
hermes_uni_closed,ug-140-085,79.562,2.14286,0.467158,0.475594,6,1
hermes_uni_closed,ug-140-085,80.062,1.78571,0.481027,0.489594,5,1
hermes_uni_closed,ug-140-085,80.562,1.42857,0.434904,0.437541,4,1
hermes_uni_closed,ug-140-085,81.062,1.78571,0.435463,0.452828,5,1
hermes_uni_closed,ug-140-085,81.562,1.42857,0.463502,0.467089,4,1
hermes_uni_closed,ug-140-085,82.062,1.78571,0.47899,0.490335,5,1
hermes_uni_closed,ug-140-085,82.562,1.42857,0.479734,0.480536,4,1
hermes_uni_closed,ug-140-085,83.062,1.78571,0.484728,0.501751,5,1
hermes_uni_closed,ug-140-085,83.562,1.78571,0.456037,0.468164,5,1
hermes_uni_closed,ug-140-085,84.062,1.42857,0.415482,0.426538,4,1
hermes_uni_closed,ug-140-085,84.562,1.78571,0.39215,0.410527,5,1
hermes_uni_closed,ug-140-085,85.062,2.14286,0.378727,0.395172,6,1
hermes_uni_closed,ug-140-085,85.562,2.14286,0.339807,0.346846,6,1
hermes_uni_closed,ug-140-085,86.062,1.78571,0.326344,0.339744,5,1
hermes_uni_closed,ug-140-085,86.562,1.78571,0.30252,0.320376,5,1
hermes_uni_closed,ug-140-085,87.062,2.14286,0.269506,0.309404,6,1
hermes_uni_closed,ug-140-085,87.562,2.14286,0.265802,0.285885,6,1
hermes_uni_closed,ug-140-085,88.062,2.5,0.319439,0.343071,7,1
hermes_uni_closed,ug-140-085,88.562,2.5,0.286533,0.302536,7,1
hermes_uni_closed,ug-140-085,89.062,2.5,0.210725,0.258604,7,1
hermes_uni_closed,ug-140-085,89.562,2.5,0.228787,0.241247,7,1
hermes_uni_closed,ug-140-085,90.062,2.5,0.286193,0.305449,7,1
hermes_uni_closed,ug-140-085,90.562,1.78571,0.27834,0.30052,5,1
hermes_uni_closed,ug-140-085,91.062,1.78571,0.29768,0.311975,5,1
hermes_uni_closed,ug-140-085,91.562,1.78571,0.347955,0.373335,5,1
hermes_uni_closed,ug-140-085,92.062,2.14286,0.416305,0.431987,6,1
hermes_uni_closed,ug-140-085,92.562,2.14286,0.378819,0.394293,6,1
hermes_uni_closed,ug-140-085,93.062,1.42857,0.39873,0.422641,4,1
hermes_uni_closed,ug-140-085,93.562,1.42857,0.38563,0.393258,4,1
hermes_uni_closed,ug-140-085,94.062,1.78571,0.33549,0.368027,5,1
hermes_uni_closed,ug-140-085,94.562,1.78571,0.268963,0.286986,5,1
hermes_uni_closed,ug-140-085,95.062,1.42857,0.229147,0.260114,4,1
hermes_uni_closed,ug-140-085,95.562,1.78571,0.237999,0.26853,5,1
hermes_uni_closed,ug-140-085,96.062,1.78571,0.24695,0.289064,5,1
hermes_uni_closed,ug-140-085,96.562,1.78571,0.186087,0.223081,5,1
hermes_uni_closed,ug-140-085,97.062,1.78571,0.11623,0.149454,5,1
hermes_uni_closed,ug-140-085,97.562,1.78571,0.0738797,0.0920186,5,1
hermes_uni_closed,ug-140-085,98.062,1.78571,0.0442173,0.0612824,5,1
hermes_uni_closed,ug-140-085,98.562,1.78571,0.0421971,0.0521484,5,1
hermes_uni_closed,ug-140-085,99.062,1.78571,0.0398365,0.0685925,5,1
hermes_uni_closed,ug-140-085,99.562,2.14286,0.0172556,0.0404575,6,1
hermes_uni_closed,ug-140-085,100.062,1.78571,-0.0006937,0.0421216,5,1
hermes_uni_closed,ug-140-085,100.562,2.14286,-0.00758628,0.0562886,6,1
hermes_uni_closed,ug-140-085,101.062,2.14286,-0.00555712,0.0406145,6,1
hermes_uni_closed,ug-140-085,101.562,2.5,-0.0080024,0.0410298,7,1
hermes_uni_closed,ug-140-085,102.062,2.14286,-0.00291267,0.0131143,6,1
hermes_uni_closed,ug-140-085,102.562,2.5,0.00782214,0.0261273,7,1
hermes_uni_closed,ug-140-085,103.062,2.5,-0.0197891,0.0296221,7,1
hermes_uni_closed,ug-140-085,103.562,2.14286,-0.00906368,0.0152437,6,1
hermes_uni_closed,ug-140-085,104.062,2.14286,-0.00416288,0.0133744,6,1
hermes_uni_closed,ug-140-085,104.562,2.14286,-0.00089915,0.0122198,6,1
hermes_uni_closed,ug-140-085,105.062,2.14286,0.00551442,0.00969613,6,1
hermes_uni_closed,ug-140-085,105.562,2.14286,0.0113149,0.0144557,6,1
hermes_uni_closed,ug-140-085,106.062,2.14286,0.0108606,0.0204861,6,1
hermes_uni_closed,ug-140-085,106.562,2.14286,0.00593533,0.0141694,6,1
hermes_uni_closed,ug-140-085,107.062,2.14286,0.013067,0.0278633,6,1
hermes_uni_closed,ug-140-085,107.562,2.14286,0.0157839,0.0278417,6,1
hermes_uni_closed,ug-140-085,108.062,2.14286,0.00858033,0.0113348,6,1
hermes_uni_closed,ug-140-085,108.562,2.14286,0.00499267,0.0122672,6,1
hermes_uni_closed,ug-140-085,109.062,2.14286,0.00150633,0.0109316,6,1
hermes_uni_closed,ug-140-085,109.562,2.14286,-0.00790217,0.0116239,6,1
hermes_uni_closed,ug-140-085,110.062,2.14286,-0.005575,0.0113268,6,1
hermes_uni_closed,ug-140-085,110.562,2.14286,0.0026555,0.00992171,6,1
hermes_uni_closed,ug-140-085,111.062,2.5,0.022005,0.0309928,7,1
hermes_uni_closed,ug-140-085,111.562,2.5,0.006183,0.0365863,7,1
hermes_uni_closed,ug-140-085,112.062,2.5,0.00281986,0.0295247,7,1
hermes_uni_closed,ug-140-085,112.562,2.5,-0.00208729,0.0222786,7,1
hermes_uni_closed,ug-140-085,113.062,2.5,0.00422614,0.0229795,7,1
hermes_uni_closed,ug-140-085,113.562,2.5,0.00360743,0.0197427,7,1
hermes_uni_closed,ug-140-085,114.062,2.5,-0.0114601,0.0328338,7,1
hermes_uni_closed,ug-140-085,114.562,2.5,-0.0381793,0.0641563,7,1
hermes_uni_closed,ug-140-085,115.062,2.14286,-0.0077985,0.0173031,6,1
hermes_uni_closed,ug-140-085,115.562,2.14286,0.00814333,0.0168052,6,1
hermes_uni_closed,ug-140-085,116.062,2.14286,0.0118492,0.0226422,6,1
hermes_uni_closed,ug-140-085,116.562,2.14286,0.0305223,0.0501701,6,1
hermes_uni_closed,ug-140-085,117.062,2.14286,0.0655927,0.127841,6,1
hermes_uni_closed,ug-140-085,117.562,2.5,0.159003,0.200259,7,1
hermes_uni_closed,ug-140-085,118.062,2.85714,0.218663,0.26978,8,1
hermes_uni_closed,ug-140-085,118.562,2.85714,0.223054,0.269229,8,1
hermes_uni_closed,ug-140-085,119.062,2.85714,0.220396,0.243297,8,1
hermes_uni_closed,ug-140-085,119.562,2.85714,0.232596,0.289783,8,1
hermes_uni_closed,ug-140-085,120.062,2.5,0.24926,0.280235,7,1
hermes_uni_closed,ug-140-085,120.562,2.5,0.285467,0.304617,7,1
hermes_uni_closed,ug-140-085,121.062,2.14286,0.303309,0.334888,6,1
hermes_uni_closed,ug-140-085,121.562,2.5,0.332057,0.339546,7,1
hermes_uni_closed,ug-140-085,122.062,2.14286,0.351508,0.370521,6,1
hermes_uni_closed,ug-140-085,122.562,2.14286,0.401149,0.418678,6,1
hermes_uni_closed,ug-140-085,123.062,2.5,0.382395,0.399503,7,1
hermes_uni_closed,ug-140-085,123.562,2.85714,0.376739,0.396232,8,1
hermes_uni_closed,ug-140-085,124.062,2.14286,0.364758,0.380571,6,1
hermes_uni_closed,ug-140-085,124.562,2.14286,0.396847,0.412321,6,1
hermes_uni_closed,ug-140-085,125.062,1.78571,0.408681,0.418608,5,1
hermes_uni_closed,ug-140-085,125.562,1.78571,0.412388,0.429922,5,1
hermes_uni_closed,ug-140-085,126.062,2.14286,0.456567,0.46273,6,1
hermes_uni_closed,ug-140-085,126.562,1.78571,0.481498,0.492278,5,1
hermes_uni_closed,ug-140-085,127.062,1.78571,0.468226,0.47801,5,1
hermes_uni_closed,ug-140-085,127.562,1.78571,0.484089,0.504553,5,1
hermes_uni_closed,ug-140-085,128.062,1.07143,0.438677,0.444682,3,1
hermes_uni_closed,ug-140-085,128.562,1.78571,0.490473,0.506323,5,1
hermes_uni_closed,ug-140-085,129.062,2.14286,0.522533,0.528358,6,1
hermes_uni_closed,ug-140-085,129.562,2.14286,0.544327,0.555243,6,1
hermes_uni_closed,ug-140-085,130.062,1.78571,0.51234,0.512907,5,1
hermes_uni_closed,ug-140-085,130.562,1.78571,0.531241,0.53582,5,1
hermes_uni_closed,ug-140-085,131.062,1.78571,0.571795,0.575757,5,1
hermes_uni_closed,ug-140-085,131.562,1.78571,0.631244,0.635672,5,1
hermes_uni_closed,ug-140-085,132.062,2.14286,0.656657,0.659071,6,1
hermes_uni_closed,ug-140-085,132.562,1.42857,0.667646,0.669113,4,1
hermes_uni_closed,ug-140-085,133.062,1.78571,0.675396,0.680392,5,1
hermes_uni_closed,ug-140-085,133.562,1.78571,0.704934,0.707762,5,1
hermes_uni_closed,ug-140-085,134.062,1.78571,0.761949,0.76469,5,1
hermes_uni_closed,ug-140-085,134.562,1.42857,0.793317,0.794627,4,1
hermes_uni_closed,ug-140-085,135.062,1.78571,0.830412,0.831057,5,1
hermes_uni_closed,ug-140-085,135.562,2.14286,0.840394,0.843073,6,1
hermes_uni_closed,ug-140-085,136.062,1.78571,0.838558,0.842249,5,1
hermes_uni_closed,ug-140-085,136.562,1.42857,0.859081,0.859657,4,1
hermes_uni_closed,ug-140-085,137.062,1.78571,0.856088,0.857527,5,1
hermes_uni_closed,ug-140-085,137.562,1.42857,0.910992,0.911994,4,1
hermes_uni_closed,ug-140-085,138.062,1.78571,0.907454,0.908445,5,1
hermes_uni_closed,ug-140-085,138.562,1.42857,0.933828,0.934161,4,1
hermes_uni_closed,ug-140-085,139.062,1.42857,0.939974,0.94137,4,1
hermes_uni_closed,ug-140-085,139.562,1.42857,0.944432,0.945721,4,1
hermes_uni_closed,ug-140-085,140.062,1.42857,0.934202,0.936732,4,1
hermes_uni_closed,ug-140-085,140.562,1.42857,0.969768,0.971743,4,1
hermes_uni_closed,ug-140-085,141.062,1.78571,0.964626,0.971252,5,1
hermes_uni_closed,ug-140-085,141.562,1.42857,0.976439,0.977738,4,1
hermes_uni_closed,ug-140-085,142.062,1.42857,0.980349,0.981333,4,1
hermes_uni_closed,ug-140-085,142.562,1.07143,0.98777,0.988901,3,1
hermes_uni_closed,ug-140-085,143.062,1.42857,1.00097,1.00556,4,1
hermes_uni_closed,ug-140-085,143.562,1.07143,0.983115,0.98394,3,1
hermes_uni_closed,ug-140-085,144.062,1.42857,1.00069,1.00152,4,1
hermes_uni_closed,ug-140-085,144.562,1.42857,0.942966,0.943587,4,1
hermes_uni_closed,ug-140-085,145.062,1.07143,0.992221,0.993386,3,1
hermes_uni_closed,ug-140-085,145.562,1.42857,0.964751,0.965308,4,1
hermes_uni_closed,ug-140-085,146.062,1.07143,0.924496,0.925697,3,1
hermes_uni_closed,ug-140-085,146.562,1.42857,0.944107,0.944783,4,1
hermes_uni_closed,ug-140-085,147.062,1.42857,0.897252,0.898099,4,1
hermes_uni_closed,ug-140-085,147.562,1.42857,0.907931,0.909016,4,1
hermes_uni_closed,ug-140-085,148.062,1.42857,0.779279,0.780464,4,1
hermes_uni_closed,ug-140-085,148.562,1.42857,0.777515,0.784281,4,1
hermes_uni_closed,ug-140-085,149.062,1.42857,0.636852,0.642631,4,1
hermes_uni_closed,ug-140-085,149.562,0.714286,0.638233,0.638477,2,1
hermes_uni_closed,ug-140-085,150.062,1.42857,0.611486,0.614132,4,1
hermes_uni_closed,ug-140-085,150.562,1.78571,0.539977,0.546072,5,1
hermes_uni_closed,ug-140-085,151.062,2.5,0.471997,0.495003,7,1
hermes_uni_closed,ug-140-085,151.562,2.5,0.345033,0.348905,7,1
hermes_uni_closed,ug-140-085,152.062,2.85714,0.266812,0.295072,8,1
hermes_uni_closed,ug-140-085,152.562,2.85714,0.186216,0.2073,8,1
hermes_uni_closed,ug-140-085,153.062,3.57143,0.150756,0.187033,10,1
hermes_uni_closed,ug-140-085,153.562,3.57143,0.101882,0.120686,10,1
hermes_uni_closed,ug-140-085,154.062,3.57143,0.0627227,0.0963101,10,1
hermes_uni_closed,ug-140-085,154.562,3.57143,0.0293863,0.0492592,10,1
hermes_uni_closed,ug-140-085,155.062,3.57143,0.016912,0.0375699,10,1
hermes_uni_closed,ug-140-085,155.562,3.57143,0.0197107,0.0309488,10,1
hermes_uni_closed,ug-140-085,156.062,3.57143,0.0159767,0.0270716,10,1
hermes_uni_closed,ug-140-085,156.562,3.21429,0.0087184,0.0397887,9,1
hermes_uni_closed,ug-140-085,157.062,3.57143,0.00351691,0.0548498,10,1
hermes_uni_closed,ug-140-085,157.562,3.57143,0.0129713,0.0341769,10,1
hermes_uni_closed,ug-140-085,158.062,3.21429,0.0172298,0.0691349,9,1
hermes_uni_closed,ug-140-085,158.562,3.21429,0.0418742,0.0851425,9,1
hermes_uni_closed,ug-140-085,159.062,2.85714,0.0671752,0.106304,8,1
hermes_uni_closed,ug-140-085,159.562,2.85714,0.102904,0.129041,8,1
hermes_uni_closed,ug-140-085,160.062,2.85714,0.128348,0.173349,8,1
hermes_uni_closed,ug-140-085,160.562,2.85714,0.197391,0.209107,8,1
hermes_uni_closed,ug-140-085,161.062,2.5,0.275305,0.290016,7,1
hermes_uni_closed,ug-140-085,161.562,2.5,0.283246,0.287712,7,1
hermes_uni_closed,ug-140-085,162.062,2.5,0.306298,0.335083,7,1
hermes_uni_closed,ug-140-085,162.562,2.5,0.336774,0.356359,7,1
hermes_uni_closed,ug-140-085,163.062,2.14286,0.345147,0.358444,6,1
hermes_uni_closed,ug-140-085,163.562,2.14286,0.353033,0.368259,6,1
hermes_uni_closed,ug-140-085,164.062,2.14286,0.353475,0.364789,6,1
hermes_uni_closed,ug-140-085,164.562,2.5,0.366649,0.37758,7,1
hermes_uni_closed,ug-140-085,165.062,2.5,0.353773,0.368848,7,1
hermes_uni_closed,ug-140-085,165.562,2.5,0.358986,0.372653,7,1
hermes_uni_closed,ug-140-085,166.062,2.14286,0.379537,0.390622,6,1
hermes_uni_closed,ug-140-085,166.562,2.5,0.406131,0.421447,7,1
hermes_uni_closed,ug-140-085,167.062,2.5,0.451045,0.454433,7,1
hermes_uni_closed,ug-140-085,167.562,1.78571,0.462893,0.478668,5,1
hermes_uni_closed,ug-140-085,168.062,2.14286,0.477301,0.485438,6,1
hermes_uni_closed,ug-140-085,168.562,2.14286,0.520908,0.527214,6,1
hermes_uni_closed,ug-140-085,169.062,1.78571,0.532432,0.545045,5,1
hermes_uni_closed,ug-140-085,169.562,2.14286,0.462888,0.466343,6,1
hermes_uni_closed,ug-140-085,170.062,2.14286,0.493071,0.513465,6,1
hermes_uni_closed,ug-140-085,170.562,1.42857,0.559518,0.566633,4,1
hermes_uni_closed,ug-140-085,171.062,1.78571,0.587148,0.591403,5,1
hermes_uni_closed,ug-140-085,171.562,1.42857,0.411795,0.419548,4,1
hermes_uni_closed,ug-140-085,172.062,1.42857,0.487341,0.497126,4,1
hermes_uni_closed,ug-140-085,172.562,1.78571,0.642841,0.647076,5,1
hermes_uni_closed,ug-140-085,173.062,1.78571,0.702251,0.706779,5,1
hermes_uni_closed,ug-140-085,173.562,1.42857,0.692017,0.692447,4,1
hermes_uni_closed,ug-140-085,174.062,1.78571,0.705413,0.707723,5,1
hermes_uni_closed,ug-140-085,174.562,1.78571,0.728266,0.731417,5,1
hermes_uni_closed,ug-140-085,175.062,1.78571,0.701913,0.706017,5,1
hermes_uni_closed,ug-140-085,175.562,1.78571,0.769775,0.770807,5,1
hermes_uni_closed,ug-140-085,176.062,1.42857,0.796068,0.798633,4,1
hermes_uni_closed,ug-140-085,176.562,1.78571,0.749924,0.751156,5,1
hermes_uni_closed,ug-140-085,177.062,1.42857,0.753633,0.75922,4,1
hermes_uni_closed,ug-140-085,177.562,1.42857,0.794718,0.795584,4,1
hermes_uni_closed,ug-140-085,178.062,1.42857,0.735971,0.741739,4,1
hermes_uni_closed,ug-140-085,178.562,1.42857,0.771445,0.776754,4,1
hermes_uni_closed,ug-140-085,179.062,1.78571,0.744431,0.749892,5,1
hermes_uni_closed,ug-140-085,179.562,1.42857,0.767574,0.774059,4,1
hermes_uni_closed,ug-140-085,180.062,1.42857,0.802524,0.803288,4,1
hermes_uni_closed,ug-140-085,180.562,1.42857,0.771282,0.771911,4,1
hermes_uni_closed,ug-140-085,181.062,1.42857,0.757524,0.761421,4,1
hermes_uni_closed,ug-140-085,181.562,1.07143,0.76003,0.765587,3,1
hermes_uni_closed,ug-140-085,182.062,1.42857,0.762913,0.765152,4,1
hermes_uni_closed,ug-140-085,182.562,1.78571,0.732303,0.735036,5,1
hermes_uni_closed,ug-140-085,183.062,1.07143,0.739636,0.742865,3,1
hermes_uni_closed,ug-140-085,183.562,1.07143,0.67203,0.672567,3,1
hermes_uni_closed,ug-140-085,184.062,1.07143,0.611792,0.620634,3,1
hermes_uni_closed,ug-140-085,184.562,1.42857,0.664724,0.667785,4,1
hermes_uni_closed,ug-140-085,185.062,1.07143,0.703724,0.714483,3,1
hermes_uni_closed,ug-140-085,185.562,1.42857,0.744953,0.747086,4,1
hermes_uni_closed,ug-140-085,186.062,1.42857,0.699209,0.707068,4,1
hermes_uni_closed,ug-140-085,186.562,1.42857,0.638327,0.6413,4,1
hermes_uni_closed,ug-140-085,187.062,1.07143,0.648506,0.652348,3,1
hermes_uni_closed,ug-140-085,187.562,1.42857,0.623707,0.628139,4,1
hermes_uni_closed,ug-140-085,188.062,1.42857,0.59656,0.609882,4,1
hermes_uni_closed,ug-140-085,188.562,1.78571,0.5437,0.550647,5,1
hermes_uni_closed,ug-140-085,189.062,1.42857,0.53048,0.545442,4,1
hermes_uni_closed,ug-140-085,189.562,1.42857,0.46063,0.471621,4,1
hermes_uni_closed,ug-140-085,190.062,2.14286,0.475425,0.488058,6,1
hermes_uni_closed,ug-140-085,190.562,2.14286,0.365873,0.381413,6,1
hermes_uni_closed,ug-140-085,191.062,2.14286,0.231069,0.251698,6,1
hermes_uni_closed,ug-140-085,191.562,2.14286,0.116921,0.137333,6,1
hermes_uni_closed,ug-140-085,192.062,2.5,0.0605565,0.151036,7,1
hermes_uni_closed,ug-140-085,192.562,2.5,0.0241888,0.111796,7,1
hermes_uni_closed,ug-140-085,193.062,2.5,0.0398,0.0846846,7,1
hermes_uni_closed,ug-140-085,193.562,2.5,0.0153075,0.0463729,7,1
hermes_uni_closed,ug-140-085,194.062,2.85714,0.012519,0.0539034,8,1
hermes_uni_closed,ug-140-085,194.562,3.21429,0.00971196,0.058164,9,1
hermes_uni_closed,ug-140-085,195.062,3.21429,-0.00209043,0.0211646,9,1
hermes_uni_closed,ug-140-085,195.562,3.21429,0.00859901,0.047871,9,1
hermes_uni_closed,ug-140-085,196.062,3.21429,0.0142567,0.0514097,9,1
hermes_uni_closed,ug-140-085,196.562,3.57143,0.0155241,0.0569708,10,1
hermes_uni_closed,ug-140-085,197.062,3.57143,0.0166862,0.0473033,10,1
hermes_uni_closed,ug-140-085,197.562,3.57143,0.0161932,0.0404019,10,1
hermes_uni_closed,ug-140-085,198.062,3.57143,0.00246233,0.0410251,10,1
hermes_uni_closed,ug-140-085,198.562,3.21429,-0.00810223,0.0642476,9,1
hermes_uni_closed,ug-140-085,199.062,2.85714,0.00652314,0.0458328,8,1
hermes_uni_closed,ug-140-085,199.562,2.85714,0.00250394,0.038773,8,1
hermes_uni_closed,ug-140-085,200.062,3.21429,-0.0100571,0.0606311,9,1
hermes_uni_closed,ug-140-085,200.562,3.21429,-0.0104814,0.0460795,9,1
hermes_uni_closed,ug-140-085,201.062,2.85714,0.0104768,0.0419674,8,1
hermes_uni_closed,ug-140-085,201.562,2.85714,0.0213935,0.0626013,8,1
hermes_uni_closed,ug-140-085,202.062,2.85714,0.0281105,0.0545094,8,1
hermes_uni_closed,ug-140-085,202.562,2.85714,0.0472229,0.0746669,8,1
hermes_uni_closed,ug-140-085,203.062,2.5,0.0474338,0.113889,7,1
hermes_uni_closed,ug-140-085,203.562,2.14286,0.0702889,0.0964999,6,1
hermes_uni_closed,ug-140-085,204.062,2.14286,0.134351,0.174727,6,1
hermes_uni_closed,ug-140-085,204.562,2.14286,0.080744,0.106735,6,1
hermes_uni_closed,ug-140-085,205.062,1.78571,0.0548535,0.0607278,5,1
hermes_uni_closed,ug-140-085,205.562,1.78571,0.0690946,0.0897018,5,1
hermes_uni_closed,ug-140-085,206.062,1.78571,0.100219,0.110086,5,1
hermes_uni_closed,ug-140-085,206.562,2.14286,0.177409,0.194907,6,1
hermes_uni_closed,ug-140-085,207.062,2.14286,0.243318,0.263007,6,1
hermes_uni_closed,ug-140-085,207.562,2.14286,0.341431,0.361061,6,1
hermes_uni_closed,ug-140-085,208.062,1.78571,0.399092,0.418064,5,1
hermes_uni_closed,ug-140-085,208.562,1.78571,0.384333,0.390324,5,1
hermes_uni_closed,ug-140-085,209.062,2.14286,0.409562,0.416649,6,1
hermes_uni_closed,ug-140-085,209.562,2.14286,0.511461,0.517426,6,1
hermes_uni_closed,ug-140-085,210.062,2.14286,0.559382,0.57876,6,1
hermes_uni_closed,ug-140-085,210.562,1.78571,0.632962,0.640828,5,1
hermes_uni_closed,ug-140-085,211.062,1.42857,0.55344,0.573985,4,1
hermes_uni_closed,ug-140-085,211.562,1.78571,0.636273,0.646665,5,1
hermes_uni_closed,ug-140-085,212.062,1.42857,0.711913,0.720554,4,1
hermes_uni_closed,ug-140-085,212.562,1.42857,0.699401,0.704825,4,1
hermes_uni_closed,ug-140-085,213.062,1.78571,0.721147,0.728439,5,1
hermes_uni_closed,ug-140-085,213.562,1.78571,0.788252,0.788965,5,1
hermes_uni_closed,ug-140-085,214.062,1.78571,0.852082,0.857386,5,1
hermes_uni_closed,ug-140-085,214.562,2.14286,0.843861,0.845905,6,1
hermes_uni_closed,ug-140-085,215.062,1.78571,0.906292,0.906778,5,1
hermes_uni_closed,ug-140-085,215.562,1.78571,0.901588,0.902508,5,1
hermes_uni_closed,ug-140-085,216.062,1.78571,0.844407,0.851047,5,1
hermes_uni_closed,ug-140-085,216.562,1.42857,0.913081,0.91446,4,1
hermes_uni_closed,ug-140-085,217.062,1.07143,0.949051,0.952282,3,1
hermes_uni_closed,ug-140-085,217.562,1.42857,0.963662,0.964673,4,1
hermes_uni_closed,ug-140-085,218.062,0.714286,0.935565,0.935811,2,1
hermes_uni_closed,ug-140-085,218.562,1.42857,0.963894,0.964274,4,1
hermes_uni_closed,ug-140-085,219.062,1.07143,1.02423,1.02464,3,1
hermes_uni_closed,ug-140-085,219.562,1.07143,0.994833,0.997771,3,1
hermes_uni_closed,ug-140-085,220.062,1.42857,0.896057,0.897443,4,1
hermes_uni_closed,ug-140-085,220.562,1.78571,0.90877,0.910381,5,1
hermes_uni_closed,ug-140-085,221.062,1.42857,0.946552,0.946754,4,1
hermes_uni_closed,ug-140-085,221.562,1.42857,0.977516,0.980489,4,1
hermes_uni_closed,ug-140-085,222.062,1.07143,0.996747,0.999109,3,1
hermes_uni_closed,ug-140-085,222.562,1.07143,0.980438,0.981279,3,1
hermes_uni_closed,ug-140-085,223.062,1.07143,1.00249,1.00733,3,1
hermes_uni_closed,ug-140-085,223.562,1.42857,1.08519,1.08746,4,1
hermes_uni_closed,ug-140-085,224.062,1.07143,1.18865,1.1891,3,1
hermes_uni_closed,ug-140-085,224.562,1.42857,1.06012,1.06116,4,1
hermes_uni_closed,ug-140-085,225.062,0.714286,1.00688,1.0095,2,1
hermes_uni_closed,ug-140-085,225.562,1.42857,1.06942,1.0715,4,1
hermes_uni_closed,ug-140-085,226.062,1.78571,1.03965,1.04291,5,1
hermes_uni_closed,ug-140-085,226.562,1.42857,1.03976,1.04016,4,1
hermes_uni_closed,ug-140-085,227.062,1.07143,1.01056,1.01075,3,1
hermes_uni_closed,ug-140-085,227.562,1.42857,0.98482,0.989316,4,1
hermes_uni_closed,ug-140-085,228.062,0.714286,0.960402,0.96151,2,1
hermes_uni_closed,ug-140-085,228.562,1.42857,0.964489,0.964708,4,1
hermes_uni_closed,ug-140-085,229.062,1.42857,0.973748,0.977293,4,1
hermes_uni_closed,ug-140-085,229.562,1.42857,0.942808,0.943941,4,1
hermes_uni_closed,ug-140-085,230.062,1.78571,0.962048,0.962558,5,1
hermes_uni_closed,ug-140-085,230.562,1.42857,0.988163,0.988579,4,1
hermes_uni_closed,ug-140-085,231.062,1.78571,0.97469,0.975734,5,1
hermes_uni_closed,ug-140-085,231.562,1.07143,1.00355,1.00572,3,1
hermes_uni_closed,ug-140-085,232.062,1.07143,1.05249,1.05484,3,1
hermes_uni_closed,ug-140-085,232.562,1.07143,0.934643,0.935618,3,1
hermes_uni_closed,ug-140-085,233.062,1.07143,0.888037,0.889878,3,1
hermes_uni_closed,ug-140-085,233.562,1.42857,0.900064,0.901156,4,1
hermes_uni_closed,ug-140-085,234.062,1.42857,0.86644,0.868496,4,1
hermes_uni_closed,ug-140-085,234.562,2.14286,0.880336,0.881509,6,0
hermes_uni_closed,ug-140-085,235.062,1.42857,0.899899,0.900887,4,0
hermes_uni_closed,ug-140-085,235.562,1.78571,0.961305,0.963228,5,0
hermes_uni_closed,ug-140-085,236.062,1.42857,0.926216,0.927399,4,0
hermes_uni_closed,ug-140-085,236.562,1.42857,0.971333,0.973596,4,0
hermes_uni_closed,ug-140-085,237.062,1.78571,0.891488,0.89305,5,0
hermes_uni_closed,ug-140-085,237.562,1.78571,0.924428,0.925806,5,0
hermes_uni_closed,ug-140-085,238.062,1.42857,0.979514,0.980544,4,0
hermes_uni_closed,ug-140-085,238.562,1.78571,1.01451,1.01507,5,0
hermes_uni_closed,ug-140-085,239.062,1.07143,0.950737,0.951892,3,0
hermes_uni_closed,ug-140-085,239.562,1.07143,0.975337,0.977055,3,0
hermes_uni_closed,ug-140-085,240.062,1.07143,1.02861,1.02938,3,0
hermes_uni_closed,ug-140-085,240.562,1.07143,1.05049,1.05066,3,0
hermes_uni_closed,ug-140-085,241.062,1.07143,1.06907,1.06931,3,0
hermes_uni_closed,ug-140-085,241.562,0.714286,1.06593,1.06716,2,0
hermes_uni_closed,ug-140-085,242.062,1.07143,1.06677,1.06881,3,0
hermes_uni_closed,ug-140-085,242.562,1.07143,1.06069,1.06143,3,0
hermes_uni_closed,ug-140-085,243.062,1.42857,1.06947,1.06959,4,0
hermes_uni_closed,ug-140-085,243.562,1.42857,1.08287,1.08354,4,0
hermes_uni_closed,ug-140-085,244.062,1.07143,1.04383,1.04418,3,0
hermes_uni_closed,ug-140-085,244.562,1.07143,1.0212,1.02328,3,0
hermes_uni_closed,ug-140-085,245.062,0.714286,0.986214,0.988671,2,0
hermes_uni_closed,ug-140-085,245.562,1.42857,0.983002,0.985208,4,0
hermes_uni_closed,ug-140-085,246.062,1.07143,1.01583,1.01601,3,0
hermes_uni_closed,ug-140-085,246.562,1.42857,1.01545,1.01717,4,0
hermes_uni_closed,ug-140-085,247.062,1.07143,1.01967,1.02035,3,0
hermes_uni_closed,ug-140-085,247.562,1.07143,1.05232,1.05241,3,0
hermes_uni_closed,ug-140-085,248.062,1.42857,1.02187,1.02359,4,0
hermes_uni_closed,ug-140-085,248.562,1.07143,0.933831,0.936696,3,0
hermes_uni_closed,ug-140-085,249.062,1.42857,0.998726,0.999351,4,0
hermes_uni_closed,ug-140-085,249.562,1.42857,1.08998,1.09615,4,0
hermes_uni_closed,ug-140-085,250.062,1.42857,1.17208,1.18027,4,0
hermes_uni_closed,ug-140-085,250.562,1.42857,1.15617,1.16521,4,0
hermes_uni_closed,ug-140-085,251.062,1.07143,1.14596,1.15956,3,0
hermes_uni_closed,ug-140-085,251.562,1.07143,1.17267,1.18051,3,0
hermes_uni_closed,ug-140-085,252.062,1.42857,1.05519,1.05925,4,0
hermes_uni_closed,ug-140-085,252.562,0.714286,0.979171,0.980945,2,0
hermes_uni_closed,ug-140-085,253.062,0.714286,0.979526,0.979712,2,0
hermes_uni_closed,ug-140-085,253.562,1.07143,1.13683,1.13816,3,0
hermes_uni_closed,ug-140-085,254.062,1.07143,1.15672,1.16221,3,0
hermes_uni_closed,ug-140-085,254.562,1.07143,1.09639,1.09736,3,0
hermes_uni_closed,ug-140-085,255.062,1.07143,1.1266,1.12754,3,0
hermes_uni_closed,ug-140-085,255.562,0.714286,1.14555,1.1457,2,0
hermes_uni_closed,ug-140-085,256.062,0.357143,1.18433,1.18435,1,0
hermes_uni_closed,ug-140-085,256.562,0.357143,1.23669,1.24004,1,0
hermes_uni_closed,ug-140-085,257.062,0.357143,1.34427,1.3455,1,0
hermes_uni_closed,ug-140-085,257.562,0.714286,1.37849,1.37867,2,0
hermes_uni_closed,ug-140-085,258.062,1.07143,1.39604,1.39641,3,0
hermes_uni_closed,ug-140-085,258.562,0.714286,1.33027,1.33087,2,0
hermes_uni_closed,ug-140-085,259.062,0.714286,1.25256,1.25991,2,0
hermes_uni_closed,ug-140-085,259.562,0.357143,1.29981,1.30571,1,0
hermes_uni_closed,ug-140-085,260.062,0.357143,1.33442,1.33605,1,0
hermes_uni_closed,ug-140-110,0.5,0.714286,1.30698,1.31277,2,0
hermes_uni_closed,ug-140-110,1,1.07143,1.32062,1.32344,3,0
hermes_uni_closed,ug-140-110,1.5,1.07143,1.30954,1.3096,3,0
hermes_uni_closed,ug-140-110,2,0.714286,1.33524,1.33595,2,0
hermes_uni_closed,ug-140-110,2.5,0.714286,1.32177,1.32248,2,0
hermes_uni_closed,ug-140-110,3,0.357143,1.2227,1.22288,1,0
hermes_uni_closed,ug-140-110,3.5,0.714286,1.13842,1.13882,2,0
hermes_uni_closed,ug-140-110,4,1.07143,1.13091,1.13291,3,0
hermes_uni_closed,ug-140-110,4.5,1.07143,1.19537,1.19622,3,0
hermes_uni_closed,ug-140-110,5,1.42857,1.24238,1.24271,4,0
hermes_uni_closed,ug-140-110,5.5,1.07143,1.17399,1.17503,3,0
hermes_uni_closed,ug-140-110,6,1.07143,1.18976,1.1911,3,0
hermes_uni_closed,ug-140-110,6.5,1.07143,1.18317,1.18533,3,0
hermes_uni_closed,ug-140-110,7,1.07143,1.17099,1.17271,3,0
hermes_uni_closed,ug-140-110,7.5,1.07143,1.23408,1.23621,3,0
hermes_uni_closed,ug-140-110,8,0.714286,1.22226,1.22374,2,0
hermes_uni_closed,ug-140-110,8.5,0.357143,1.23647,1.23716,1,0
hermes_uni_closed,ug-140-110,9,0.714286,1.2257,1.22579,2,0
hermes_uni_closed,ug-140-110,9.5,0.714286,1.17579,1.17732,2,0
hermes_uni_closed,ug-140-110,10,1.07143,1.21255,1.21303,3,0
hermes_uni_closed,ug-140-110,10.5,1.07143,1.16231,1.16303,3,0
hermes_uni_closed,ug-140-110,11,1.07143,1.18211,1.18226,3,0
hermes_uni_closed,ug-140-110,11.5,1.07143,1.18671,1.18827,3,0
hermes_uni_closed,ug-140-110,12,0.714286,1.22716,1.22822,2,0
hermes_uni_closed,ug-140-110,12.5,0.714286,1.24022,1.24033,2,0
hermes_uni_closed,ug-140-110,13,0.357143,1.11727,1.12467,1,0
hermes_uni_closed,ug-140-110,13.5,0.357143,1.10644,1.10652,1,0
hermes_uni_closed,ug-140-110,14,1.07143,1.17081,1.17129,3,0
hermes_uni_closed,ug-140-110,14.5,1.07143,1.1222,1.12265,3,0
hermes_uni_closed,ug-140-110,15,0.714286,1.09963,1.10042,2,0
hermes_uni_closed,ug-140-110,15.5,1.42857,1.09765,1.10033,4,0
hermes_uni_closed,ug-140-110,16,0.714286,1.02732,1.02988,2,0
hermes_uni_closed,ug-140-110,16.5,1.42857,1.06252,1.06311,4,0
hermes_uni_closed,ug-140-110,17,1.42857,1.05416,1.06081,4,0
hermes_uni_closed,ug-140-110,17.5,0.714286,1.05751,1.05808,2,0
hermes_uni_closed,ug-140-110,18,1.42857,1.08889,1.09024,4,0
hermes_uni_closed,ug-140-110,18.5,0.714286,1.13283,1.13381,2,0
hermes_uni_closed,ug-140-110,19,0.714286,1.1156,1.11681,2,0
hermes_uni_closed,ug-140-110,19.5,0.714286,1.10417,1.10685,2,0
hermes_uni_closed,ug-140-110,20,0.714286,1.07268,1.07455,2,0
hermes_uni_closed,ug-140-110,20.5,1.07143,1.02383,1.02638,3,0
hermes_uni_closed,ug-140-110,21,1.42857,1.00811,1.00947,4,0
hermes_uni_closed,ug-140-110,21.5,1.42857,0.963566,0.964698,4,0
hermes_uni_closed,ug-140-110,22,1.42857,0.965246,0.96763,4,0
hermes_uni_closed,ug-140-110,22.5,1.42857,0.92609,0.926732,4,0
hermes_uni_closed,ug-140-110,23,1.78571,0.968524,0.970065,5,0
hermes_uni_closed,ug-140-110,23.5,1.42857,0.953639,0.957264,4,0
hermes_uni_closed,ug-140-110,24,1.07143,0.916758,0.919027,3,0
hermes_uni_closed,ug-140-110,24.5,1.42857,0.938149,0.939249,4,0
hermes_uni_closed,ug-140-110,25,1.07143,0.92606,0.928312,3,0
hermes_uni_closed,ug-140-110,25.5,1.07143,0.933155,0.933276,3,0
hermes_uni_closed,ug-140-110,26,1.07143,0.875801,0.876055,3,0
hermes_uni_closed,ug-140-110,26.5,1.07143,0.911701,0.91521,3,0
hermes_uni_closed,ug-140-110,27,1.07143,0.830094,0.839478,3,0
hermes_uni_closed,ug-140-110,27.5,1.42857,0.842605,0.845626,4,0
hermes_uni_closed,ug-140-110,28,1.42857,0.801894,0.80466,4,0
hermes_uni_closed,ug-140-110,28.5,2.14286,0.778774,0.780779,6,0
hermes_uni_closed,ug-140-110,29,1.42857,0.752665,0.754125,4,0
hermes_uni_closed,ug-140-110,29.5,1.42857,0.71262,0.72025,4,1
hermes_uni_closed,ug-140-110,30,1.42857,0.743399,0.745682,4,1
hermes_uni_closed,ug-140-110,30.5,1.42857,0.774312,0.775975,4,1
hermes_uni_closed,ug-140-110,31,1.42857,0.744811,0.747754,4,1
hermes_uni_closed,ug-140-110,31.5,1.42857,0.745764,0.746466,4,1
hermes_uni_closed,ug-140-110,32,1.78571,0.666555,0.66813,5,1
hermes_uni_closed,ug-140-110,32.5,1.78571,0.588282,0.593973,5,1
hermes_uni_closed,ug-140-110,33,1.42857,0.547543,0.548033,4,1
hermes_uni_closed,ug-140-110,33.5,1.42857,0.596306,0.599377,4,1
hermes_uni_closed,ug-140-110,34,1.07143,0.582188,0.58684,3,1
hermes_uni_closed,ug-140-110,34.5,1.07143,0.542824,0.545032,3,1
hermes_uni_closed,ug-140-110,35,1.42857,0.551653,0.554015,4,1
hermes_uni_closed,ug-140-110,35.5,1.07143,0.536763,0.541642,3,1
hermes_uni_closed,ug-140-110,36,1.42857,0.531637,0.538381,4,1
hermes_uni_closed,ug-140-110,36.5,1.78571,0.506362,0.512498,5,1
hermes_uni_closed,ug-140-110,37,1.78571,0.534869,0.540749,5,1
hermes_uni_closed,ug-140-110,37.5,2.14286,0.541962,0.549252,6,1
hermes_uni_closed,ug-140-110,38,2.5,0.49485,0.502621,7,1
hermes_uni_closed,ug-140-110,38.5,2.14286,0.439593,0.451578,6,1
hermes_uni_closed,ug-140-110,39,1.78571,0.404012,0.430651,5,1
hermes_uni_closed,ug-140-110,39.5,1.78571,0.386475,0.392543,5,1
hermes_uni_closed,ug-140-110,40,1.78571,0.430823,0.45568,5,1
hermes_uni_closed,ug-140-110,40.5,1.78571,0.461279,0.489441,5,1
hermes_uni_closed,ug-140-110,41,1.78571,0.426469,0.440749,5,1
hermes_uni_closed,ug-140-110,41.5,1.78571,0.428995,0.461746,5,1
hermes_uni_closed,ug-140-110,42,1.42857,0.469084,0.48417,4,1
hermes_uni_closed,ug-140-110,42.5,1.78571,0.453272,0.481401,5,1
hermes_uni_closed,ug-140-110,43,1.42857,0.474827,0.497376,4,1
hermes_uni_closed,ug-140-110,43.5,1.42857,0.395685,0.411436,4,1
hermes_uni_closed,ug-140-110,44,2.14286,0.399917,0.418946,6,1
hermes_uni_closed,ug-140-110,44.5,2.14286,0.405451,0.417014,6,1
hermes_uni_closed,ug-140-110,45,1.42857,0.396932,0.423841,4,1
hermes_uni_closed,ug-140-110,45.5,1.78571,0.358268,0.387674,5,1
hermes_uni_closed,ug-140-110,46,2.14286,0.383562,0.414054,6,1
hermes_uni_closed,ug-140-110,46.5,2.14286,0.355854,0.380858,6,1
hermes_uni_closed,ug-140-110,47,1.78571,0.296359,0.346918,5,1
hermes_uni_closed,ug-140-110,47.5,2.14286,0.338866,0.377309,6,1
hermes_uni_closed,ug-140-110,48,2.14286,0.325191,0.349601,6,1
hermes_uni_closed,ug-140-110,48.5,2.14286,0.290264,0.335989,6,1
hermes_uni_closed,ug-140-110,49,2.5,0.289079,0.313049,7,1
hermes_uni_closed,ug-140-110,49.5,2.14286,0.28498,0.322163,6,1
hermes_uni_closed,ug-140-110,50,2.14286,0.254962,0.293253,6,1
hermes_uni_closed,ug-140-110,50.5,2.5,0.247221,0.272876,7,1
hermes_uni_closed,ug-140-110,51,2.5,0.257886,0.299199,7,1
hermes_uni_closed,ug-140-110,51.5,2.85714,0.261189,0.284649,8,1
hermes_uni_closed,ug-140-110,52,3.21429,0.24829,0.297076,9,1
hermes_uni_closed,ug-140-110,52.5,2.85714,0.226024,0.240985,8,1
hermes_uni_closed,ug-140-110,53,2.5,0.232249,0.284474,7,1
hermes_uni_closed,ug-140-110,53.5,2.5,0.220936,0.251637,7,1
hermes_uni_closed,ug-140-110,54,2.85714,0.191701,0.24159,8,1
hermes_uni_closed,ug-140-110,54.5,2.85714,0.232527,0.276925,8,1
hermes_uni_closed,ug-140-110,55,2.85714,0.284574,0.307707,8,1
hermes_uni_closed,ug-140-110,55.5,2.5,0.285983,0.30841,7,1
hermes_uni_closed,ug-140-110,56,2.5,0.267065,0.286357,7,1
hermes_uni_closed,ug-140-110,56.5,2.14286,0.229155,0.263218,6,1
hermes_uni_closed,ug-140-110,57,2.14286,0.22347,0.246401,6,1
hermes_uni_closed,ug-140-110,57.5,2.14286,0.251697,0.279771,6,1
hermes_uni_closed,ug-140-110,58,2.5,0.249933,0.268806,7,1
hermes_uni_closed,ug-140-110,58.5,2.5,0.234147,0.265676,7,1
hermes_uni_closed,ug-140-110,59,2.14286,0.231587,0.248738,6,1
hermes_uni_closed,ug-140-110,59.5,2.5,0.25233,0.281395,7,1
hermes_uni_closed,ug-140-110,60,1.78571,0.250355,0.284059,5,1
hermes_uni_closed,ug-140-110,60.5,1.78571,0.24721,0.277709,5,1
hermes_uni_closed,ug-140-110,61,1.78571,0.231626,0.270748,5,1
hermes_uni_closed,ug-140-110,61.5,2.14286,0.207776,0.276184,6,1
hermes_uni_closed,ug-140-110,62,2.5,0.20362,0.236129,7,1
hermes_uni_closed,ug-140-110,62.5,2.5,0.20373,0.250279,7,1
hermes_uni_closed,ug-140-110,63,2.14286,0.190934,0.252256,6,1
hermes_uni_closed,ug-140-110,63.5,2.14286,0.183926,0.240682,6,1
hermes_uni_closed,ug-140-110,64,2.14286,0.211067,0.269903,6,1
hermes_uni_closed,ug-140-110,64.5,2.5,0.2445,0.307763,7,1
hermes_uni_closed,ug-140-110,65,2.5,0.230922,0.254642,7,1
hermes_uni_closed,ug-140-110,65.5,2.5,0.230905,0.279389,7,1
hermes_uni_closed,ug-140-110,66,2.5,0.261117,0.297389,7,1
hermes_uni_closed,ug-140-110,66.5,2.14286,0.250138,0.297633,6,1
hermes_uni_closed,ug-140-110,67,2.14286,0.223952,0.252564,6,1
hermes_uni_closed,ug-140-110,67.5,2.5,0.22044,0.286354,7,1
hermes_uni_closed,ug-140-110,68,2.5,0.220838,0.250994,7,1
hermes_uni_closed,ug-140-110,68.5,2.14286,0.210401,0.252952,6,1
hermes_uni_closed,ug-140-110,69,2.5,0.213279,0.239147,7,1
hermes_uni_closed,ug-140-110,69.5,2.14286,0.218697,0.252123,6,1
hermes_uni_closed,ug-140-110,70,2.14286,0.182091,0.221089,6,1
hermes_uni_closed,ug-140-110,70.5,2.14286,0.120521,0.193003,6,1
hermes_uni_closed,ug-140-110,71,2.85714,0.0626948,0.136795,8,1
hermes_uni_closed,ug-140-110,71.5,2.85714,0.0339654,0.0827072,8,1
hermes_uni_closed,ug-140-110,72,2.85714,0.014956,0.0416833,8,1
hermes_uni_closed,ug-140-110,72.5,2.85714,0.0058156,0.0501436,8,1
hermes_uni_closed,ug-140-110,73,2.85714,0.00863745,0.0436363,8,1
hermes_uni_closed,ug-140-110,73.5,2.85714,0.00852661,0.04958,8,1
hermes_uni_closed,ug-140-110,74,2.85714,-0.000972125,0.032718,8,1
hermes_uni_closed,ug-140-110,74.5,2.85714,-0.00167903,0.0159771,8,1
hermes_uni_closed,ug-140-110,75,2.85714,0.0014932,0.0140229,8,1
hermes_uni_closed,ug-140-110,75.5,2.85714,-0.00271139,0.0126178,8,1
hermes_uni_closed,ug-140-110,76,2.85714,-0.0039338,0.0206609,8,1
hermes_uni_closed,ug-140-110,76.5,2.85714,0.0056563,0.021641,8,1
hermes_uni_closed,ug-140-110,77,2.85714,0.00594238,0.0158281,8,1
hermes_uni_closed,ug-140-110,77.5,2.85714,0.0136674,0.0244258,8,1
hermes_uni_closed,ug-140-110,78,2.85714,0.066114,0.0820104,8,1
hermes_uni_closed,ug-140-110,78.5,2.85714,0.0976784,0.151687,8,1
hermes_uni_closed,ug-140-110,79,2.85714,0.0796105,0.14289,8,1
hermes_uni_closed,ug-140-110,79.5,2.85714,0.1265,0.183783,8,1
hermes_uni_closed,ug-140-110,80,2.5,0.149948,0.248765,7,1
hermes_uni_closed,ug-140-110,80.5,2.85714,0.157403,0.191315,8,1
hermes_uni_closed,ug-140-110,81,2.5,0.141777,0.194844,7,1
hermes_uni_closed,ug-140-110,81.5,2.5,0.16903,0.197966,7,1
hermes_uni_closed,ug-140-110,82,2.85714,0.194176,0.227754,8,1
hermes_uni_closed,ug-140-110,82.5,2.5,0.210104,0.240635,7,1
hermes_uni_closed,ug-140-110,83,2.5,0.260821,0.289876,7,1
hermes_uni_closed,ug-140-110,83.5,2.85714,0.263357,0.275552,8,1
hermes_uni_closed,ug-140-110,84,2.85714,0.283236,0.303971,8,1
hermes_uni_closed,ug-140-110,84.5,2.5,0.2809,0.299997,7,1
hermes_uni_closed,ug-140-110,85,2.14286,0.284411,0.294167,6,1
hermes_uni_closed,ug-140-110,85.5,2.5,0.306863,0.324056,7,1
hermes_uni_closed,ug-140-110,86,2.5,0.300449,0.313994,7,1
hermes_uni_closed,ug-140-110,86.5,2.85714,0.268039,0.298852,8,1
hermes_uni_closed,ug-140-110,87,2.85714,0.257515,0.277689,8,1
hermes_uni_closed,ug-140-110,87.5,2.85714,0.230518,0.253014,8,1
hermes_uni_closed,ug-140-110,88,3.21429,0.228852,0.248434,9,1
hermes_uni_closed,ug-140-110,88.5,3.21429,0.237576,0.262553,9,1
hermes_uni_closed,ug-140-110,89,3.21429,0.220342,0.237168,9,1
hermes_uni_closed,ug-140-110,89.5,2.85714,0.201315,0.237563,8,1
hermes_uni_closed,ug-140-110,90,3.21429,0.196999,0.208111,9,1
hermes_uni_closed,ug-140-110,90.5,3.57143,0.21942,0.254987,10,1
hermes_uni_closed,ug-140-110,91,3.92857,0.216588,0.229792,11,1
hermes_uni_closed,ug-140-110,91.5,3.21429,0.187303,0.216149,9,1
hermes_uni_closed,ug-140-110,92,3.21429,0.165631,0.187372,9,1
hermes_uni_closed,ug-140-110,92.5,3.57143,0.190393,0.212322,10,1
hermes_uni_closed,ug-140-110,93,3.57143,0.188834,0.213118,10,1
hermes_uni_closed,ug-140-110,93.5,3.57143,0.142515,0.168944,10,1
hermes_uni_closed,ug-140-110,94,3.57143,0.149916,0.180544,10,1
hermes_uni_closed,ug-140-110,94.5,3.21429,0.195188,0.216354,9,1
hermes_uni_closed,ug-140-110,95,3.57143,0.222613,0.262614,10,1
hermes_uni_closed,ug-140-110,95.5,3.21429,0.232242,0.241481,9,1
hermes_uni_closed,ug-140-110,96,3.21429,0.25441,0.276626,9,1
hermes_uni_closed,ug-140-110,96.5,3.21429,0.262886,0.276742,9,1
hermes_uni_closed,ug-140-110,97,2.5,0.25963,0.28009,7,1
hermes_uni_closed,ug-140-110,97.5,2.5,0.271533,0.303682,7,1
hermes_uni_closed,ug-140-110,98,2.5,0.265511,0.274595,7,1
hermes_uni_closed,ug-140-110,98.5,2.5,0.254402,0.276262,7,1
hermes_uni_closed,ug-140-110,99,2.85714,0.25195,0.276146,8,1
hermes_uni_closed,ug-140-110,99.5,2.85714,0.278549,0.300763,8,1
hermes_uni_closed,ug-140-110,100,2.5,0.320593,0.336697,7,1
hermes_uni_closed,ug-140-110,100.5,2.5,0.322355,0.333421,7,1
hermes_uni_closed,ug-140-110,101,2.14286,0.28726,0.304103,6,1
hermes_uni_closed,ug-140-110,101.5,2.14286,0.315119,0.323256,6,1
hermes_uni_closed,ug-140-110,102,2.14286,0.330683,0.36035,6,1
hermes_uni_closed,ug-140-110,102.5,2.14286,0.341396,0.355184,6,1
hermes_uni_closed,ug-140-110,103,2.14286,0.34101,0.372721,6,1
hermes_uni_closed,ug-140-110,103.5,2.5,0.324685,0.340558,7,1
hermes_uni_closed,ug-140-110,104,2.5,0.358896,0.372586,7,1
hermes_uni_closed,ug-140-110,104.5,2.5,0.398658,0.414397,7,1
hermes_uni_closed,ug-140-110,105,2.14286,0.344427,0.36703,6,1
hermes_uni_closed,ug-140-110,105.5,2.14286,0.385681,0.401881,6,1
hermes_uni_closed,ug-140-110,106,2.14286,0.378667,0.393334,6,1
hermes_uni_closed,ug-140-110,106.5,2.5,0.389502,0.399279,7,1
hermes_uni_closed,ug-140-110,107,2.5,0.415903,0.425229,7,1
hermes_uni_closed,ug-140-110,107.5,2.5,0.428771,0.435352,7,1
hermes_uni_closed,ug-140-110,108,2.14286,0.441276,0.451612,6,1
hermes_uni_closed,ug-140-110,108.5,2.14286,0.460735,0.469945,6,1
hermes_uni_closed,ug-140-110,109,2.5,0.445039,0.450574,7,1
hermes_uni_closed,ug-140-110,109.5,2.5,0.44517,0.458576,7,1
hermes_uni_closed,ug-140-110,110,2.5,0.401743,0.409885,7,1
hermes_uni_closed,ug-140-110,110.5,2.85714,0.371179,0.383704,8,1
hermes_uni_closed,ug-140-110,111,2.85714,0.372023,0.382827,8,1
hermes_uni_closed,ug-140-110,111.5,3.21429,0.367032,0.384899,9,1
hermes_uni_closed,ug-140-110,112,2.85714,0.353871,0.370212,8,1
hermes_uni_closed,ug-140-110,112.5,2.5,0.347294,0.36135,7,1
hermes_uni_closed,ug-140-110,113,2.5,0.323005,0.359321,7,1
hermes_uni_closed,ug-140-110,113.5,2.85714,0.296505,0.307448,8,1
hermes_uni_closed,ug-140-110,114,2.14286,0.266266,0.304108,6,1
hermes_uni_closed,ug-140-110,114.5,2.85714,0.306211,0.319995,8,1
hermes_uni_closed,ug-140-110,115,2.85714,0.315579,0.335594,8,1
hermes_uni_closed,ug-140-110,115.5,2.5,0.294258,0.319285,7,1
hermes_uni_closed,ug-140-110,116,2.85714,0.314298,0.326581,8,1
hermes_uni_closed,ug-140-110,116.5,2.85714,0.322748,0.347712,8,1
hermes_uni_closed,ug-140-110,117,2.85714,0.27316,0.287573,8,1
hermes_uni_closed,ug-140-110,117.5,2.85714,0.229842,0.26814,8,1
hermes_uni_closed,ug-140-110,118,3.21429,0.237592,0.277553,9,1
hermes_uni_closed,ug-140-110,118.5,3.21429,0.252618,0.259457,9,1
hermes_uni_closed,ug-140-110,119,3.21429,0.24096,0.2753,9,1
hermes_uni_closed,ug-140-110,119.5,2.85714,0.198963,0.215033,8,1
hermes_uni_closed,ug-140-110,120,3.21429,0.186635,0.220559,9,1
hermes_uni_closed,ug-140-110,120.5,3.21429,0.191678,0.210968,9,1
hermes_uni_closed,ug-140-110,121,3.57143,0.198415,0.227163,10,1
hermes_uni_closed,ug-140-110,121.5,3.21429,0.209097,0.238797,9,1
hermes_uni_closed,ug-140-110,122,2.5,0.220321,0.253572,7,1
hermes_uni_closed,ug-140-110,122.5,2.5,0.220066,0.247976,7,1
hermes_uni_closed,ug-140-110,123,2.85714,0.215171,0.247029,8,1
hermes_uni_closed,ug-140-110,123.5,3.57143,0.21038,0.232996,10,1
hermes_uni_closed,ug-140-110,124,3.21429,0.197768,0.226092,9,1
hermes_uni_closed,ug-140-110,124.5,3.21429,0.203606,0.221034,9,1
hermes_uni_closed,ug-140-110,125,2.85714,0.202181,0.227144,8,1
hermes_uni_closed,ug-140-110,125.5,2.85714,0.202624,0.230771,8,1
hermes_uni_closed,ug-140-110,126,2.85714,0.218932,0.25523,8,1
hermes_uni_closed,ug-140-110,126.5,2.85714,0.253153,0.274121,8,1
hermes_uni_closed,ug-140-110,127,2.5,0.274555,0.312695,7,1
hermes_uni_closed,ug-140-110,127.5,2.5,0.261522,0.290669,7,1
hermes_uni_closed,ug-140-110,128,2.85714,0.255368,0.288953,8,1
hermes_uni_closed,ug-140-110,128.5,2.5,0.254132,0.296929,7,1
hermes_uni_closed,ug-140-110,129,2.85714,0.282307,0.29055,8,1
hermes_uni_closed,ug-140-110,129.5,2.5,0.303453,0.309695,7,1
hermes_uni_closed,ug-140-110,130,2.5,0.284893,0.301374,7,1
hermes_uni_closed,ug-140-110,130.5,2.85714,0.279958,0.288329,8,1
hermes_uni_closed,ug-140-110,131,3.21429,0.28438,0.305378,9,1
hermes_uni_closed,ug-140-110,131.5,2.85714,0.292086,0.302654,8,1
hermes_uni_closed,ug-140-110,132,2.5,0.296818,0.305305,7,1
hermes_uni_closed,ug-140-110,132.5,2.5,0.272124,0.27991,7,1
hermes_uni_closed,ug-140-110,133,2.85714,0.274282,0.309119,8,1
hermes_uni_closed,ug-140-110,133.5,2.5,0.282847,0.316677,7,1
hermes_uni_closed,ug-140-110,134,2.5,0.269833,0.291851,7,1
hermes_uni_closed,ug-140-110,134.5,2.5,0.26929,0.285608,7,1
hermes_uni_closed,ug-140-110,135,3.21429,0.276087,0.300997,9,1
hermes_uni_closed,ug-140-110,135.5,2.5,0.315448,0.327989,7,1
hermes_uni_closed,ug-140-110,136,2.5,0.331205,0.343815,7,1
hermes_uni_closed,ug-140-110,136.5,2.85714,0.345956,0.354869,8,1
hermes_uni_closed,ug-140-110,137,2.85714,0.325901,0.341191,8,1
hermes_uni_closed,ug-140-110,137.5,2.85714,0.323769,0.339547,8,1
hermes_uni_closed,ug-140-110,138,2.85714,0.308406,0.327605,8,1
hermes_uni_closed,ug-140-110,138.5,2.85714,0.267357,0.274456,8,1
hermes_uni_closed,ug-140-110,139,3.21429,0.245382,0.276131,9,1
hermes_uni_closed,ug-140-110,139.5,3.21429,0.240998,0.253797,9,1
hermes_uni_closed,ug-140-110,140,2.85714,0.236695,0.268487,8,1
hermes_uni_closed,ug-140-110,140.5,3.21429,0.258561,0.285886,9,1
hermes_uni_closed,ug-140-110,141,3.21429,0.248403,0.257221,9,1
hermes_uni_closed,ug-140-110,141.5,3.21429,0.255456,0.278718,9,1
hermes_uni_closed,ug-140-110,142,3.21429,0.239372,0.261533,9,1
hermes_uni_closed,ug-140-110,142.5,3.57143,0.258737,0.269095,10,1
hermes_uni_closed,ug-140-110,143,3.21429,0.299164,0.316134,9,1
hermes_uni_closed,ug-140-110,143.5,2.85714,0.262691,0.27862,8,1
hermes_uni_closed,ug-140-110,144,2.5,0.219241,0.234153,7,1
hermes_uni_closed,ug-140-110,144.5,2.5,0.292464,0.32819,7,1
hermes_uni_closed,ug-140-110,145,2.5,0.285305,0.302735,7,1
hermes_uni_closed,ug-140-110,145.5,2.5,0.242392,0.270361,7,1
hermes_uni_closed,ug-140-110,146,2.5,0.286341,0.310863,7,1
hermes_uni_closed,ug-140-110,146.5,2.5,0.273161,0.300155,7,1
hermes_uni_closed,ug-140-110,147,2.5,0.24112,0.27225,7,1
hermes_uni_closed,ug-140-110,147.5,2.5,0.252674,0.281067,7,1
hermes_uni_closed,ug-140-110,148,2.14286,0.314524,0.328301,6,1
hermes_uni_closed,ug-140-110,148.5,1.78571,0.322781,0.343492,5,1
hermes_uni_closed,ug-140-110,149,2.5,0.272832,0.296185,7,1
hermes_uni_closed,ug-140-110,149.5,2.5,0.238855,0.248972,7,1
hermes_uni_closed,ug-140-110,150,1.78571,0.198981,0.230026,5,1
hermes_uni_closed,ug-140-110,150.5,1.78571,0.207469,0.229138,5,1
hermes_uni_closed,ug-140-110,151,2.14286,0.230498,0.260865,6,1
hermes_uni_closed,ug-140-110,151.5,2.5,0.236599,0.270241,7,1
hermes_uni_closed,ug-140-110,152,2.5,0.235558,0.25569,7,1
hermes_uni_closed,ug-140-110,152.5,2.14286,0.247914,0.286068,6,1
hermes_uni_closed,ug-140-110,153,1.78571,0.215727,0.229691,5,1
hermes_uni_closed,ug-140-110,153.5,1.78571,0.126777,0.146246,5,1
hermes_uni_closed,ug-140-110,154,2.14286,0.0722148,0.104012,6,1
hermes_uni_closed,ug-140-110,154.5,2.14286,0.0386537,0.0651036,6,1
hermes_uni_closed,ug-140-110,155,2.14286,0.0253703,0.0403054,6,1
hermes_uni_closed,ug-140-110,155.5,2.14286,0.022274,0.0534208,6,1
hermes_uni_closed,ug-140-110,156,2.14286,0.0165163,0.0435291,6,1
hermes_uni_closed,ug-140-110,156.5,2.14286,0.00728683,0.0152694,6,1
hermes_uni_closed,ug-140-110,157,2.14286,-0.00580783,0.0113105,6,1
hermes_uni_closed,ug-140-110,157.5,2.14286,-0.0160117,0.017551,6,1
hermes_uni_closed,ug-140-110,158,2.14286,-0.0158288,0.0236157,6,1
hermes_uni_closed,ug-140-110,158.5,2.14286,-0.0046895,0.00981792,6,1
hermes_uni_closed,ug-140-110,159,2.14286,0.00611583,0.0140263,6,1
hermes_uni_closed,ug-140-110,159.5,2.14286,0.00888767,0.013975,6,1
hermes_uni_closed,ug-140-110,160,2.14286,0.00632817,0.0122073,6,1
hermes_uni_closed,ug-140-110,160.5,2.14286,-0.00168817,0.0135713,6,1
hermes_uni_closed,ug-140-110,161,2.14286,-0.00276667,0.0160103,6,1
hermes_uni_closed,ug-140-110,161.5,2.14286,0.000762167,0.0121219,6,1
hermes_uni_closed,ug-140-110,162,2.14286,0.00118617,0.00890263,6,1
hermes_uni_closed,ug-140-110,162.5,2.14286,0.00347017,0.00867507,6,1
hermes_uni_closed,ug-140-110,163,2.14286,0.010629,0.0204438,6,1
hermes_uni_closed,ug-140-110,163.5,2.14286,0.0260327,0.0294238,6,1
hermes_uni_closed,ug-140-110,164,2.14286,0.0249345,0.0337581,6,1
hermes_uni_closed,ug-140-110,164.5,2.14286,0.0151575,0.0268357,6,1
hermes_uni_closed,ug-140-110,165,2.14286,0.042906,0.0543562,6,1
hermes_uni_closed,ug-140-110,165.5,2.14286,0.080106,0.0901976,6,1
hermes_uni_closed,ug-140-110,166,1.78571,0.109668,0.11958,5,1
hermes_uni_closed,ug-140-110,166.5,1.78571,0.174553,0.200433,5,1
hermes_uni_closed,ug-140-110,167,2.14286,0.214957,0.220538,6,1
hermes_uni_closed,ug-140-110,167.5,2.14286,0.234446,0.264851,6,1
hermes_uni_closed,ug-140-110,168,2.14286,0.220856,0.244654,6,1
hermes_uni_closed,ug-140-110,168.5,2.5,0.205684,0.225828,7,1
hermes_uni_closed,ug-140-110,169,2.5,0.242143,0.273335,7,1
hermes_uni_closed,ug-140-110,169.5,2.14286,0.283621,0.302699,6,1
hermes_uni_closed,ug-140-110,170,2.5,0.305401,0.328806,7,1
hermes_uni_closed,ug-140-110,170.5,2.5,0.257051,0.286792,7,1
hermes_uni_closed,ug-140-110,171,2.5,0.174047,0.209469,7,1
hermes_uni_closed,ug-140-110,171.5,2.85714,0.169362,0.198042,8,1
hermes_uni_closed,ug-140-110,172,2.85714,0.135909,0.174324,8,1
hermes_uni_closed,ug-140-110,172.5,3.21429,0.144718,0.168125,9,1
hermes_uni_closed,ug-140-110,173,3.21429,0.11633,0.1751,9,1
hermes_uni_closed,ug-140-110,173.5,3.57143,0.0892636,0.134391,10,1
hermes_uni_closed,ug-140-110,174,3.21429,0.0335707,0.0927598,9,1
hermes_uni_closed,ug-140-110,174.5,3.21429,0.0192733,0.057171,9,1
hermes_uni_closed,ug-140-110,175,3.21429,0.00953494,0.0583223,9,1
hermes_uni_closed,ug-140-110,175.5,3.21429,0.0127825,0.0722324,9,1
hermes_uni_closed,ug-140-110,176,3.21429,0.0222679,0.0511733,9,1
hermes_uni_closed,ug-140-110,176.5,3.21429,0.00299685,0.0455417,9,1
hermes_uni_closed,ug-140-110,177,3.21429,-0.0127814,0.051212,9,1
hermes_uni_closed,ug-140-110,177.5,3.21429,-0.00134881,0.0451687,9,1
hermes_uni_closed,ug-140-110,178,3.21429,0.00796139,0.042818,9,1
hermes_uni_closed,ug-140-110,178.5,3.21429,0.000956856,0.0321193,9,1
hermes_uni_closed,ug-140-110,179,3.21429,0.00153971,0.0421564,9,1
hermes_uni_closed,ug-140-110,179.5,3.21429,0.0213568,0.0538782,9,1
hermes_uni_closed,ug-140-110,180,3.21429,0.0409604,0.0630928,9,1
hermes_uni_closed,ug-140-110,180.5,2.85714,0.0398457,0.0917385,8,1
hermes_uni_closed,ug-140-110,181,2.85714,0.0901792,0.16691,8,1
hermes_uni_closed,ug-140-110,181.5,2.85714,0.161321,0.200146,8,1
hermes_uni_closed,ug-140-110,182,2.85714,0.220799,0.251703,8,1
hermes_uni_closed,ug-140-110,182.5,3.21429,0.212969,0.249971,9,1
hermes_uni_closed,ug-140-110,183,2.5,0.181895,0.211261,7,1
hermes_uni_closed,ug-140-110,183.5,2.85714,0.211808,0.244582,8,1
hermes_uni_closed,ug-140-110,184,2.85714,0.239837,0.270141,8,1
hermes_uni_closed,ug-140-110,184.5,2.5,0.222839,0.25144,7,1
hermes_uni_closed,ug-140-110,185,2.5,0.194561,0.211744,7,1
hermes_uni_closed,ug-140-110,185.5,2.5,0.217264,0.252977,7,1
hermes_uni_closed,ug-140-110,186,2.5,0.224981,0.259203,7,1
hermes_uni_closed,ug-140-110,186.5,2.5,0.210869,0.267684,7,1
hermes_uni_closed,ug-140-110,187,2.5,0.178016,0.215708,7,1
hermes_uni_closed,ug-140-110,187.5,2.5,0.0940696,0.155774,7,1
hermes_uni_closed,ug-140-110,188,2.85714,0.0451902,0.147132,8,1
hermes_uni_closed,ug-140-110,188.5,2.5,-0.00232391,0.0834516,7,1
hermes_uni_closed,ug-140-110,189,2.5,-0.0074921,0.075229,7,1
hermes_uni_closed,ug-140-110,189.5,2.5,-0.0142814,0.0433207,7,1
hermes_uni_closed,ug-140-110,190,2.5,-0.0071918,0.0409602,7,1
hermes_uni_closed,ug-140-110,190.5,2.85714,0.00789161,0.0378878,8,1
hermes_uni_closed,ug-140-110,191,2.85714,0.00514414,0.0259009,8,1
hermes_uni_closed,ug-140-110,191.5,2.85714,-0.00307058,0.0144934,8,1
hermes_uni_closed,ug-140-110,192,2.85714,-0.00423905,0.028141,8,1
hermes_uni_closed,ug-140-110,192.5,2.85714,0.00838035,0.0401597,8,1
hermes_uni_closed,ug-140-110,193,2.85714,0.035513,0.0521698,8,1
hermes_uni_closed,ug-140-110,193.5,2.85714,0.0310875,0.041626,8,1
hermes_uni_closed,ug-140-110,194,2.85714,0.0186395,0.043998,8,1
hermes_uni_closed,ug-140-110,194.5,3.21429,0.0479468,0.0856924,9,1
hermes_uni_closed,ug-140-110,195,2.85714,0.130078,0.173554,8,1
hermes_uni_closed,ug-140-110,195.5,2.85714,0.182837,0.228644,8,1
hermes_uni_closed,ug-140-110,196,2.85714,0.17092,0.224394,8,1
hermes_uni_closed,ug-140-110,196.5,2.85714,0.177916,0.203717,8,1
hermes_uni_closed,ug-140-110,197,3.21429,0.186213,0.227365,9,1
hermes_uni_closed,ug-140-110,197.5,3.57143,0.128438,0.159478,10,1
hermes_uni_closed,ug-140-110,198,3.57143,0.0722085,0.132117,10,1
hermes_uni_closed,ug-140-110,198.5,3.57143,0.066136,0.115632,10,1
hermes_uni_closed,ug-140-110,199,3.57143,0.0391917,0.10935,10,1
hermes_uni_closed,ug-140-110,199.5,4.28571,0.0380661,0.100566,12,1
hermes_uni_closed,ug-140-110,200,4.28571,0.0373275,0.0991493,12,1
hermes_uni_closed,ug-140-110,200.5,4.28571,0.0184019,0.0869655,12,1
hermes_uni_closed,ug-140-110,201,4.28571,0.019982,0.0759602,12,1
hermes_uni_closed,ug-140-110,201.5,3.92857,0.0264854,0.0858911,11,1
hermes_uni_closed,ug-140-110,202,3.92857,0.0404678,0.0682176,11,1
hermes_uni_closed,ug-140-110,202.5,3.92857,0.0399078,0.0859358,11,1
hermes_uni_closed,ug-140-110,203,3.57143,0.0247173,0.0782399,10,1
hermes_uni_closed,ug-140-110,203.5,3.57143,0.0700433,0.114829,10,1
hermes_uni_closed,ug-140-110,204,3.57143,0.103406,0.168039,10,1
hermes_uni_closed,ug-140-110,204.5,3.57143,0.111316,0.149638,10,1
hermes_uni_closed,ug-140-110,205,3.21429,0.129975,0.178377,9,1
hermes_uni_closed,ug-140-110,205.5,3.21429,0.126031,0.191137,9,1
hermes_uni_closed,ug-140-110,206,3.21429,0.124018,0.180369,9,1
hermes_uni_closed,ug-140-110,206.5,3.21429,0.12832,0.189213,9,1
hermes_uni_closed,ug-140-110,207,3.21429,0.123418,0.159164,9,1
hermes_uni_closed,ug-140-110,207.5,2.85714,0.115064,0.201595,8,1
hermes_uni_closed,ug-140-110,208,3.92857,0.128947,0.158354,11,1
hermes_uni_closed,ug-140-110,208.5,3.57143,0.124391,0.215438,10,1
hermes_uni_closed,ug-140-110,209,3.57143,0.130127,0.162634,10,1
hermes_uni_closed,ug-140-110,209.5,3.21429,0.116265,0.202949,9,1
hermes_uni_closed,ug-140-110,210,3.21429,0.101187,0.159851,9,1
hermes_uni_closed,ug-140-110,210.5,3.21429,0.119343,0.175855,9,1
hermes_uni_closed,ug-140-110,211,3.21429,0.164099,0.201824,9,1
hermes_uni_closed,ug-140-110,211.5,2.85714,0.183112,0.226739,8,1
hermes_uni_closed,ug-140-110,212,3.57143,0.183883,0.207485,10,1
hermes_uni_closed,ug-140-110,212.5,3.21429,0.169806,0.210935,9,1
hermes_uni_closed,ug-140-110,213,3.21429,0.169348,0.195917,9,1
hermes_uni_closed,ug-140-110,213.5,3.21429,0.180903,0.223659,9,1
hermes_uni_closed,ug-140-110,214,3.21429,0.182861,0.216291,9,1
hermes_uni_closed,ug-140-110,214.5,3.21429,0.176922,0.203295,9,1
hermes_uni_closed,ug-140-110,215,3.21429,0.179459,0.225538,9,1
hermes_uni_closed,ug-140-110,215.5,3.21429,0.181406,0.198429,9,1
hermes_uni_closed,ug-140-110,216,3.21429,0.184908,0.229448,9,1
hermes_uni_closed,ug-140-110,216.5,3.21429,0.205132,0.240916,9,1
hermes_uni_closed,ug-140-110,217,2.85714,0.204596,0.232157,8,1
hermes_uni_closed,ug-140-110,217.5,2.85714,0.211752,0.242666,8,1
hermes_uni_closed,ug-140-110,218,2.85714,0.210352,0.227462,8,1
hermes_uni_closed,ug-140-110,218.5,2.5,0.206204,0.256101,7,1
hermes_uni_closed,ug-140-110,219,3.21429,0.243294,0.277829,9,1
hermes_uni_closed,ug-140-110,219.5,2.5,0.240481,0.278927,7,1
hermes_uni_closed,ug-140-110,220,2.5,0.25398,0.303987,7,1
hermes_uni_closed,ug-140-110,220.5,2.5,0.271809,0.308955,7,1
hermes_uni_closed,ug-140-110,221,2.14286,0.257601,0.290673,6,1
hermes_uni_closed,ug-140-110,221.5,2.85714,0.256386,0.282312,8,1
hermes_uni_closed,ug-140-110,222,2.5,0.26983,0.313891,7,1
hermes_uni_closed,ug-140-110,222.5,2.5,0.262573,0.289373,7,1
hermes_uni_closed,ug-140-110,223,2.85714,0.266122,0.299051,8,1
hermes_uni_closed,ug-140-110,223.5,2.14286,0.26901,0.283893,6,1
hermes_uni_closed,ug-140-110,224,2.14286,0.268517,0.283708,6,1
hermes_uni_closed,ug-140-110,224.5,2.85714,0.296928,0.316058,8,1
hermes_uni_closed,ug-140-110,225,2.5,0.275412,0.288073,7,1
hermes_uni_closed,ug-140-110,225.5,2.5,0.264758,0.297159,7,1
hermes_uni_closed,ug-140-110,226,2.5,0.261222,0.283942,7,1
hermes_uni_closed,ug-140-110,226.5,2.5,0.288799,0.320421,7,1
hermes_uni_closed,ug-140-110,227,2.14286,0.307037,0.327865,6,1
hermes_uni_closed,ug-140-110,227.5,2.5,0.298117,0.331945,7,1
hermes_uni_closed,ug-140-110,228,2.5,0.316517,0.343895,7,1
hermes_uni_closed,ug-140-110,228.5,2.5,0.29934,0.327256,7,1
hermes_uni_closed,ug-140-110,229,2.5,0.271022,0.31003,7,1
hermes_uni_closed,ug-140-110,229.5,2.5,0.263239,0.308977,7,1
hermes_uni_closed,ug-140-110,230,2.14286,0.274098,0.309606,6,1
hermes_uni_closed,ug-140-110,230.5,2.5,0.286341,0.324025,7,1
hermes_uni_closed,ug-140-110,231,2.85714,0.294404,0.330798,8,1
hermes_uni_closed,ug-140-110,231.5,2.14286,0.298582,0.320903,6,1
hermes_uni_closed,ug-140-110,232,2.14286,0.319638,0.362556,6,1
hermes_uni_closed,ug-140-110,232.5,2.85714,0.270923,0.292021,8,1
hermes_uni_closed,ug-140-110,233,3.21429,0.254577,0.284928,9,1
hermes_uni_closed,ug-140-110,233.5,2.85714,0.272278,0.289605,8,1
hermes_uni_closed,ug-140-110,234,2.5,0.290374,0.318075,7,1
hermes_uni_closed,ug-140-110,234.5,2.85714,0.267385,0.284936,8,1
hermes_uni_closed,ug-140-110,235,3.21429,0.226466,0.266923,9,1
hermes_uni_closed,ug-140-110,235.5,3.21429,0.193977,0.229998,9,1
hermes_uni_closed,ug-140-110,236,3.21429,0.156013,0.201014,9,1
hermes_uni_closed,ug-140-110,236.5,3.21429,0.108047,0.145985,9,1
hermes_uni_closed,ug-140-110,237,3.57143,0.0877742,0.114352,10,1
hermes_uni_closed,ug-140-110,237.5,3.57143,0.047316,0.0731105,10,1
hermes_uni_closed,ug-140-110,238,3.57143,0.0316719,0.072487,10,1
hermes_uni_closed,ug-140-110,238.5,3.92857,0.0135961,0.0503031,11,1
hermes_uni_closed,ug-140-110,239,3.92857,0.00266256,0.0539611,11,1
hermes_uni_closed,ug-140-110,239.5,3.92857,0.00336348,0.0350619,11,1
hermes_uni_closed,ug-140-110,240,3.92857,0.00311116,0.0271888,11,1
hermes_uni_closed,ug-140-110,240.5,3.92857,0.000441545,0.0298556,11,1
hermes_uni_closed,ug-140-110,241,3.92857,0.00573744,0.0321991,11,1
hermes_uni_closed,ug-140-110,241.5,3.92857,0.0100646,0.0245685,11,1
hermes_uni_closed,ug-140-110,242,3.92857,0.00512095,0.0289357,11,1
hermes_uni_closed,ug-140-110,242.5,3.92857,-0.00150453,0.0236678,11,1
hermes_uni_closed,ug-140-110,243,3.92857,-0.00118679,0.021356,11,1
hermes_uni_closed,ug-140-110,243.5,3.92857,0.00202016,0.0307873,11,1
hermes_uni_closed,ug-140-110,244,3.92857,0.00513822,0.030261,11,1
hermes_uni_closed,ug-140-110,244.5,3.57143,0.00260337,0.0263566,10,1
hermes_uni_closed,ug-140-110,245,3.57143,0.00139537,0.0246367,10,1
hermes_uni_closed,ug-140-110,245.5,3.92857,0.00199218,0.0234094,11,1
hermes_uni_closed,ug-140-110,246,3.92857,0.0101667,0.0189924,11,1
hermes_uni_closed,ug-140-110,246.5,3.92857,0.00675573,0.0184486,11,1
hermes_uni_closed,ug-140-110,247,3.92857,0.004972,0.031254,11,1
hermes_uni_closed,ug-140-110,247.5,3.92857,-0.00230155,0.05159,11,1
hermes_uni_closed,ug-140-110,248,3.57143,-0.021212,0.0407493,10,1
hermes_uni_closed,ug-140-110,248.5,3.57143,-0.022531,0.0288367,10,1
hermes_uni_closed,ug-140-110,249,3.57143,-0.0142612,0.0236448,10,1
hermes_uni_closed,ug-140-110,249.5,3.92857,-0.00813609,0.0246529,11,1
hermes_uni_closed,ug-140-110,250,4.28571,0.00759011,0.0276532,12,1
hermes_uni_closed,ug-140-110,250.5,3.92857,0.0238804,0.0447365,11,1
hermes_uni_closed,ug-140-110,251,3.92857,0.0393997,0.0698509,11,1
hermes_uni_closed,ug-140-110,251.5,3.57143,0.0439829,0.076237,10,1
hermes_uni_closed,ug-140-110,252,3.21429,0.0430926,0.0873237,9,1
hermes_uni_closed,ug-140-110,252.5,3.21429,0.0789469,0.106902,9,1
hermes_uni_closed,ug-140-110,253,3.21429,0.118121,0.156603,9,1
hermes_uni_closed,ug-140-110,253.5,3.21429,0.153688,0.181841,9,1
hermes_uni_closed,ug-140-110,254,3.21429,0.166607,0.173856,9,1
hermes_uni_closed,ug-140-110,254.5,3.21429,0.174762,0.210569,9,1
hermes_uni_closed,ug-140-110,255,3.21429,0.226245,0.244898,9,1
hermes_uni_closed,ug-140-110,255.5,2.85714,0.262703,0.281171,8,1
hermes_uni_closed,ug-140-110,256,2.5,0.378449,0.391058,7,1
hermes_uni_closed,ug-140-110,256.5,2.85714,0.373106,0.380969,8,1
hermes_uni_closed,ug-140-110,257,2.85714,0.355153,0.367998,8,1
hermes_uni_closed,ug-140-110,257.5,2.5,0.407258,0.410846,7,1
hermes_uni_closed,ug-140-110,258,2.5,0.414307,0.425326,7,1
hermes_uni_closed,ug-140-110,258.5,2.85714,0.363031,0.375214,8,1
hermes_uni_closed,ug-140-110,259,2.85714,0.311066,0.317245,8,1
hermes_uni_closed,ug-140-110,259.5,2.85714,0.224171,0.268816,8,1
hermes_uni_closed,ug-140-110,260,2.85714,0.10859,0.12622,8,1
hermes_uni_closed,ug-140-110,260.5,3.21429,0.0711023,0.135343,9,1
hermes_uni_closed,ug-140-110,261,3.21429,0.0351026,0.0846733,9,1
hermes_uni_closed,ug-140-110,261.5,3.21429,0.0114864,0.0646454,9,1
hermes_uni_closed,ug-140-110,262,3.57143,0.0307144,0.0513139,10,0
hermes_uni_closed,ug-140-110,262.5,3.92857,0.0319416,0.0515331,11,0
hermes_uni_closed,ug-140-110,263,3.92857,0.0301217,0.0577257,11,0
hermes_uni_closed,ug-140-110,263.5,3.92857,0.0432404,0.0602644,11,0
hermes_uni_closed,ug-140-110,264,3.57143,0.0646681,0.0945681,10,0
hermes_uni_closed,ug-140-110,264.5,3.57143,0.102192,0.119024,10,0
hermes_uni_closed,ug-140-110,265,3.21429,0.1092,0.124496,9,0
hermes_uni_closed,ug-140-110,265.5,2.5,0.0987059,0.105828,7,0
hermes_uni_closed,ug-140-110,266,2.5,0.135958,0.157996,7,0
hermes_uni_closed,ug-140-110,266.5,2.5,0.165597,0.172955,7,0
hermes_uni_closed,ug-140-110,267,2.14286,0.172802,0.195751,6,0
hermes_uni_closed,ug-140-110,267.5,2.14286,0.212197,0.215616,6,0
hermes_uni_closed,ug-140-110,268,1.78571,0.239413,0.270078,5,0
hermes_uni_closed,ug-140-110,268.5,1.78571,0.253716,0.268754,5,0
hermes_uni_closed,ug-140-110,269,1.78571,0.281051,0.308482,5,0
hermes_uni_closed,ug-140-110,269.5,2.14286,0.295093,0.31394,6,0
hermes_uni_closed,ug-140-110,270,2.14286,0.30869,0.323481,6,0
hermes_uni_closed,ug-140-110,270.5,2.14286,0.309055,0.337446,6,0
hermes_uni_closed,ug-140-110,271,2.14286,0.294972,0.31813,6,0
hermes_uni_closed,ug-140-110,271.5,2.14286,0.249999,0.293442,6,0
hermes_uni_closed,ug-140-110,272,2.14286,0.235665,0.250579,6,0
hermes_uni_closed,ug-140-110,272.5,2.85714,0.251035,0.289905,8,0
hermes_uni_closed,ug-140-110,273,2.5,0.223984,0.252516,7,0
hermes_uni_closed,ug-140-110,273.5,2.5,0.18798,0.219625,7,0
hermes_uni_closed,ug-140-110,274,2.85714,0.189642,0.234797,8,0
hermes_uni_closed,ug-140-110,274.5,2.5,0.188465,0.221213,7,0
hermes_uni_closed,ug-140-110,275,2.85714,0.169726,0.195188,8,0
hermes_uni_closed,ug-140-110,275.5,2.85714,0.14009,0.166127,8,0
hermes_uni_closed,ug-140-110,276,2.85714,0.121795,0.145421,8,0
hermes_uni_closed,ug-140-110,276.5,2.85714,0.130242,0.162313,8,0
hermes_uni_closed,ug-140-110,277,3.21429,0.139905,0.166291,9,0
hermes_uni_closed,ug-140-110,277.5,3.21429,0.168182,0.209808,9,0
hermes_uni_closed,ug-140-110,278,3.21429,0.217173,0.243487,9,0
hermes_uni_closed,ug-140-110,278.5,3.21429,0.231591,0.257649,9,0
hermes_uni_closed,ug-140-110,279,2.85714,0.193222,0.213452,8,0
hermes_uni_closed,ug-140-110,279.5,2.85714,0.127844,0.176617,8,0
hermes_uni_closed,ug-140-110,280,2.85714,0.130173,0.156351,8,0
hermes_uni_closed,ug-140-110,280.5,2.5,0.144396,0.196159,7,0
hermes_uni_closed,ug-140-110,281,2.5,0.0876309,0.104506,7,0
hermes_uni_closed,ug-140-110,281.5,2.85714,0.056984,0.139526,8,0
hermes_uni_closed,ug-140-110,282,2.85714,0.0545675,0.0829855,8,0
hermes_uni_closed,ug-140-110,282.5,2.85714,0.0455517,0.0961105,8,0
hermes_uni_closed,ug-140-110,283,3.21429,0.0359654,0.0974658,9,0
hermes_uni_closed,ug-140-110,283.5,3.21429,0.00922434,0.0711964,9,0
hermes_uni_closed,ug-140-110,284,3.21429,-0.0148742,0.0651813,9,0
hermes_uni_closed,ug-140-110,284.5,3.21429,-0.00979898,0.0474241,9,0
hermes_uni_closed,ug-140-110,285,3.21429,0.0108586,0.0315968,9,0
hermes_uni_closed,ug-140-110,285.5,3.21429,0.0259031,0.0457522,9,0
hermes_uni_closed,ug-140-110,286,3.21429,0.0709619,0.0912575,9,0
hermes_uni_closed,ug-140-110,286.5,3.21429,0.120717,0.145885,9,0
hermes_uni_closed,ug-140-110,287,3.21429,0.132955,0.185328,9,0
hermes_uni_closed,ug-140-110,287.5,3.57143,0.111081,0.169751,10,0
hermes_uni_closed,ug-140-110,288,3.57143,0.101456,0.146562,10,0
hermes_uni_closed,ug-140-110,288.5,3.57143,0.139659,0.180972,10,0
hermes_uni_closed,ug-140-110,289,3.92857,0.17213,0.190746,11,0
hermes_uni_closed,ug-140-110,289.5,3.57143,0.161013,0.203067,10,0
hermes_uni_closed,ug-140-110,290,3.21429,0.18203,0.2018,9,0
hermes_uni_closed,ug-140-110,290.5,3.21429,0.180489,0.214751,9,0
hermes_uni_closed,ug-140-130,0.5,5,-0.0217606,0.0337635,14,0
hermes_uni_closed,ug-140-130,1,5,-0.00551679,0.013953,14,0
hermes_uni_closed,ug-140-130,1.5,5,0.014036,0.0299349,14,0
hermes_uni_closed,ug-140-130,2,5,0.0149099,0.0266498,14,0
hermes_uni_closed,ug-140-130,2.5,5,0.0130286,0.0198234,14,0
hermes_uni_closed,ug-140-130,3,5,0.0193976,0.0323581,14,0
hermes_uni_closed,ug-140-130,3.5,5,0.0173593,0.031486,14,0
hermes_uni_closed,ug-140-130,4,5,-0.00498159,0.028982,14,0
hermes_uni_closed,ug-140-130,4.5,4.64286,-0.0133663,0.0296476,13,0
hermes_uni_closed,ug-140-130,5,4.64286,-1.49538e-05,0.0284046,13,0
hermes_uni_closed,ug-140-130,5.5,4.64286,0.0168316,0.0343721,13,0
hermes_uni_closed,ug-140-130,6,5,0.03042,0.0484034,14,0
hermes_uni_closed,ug-140-130,6.5,5,0.0514335,0.0709364,14,0
hermes_uni_closed,ug-140-130,7,4.64286,0.047039,0.0764813,13,0
hermes_uni_closed,ug-140-130,7.5,4.64286,0.0432074,0.0816688,13,0
hermes_uni_closed,ug-140-130,8,4.64286,0.0458989,0.0730433,13,0
hermes_uni_closed,ug-140-130,8.5,4.64286,0.0218701,0.0727664,13,0
hermes_uni_closed,ug-140-130,9,4.64286,0.00372177,0.0742465,13,0
hermes_uni_closed,ug-140-130,9.5,4.64286,0.0148037,0.0639652,13,0
hermes_uni_closed,ug-140-130,10,4.64286,0.0185722,0.0558435,13,0
hermes_uni_closed,ug-140-130,10.5,4.64286,0.021443,0.0563147,13,0
hermes_uni_closed,ug-140-130,11,4.64286,0.0156268,0.0443223,13,0
hermes_uni_closed,ug-140-130,11.5,4.64286,0.0083751,0.0495188,13,0
hermes_uni_closed,ug-140-130,12,4.64286,0.0184099,0.048661,13,0
hermes_uni_closed,ug-140-130,12.5,4.64286,0.0225759,0.0557059,13,0
hermes_uni_closed,ug-140-130,13,4.64286,0.0215839,0.0542852,13,0
hermes_uni_closed,ug-140-130,13.5,4.64286,0.0349946,0.0665705,13,0
hermes_uni_closed,ug-140-130,14,4.64286,0.0416935,0.0673373,13,0
hermes_uni_closed,ug-140-130,14.5,4.64286,0.0280829,0.055682,13,0
hermes_uni_closed,ug-140-130,15,5,0.0289703,0.0547518,14,0
hermes_uni_closed,ug-140-130,15.5,5,0.0373662,0.0748902,14,0
hermes_uni_closed,ug-140-130,16,5,0.0584627,0.0930227,14,0
hermes_uni_closed,ug-140-130,16.5,4.64286,0.0824913,0.0937563,13,0
hermes_uni_closed,ug-140-130,17,4.64286,0.107648,0.130754,13,0
hermes_uni_closed,ug-140-130,17.5,4.64286,0.134734,0.160628,13,0
hermes_uni_closed,ug-140-130,18,3.92857,0.163844,0.18608,11,0
hermes_uni_closed,ug-140-130,18.5,4.28571,0.174902,0.187354,12,1
hermes_uni_closed,ug-140-130,19,4.28571,0.161141,0.190454,12,1
hermes_uni_closed,ug-140-130,19.5,4.28571,0.157048,0.177922,12,1
hermes_uni_closed,ug-140-130,20,5,0.166463,0.192462,14,1
hermes_uni_closed,ug-140-130,20.5,4.28571,0.157085,0.195824,12,1
hermes_uni_closed,ug-140-130,21,3.92857,0.165717,0.193171,11,1
hermes_uni_closed,ug-140-130,21.5,3.92857,0.179987,0.211951,11,1
hermes_uni_closed,ug-140-130,22,4.28571,0.17982,0.211389,12,1
hermes_uni_closed,ug-140-130,22.5,4.64286,0.163284,0.19256,13,1
hermes_uni_closed,ug-140-130,23,3.57143,0.14742,0.188081,10,1
hermes_uni_closed,ug-140-130,23.5,3.92857,0.164067,0.214772,11,1
hermes_uni_closed,ug-140-130,24,3.92857,0.178989,0.216727,11,1
hermes_uni_closed,ug-140-130,24.5,3.92857,0.180457,0.215996,11,1
hermes_uni_closed,ug-140-130,25,3.57143,0.178114,0.21035,10,1
hermes_uni_closed,ug-140-130,25.5,3.57143,0.169612,0.206762,10,1
hermes_uni_closed,ug-140-130,26,3.92857,0.166159,0.20839,11,1
hermes_uni_closed,ug-140-130,26.5,4.28571,0.153484,0.198608,12,1
hermes_uni_closed,ug-140-130,27,3.92857,0.143547,0.183437,11,1
hermes_uni_closed,ug-140-130,27.5,3.92857,0.154163,0.190771,11,1
hermes_uni_closed,ug-140-130,28,4.28571,0.161403,0.202042,12,1
hermes_uni_closed,ug-140-130,28.5,4.28571,0.148653,0.178173,12,1
hermes_uni_closed,ug-140-130,29,3.92857,0.131189,0.181848,11,1
hermes_uni_closed,ug-140-130,29.5,3.92857,0.126636,0.174868,11,1
hermes_uni_closed,ug-140-130,30,4.28571,0.144151,0.183782,12,1
hermes_uni_closed,ug-140-130,30.5,4.64286,0.167374,0.216449,13,1
hermes_uni_closed,ug-140-130,31,4.28571,0.164142,0.220279,12,1
hermes_uni_closed,ug-140-130,31.5,4.28571,0.15121,0.191408,12,1
hermes_uni_closed,ug-140-130,32,3.92857,0.153033,0.185096,11,1
hermes_uni_closed,ug-140-130,32.5,4.28571,0.166586,0.208929,12,1
hermes_uni_closed,ug-140-130,33,3.92857,0.144205,0.169382,11,1
hermes_uni_closed,ug-140-130,33.5,4.28571,0.145227,0.187989,12,1
hermes_uni_closed,ug-140-130,34,4.28571,0.147107,0.183121,12,1
hermes_uni_closed,ug-140-130,34.5,5,0.149734,0.175962,14,1
hermes_uni_closed,ug-140-130,35,4.64286,0.170307,0.2,13,1
hermes_uni_closed,ug-140-130,35.5,3.92857,0.150665,0.186256,11,1
hermes_uni_closed,ug-140-130,36,3.92857,0.164091,0.188194,11,1
hermes_uni_closed,ug-140-130,36.5,3.92857,0.194882,0.224159,11,1
hermes_uni_closed,ug-140-130,37,3.92857,0.181807,0.199381,11,1
hermes_uni_closed,ug-140-130,37.5,3.92857,0.168931,0.199198,11,1
hermes_uni_closed,ug-140-130,38,3.57143,0.188223,0.210335,10,1
hermes_uni_closed,ug-140-130,38.5,3.92857,0.185536,0.207255,11,1
hermes_uni_closed,ug-140-130,39,3.57143,0.150316,0.18328,10,1
hermes_uni_closed,ug-140-130,39.5,3.57143,0.157283,0.201937,10,1
hermes_uni_closed,ug-140-130,40,3.57143,0.182685,0.206741,10,1
hermes_uni_closed,ug-140-130,40.5,3.57143,0.168113,0.196397,10,1
hermes_uni_closed,ug-140-130,41,3.92857,0.161441,0.189535,11,1
hermes_uni_closed,ug-140-130,41.5,3.57143,0.186081,0.202248,10,1
hermes_uni_closed,ug-140-130,42,3.21429,0.165808,0.184938,9,1
hermes_uni_closed,ug-140-130,42.5,3.21429,0.133066,0.168741,9,1
hermes_uni_closed,ug-140-130,43,3.21429,0.133187,0.161403,9,1
hermes_uni_closed,ug-140-130,43.5,3.92857,0.108156,0.145387,11,1
hermes_uni_closed,ug-140-130,44,3.92857,0.0808251,0.12718,11,1
hermes_uni_closed,ug-140-130,44.5,3.92857,0.0562209,0.10926,11,1
hermes_uni_closed,ug-140-130,45,3.57143,0.0381205,0.0838651,10,1
hermes_uni_closed,ug-140-130,45.5,3.57143,0.0359573,0.083951,10,1
hermes_uni_closed,ug-140-130,46,4.28571,0.0213326,0.0723791,12,1
hermes_uni_closed,ug-140-130,46.5,4.28571,0.000960242,0.0328915,12,1
hermes_uni_closed,ug-140-130,47,4.28571,0.0182586,0.0425179,12,1
hermes_uni_closed,ug-140-130,47.5,4.28571,0.0216235,0.0345028,12,1
hermes_uni_closed,ug-140-130,48,4.28571,0.00252588,0.025767,12,1
hermes_uni_closed,ug-140-130,48.5,4.28571,-0.00337822,0.0224864,12,1
hermes_uni_closed,ug-140-130,49,4.28571,-0.0049712,0.0187752,12,1
hermes_uni_closed,ug-140-130,49.5,4.28571,0.00194841,0.023225,12,1
hermes_uni_closed,ug-140-130,50,3.92857,0.00837381,0.0244716,11,1
hermes_uni_closed,ug-140-130,50.5,3.92857,0.0102847,0.0258718,11,1
hermes_uni_closed,ug-140-130,51,3.92857,0.0225237,0.0338941,11,1
hermes_uni_closed,ug-140-130,51.5,4.64286,0.0388057,0.0575445,13,1
hermes_uni_closed,ug-140-130,52,4.64286,0.0255227,0.0371827,13,1
hermes_uni_closed,ug-140-130,52.5,4.64286,0.0170734,0.0396052,13,1
hermes_uni_closed,ug-140-130,53,4.64286,0.0126371,0.0537624,13,1
hermes_uni_closed,ug-140-130,53.5,4.64286,0.00995423,0.0441585,13,1
hermes_uni_closed,ug-140-130,54,5,0.00763245,0.0622897,14,1
hermes_uni_closed,ug-140-130,54.5,5,-0.0103782,0.0401157,14,1
hermes_uni_closed,ug-140-130,55,5,-0.0263603,0.044137,14,1
hermes_uni_closed,ug-140-130,55.5,5,-0.0167795,0.0414801,14,1
hermes_uni_closed,ug-140-130,56,4.64286,-0.00411708,0.0356529,13,1
hermes_uni_closed,ug-140-130,56.5,4.64286,-0.00231261,0.0352001,13,1
hermes_uni_closed,ug-140-130,57,5,0.0164914,0.0409932,14,1
hermes_uni_closed,ug-140-130,57.5,4.64286,0.0289065,0.0559375,13,1
hermes_uni_closed,ug-140-130,58,4.64286,0.0200143,0.0505009,13,1
hermes_uni_closed,ug-140-130,58.5,4.28571,0.0090486,0.0638539,12,1
hermes_uni_closed,ug-140-130,59,4.28571,-0.00476812,0.0469894,12,1
hermes_uni_closed,ug-140-130,59.5,4.28571,-0.000471058,0.0430751,12,1
hermes_uni_closed,ug-140-130,60,4.28571,0.00387627,0.0307983,12,1
hermes_uni_closed,ug-140-130,60.5,5,-0.00336215,0.0383418,14,1
hermes_uni_closed,ug-140-130,61,5,0.00468708,0.0552874,14,1
hermes_uni_closed,ug-140-130,61.5,4.64286,0.0155678,0.0430034,13,1
hermes_uni_closed,ug-140-130,62,4.64286,0.0149958,0.0638538,13,1
hermes_uni_closed,ug-140-130,62.5,4.64286,0.0137957,0.0752187,13,1
hermes_uni_closed,ug-140-130,63,4.64286,0.00605748,0.0619142,13,1
hermes_uni_closed,ug-140-130,63.5,4.64286,0.00481026,0.0857708,13,1
hermes_uni_closed,ug-140-130,64,4.64286,0.051076,0.0862578,13,1
hermes_uni_closed,ug-140-130,64.5,4.28571,0.0750462,0.0984581,12,1
hermes_uni_closed,ug-140-130,65,4.28571,0.061837,0.103291,12,1
hermes_uni_closed,ug-140-130,65.5,4.28571,0.0851114,0.132482,12,1
hermes_uni_closed,ug-140-130,66,3.92857,0.13595,0.166043,11,1
hermes_uni_closed,ug-140-130,66.5,3.57143,0.159786,0.200536,10,1
hermes_uni_closed,ug-140-130,67,3.21429,0.17554,0.211925,9,1
hermes_uni_closed,ug-140-130,67.5,3.57143,0.211214,0.246658,10,1
hermes_uni_closed,ug-140-130,68,3.92857,0.201435,0.22107,11,1
hermes_uni_closed,ug-140-130,68.5,3.92857,0.161083,0.186459,11,1
hermes_uni_closed,ug-140-130,69,3.92857,0.134288,0.198717,11,1
hermes_uni_closed,ug-140-130,69.5,3.57143,0.109822,0.144107,10,1
hermes_uni_closed,ug-140-130,70,3.57143,0.117082,0.176259,10,1
hermes_uni_closed,ug-140-130,70.5,3.21429,0.126101,0.140428,9,1
hermes_uni_closed,ug-140-130,71,3.92857,0.153239,0.207019,11,1
hermes_uni_closed,ug-140-130,71.5,3.92857,0.157412,0.194926,11,1
hermes_uni_closed,ug-140-130,72,3.92857,0.169119,0.230322,11,1
hermes_uni_closed,ug-140-130,72.5,3.57143,0.159288,0.212274,10,1
hermes_uni_closed,ug-140-130,73,3.21429,0.149711,0.196967,9,1
hermes_uni_closed,ug-140-130,73.5,3.57143,0.185367,0.215767,10,1
hermes_uni_closed,ug-140-130,74,3.57143,0.173433,0.203487,10,1
hermes_uni_closed,ug-140-130,74.5,3.21429,0.174001,0.206826,9,1
hermes_uni_closed,ug-140-130,75,3.21429,0.206776,0.245781,9,1
hermes_uni_closed,ug-140-130,75.5,3.21429,0.189935,0.236323,9,1
hermes_uni_closed,ug-140-130,76,3.21429,0.158798,0.187583,9,1
hermes_uni_closed,ug-140-130,76.5,3.21429,0.191515,0.234052,9,1
hermes_uni_closed,ug-140-130,77,2.85714,0.227944,0.264699,8,1
hermes_uni_closed,ug-140-130,77.5,2.85714,0.216874,0.23207,8,1
hermes_uni_closed,ug-140-130,78,3.21429,0.192094,0.252764,9,1
hermes_uni_closed,ug-140-130,78.5,3.21429,0.198725,0.217124,9,1
hermes_uni_closed,ug-140-130,79,2.85714,0.224078,0.26776,8,1
hermes_uni_closed,ug-140-130,79.5,2.5,0.230565,0.268128,7,1
hermes_uni_closed,ug-140-130,80,3.21429,0.249407,0.267947,9,1
hermes_uni_closed,ug-140-130,80.5,3.57143,0.230473,0.262413,10,1
hermes_uni_closed,ug-140-130,81,3.57143,0.183292,0.216303,10,1
hermes_uni_closed,ug-140-130,81.5,3.57143,0.163891,0.209883,10,1
hermes_uni_closed,ug-140-130,82,3.57143,0.15112,0.185973,10,1
hermes_uni_closed,ug-140-130,82.5,4.28571,0.127542,0.161225,12,1
hermes_uni_closed,ug-140-130,83,4.28571,0.0766131,0.134399,12,1
hermes_uni_closed,ug-140-130,83.5,4.28571,0.0457638,0.0961855,12,1
hermes_uni_closed,ug-140-130,84,4.64286,0.0475995,0.0949369,13,1
hermes_uni_closed,ug-140-130,84.5,4.64286,0.0285235,0.0659549,13,1
hermes_uni_closed,ug-140-130,85,4.64286,0.00608969,0.0569405,13,1
hermes_uni_closed,ug-140-130,85.5,4.64286,-0.00942275,0.054036,13,1
hermes_uni_closed,ug-140-130,86,4.64286,-0.0113654,0.0448879,13,1
hermes_uni_closed,ug-140-130,86.5,4.64286,-0.00603227,0.0286818,13,1
hermes_uni_closed,ug-140-130,87,4.64286,-0.000254446,0.0386633,13,1
hermes_uni_closed,ug-140-130,87.5,4.64286,0.00176432,0.03881,13,1
hermes_uni_closed,ug-140-130,88,4.28571,-0.00821664,0.0323928,12,1
hermes_uni_closed,ug-140-130,88.5,4.28571,-0.00301762,0.0279956,12,1
hermes_uni_closed,ug-140-130,89,4.28571,0.0038751,0.0352959,12,1
hermes_uni_closed,ug-140-130,89.5,4.28571,0.00853032,0.0317815,12,1
hermes_uni_closed,ug-140-130,90,4.28571,0.0121535,0.0193641,12,1
hermes_uni_closed,ug-140-130,90.5,4.28571,0.0154654,0.0262363,12,1
hermes_uni_closed,ug-140-130,91,4.28571,0.0281311,0.0397507,12,1
hermes_uni_closed,ug-140-130,91.5,3.92857,0.0294722,0.0410122,11,1
hermes_uni_closed,ug-140-130,92,3.92857,0.0743955,0.0899729,11,1
hermes_uni_closed,ug-140-130,92.5,3.92857,0.102494,0.114046,11,1
hermes_uni_closed,ug-140-130,93,3.92857,0.0950415,0.128235,11,1
hermes_uni_closed,ug-140-130,93.5,3.57143,0.0905717,0.12485,10,1
hermes_uni_closed,ug-140-130,94,3.57143,0.0761256,0.119148,10,1
hermes_uni_closed,ug-140-130,94.5,3.57143,0.0365473,0.0864891,10,1
hermes_uni_closed,ug-140-130,95,3.57143,0.0175466,0.0648902,10,1
hermes_uni_closed,ug-140-130,95.5,3.57143,0.0178493,0.0565161,10,1
hermes_uni_closed,ug-140-130,96,3.57143,0.00954449,0.0399447,10,1
hermes_uni_closed,ug-140-130,96.5,3.92857,-0.00595113,0.0377201,11,1
hermes_uni_closed,ug-140-130,97,3.92857,-0.00800019,0.0322873,11,1
hermes_uni_closed,ug-140-130,97.5,3.92857,0.000312009,0.0333397,11,1
hermes_uni_closed,ug-140-130,98,3.92857,0.0137654,0.0235994,11,1
hermes_uni_closed,ug-140-130,98.5,3.57143,0.0121676,0.0251914,10,1
hermes_uni_closed,ug-140-130,99,3.57143,0.0112003,0.0280717,10,1
hermes_uni_closed,ug-140-130,99.5,3.57143,0.00655114,0.0205435,10,1
hermes_uni_closed,ug-140-130,100,3.57143,-0.00392278,0.0315159,10,1
hermes_uni_closed,ug-140-130,100.5,3.57143,-0.0141397,0.0204093,10,1
hermes_uni_closed,ug-140-130,101,3.57143,-0.0139262,0.0333645,10,1
hermes_uni_closed,ug-140-130,101.5,3.57143,-0.00133436,0.0241771,10,1
hermes_uni_closed,ug-140-130,102,3.92857,0.00899379,0.0329975,11,1
hermes_uni_closed,ug-140-130,102.5,3.92857,0.0193959,0.0342294,11,1
hermes_uni_closed,ug-140-130,103,3.57143,0.0337646,0.0470813,10,1
hermes_uni_closed,ug-140-130,103.5,3.57143,0.0826179,0.0990767,10,1
hermes_uni_closed,ug-140-130,104,3.21429,0.13224,0.145736,9,1
hermes_uni_closed,ug-140-130,104.5,3.21429,0.172011,0.202914,9,1
hermes_uni_closed,ug-140-130,105,3.21429,0.168536,0.187458,9,1
hermes_uni_closed,ug-140-130,105.5,3.57143,0.18245,0.208667,10,1
hermes_uni_closed,ug-140-130,106,3.92857,0.226058,0.244761,11,1
hermes_uni_closed,ug-140-130,106.5,3.21429,0.247706,0.271278,9,1
hermes_uni_closed,ug-140-130,107,3.21429,0.284885,0.300072,9,1
hermes_uni_closed,ug-140-130,107.5,2.85714,0.278196,0.292221,8,1
hermes_uni_closed,ug-140-130,108,2.85714,0.304588,0.318255,8,1
hermes_uni_closed,ug-140-130,108.5,2.5,0.379774,0.382492,7,1
hermes_uni_closed,ug-140-130,109,2.5,0.432772,0.440606,7,1
hermes_uni_closed,ug-140-130,109.5,2.14286,0.460525,0.470119,6,1
hermes_uni_closed,ug-140-130,110,2.14286,0.502221,0.511081,6,1
hermes_uni_closed,ug-140-130,110.5,2.5,0.531072,0.540125,7,1
hermes_uni_closed,ug-140-130,111,2.14286,0.52046,0.530003,6,1
hermes_uni_closed,ug-140-130,111.5,2.14286,0.569964,0.574844,6,1
hermes_uni_closed,ug-140-130,112,1.78571,0.584604,0.593784,5,1
hermes_uni_closed,ug-140-130,112.5,2.85714,0.577708,0.581818,8,1
hermes_uni_closed,ug-140-130,113,2.14286,0.614958,0.620057,6,1
hermes_uni_closed,ug-140-130,113.5,2.14286,0.599843,0.604655,6,1
hermes_uni_closed,ug-140-130,114,2.14286,0.611419,0.621756,6,1
hermes_uni_closed,ug-140-130,114.5,1.78571,0.645372,0.648176,5,1
hermes_uni_closed,ug-140-130,115,2.14286,0.686734,0.690244,6,1
hermes_uni_closed,ug-140-130,115.5,2.14286,0.656036,0.667012,6,1
hermes_uni_closed,ug-140-130,116,1.78571,0.673392,0.684373,5,1
hermes_uni_closed,ug-140-130,116.5,2.14286,0.687978,0.695488,6,1
hermes_uni_closed,ug-140-130,117,2.14286,0.742284,0.744592,6,1
hermes_uni_closed,ug-140-130,117.5,2.14286,0.725063,0.728458,6,1
hermes_uni_closed,ug-140-130,118,2.5,0.72469,0.728542,7,1
hermes_uni_closed,ug-140-130,118.5,2.14286,0.73039,0.731951,6,1
hermes_uni_closed,ug-140-130,119,2.14286,0.742983,0.746536,6,1
hermes_uni_closed,ug-140-130,119.5,2.14286,0.714468,0.716325,6,1
hermes_uni_closed,ug-140-130,120,2.14286,0.72366,0.725625,6,1
hermes_uni_closed,ug-140-130,120.5,2.14286,0.760437,0.765539,6,1
hermes_uni_closed,ug-140-130,121,2.14286,0.788067,0.789015,6,1
hermes_uni_closed,ug-140-130,121.5,2.5,0.787631,0.789332,7,1
hermes_uni_closed,ug-140-130,122,2.14286,0.784242,0.786247,6,1
hermes_uni_closed,ug-140-130,122.5,2.14286,0.784998,0.787004,6,1
hermes_uni_closed,ug-140-130,123,2.14286,0.801575,0.804602,6,1
hermes_uni_closed,ug-140-130,123.5,2.5,0.850563,0.856162,7,1
hermes_uni_closed,ug-140-130,124,2.14286,0.86291,0.865952,6,1
hermes_uni_closed,ug-140-130,124.5,1.78571,0.863444,0.864985,5,1
hermes_uni_closed,ug-140-130,125,2.14286,0.865349,0.866998,6,1
hermes_uni_closed,ug-140-130,125.5,1.78571,0.827275,0.830053,5,1
hermes_uni_closed,ug-140-130,126,1.78571,0.78631,0.788754,5,1
hermes_uni_closed,ug-140-130,126.5,2.14286,0.783822,0.78655,6,1
hermes_uni_closed,ug-140-130,127,2.14286,0.812605,0.815487,6,1
hermes_uni_closed,ug-140-130,127.5,1.78571,0.843751,0.845549,5,1
hermes_uni_closed,ug-140-130,128,2.14286,0.803607,0.805555,6,1
hermes_uni_closed,ug-140-130,128.5,2.14286,0.786536,0.789242,6,1
hermes_uni_closed,ug-140-130,129,1.78571,0.823772,0.826565,5,1
hermes_uni_closed,ug-140-130,129.5,2.5,0.812313,0.815829,7,1
hermes_uni_closed,ug-140-130,130,2.5,0.814315,0.818381,7,1
hermes_uni_closed,ug-140-130,130.5,2.14286,0.799705,0.801069,6,1
hermes_uni_closed,ug-140-130,131,1.78571,0.760931,0.765216,5,1
hermes_uni_closed,ug-140-130,131.5,1.78571,0.793403,0.794094,5,1
hermes_uni_closed,ug-140-130,132,1.07143,0.852511,0.857477,3,1
hermes_uni_closed,ug-140-130,132.5,1.07143,0.805266,0.807188,3,1
hermes_uni_closed,ug-140-130,133,1.42857,0.830872,0.832984,4,1
hermes_uni_closed,ug-140-130,133.5,1.07143,0.895591,0.897976,3,1
hermes_uni_closed,ug-140-130,134,1.78571,0.892897,0.896725,5,1
hermes_uni_closed,ug-140-130,134.5,1.78571,0.917664,0.918769,5,1
hermes_uni_closed,ug-140-130,135,2.14286,0.900301,0.90085,6,1
hermes_uni_closed,ug-140-130,135.5,2.14286,0.885245,0.886249,6,1
hermes_uni_closed,ug-140-130,136,1.78571,0.936744,0.937759,5,1
hermes_uni_closed,ug-140-130,136.5,2.14286,0.920011,0.921248,6,1
hermes_uni_closed,ug-140-130,137,1.78571,0.892572,0.895677,5,1
hermes_uni_closed,ug-140-130,137.5,2.14286,0.939864,0.940844,6,1
hermes_uni_closed,ug-140-130,138,2.14286,0.953709,0.955256,6,1
hermes_uni_closed,ug-140-130,138.5,1.78571,0.950167,0.951026,5,1
hermes_uni_closed,ug-140-130,139,1.42857,0.935382,0.938359,4,1
hermes_uni_closed,ug-140-130,139.5,1.42857,0.942975,0.943143,4,1
hermes_uni_closed,ug-140-130,140,1.07143,0.895641,0.899345,3,1
hermes_uni_closed,ug-140-130,140.5,1.07143,0.886835,0.892333,3,1
hermes_uni_closed,ug-140-130,141,1.78571,0.88785,0.888436,5,1
hermes_uni_closed,ug-140-130,141.5,1.42857,0.898632,0.909801,4,1
hermes_uni_closed,ug-140-130,142,1.42857,0.823845,0.828515,4,1
hermes_uni_closed,ug-140-130,142.5,2.14286,0.862757,0.865464,6,1
hermes_uni_closed,ug-140-130,143,2.14286,0.853562,0.857983,6,1
hermes_uni_closed,ug-140-130,143.5,2.5,0.857392,0.859113,7,1
hermes_uni_closed,ug-140-130,144,2.5,0.845378,0.847535,7,1
hermes_uni_closed,ug-140-130,144.5,2.5,0.799354,0.804992,7,1
hermes_uni_closed,ug-140-130,145,1.78571,0.7814,0.785095,5,1
hermes_uni_closed,ug-140-130,145.5,1.42857,0.781599,0.783717,4,1
hermes_uni_closed,ug-140-130,146,1.07143,0.745702,0.749138,3,1
hermes_uni_closed,ug-140-130,146.5,1.07143,0.728245,0.728634,3,1
hermes_uni_closed,ug-140-130,147,0.714286,0.797665,0.803908,2,1
hermes_uni_closed,ug-140-130,147.5,1.07143,0.784431,0.787064,3,1
hermes_uni_closed,ug-140-130,148,1.42857,0.795746,0.797896,4,1
hermes_uni_closed,ug-140-130,148.5,1.42857,0.781051,0.784753,4,1
hermes_uni_closed,ug-140-130,149,2.14286,0.80675,0.808825,6,1
hermes_uni_closed,ug-140-130,149.5,1.78571,0.825638,0.828262,5,1
hermes_uni_closed,ug-140-130,150,2.14286,0.823925,0.82569,6,1
hermes_uni_closed,ug-140-130,150.5,1.78571,0.779797,0.782416,5,1
hermes_uni_closed,ug-140-130,151,1.78571,0.768298,0.769686,5,1
hermes_uni_closed,ug-140-130,151.5,2.14286,0.803084,0.806833,6,1
hermes_uni_closed,ug-140-130,152,2.14286,0.82063,0.822743,6,1
hermes_uni_closed,ug-140-130,152.5,1.42857,0.805648,0.807818,4,1
hermes_uni_closed,ug-140-130,153,1.42857,0.841558,0.843557,4,1
hermes_uni_closed,ug-140-130,153.5,1.07143,0.842667,0.842887,3,1
hermes_uni_closed,ug-140-130,154,1.07143,0.82917,0.834865,3,1
hermes_uni_closed,ug-140-130,154.5,1.42857,0.783091,0.783627,4,1
hermes_uni_closed,ug-140-130,155,1.78571,0.740342,0.741424,5,1
hermes_uni_closed,ug-140-130,155.5,1.78571,0.751321,0.755362,5,1
hermes_uni_closed,ug-140-130,156,1.78571,0.775422,0.778065,5,1
hermes_uni_closed,ug-140-130,156.5,1.78571,0.722581,0.723875,5,1
hermes_uni_closed,ug-140-130,157,2.14286,0.743168,0.744814,6,1
hermes_uni_closed,ug-140-130,157.5,1.42857,0.743087,0.74667,4,1
hermes_uni_closed,ug-140-130,158,1.42857,0.695135,0.702831,4,1
hermes_uni_closed,ug-140-130,158.5,1.42857,0.693982,0.6964,4,1
hermes_uni_closed,ug-140-130,159,1.42857,0.70001,0.703648,4,1
hermes_uni_closed,ug-140-130,159.5,1.42857,0.780319,0.790393,4,1
hermes_uni_closed,ug-140-130,160,1.07143,0.784561,0.790024,3,0
hermes_uni_closed,ug-140-130,160.5,1.78571,0.783742,0.786403,5,0
hermes_uni_closed,ug-140-130,161,1.78571,0.759106,0.761889,5,0
hermes_uni_closed,ug-140-130,161.5,1.78571,0.805459,0.807226,5,0
hermes_uni_closed,ug-140-130,162,2.14286,0.78341,0.788527,6,0
hermes_uni_closed,ug-140-130,162.5,1.78571,0.745226,0.747402,5,0
hermes_uni_closed,ug-140-130,163,1.78571,0.731142,0.737739,5,0
hermes_uni_closed,ug-140-130,163.5,1.78571,0.71194,0.718359,5,0
hermes_uni_closed,ug-140-130,164,1.42857,0.733527,0.737371,4,0
hermes_uni_closed,ug-140-130,164.5,1.78571,0.718953,0.724241,5,0
hermes_uni_closed,ug-140-130,165,1.78571,0.741696,0.745373,5,0
hermes_uni_closed,ug-140-130,165.5,1.78571,0.72798,0.73151,5,0
hermes_uni_closed,ug-140-130,166,1.78571,0.711168,0.71435,5,0
hermes_uni_closed,ug-140-130,166.5,2.14286,0.72298,0.724896,6,0
hermes_uni_closed,ug-140-130,167,2.85714,0.706855,0.711444,8,0
hermes_uni_closed,ug-140-130,167.5,2.14286,0.701854,0.704862,6,0
hermes_uni_closed,ug-140-130,168,2.14286,0.715884,0.719346,6,0
hermes_uni_closed,ug-140-130,168.5,2.14286,0.73226,0.734631,6,0
hermes_uni_closed,ug-140-130,169,1.78571,0.713747,0.716324,5,0
hermes_uni_closed,ug-140-130,169.5,1.78571,0.722118,0.726289,5,0
hermes_uni_closed,ug-140-130,170,1.78571,0.699829,0.706548,5,0
hermes_uni_closed,ug-140-130,170.5,1.78571,0.639847,0.647152,5,0
hermes_uni_closed,ug-140-130,171,1.78571,0.63951,0.652492,5,0
hermes_uni_closed,ug-140-130,171.5,1.07143,0.639776,0.640886,3,0
hermes_uni_closed,ug-140-130,172,1.78571,0.680838,0.685677,5,0
hermes_uni_closed,ug-140-130,172.5,1.78571,0.707458,0.714973,5,0
hermes_uni_closed,ug-140-130,173,1.42857,0.726466,0.732564,4,0
hermes_uni_closed,ug-140-130,173.5,1.07143,0.704052,0.708899,3,0
hermes_uni_closed,ug-140-130,174,1.78571,0.736902,0.742142,5,0
hermes_uni_closed,ug-140-130,174.5,1.78571,0.845547,0.849012,5,0
hermes_uni_closed,ug-140-130,175,1.07143,0.808387,0.811328,3,0
hermes_uni_closed,ug-140-130,175.5,0.714286,0.851782,0.855224,2,0
hermes_uni_closed,ug-140-130,176,1.07143,0.881079,0.884965,3,0
hermes_uni_closed,ug-140-130,176.5,0.357143,0.824654,0.825643,1,0
hermes_uni_closed,ug-140-130,177,0.357143,0.91191,0.923738,1,0
hermes_uni_closed,ug-140-130,177.5,0.357143,0.947431,0.957697,1,0
hermes_uni_closed,ug-180-015,0.5,0.555556,0.0118132,0.0142427,2,0
hermes_uni_closed,ug-180-015,1,0.555556,0.00847095,0.00869502,2,0
hermes_uni_closed,ug-180-015,1.5,0.555556,0.00783475,0.00796005,2,0
hermes_uni_closed,ug-180-015,2,0.555556,0.00983585,0.010459,2,0
hermes_uni_closed,ug-180-015,2.5,0.555556,0.00698405,0.0136634,2,0
hermes_uni_closed,ug-180-015,3,0.555556,0.0093644,0.0222737,2,0
hermes_uni_closed,ug-180-015,3.5,0.555556,0.0741645,0.0788871,2,0
hermes_uni_closed,ug-180-015,4,0.555556,0.273889,0.324471,2,0
hermes_uni_closed,ug-180-015,4.5,0.555556,0.459941,0.466963,2,0
hermes_uni_closed,ug-180-015,5,0.555556,0.515516,0.544903,2,0
hermes_uni_closed,ug-180-015,5.5,0.555556,0.585776,0.590791,2,0
hermes_uni_closed,ug-180-015,9.5,0.277778,1.09811,1.09973,1,0
hermes_uni_closed,ug-180-015,10,0.277778,1.11179,1.11246,1,0
hermes_uni_closed,ug-180-015,10.5,0.277778,1.12922,1.12925,1,1
hermes_uni_closed,ug-180-015,11.5,0.277778,1.11251,1.11309,1,1
hermes_uni_closed,ug-180-015,12,0.277778,1.10024,1.101,1,1
hermes_uni_closed,ug-180-015,12.5,0.277778,1.11672,1.1168,1,1
hermes_uni_closed,ug-180-015,13,0.277778,1.13656,1.14118,1,1
hermes_uni_closed,ug-180-015,13.5,0.277778,1.11505,1.1151,1,1
hermes_uni_closed,ug-180-015,14,0.277778,1.16057,1.16093,1,1
hermes_uni_closed,ug-180-015,14.5,0.555556,1.17344,1.17769,2,1
hermes_uni_closed,ug-180-015,15,0.277778,1.17106,1.17117,1,1
hermes_uni_closed,ug-180-015,15.5,0.277778,1.13224,1.13228,1,1
hermes_uni_closed,ug-180-015,16,0.277778,1.14101,1.1432,1,1
hermes_uni_closed,ug-180-015,16.5,0.277778,1.22648,1.22822,1,1
hermes_uni_closed,ug-180-015,17,0.277778,1.20812,1.20828,1,1
hermes_uni_closed,ug-180-015,17.5,0.277778,1.20346,1.20371,1,1
hermes_uni_closed,ug-180-015,18,0.555556,1.18425,1.18435,2,1
hermes_uni_closed,ug-180-015,18.5,0.277778,1.11139,1.11145,1,1
hermes_uni_closed,ug-180-015,19,0.555556,1.18939,1.18955,2,1
hermes_uni_closed,ug-180-015,19.5,0.277778,1.16479,1.1648,1,1
hermes_uni_closed,ug-180-015,20,0.555556,1.18503,1.18816,2,1
hermes_uni_closed,ug-180-015,20.5,0.277778,1.14092,1.1417,1,1
hermes_uni_closed,ug-180-015,21,0.277778,1.17835,1.18165,1,1
hermes_uni_closed,ug-180-015,21.5,0.555556,1.19116,1.19149,2,1
hermes_uni_closed,ug-180-015,22,0.277778,1.15429,1.15584,1,1
hermes_uni_closed,ug-180-015,22.5,0.555556,1.20304,1.20347,2,1
hermes_uni_closed,ug-180-015,23,0.277778,1.19569,1.19607,1,1
hermes_uni_closed,ug-180-015,23.5,0.277778,1.21872,1.21881,1,1
hermes_uni_closed,ug-180-015,24,0.277778,1.22516,1.2252,1,1
hermes_uni_closed,ug-180-015,25,0.277778,1.08793,1.10063,1,1
hermes_uni_closed,ug-180-015,25.5,0.277778,1.11193,1.11226,1,1
hermes_uni_closed,ug-180-015,26,0.277778,1.14415,1.14416,1,1
hermes_uni_closed,ug-180-015,29,0.555556,1.2022,1.20418,2,1
hermes_uni_closed,ug-180-015,29.5,0.555556,1.20103,1.20237,2,1
hermes_uni_closed,ug-180-015,30,0.555556,1.17525,1.17846,2,1
hermes_uni_closed,ug-180-015,30.5,0.555556,1.17409,1.17476,2,1
hermes_uni_closed,ug-180-015,32.5,0.555556,1.08353,1.08366,2,1
hermes_uni_closed,ug-180-015,33,0.555556,1.05292,1.05534,2,1
hermes_uni_closed,ug-180-015,33.5,0.555556,1.03894,1.03949,2,1
hermes_uni_closed,ug-180-015,34,0.277778,1.02478,1.02682,1,1
hermes_uni_closed,ug-180-015,35.5,0.277778,1.12674,1.12724,1,1
hermes_uni_closed,ug-180-015,36,0.277778,1.08656,1.08826,1,1
hermes_uni_closed,ug-180-015,36.5,0.277778,1.10071,1.10076,1,1
hermes_uni_closed,ug-180-015,37,0.277778,1.12521,1.12873,1,1
hermes_uni_closed,ug-180-015,37.5,0.277778,1.17841,1.17863,1,1
hermes_uni_closed,ug-180-015,38,0.277778,1.17171,1.17182,1,1
hermes_uni_closed,ug-180-015,38.5,0.277778,1.19395,1.19418,1,1
hermes_uni_closed,ug-180-015,39,0.277778,1.26403,1.26528,1,1
hermes_uni_closed,ug-180-015,39.5,0.277778,1.23057,1.2311,1,1
hermes_uni_closed,ug-180-015,40,0.277778,1.18497,1.18645,1,1
hermes_uni_closed,ug-180-015,40.5,0.555556,1.22264,1.22355,2,1
hermes_uni_closed,ug-180-015,41,0.277778,1.2363,1.23727,1,1
hermes_uni_closed,ug-180-015,41.5,0.277778,1.20378,1.20378,1,1
hermes_uni_closed,ug-180-015,42,0.555556,1.20249,1.20296,2,1
hermes_uni_closed,ug-180-015,42.5,0.277778,1.17851,1.18051,1,1
hermes_uni_closed,ug-180-015,43,0.555556,1.16913,1.16983,2,1
hermes_uni_closed,ug-180-015,43.5,0.277778,1.17228,1.17254,1,1
hermes_uni_closed,ug-180-015,44,0.555556,1.18425,1.18563,2,1
hermes_uni_closed,ug-180-015,44.5,0.277778,1.19098,1.19873,1,1
hermes_uni_closed,ug-180-015,45,0.555556,1.206,1.20717,2,1
hermes_uni_closed,ug-180-015,45.5,0.555556,1.21716,1.22146,2,1
hermes_uni_closed,ug-180-015,46,0.277778,1.23975,1.24002,1,1
hermes_uni_closed,ug-180-015,46.5,0.555556,1.20974,1.20996,2,1
hermes_uni_closed,ug-180-015,47,0.277778,1.23868,1.24019,1,1
hermes_uni_closed,ug-180-015,47.5,0.277778,1.29094,1.29169,1,1
hermes_uni_closed,ug-180-015,48,0.277778,1.18572,1.18573,1,1
hermes_uni_closed,ug-180-015,48.5,0.277778,1.19514,1.19514,1,1
hermes_uni_closed,ug-180-015,49,0.277778,1.2309,1.23223,1,1
hermes_uni_closed,ug-180-015,51,0.277778,1.22733,1.22789,1,1
hermes_uni_closed,ug-180-015,51.5,0.277778,1.23874,1.23883,1,1
hermes_uni_closed,ug-180-015,52,0.277778,1.23463,1.23465,1,1
hermes_uni_closed,ug-180-015,55.5,0.277778,1.09204,1.09334,1,1
hermes_uni_closed,ug-180-015,56,0.555556,1.00905,1.00962,2,1
hermes_uni_closed,ug-180-015,56.5,0.555556,1.01137,1.01204,2,1
hermes_uni_closed,ug-180-015,57,0.555556,1.03523,1.03689,2,1
hermes_uni_closed,ug-180-015,60,0.555556,1.03045,1.03637,2,1
hermes_uni_closed,ug-180-015,60.5,0.555556,1.04015,1.04033,2,1
hermes_uni_closed,ug-180-015,61,0.555556,1.06424,1.06468,2,1
hermes_uni_closed,ug-180-015,61.5,0.277778,1.0164,1.01644,1,1
hermes_uni_closed,ug-180-015,62.5,0.277778,1.02687,1.02831,1,1
hermes_uni_closed,ug-180-015,63,0.277778,1.00398,1.01533,1,1
hermes_uni_closed,ug-180-015,63.5,0.277778,1.01207,1.01455,1,1
hermes_uni_closed,ug-180-015,64,0.555556,1.06666,1.06728,2,1
hermes_uni_closed,ug-180-015,64.5,0.277778,1.04682,1.04686,1,1
hermes_uni_closed,ug-180-015,65,0.277778,1.01603,1.02647,1,1
hermes_uni_closed,ug-180-015,65.5,0.555556,1.10754,1.11201,2,1
hermes_uni_closed,ug-180-015,66,0.277778,1.14877,1.14904,1,1
hermes_uni_closed,ug-180-015,66.5,0.277778,1.11915,1.11921,1,1
hermes_uni_closed,ug-180-015,67,0.555556,1.15828,1.15849,2,1
hermes_uni_closed,ug-180-015,67.5,0.277778,1.1687,1.16964,1,1
hermes_uni_closed,ug-180-015,68,0.555556,1.1265,1.12776,2,1
hermes_uni_closed,ug-180-015,68.5,0.277778,1.14148,1.14198,1,1
hermes_uni_closed,ug-180-015,69,0.277778,1.12673,1.12718,1,1
hermes_uni_closed,ug-180-015,69.5,0.555556,1.11,1.1118,2,1
hermes_uni_closed,ug-180-015,70,0.277778,1.07229,1.0783,1,1
hermes_uni_closed,ug-180-015,70.5,0.555556,1.10543,1.10717,2,1
hermes_uni_closed,ug-180-015,71,0.277778,1.16616,1.16712,1,1
hermes_uni_closed,ug-180-015,71.5,0.555556,1.11538,1.11592,2,1
hermes_uni_closed,ug-180-015,72,0.555556,1.08893,1.08928,2,1
hermes_uni_closed,ug-180-015,72.5,0.555556,1.08542,1.08612,2,1
hermes_uni_closed,ug-180-015,73,0.555556,1.08083,1.08242,2,1
hermes_uni_closed,ug-180-015,73.5,0.277778,1.09365,1.09365,1,1
hermes_uni_closed,ug-180-015,74,0.555556,1.05259,1.05284,2,1
hermes_uni_closed,ug-180-015,74.5,0.277778,1.04198,1.04234,1,1
hermes_uni_closed,ug-180-015,75,0.277778,1.03747,1.0377,1,1
hermes_uni_closed,ug-180-015,76,0.277778,1.11642,1.11712,1,1
hermes_uni_closed,ug-180-015,76.5,0.277778,1.07458,1.07605,1,1
hermes_uni_closed,ug-180-015,77,0.277778,1.00584,1.00599,1,1
hermes_uni_closed,ug-180-015,77.5,0.277778,0.957344,0.958885,1,1
hermes_uni_closed,ug-180-015,82.5,0.555556,1.10707,1.10936,2,1
hermes_uni_closed,ug-180-015,83,0.555556,1.07761,1.0802,2,1
hermes_uni_closed,ug-180-015,83.5,0.555556,1.09333,1.09364,2,1
hermes_uni_closed,ug-180-015,84,0.277778,1.08517,1.08532,1,1
hermes_uni_closed,ug-180-015,86,0.555556,1.12408,1.12421,2,1
hermes_uni_closed,ug-180-015,86.5,0.555556,1.0979,1.10089,2,1
hermes_uni_closed,ug-180-015,87,0.555556,1.06174,1.06351,2,1
hermes_uni_closed,ug-180-015,87.5,0.555556,1.06167,1.06316,2,1
hermes_uni_closed,ug-180-015,89,0.277778,1.23352,1.23886,1,0
hermes_uni_closed,ug-180-015,89.5,0.277778,1.21381,1.22058,1,0
hermes_uni_closed,ug-180-015,90,0.277778,1.2433,1.24338,1,0
hermes_uni_closed,ug-180-015,90.5,0.277778,1.2872,1.28721,1,0
hermes_uni_closed,ug-180-015,91.5,0.277778,1.13765,1.13775,1,0
hermes_uni_closed,ug-180-015,92,0.277778,1.15049,1.15233,1,0
hermes_uni_closed,ug-180-015,92.5,0.277778,1.18349,1.18352,1,0
hermes_uni_closed,ug-180-015,93,0.277778,1.22984,1.23011,1,0
hermes_uni_closed,ug-180-015,93.5,0.277778,1.21372,1.21548,1,0
hermes_uni_closed,ug-180-015,94,0.277778,1.1785,1.1789,1,0
hermes_uni_closed,ug-180-015,94.5,0.277778,1.22206,1.22222,1,0
hermes_uni_closed,ug-180-015,95,0.277778,1.24684,1.24875,1,0
hermes_uni_closed,ug-180-015,95.5,0.555556,1.25033,1.25138,2,0
hermes_uni_closed,ug-180-015,96,0.277778,1.2291,1.23239,1,0
hermes_uni_closed,ug-180-015,96.5,0.555556,1.2106,1.2118,2,0
hermes_uni_closed,ug-180-015,97,0.277778,1.20259,1.20265,1,0
hermes_uni_closed,ug-180-015,97.5,0.555556,1.23727,1.23745,2,0
hermes_uni_closed,ug-180-015,98,0.277778,1.21938,1.22282,1,0
hermes_uni_closed,ug-180-015,98.5,0.277778,1.26688,1.26743,1,0
hermes_uni_closed,ug-180-030,-0.188,0.555556,0.0183615,0.0208717,2,0
hermes_uni_closed,ug-180-030,0.312,0.555556,0.00978,0.0120683,2,0
hermes_uni_closed,ug-180-030,0.812,0.833333,-0.000609,0.0198743,3,0
hermes_uni_closed,ug-180-030,1.312,0.833333,0.000736667,0.0323377,3,0
hermes_uni_closed,ug-180-030,1.812,0.833333,-0.006114,0.0387501,3,0
hermes_uni_closed,ug-180-030,2.312,0.833333,-0.00936733,0.0350454,3,0
hermes_uni_closed,ug-180-030,2.812,0.833333,0.0146493,0.0407743,3,0
hermes_uni_closed,ug-180-030,3.312,0.833333,0.108457,0.126621,3,0
hermes_uni_closed,ug-180-030,3.812,0.833333,0.359589,0.368924,3,0
hermes_uni_closed,ug-180-030,4.312,0.555556,0.595118,0.612534,2,0
hermes_uni_closed,ug-180-030,4.812,0.555556,0.825275,0.826111,2,0
hermes_uni_closed,ug-180-030,5.312,0.555556,0.989146,0.993377,2,0
hermes_uni_closed,ug-180-030,5.812,0.555556,1.11269,1.11415,2,0
hermes_uni_closed,ug-180-030,6.312,0.277778,1.20289,1.21175,1,0
hermes_uni_closed,ug-180-030,6.812,0.277778,1.2126,1.22117,1,0
hermes_uni_closed,ug-180-030,7.312,0.555556,1.28706,1.28987,2,0
hermes_uni_closed,ug-180-030,7.812,0.277778,1.32964,1.32979,1,0
hermes_uni_closed,ug-180-030,8.312,0.277778,1.27799,1.27816,1,0
hermes_uni_closed,ug-180-030,9.812,0.277778,1.19989,1.20394,1,1
hermes_uni_closed,ug-180-030,10.312,0.555556,1.19345,1.19819,2,1
hermes_uni_closed,ug-180-030,10.812,0.555556,1.1591,1.16465,2,1
hermes_uni_closed,ug-180-030,11.312,0.555556,1.14413,1.1464,2,1
hermes_uni_closed,ug-180-030,11.812,0.555556,1.1483,1.14852,2,1
hermes_uni_closed,ug-180-030,12.312,0.277778,1.11091,1.1117,1,1
hermes_uni_closed,ug-180-030,12.812,0.555556,1.10913,1.11046,2,1
hermes_uni_closed,ug-180-030,13.312,0.277778,1.10881,1.10967,1,1
hermes_uni_closed,ug-180-030,13.812,0.555556,1.10814,1.10955,2,1
hermes_uni_closed,ug-180-030,14.312,0.277778,1.05889,1.05904,1,1
hermes_uni_closed,ug-180-030,14.812,0.277778,1.01894,1.02049,1,1
hermes_uni_closed,ug-180-030,15.312,0.833333,1.05046,1.05094,3,1
hermes_uni_closed,ug-180-030,15.812,0.555556,1.08275,1.08296,2,1
hermes_uni_closed,ug-180-030,16.312,0.555556,1.09852,1.09864,2,1
hermes_uni_closed,ug-180-030,16.812,0.555556,1.06739,1.06754,2,1
hermes_uni_closed,ug-180-030,17.312,0.555556,1.09926,1.10168,2,1
hermes_uni_closed,ug-180-030,17.812,0.555556,1.09405,1.09535,2,1
hermes_uni_closed,ug-180-030,18.312,0.555556,1.14431,1.14531,2,1
hermes_uni_closed,ug-180-030,18.812,0.833333,1.11886,1.12034,3,1
hermes_uni_closed,ug-180-030,19.312,0.555556,1.14314,1.14384,2,1
hermes_uni_closed,ug-180-030,19.812,0.555556,1.14612,1.1501,2,1
hermes_uni_closed,ug-180-030,20.312,0.555556,1.16071,1.16108,2,1
hermes_uni_closed,ug-180-030,21.312,0.277778,1.2634,1.26619,1,1
hermes_uni_closed,ug-180-030,21.812,0.277778,1.27608,1.27609,1,1
hermes_uni_closed,ug-180-030,22.312,0.555556,1.20323,1.20353,2,1
hermes_uni_closed,ug-180-030,22.812,0.277778,1.12064,1.12365,1,1
hermes_uni_closed,ug-180-030,23.312,0.277778,1.08435,1.08528,1,1
hermes_uni_closed,ug-180-030,23.812,0.833333,1.11601,1.11776,3,1
hermes_uni_closed,ug-180-030,24.312,0.555556,1.15238,1.15361,2,1
hermes_uni_closed,ug-180-030,24.812,0.555556,1.15709,1.15761,2,1
hermes_uni_closed,ug-180-030,25.312,0.277778,1.12048,1.12083,1,1
hermes_uni_closed,ug-180-030,25.812,0.277778,1.04577,1.0458,1,1
hermes_uni_closed,ug-180-030,26.312,0.555556,1.03727,1.03739,2,1
hermes_uni_closed,ug-180-030,26.812,0.833333,1.02869,1.0298,3,1
hermes_uni_closed,ug-180-030,27.312,0.833333,1.00991,1.01043,3,1
hermes_uni_closed,ug-180-030,27.812,0.555556,1.02216,1.02299,2,1
hermes_uni_closed,ug-180-030,28.312,0.277778,1.02614,1.02669,1,1
hermes_uni_closed,ug-180-030,29.812,0.555556,0.985887,0.986568,2,1
hermes_uni_closed,ug-180-030,30.312,0.555556,0.988272,0.988953,2,1
hermes_uni_closed,ug-180-030,30.812,0.555556,1.03001,1.03107,2,1
hermes_uni_closed,ug-180-030,31.312,0.833333,1.00459,1.01086,3,1
hermes_uni_closed,ug-180-030,31.812,0.277778,0.981935,0.985713,1,1
hermes_uni_closed,ug-180-030,32.312,0.555556,1.00636,1.00847,2,1
hermes_uni_closed,ug-180-030,32.812,0.833333,1.02699,1.02815,3,1
hermes_uni_closed,ug-180-030,33.312,0.555556,1.0151,1.01556,2,1
hermes_uni_closed,ug-180-030,33.812,0.555556,0.979083,0.979519,2,1
hermes_uni_closed,ug-180-030,34.312,0.555556,0.969608,0.971048,2,1
hermes_uni_closed,ug-180-030,34.812,0.277778,0.946087,0.946102,1,1
hermes_uni_closed,ug-180-030,35.312,0.833333,0.957741,0.958142,3,1
hermes_uni_closed,ug-180-030,35.812,0.833333,0.976722,0.977321,3,1
hermes_uni_closed,ug-180-030,36.312,0.833333,0.962895,0.96576,3,1
hermes_uni_closed,ug-180-030,36.812,1.11111,0.953225,0.954093,4,1
hermes_uni_closed,ug-180-030,37.312,0.555556,0.969307,0.969724,2,1
hermes_uni_closed,ug-180-030,37.812,0.833333,1.01632,1.01671,3,1
hermes_uni_closed,ug-180-030,38.312,0.833333,1.03124,1.03284,3,1
hermes_uni_closed,ug-180-030,38.812,0.555556,1.06196,1.06199,2,1
hermes_uni_closed,ug-180-030,39.312,0.555556,1.05501,1.05531,2,1
hermes_uni_closed,ug-180-030,39.812,0.555556,0.990435,0.994869,2,1
hermes_uni_closed,ug-180-030,40.312,0.277778,0.902792,0.904927,1,1
hermes_uni_closed,ug-180-030,40.812,0.555556,1.03549,1.04143,2,1
hermes_uni_closed,ug-180-030,41.312,0.833333,1.03282,1.03408,3,1
hermes_uni_closed,ug-180-030,41.812,0.555556,1.01896,1.02065,2,1
hermes_uni_closed,ug-180-030,42.312,0.555556,0.965255,0.968778,2,1
hermes_uni_closed,ug-180-030,42.812,0.277778,0.966899,0.973192,1,1
hermes_uni_closed,ug-180-030,43.312,0.277778,1.02623,1.02636,1,1
hermes_uni_closed,ug-180-030,43.812,0.277778,0.976044,0.976569,1,1
hermes_uni_closed,ug-180-030,44.312,0.277778,0.977449,0.979904,1,1
hermes_uni_closed,ug-180-030,44.812,0.555556,1.00487,1.00575,2,1
hermes_uni_closed,ug-180-030,45.312,0.277778,1.00311,1.00315,1,1
hermes_uni_closed,ug-180-030,45.812,0.277778,1.02046,1.02064,1,1
hermes_uni_closed,ug-180-030,46.312,0.833333,1.01793,1.01911,3,1
hermes_uni_closed,ug-180-030,46.812,0.555556,1.02932,1.02992,2,1
hermes_uni_closed,ug-180-030,47.312,0.555556,0.973009,0.974084,2,1
hermes_uni_closed,ug-180-030,47.812,0.833333,0.977035,0.979537,3,1
hermes_uni_closed,ug-180-030,48.312,0.555556,0.99343,0.994311,2,1
hermes_uni_closed,ug-180-030,48.812,0.555556,1.03123,1.03383,2,1
hermes_uni_closed,ug-180-030,49.312,1.11111,0.999803,1.00046,4,1
hermes_uni_closed,ug-180-030,49.812,0.833333,0.953913,0.956556,3,1
hermes_uni_closed,ug-180-030,50.312,0.555556,0.974212,0.977001,2,1
hermes_uni_closed,ug-180-030,50.812,0.833333,0.980704,0.982722,3,1
hermes_uni_closed,ug-180-030,51.312,0.833333,0.965039,0.965795,3,1
hermes_uni_closed,ug-180-030,51.812,0.555556,1.00173,1.00237,2,1
hermes_uni_closed,ug-180-030,52.312,1.11111,1.01977,1.02159,4,1
hermes_uni_closed,ug-180-030,52.812,0.833333,1.00843,1.01047,3,1
hermes_uni_closed,ug-180-030,53.312,0.555556,1.05378,1.05609,2,1
hermes_uni_closed,ug-180-030,53.812,0.555556,1.04685,1.0489,2,1
hermes_uni_closed,ug-180-030,54.312,0.555556,0.900089,0.900355,2,1
hermes_uni_closed,ug-180-030,54.812,0.555556,0.925518,0.92591,2,1
hermes_uni_closed,ug-180-030,55.312,0.833333,0.960812,0.962653,3,1
hermes_uni_closed,ug-180-030,55.812,0.833333,0.973431,0.975668,3,1
hermes_uni_closed,ug-180-030,56.312,0.277778,0.973347,0.973347,1,1
hermes_uni_closed,ug-180-030,56.812,0.277778,1.01144,1.01182,1,1
hermes_uni_closed,ug-180-030,57.812,0.277778,1.0325,1.03254,1,1
hermes_uni_closed,ug-180-030,58.312,0.555556,1.00771,1.01028,2,1
hermes_uni_closed,ug-180-030,58.812,0.555556,1.02563,1.02574,2,1
hermes_uni_closed,ug-180-030,59.312,0.833333,1.0219,1.02456,3,1
hermes_uni_closed,ug-180-030,59.812,0.555556,1.0054,1.00549,2,1
hermes_uni_closed,ug-180-030,60.312,0.555556,1.04819,1.0495,2,1
hermes_uni_closed,ug-180-030,60.812,0.555556,1.02915,1.0293,2,1
hermes_uni_closed,ug-180-030,61.312,0.277778,1.00791,1.01156,1,1
hermes_uni_closed,ug-180-030,61.812,0.555556,1.09696,1.0996,2,1
hermes_uni_closed,ug-180-030,62.312,0.555556,1.0539,1.0574,2,1
hermes_uni_closed,ug-180-030,62.812,0.555556,1.01939,1.02138,2,1
hermes_uni_closed,ug-180-030,63.312,0.833333,1.00804,1.00837,3,1
hermes_uni_closed,ug-180-030,63.812,0.833333,0.967937,0.969458,3,1
hermes_uni_closed,ug-180-030,64.312,0.555556,0.943276,0.943401,2,1
hermes_uni_closed,ug-180-030,64.812,1.11111,0.961394,0.96232,4,1
hermes_uni_closed,ug-180-030,65.312,0.833333,0.940312,0.941279,3,1
hermes_uni_closed,ug-180-030,65.812,0.833333,0.963761,0.964256,3,1
hermes_uni_closed,ug-180-030,66.312,1.11111,0.908397,0.910115,4,1
hermes_uni_closed,ug-180-030,66.812,0.555556,0.92935,0.934004,2,1
hermes_uni_closed,ug-180-030,67.312,0.555556,0.932176,0.935623,2,1
hermes_uni_closed,ug-180-030,67.812,0.555556,0.939957,0.940148,2,1
hermes_uni_closed,ug-180-030,68.312,0.277778,0.901186,0.902594,1,1
hermes_uni_closed,ug-180-030,68.812,0.555556,0.96981,0.970199,2,1
hermes_uni_closed,ug-180-030,69.312,0.555556,0.986914,0.987646,2,1
hermes_uni_closed,ug-180-030,69.812,0.555556,0.998051,0.998709,2,1
hermes_uni_closed,ug-180-030,70.312,0.555556,0.991088,0.996988,2,1
hermes_uni_closed,ug-180-030,70.812,0.277778,1.02678,1.03325,1,1
hermes_uni_closed,ug-180-030,71.312,0.555556,1.04889,1.05467,2,1
hermes_uni_closed,ug-180-030,71.812,0.277778,1.04682,1.04831,1,1
hermes_uni_closed,ug-180-030,72.312,0.277778,1.02708,1.03106,1,1
hermes_uni_closed,ug-180-030,72.812,0.277778,1.03834,1.03898,1,1
hermes_uni_closed,ug-180-030,73.312,0.277778,1.04853,1.04947,1,1
hermes_uni_closed,ug-180-030,73.812,0.277778,1.01248,1.0157,1,1
hermes_uni_closed,ug-180-030,74.312,0.833333,1.0363,1.0401,3,1
hermes_uni_closed,ug-180-030,74.812,0.833333,1.04546,1.04805,3,1
hermes_uni_closed,ug-180-030,75.312,0.555556,1.04092,1.04159,2,1
hermes_uni_closed,ug-180-030,75.812,0.555556,1.06578,1.06619,2,1
hermes_uni_closed,ug-180-030,76.312,0.277778,1.02582,1.02657,1,1
hermes_uni_closed,ug-180-030,76.812,0.555556,1.04762,1.04904,2,1
hermes_uni_closed,ug-180-030,77.312,0.555556,1.04526,1.05137,2,1
hermes_uni_closed,ug-180-030,77.812,1.11111,1.01672,1.01981,4,1
hermes_uni_closed,ug-180-030,78.312,0.833333,1.00566,1.00631,3,1
hermes_uni_closed,ug-180-030,78.812,0.555556,0.995032,0.997524,2,1
hermes_uni_closed,ug-180-030,79.312,0.833333,1.02514,1.02543,3,1
hermes_uni_closed,ug-180-030,79.812,0.555556,0.989021,0.989906,2,1
hermes_uni_closed,ug-180-030,80.312,0.555556,0.98164,0.982736,2,1
hermes_uni_closed,ug-180-030,80.812,1.11111,0.967693,0.9685,4,1
hermes_uni_closed,ug-180-030,81.312,0.833333,0.932463,0.933033,3,0
hermes_uni_closed,ug-180-030,81.812,0.555556,0.950816,0.952379,2,0
hermes_uni_closed,ug-180-030,82.312,0.555556,0.955811,0.958587,2,0
hermes_uni_closed,ug-180-030,82.812,0.277778,0.934243,0.934601,1,0
hermes_uni_closed,ug-180-030,83.312,0.555556,1.06993,1.07208,2,0
hermes_uni_closed,ug-180-030,83.812,0.833333,1.06323,1.0636,3,0
hermes_uni_closed,ug-180-030,84.312,0.833333,1.04353,1.04383,3,0
hermes_uni_closed,ug-180-030,84.812,0.277778,1.01948,1.01984,1,0
hermes_uni_closed,ug-180-030,85.312,0.277778,1.04844,1.04989,1,0
hermes_uni_closed,ug-180-030,86.312,0.277778,1.15341,1.15348,1,0
hermes_uni_closed,ug-180-030,86.812,0.555556,1.16162,1.16171,2,0
hermes_uni_closed,ug-180-030,87.312,0.833333,1.16274,1.16374,3,0
hermes_uni_closed,ug-180-030,87.812,0.833333,1.16592,1.16679,3,0
hermes_uni_closed,ug-180-030,88.312,0.277778,1.13716,1.13717,1,0
hermes_uni_closed,ug-180-030,88.812,0.555556,1.10158,1.10272,2,0
hermes_uni_closed,ug-180-030,89.312,0.277778,1.03962,1.03962,1,0
hermes_uni_closed,ug-180-030,89.812,0.277778,1.06699,1.06701,1,0
hermes_uni_closed,ug-180-030,90.312,0.277778,1.10798,1.10883,1,0
hermes_uni_closed,ug-180-060,0.5,1.66667,-0.00173445,0.00775269,6,0
hermes_uni_closed,ug-180-060,1,1.66667,0.00190032,0.00741769,6,0
hermes_uni_closed,ug-180-060,1.5,1.66667,0.00643688,0.0106988,6,0
hermes_uni_closed,ug-180-060,2,1.66667,0.0149956,0.0196573,6,0
hermes_uni_closed,ug-180-060,2.5,1.66667,0.0501826,0.0633033,6,0
hermes_uni_closed,ug-180-060,3,1.94444,0.161271,0.170024,7,0
hermes_uni_closed,ug-180-060,3.5,1.94444,0.354862,0.36304,7,0
hermes_uni_closed,ug-180-060,4,1.66667,0.514944,0.520854,6,0
hermes_uni_closed,ug-180-060,4.5,1.38889,0.570538,0.577821,5,0
hermes_uni_closed,ug-180-060,5,1.94444,0.652508,0.654649,7,0
hermes_uni_closed,ug-180-060,5.5,1.38889,0.68278,0.685565,5,0
hermes_uni_closed,ug-180-060,6,1.94444,0.725282,0.726819,7,0
hermes_uni_closed,ug-180-060,6.5,1.38889,0.719932,0.722368,5,0
hermes_uni_closed,ug-180-060,7,1.38889,0.68613,0.693388,5,0
hermes_uni_closed,ug-180-060,7.5,1.66667,0.657426,0.663839,6,0
hermes_uni_closed,ug-180-060,8,1.11111,0.677356,0.681193,4,0
hermes_uni_closed,ug-180-060,8.5,1.38889,0.686629,0.693294,5,0
hermes_uni_closed,ug-180-060,9,1.11111,0.651058,0.660062,4,0
hermes_uni_closed,ug-180-060,9.5,1.11111,0.626389,0.628966,4,0
hermes_uni_closed,ug-180-060,10,1.38889,0.616115,0.62001,5,0
hermes_uni_closed,ug-180-060,10.5,1.11111,0.600113,0.605966,4,1
hermes_uni_closed,ug-180-060,11,1.11111,0.62347,0.624801,4,1
hermes_uni_closed,ug-180-060,11.5,1.38889,0.649223,0.655687,5,1
hermes_uni_closed,ug-180-060,12,1.11111,0.680114,0.68372,4,1
hermes_uni_closed,ug-180-060,12.5,1.38889,0.653948,0.6623,5,1
hermes_uni_closed,ug-180-060,13,1.11111,0.6132,0.618143,4,1
hermes_uni_closed,ug-180-060,13.5,1.38889,0.615306,0.623444,5,1
hermes_uni_closed,ug-180-060,14,1.38889,0.617049,0.620784,5,1
hermes_uni_closed,ug-180-060,14.5,1.11111,0.618094,0.638513,4,1
hermes_uni_closed,ug-180-060,15,1.38889,0.636011,0.668088,5,1
hermes_uni_closed,ug-180-060,15.5,1.11111,0.633969,0.646874,4,1
hermes_uni_closed,ug-180-060,16,1.38889,0.678732,0.68496,5,1
hermes_uni_closed,ug-180-060,16.5,0.833333,0.680421,0.684383,3,1
hermes_uni_closed,ug-180-060,17,0.833333,0.704747,0.714019,3,1
hermes_uni_closed,ug-180-060,17.5,0.833333,0.650447,0.663723,3,1
hermes_uni_closed,ug-180-060,18,1.38889,0.661613,0.664022,5,1
hermes_uni_closed,ug-180-060,18.5,1.38889,0.691909,0.700329,5,1
hermes_uni_closed,ug-180-060,19,1.11111,0.70884,0.71403,4,1
hermes_uni_closed,ug-180-060,19.5,1.38889,0.743463,0.744226,5,1
hermes_uni_closed,ug-180-060,20,1.38889,0.737145,0.742277,5,1
hermes_uni_closed,ug-180-060,20.5,1.66667,0.75026,0.754736,6,1
hermes_uni_closed,ug-180-060,21,1.66667,0.742796,0.745452,6,1
hermes_uni_closed,ug-180-060,21.5,1.94444,0.758638,0.764758,7,1
hermes_uni_closed,ug-180-060,22,1.38889,0.755788,0.763698,5,1
hermes_uni_closed,ug-180-060,22.5,1.38889,0.724082,0.726343,5,1
hermes_uni_closed,ug-180-060,23,1.94444,0.720354,0.72214,7,1
hermes_uni_closed,ug-180-060,23.5,2.22222,0.734094,0.736788,8,1
hermes_uni_closed,ug-180-060,24,1.66667,0.730769,0.732448,6,1
hermes_uni_closed,ug-180-060,24.5,1.94444,0.766465,0.767468,7,1
hermes_uni_closed,ug-180-060,25,1.66667,0.776616,0.777955,6,1
hermes_uni_closed,ug-180-060,25.5,1.66667,0.809831,0.812159,6,1
hermes_uni_closed,ug-180-060,26,1.11111,0.789676,0.791213,4,1
hermes_uni_closed,ug-180-060,26.5,1.38889,0.78928,0.793033,5,1
hermes_uni_closed,ug-180-060,27,1.11111,0.773553,0.775277,4,1
hermes_uni_closed,ug-180-060,27.5,1.11111,0.749646,0.75107,4,1
hermes_uni_closed,ug-180-060,28,1.11111,0.769573,0.773941,4,1
hermes_uni_closed,ug-180-060,28.5,1.11111,0.783671,0.785339,4,1
hermes_uni_closed,ug-180-060,29,1.38889,0.778465,0.781493,5,1
hermes_uni_closed,ug-180-060,29.5,1.11111,0.774952,0.776904,4,1
hermes_uni_closed,ug-180-060,30,0.833333,0.726782,0.730609,3,1
hermes_uni_closed,ug-180-060,30.5,1.11111,0.716503,0.728605,4,1
hermes_uni_closed,ug-180-060,31,1.11111,0.731047,0.732155,4,1
hermes_uni_closed,ug-180-060,31.5,1.11111,0.730761,0.736839,4,1
hermes_uni_closed,ug-180-060,32,1.11111,0.769641,0.771801,4,1
hermes_uni_closed,ug-180-060,32.5,1.38889,0.794493,0.799715,5,1
hermes_uni_closed,ug-180-060,33,0.833333,0.748966,0.760271,3,1
hermes_uni_closed,ug-180-060,33.5,0.833333,0.743106,0.746998,3,1
hermes_uni_closed,ug-180-060,34,1.11111,0.78796,0.792119,4,1
hermes_uni_closed,ug-180-060,34.5,0.833333,0.734875,0.735901,3,1
hermes_uni_closed,ug-180-060,35,1.11111,0.72186,0.723628,4,1
hermes_uni_closed,ug-180-060,35.5,0.833333,0.736958,0.738283,3,1
hermes_uni_closed,ug-180-060,36,1.11111,0.759708,0.760428,4,1
hermes_uni_closed,ug-180-060,36.5,0.555556,0.778564,0.780728,2,1
hermes_uni_closed,ug-180-060,37,0.555556,0.731372,0.73923,2,1
hermes_uni_closed,ug-180-060,37.5,1.11111,0.746348,0.749378,4,1
hermes_uni_closed,ug-180-060,38,0.833333,0.768229,0.770339,3,1
hermes_uni_closed,ug-180-060,38.5,1.11111,0.777917,0.780326,4,1
hermes_uni_closed,ug-180-060,39,1.11111,0.798841,0.802368,4,1
hermes_uni_closed,ug-180-060,39.5,1.38889,0.786343,0.787345,5,1
hermes_uni_closed,ug-180-060,40,1.11111,0.751331,0.754385,4,1
hermes_uni_closed,ug-180-060,40.5,1.38889,0.778197,0.782557,5,1
hermes_uni_closed,ug-180-060,41,1.11111,0.76667,0.769649,4,1
hermes_uni_closed,ug-180-060,41.5,1.38889,0.777675,0.78154,5,1
hermes_uni_closed,ug-180-060,42,1.66667,0.762513,0.764137,6,1
hermes_uni_closed,ug-180-060,42.5,1.38889,0.71458,0.715523,5,1
hermes_uni_closed,ug-180-060,43,1.11111,0.704519,0.706856,4,1
hermes_uni_closed,ug-180-060,43.5,1.66667,0.721715,0.723206,6,1
hermes_uni_closed,ug-180-060,44,1.11111,0.696564,0.700656,4,1
hermes_uni_closed,ug-180-060,44.5,1.38889,0.703506,0.706688,5,1
hermes_uni_closed,ug-180-060,45,1.11111,0.686231,0.69043,4,1
hermes_uni_closed,ug-180-060,45.5,1.11111,0.679368,0.68736,4,1
hermes_uni_closed,ug-180-060,46,0.555556,0.722802,0.726463,2,1
hermes_uni_closed,ug-180-060,46.5,1.11111,0.711323,0.717862,4,1
hermes_uni_closed,ug-180-060,47,1.11111,0.695537,0.704995,4,1
hermes_uni_closed,ug-180-060,47.5,0.833333,0.685766,0.693962,3,1
hermes_uni_closed,ug-180-060,48,1.11111,0.701472,0.703084,4,1
hermes_uni_closed,ug-180-060,48.5,1.11111,0.706274,0.713745,4,1
hermes_uni_closed,ug-180-060,49,1.38889,0.703992,0.705248,5,1
hermes_uni_closed,ug-180-060,49.5,0.833333,0.739691,0.743525,3,1
hermes_uni_closed,ug-180-060,50,0.833333,0.732007,0.735484,3,1
hermes_uni_closed,ug-180-060,50.5,1.11111,0.668462,0.670642,4,1
hermes_uni_closed,ug-180-060,51,0.833333,0.695478,0.705145,3,1
hermes_uni_closed,ug-180-060,51.5,1.11111,0.745067,0.747971,4,1
hermes_uni_closed,ug-180-060,52,1.11111,0.754628,0.756109,4,1
hermes_uni_closed,ug-180-060,52.5,1.11111,0.771631,0.776154,4,1
hermes_uni_closed,ug-180-060,53,1.66667,0.762895,0.765646,6,1
hermes_uni_closed,ug-180-060,53.5,1.38889,0.776779,0.782642,5,1
hermes_uni_closed,ug-180-060,54,1.11111,0.797233,0.799802,4,1
hermes_uni_closed,ug-180-060,54.5,1.66667,0.771199,0.774164,6,1
hermes_uni_closed,ug-180-060,55,1.66667,0.796696,0.797944,6,1
hermes_uni_closed,ug-180-060,55.5,1.94444,0.780075,0.785553,7,1
hermes_uni_closed,ug-180-060,56,1.66667,0.76164,0.76403,6,1
hermes_uni_closed,ug-180-060,56.5,1.94444,0.79361,0.797532,7,1
hermes_uni_closed,ug-180-060,57,1.66667,0.812642,0.818109,6,1
hermes_uni_closed,ug-180-060,57.5,1.38889,0.793098,0.795807,5,1
hermes_uni_closed,ug-180-060,58,1.38889,0.809381,0.814114,5,1
hermes_uni_closed,ug-180-060,58.5,1.66667,0.84255,0.846104,6,1
hermes_uni_closed,ug-180-060,59,1.38889,0.83856,0.840859,5,1
hermes_uni_closed,ug-180-060,59.5,1.66667,0.854141,0.858953,6,1
hermes_uni_closed,ug-180-060,60,1.38889,0.840452,0.842058,5,1
hermes_uni_closed,ug-180-060,60.5,1.38889,0.829489,0.830768,5,1
hermes_uni_closed,ug-180-060,61,1.66667,0.815263,0.816569,6,1
hermes_uni_closed,ug-180-060,61.5,1.38889,0.800343,0.806775,5,1
hermes_uni_closed,ug-180-060,62,1.66667,0.817156,0.820473,6,1
hermes_uni_closed,ug-180-060,62.5,1.38889,0.804242,0.808409,5,1
hermes_uni_closed,ug-180-060,63,1.11111,0.791669,0.794068,4,1
hermes_uni_closed,ug-180-060,63.5,0.833333,0.826831,0.827663,3,1
hermes_uni_closed,ug-180-060,64,1.11111,0.852962,0.854982,4,1
hermes_uni_closed,ug-180-060,64.5,0.833333,0.824408,0.826692,3,1
hermes_uni_closed,ug-180-060,65,1.11111,0.85017,0.852374,4,1
hermes_uni_closed,ug-180-060,65.5,1.11111,0.824466,0.825217,4,1
hermes_uni_closed,ug-180-060,66,1.11111,0.819581,0.820912,4,1
hermes_uni_closed,ug-180-060,66.5,1.11111,0.797162,0.80063,4,1
hermes_uni_closed,ug-180-060,67,0.833333,0.783147,0.785018,3,1
hermes_uni_closed,ug-180-060,67.5,1.11111,0.813616,0.815449,4,1
hermes_uni_closed,ug-180-060,68,1.11111,0.814969,0.818106,4,1
hermes_uni_closed,ug-180-060,68.5,1.11111,0.807763,0.813324,4,1
hermes_uni_closed,ug-180-060,69,1.11111,0.801336,0.803515,4,1
hermes_uni_closed,ug-180-060,69.5,1.11111,0.812485,0.816308,4,1
hermes_uni_closed,ug-180-060,70,0.833333,0.814485,0.81563,3,1
hermes_uni_closed,ug-180-060,70.5,1.38889,0.793747,0.796981,5,1
hermes_uni_closed,ug-180-060,71,0.833333,0.795125,0.796447,3,1
hermes_uni_closed,ug-180-060,71.5,0.833333,0.778845,0.779652,3,1
hermes_uni_closed,ug-180-060,72,0.833333,0.753893,0.755109,3,1
hermes_uni_closed,ug-180-060,72.5,0.833333,0.737629,0.738266,3,1
hermes_uni_closed,ug-180-060,73,0.555556,0.742417,0.742428,2,1
hermes_uni_closed,ug-180-060,73.5,0.555556,0.791392,0.79389,2,1
hermes_uni_closed,ug-180-060,74,0.555556,0.772598,0.775212,2,1
hermes_uni_closed,ug-180-060,74.5,0.833333,0.787219,0.790758,3,1
hermes_uni_closed,ug-180-060,75,0.833333,0.795392,0.795535,3,1
hermes_uni_closed,ug-180-060,75.5,1.11111,0.774046,0.775558,4,1
hermes_uni_closed,ug-180-060,76,1.11111,0.771948,0.775182,4,1
hermes_uni_closed,ug-180-060,76.5,1.11111,0.779824,0.781725,4,1
hermes_uni_closed,ug-180-060,77,1.11111,0.79281,0.795326,4,1
hermes_uni_closed,ug-180-060,77.5,1.38889,0.760092,0.764676,5,1
hermes_uni_closed,ug-180-060,78,1.11111,0.768682,0.771709,4,1
hermes_uni_closed,ug-180-060,78.5,1.38889,0.740277,0.741031,5,1
hermes_uni_closed,ug-180-060,79,1.38889,0.713174,0.716454,5,1
hermes_uni_closed,ug-180-060,79.5,1.38889,0.718828,0.719637,5,1
hermes_uni_closed,ug-180-060,80,1.11111,0.759377,0.762376,4,1
hermes_uni_closed,ug-180-060,80.5,1.66667,0.785764,0.787119,6,1
hermes_uni_closed,ug-180-060,81,1.11111,0.73912,0.739342,4,1
hermes_uni_closed,ug-180-060,81.5,1.11111,0.784283,0.787614,4,1
hermes_uni_closed,ug-180-060,82,1.11111,0.782089,0.787269,4,1
hermes_uni_closed,ug-180-060,82.5,1.11111,0.827883,0.829863,4,1
hermes_uni_closed,ug-180-060,83,1.11111,0.821393,0.823299,4,1
hermes_uni_closed,ug-180-060,83.5,1.11111,0.787067,0.79039,4,1
hermes_uni_closed,ug-180-060,84,0.833333,0.845381,0.845443,3,1
hermes_uni_closed,ug-180-060,84.5,1.11111,0.779874,0.782219,4,1
hermes_uni_closed,ug-180-060,85,1.11111,0.81434,0.817035,4,1
hermes_uni_closed,ug-180-060,85.5,1.11111,0.852579,0.853572,4,1
hermes_uni_closed,ug-180-060,86,0.833333,0.869853,0.872949,3,1
hermes_uni_closed,ug-180-060,86.5,1.11111,0.837168,0.838176,4,1
hermes_uni_closed,ug-180-060,87,0.833333,0.81742,0.822483,3,1
hermes_uni_closed,ug-180-060,87.5,0.833333,0.805995,0.807896,3,1
hermes_uni_closed,ug-180-060,88,1.11111,0.829152,0.830099,4,0
hermes_uni_closed,ug-180-060,88.5,1.11111,0.864362,0.864771,4,0
hermes_uni_closed,ug-180-060,89,1.38889,0.899011,0.899773,5,0
hermes_uni_closed,ug-180-060,89.5,1.38889,0.913593,0.915867,5,0
hermes_uni_closed,ug-180-060,90,1.11111,0.880324,0.882045,4,0
hermes_uni_closed,ug-180-060,90.5,1.66667,0.876281,0.878817,6,0
hermes_uni_closed,ug-180-060,91,1.66667,0.891091,0.895489,6,0
hermes_uni_closed,ug-180-060,91.5,1.11111,0.844849,0.847149,4,0
hermes_uni_closed,ug-180-060,92,1.38889,0.869496,0.870772,5,0
hermes_uni_closed,ug-180-060,92.5,1.38889,0.896681,0.8992,5,0
hermes_uni_closed,ug-180-060,93,1.11111,0.864029,0.86919,4,0
hermes_uni_closed,ug-180-060,93.5,1.66667,0.88003,0.88342,6,0
hermes_uni_closed,ug-180-060,94,1.38889,0.875837,0.877849,5,0
hermes_uni_closed,ug-180-060,94.5,1.38889,0.882658,0.88493,5,0
hermes_uni_closed,ug-180-060,95,1.38889,0.909579,0.91189,5,0
hermes_uni_closed,ug-180-060,95.5,1.11111,0.882281,0.883668,4,0
hermes_uni_closed,ug-180-060,96,0.833333,0.845658,0.84992,3,0
hermes_uni_closed,ug-180-060,96.5,0.833333,0.885292,0.890688,3,0
hermes_uni_closed,ug-180-060,97,0.555556,1.01175,1.02537,2,0
hermes_uni_closed,ug-180-060,97.5,0.277778,0.984913,1.0094,1,0
hermes_uni_closed,ug-180-085,-0.25,1.11111,0.0228531,0.0414866,4,0
hermes_uni_closed,ug-180-085,0.25,1.11111,0.00117408,0.0289145,4,0
hermes_uni_closed,ug-180-085,0.75,1.11111,-0.00286886,0.0598224,4,0
hermes_uni_closed,ug-180-085,1.25,1.11111,0.033995,0.0901749,4,0
hermes_uni_closed,ug-180-085,1.75,1.11111,0.0360428,0.0573084,4,0
hermes_uni_closed,ug-180-085,2.25,1.11111,0.0168056,0.0225416,4,0
hermes_uni_closed,ug-180-085,2.75,1.11111,0.0487713,0.0613024,4,0
hermes_uni_closed,ug-180-085,3.25,1.11111,0.0592458,0.0738379,4,0
hermes_uni_closed,ug-180-085,3.75,1.11111,-0.00473042,0.0397683,4,0
hermes_uni_closed,ug-180-085,4.25,1.11111,-0.0903667,0.113025,4,0
hermes_uni_closed,ug-180-085,4.75,1.11111,-0.0626972,0.0847159,4,0
hermes_uni_closed,ug-180-085,5.25,1.11111,-0.0055043,0.0254944,4,0
hermes_uni_closed,ug-180-085,5.75,1.11111,-0.0119786,0.0480646,4,0
hermes_uni_closed,ug-180-085,6.25,1.11111,-0.0242392,0.0390523,4,0
hermes_uni_closed,ug-180-085,6.75,1.11111,-0.0210432,0.0364772,4,0
hermes_uni_closed,ug-180-085,7.25,1.11111,0.0271018,0.0523662,4,0
hermes_uni_closed,ug-180-085,7.75,1.11111,0.0504974,0.0648665,4,0
hermes_uni_closed,ug-180-085,8.25,1.11111,0.0681589,0.0982532,4,0
hermes_uni_closed,ug-180-085,8.75,1.11111,0.060686,0.129855,4,0
hermes_uni_closed,ug-180-085,9.25,1.11111,0.0365168,0.121126,4,0
hermes_uni_closed,ug-180-085,9.75,0.833333,0.0642134,0.104069,3,0
hermes_uni_closed,ug-180-085,10.25,0.833333,0.118107,0.148887,3,0
hermes_uni_closed,ug-180-085,10.75,1.11111,0.0952165,0.112409,4,0
hermes_uni_closed,ug-180-085,11.25,1.38889,0.166533,0.212214,5,0
hermes_uni_closed,ug-180-085,11.75,1.38889,0.205757,0.221106,5,0
hermes_uni_closed,ug-180-085,12.25,1.38889,0.273295,0.324597,5,1
hermes_uni_closed,ug-180-085,12.75,1.38889,0.361473,0.363306,5,1
hermes_uni_closed,ug-180-085,13.25,1.66667,0.41236,0.428993,6,1
hermes_uni_closed,ug-180-085,13.75,1.94444,0.538087,0.544892,7,1
hermes_uni_closed,ug-180-085,14.25,1.94444,0.525814,0.535059,7,1
hermes_uni_closed,ug-180-085,14.75,1.66667,0.507776,0.514718,6,1
hermes_uni_closed,ug-180-085,15.25,1.94444,0.515586,0.520332,7,1
hermes_uni_closed,ug-180-085,15.75,1.94444,0.520477,0.526882,7,1
hermes_uni_closed,ug-180-085,16.25,1.94444,0.552566,0.558578,7,1
hermes_uni_closed,ug-180-085,16.75,1.66667,0.490636,0.494728,6,1
hermes_uni_closed,ug-180-085,17.25,1.94444,0.455251,0.46881,7,1
hermes_uni_closed,ug-180-085,17.75,1.38889,0.477838,0.483987,5,1
hermes_uni_closed,ug-180-085,18.25,1.94444,0.514737,0.53637,7,1
hermes_uni_closed,ug-180-085,18.75,1.94444,0.473889,0.485872,7,1
hermes_uni_closed,ug-180-085,19.25,1.66667,0.549282,0.55875,6,1
hermes_uni_closed,ug-180-085,19.75,1.38889,0.619503,0.627425,5,1
hermes_uni_closed,ug-180-085,20.25,1.11111,0.590348,0.609703,4,1
hermes_uni_closed,ug-180-085,20.75,1.11111,0.668294,0.683091,4,1
hermes_uni_closed,ug-180-085,21.25,1.66667,0.668732,0.674554,6,1
hermes_uni_closed,ug-180-085,21.75,1.11111,0.70639,0.71184,4,1
hermes_uni_closed,ug-180-085,22.25,1.38889,0.68155,0.684041,5,1
hermes_uni_closed,ug-180-085,22.75,1.38889,0.632364,0.643611,5,1
hermes_uni_closed,ug-180-085,23.25,1.38889,0.625125,0.630265,5,1
hermes_uni_closed,ug-180-085,23.75,1.66667,0.60039,0.610409,6,1
hermes_uni_closed,ug-180-085,24.25,1.38889,0.560796,0.56851,5,1
hermes_uni_closed,ug-180-085,24.75,1.38889,0.539658,0.543679,5,1
hermes_uni_closed,ug-180-085,25.25,1.66667,0.54915,0.561156,6,1
hermes_uni_closed,ug-180-085,25.75,1.38889,0.561112,0.572507,5,1
hermes_uni_closed,ug-180-085,26.25,1.38889,0.569341,0.571262,5,1
hermes_uni_closed,ug-180-085,26.75,1.38889,0.558777,0.569123,5,1
hermes_uni_closed,ug-180-085,27.25,1.11111,0.569909,0.572498,4,1
hermes_uni_closed,ug-180-085,27.75,1.66667,0.565804,0.576165,6,1
hermes_uni_closed,ug-180-085,28.25,1.11111,0.588554,0.591605,4,1
hermes_uni_closed,ug-180-085,28.75,1.11111,0.615244,0.621835,4,1
hermes_uni_closed,ug-180-085,29.25,1.38889,0.592396,0.594636,5,1
hermes_uni_closed,ug-180-085,29.75,1.38889,0.543559,0.552484,5,1
hermes_uni_closed,ug-180-085,30.25,1.38889,0.561311,0.566356,5,1
hermes_uni_closed,ug-180-085,30.75,1.38889,0.540711,0.554764,5,1
hermes_uni_closed,ug-180-085,31.25,1.38889,0.510642,0.527882,5,1
hermes_uni_closed,ug-180-085,31.75,1.38889,0.523284,0.531471,5,1
hermes_uni_closed,ug-180-085,32.25,1.38889,0.531975,0.541322,5,1
hermes_uni_closed,ug-180-085,32.75,1.66667,0.519661,0.530043,6,1
hermes_uni_closed,ug-180-085,33.25,1.66667,0.533027,0.53626,6,1
hermes_uni_closed,ug-180-085,33.75,1.11111,0.542908,0.555349,4,1
hermes_uni_closed,ug-180-085,34.25,1.66667,0.51702,0.532261,6,1
hermes_uni_closed,ug-180-085,34.75,1.66667,0.470905,0.482807,6,1
hermes_uni_closed,ug-180-085,35.25,1.11111,0.519182,0.535858,4,1
hermes_uni_closed,ug-180-085,35.75,1.11111,0.531471,0.539672,4,1
hermes_uni_closed,ug-180-085,36.25,1.66667,0.504405,0.518328,6,1
hermes_uni_closed,ug-180-085,36.75,1.11111,0.543137,0.552399,4,1
hermes_uni_closed,ug-180-085,37.25,1.38889,0.515355,0.526558,5,1
hermes_uni_closed,ug-180-085,37.75,1.38889,0.506599,0.512523,5,1
hermes_uni_closed,ug-180-085,38.25,1.11111,0.509815,0.517959,4,1
hermes_uni_closed,ug-180-085,38.75,1.66667,0.508444,0.513853,6,1
hermes_uni_closed,ug-180-085,39.25,1.66667,0.484338,0.495895,6,1
hermes_uni_closed,ug-180-085,39.75,1.38889,0.498213,0.515599,5,1
hermes_uni_closed,ug-180-085,40.25,1.66667,0.507708,0.520743,6,1
hermes_uni_closed,ug-180-085,40.75,1.94444,0.499305,0.51196,7,1
hermes_uni_closed,ug-180-085,41.25,1.66667,0.479217,0.484855,6,1
hermes_uni_closed,ug-180-085,41.75,1.94444,0.489553,0.503586,7,1
hermes_uni_closed,ug-180-085,42.25,2.22222,0.504964,0.507982,8,1
hermes_uni_closed,ug-180-085,42.75,1.94444,0.481753,0.499783,7,1
hermes_uni_closed,ug-180-085,43.25,1.66667,0.507222,0.511361,6,1
hermes_uni_closed,ug-180-085,43.75,1.94444,0.523111,0.532813,7,1
hermes_uni_closed,ug-180-085,44.25,1.94444,0.499957,0.506407,7,1
hermes_uni_closed,ug-180-085,44.75,1.66667,0.491583,0.497958,6,1
hermes_uni_closed,ug-180-085,45.25,1.66667,0.514746,0.525791,6,1
hermes_uni_closed,ug-180-085,45.75,1.38889,0.514419,0.519385,5,1
hermes_uni_closed,ug-180-085,46.25,1.38889,0.487194,0.506087,5,1
hermes_uni_closed,ug-180-085,46.75,1.38889,0.492775,0.503272,5,1
hermes_uni_closed,ug-180-085,47.25,1.11111,0.473932,0.492089,4,1
hermes_uni_closed,ug-180-085,47.75,1.38889,0.471547,0.495415,5,1
hermes_uni_closed,ug-180-085,48.25,1.38889,0.483523,0.494202,5,1
hermes_uni_closed,ug-180-085,48.75,1.11111,0.504543,0.514322,4,1
hermes_uni_closed,ug-180-085,49.25,1.38889,0.55431,0.569404,5,1
hermes_uni_closed,ug-180-085,49.75,1.38889,0.553435,0.57,5,1
hermes_uni_closed,ug-180-085,50.25,1.11111,0.543069,0.545504,4,1
hermes_uni_closed,ug-180-085,50.75,1.38889,0.542217,0.552898,5,1
hermes_uni_closed,ug-180-085,51.25,1.38889,0.54258,0.56123,5,1
hermes_uni_closed,ug-180-085,51.75,1.38889,0.560528,0.567122,5,1
hermes_uni_closed,ug-180-085,52.25,1.38889,0.576072,0.588573,5,1
hermes_uni_closed,ug-180-085,52.75,1.38889,0.535528,0.548129,5,1
hermes_uni_closed,ug-180-085,53.25,1.38889,0.524293,0.533946,5,1
hermes_uni_closed,ug-180-085,53.75,1.66667,0.536244,0.54756,6,1
hermes_uni_closed,ug-180-085,54.25,1.66667,0.53968,0.54693,6,1
hermes_uni_closed,ug-180-085,54.75,1.94444,0.519391,0.527906,7,1
hermes_uni_closed,ug-180-085,55.25,1.94444,0.517996,0.522662,7,1
hermes_uni_closed,ug-180-085,55.75,1.94444,0.491825,0.512902,7,1
hermes_uni_closed,ug-180-085,56.25,2.22222,0.466959,0.473836,8,1
hermes_uni_closed,ug-180-085,56.75,2.22222,0.448792,0.476472,8,1
hermes_uni_closed,ug-180-085,57.25,1.66667,0.437652,0.448734,6,1
hermes_uni_closed,ug-180-085,57.75,1.94444,0.454605,0.469515,7,1
hermes_uni_closed,ug-180-085,58.25,1.94444,0.44235,0.455432,7,1
hermes_uni_closed,ug-180-085,58.75,1.66667,0.472973,0.483556,6,1
hermes_uni_closed,ug-180-085,59.25,1.38889,0.476994,0.50197,5,1
hermes_uni_closed,ug-180-085,59.75,1.38889,0.491305,0.499674,5,1
hermes_uni_closed,ug-180-085,60.25,1.38889,0.461334,0.488129,5,1
hermes_uni_closed,ug-180-085,60.75,0.833333,0.41402,0.425148,3,1
hermes_uni_closed,ug-180-085,61.25,1.38889,0.457802,0.461887,5,1
hermes_uni_closed,ug-180-085,61.75,1.38889,0.457743,0.480074,5,1
hermes_uni_closed,ug-180-085,62.25,1.38889,0.46553,0.472001,5,1
hermes_uni_closed,ug-180-085,62.75,1.11111,0.460461,0.482446,4,1
hermes_uni_closed,ug-180-085,63.25,0.833333,0.436096,0.452652,3,1
hermes_uni_closed,ug-180-085,63.75,1.38889,0.416882,0.426355,5,1
hermes_uni_closed,ug-180-085,64.25,1.38889,0.412369,0.426301,5,1
hermes_uni_closed,ug-180-085,64.75,1.38889,0.406395,0.415982,5,1
hermes_uni_closed,ug-180-085,65.25,1.38889,0.408824,0.426348,5,1
hermes_uni_closed,ug-180-085,65.75,0.833333,0.445928,0.46706,3,1
hermes_uni_closed,ug-180-085,66.25,1.38889,0.394945,0.406289,5,1
hermes_uni_closed,ug-180-085,66.75,1.11111,0.38559,0.397381,4,1
hermes_uni_closed,ug-180-085,67.25,1.11111,0.3652,0.371114,4,1
hermes_uni_closed,ug-180-085,67.75,1.38889,0.435485,0.463793,5,1
hermes_uni_closed,ug-180-085,68.25,1.66667,0.412877,0.416716,6,1
hermes_uni_closed,ug-180-085,68.75,1.11111,0.347742,0.405736,4,1
hermes_uni_closed,ug-180-085,69.25,1.11111,0.345804,0.363059,4,1
hermes_uni_closed,ug-180-085,69.75,1.38889,0.419032,0.459208,5,1
hermes_uni_closed,ug-180-085,70.25,1.94444,0.418862,0.423716,7,1
hermes_uni_closed,ug-180-085,70.75,1.94444,0.42447,0.456248,7,1
hermes_uni_closed,ug-180-085,71.25,1.66667,0.404346,0.406366,6,1
hermes_uni_closed,ug-180-085,71.75,1.94444,0.375372,0.402734,7,1
hermes_uni_closed,ug-180-085,72.25,1.94444,0.402954,0.410054,7,1
hermes_uni_closed,ug-180-085,72.75,1.66667,0.415198,0.429151,6,1
hermes_uni_closed,ug-180-085,73.25,1.66667,0.428396,0.438575,6,1
hermes_uni_closed,ug-180-085,73.75,1.66667,0.43427,0.4449,6,1
hermes_uni_closed,ug-180-085,74.25,2.22222,0.435962,0.453378,8,1
hermes_uni_closed,ug-180-085,74.75,1.94444,0.397695,0.41035,7,1
hermes_uni_closed,ug-180-085,75.25,1.94444,0.386238,0.395062,7,1
hermes_uni_closed,ug-180-085,75.75,1.94444,0.413096,0.42829,7,1
hermes_uni_closed,ug-180-085,76.25,1.94444,0.435739,0.44217,7,1
hermes_uni_closed,ug-180-085,76.75,2.22222,0.449964,0.458436,8,1
hermes_uni_closed,ug-180-085,77.25,2.22222,0.463982,0.475454,8,1
hermes_uni_closed,ug-180-085,77.75,2.5,0.486177,0.489971,9,1
hermes_uni_closed,ug-180-085,78.25,2.22222,0.503081,0.510241,8,1
hermes_uni_closed,ug-180-085,78.75,1.66667,0.51553,0.520341,6,1
hermes_uni_closed,ug-180-085,79.25,1.94444,0.50988,0.516384,7,1
hermes_uni_closed,ug-180-085,79.75,1.38889,0.53302,0.547225,5,1
hermes_uni_closed,ug-180-085,80.25,1.66667,0.547584,0.552956,6,1
hermes_uni_closed,ug-180-085,80.75,1.66667,0.579231,0.592289,6,1
hermes_uni_closed,ug-180-085,81.25,1.38889,0.581452,0.594873,5,1
hermes_uni_closed,ug-180-085,81.75,1.66667,0.574257,0.580495,6,1
hermes_uni_closed,ug-180-085,82.25,1.38889,0.601702,0.607201,5,1
hermes_uni_closed,ug-180-085,82.75,1.11111,0.631485,0.63697,4,1
hermes_uni_closed,ug-180-085,83.25,1.11111,0.647739,0.654334,4,1
hermes_uni_closed,ug-180-085,83.75,1.11111,0.578409,0.592565,4,1
hermes_uni_closed,ug-180-085,84.25,1.11111,0.639637,0.650244,4,1
hermes_uni_closed,ug-180-085,84.75,1.11111,0.694421,0.699863,4,1
hermes_uni_closed,ug-180-085,85.25,1.11111,0.67788,0.687376,4,1
hermes_uni_closed,ug-180-085,85.75,1.11111,0.706474,0.711732,4,1
hermes_uni_closed,ug-180-085,86.25,1.11111,0.717682,0.722914,4,1
hermes_uni_closed,ug-180-085,86.75,1.11111,0.687349,0.690254,4,1
hermes_uni_closed,ug-180-085,87.25,1.11111,0.675416,0.682473,4,1
hermes_uni_closed,ug-180-085,87.75,0.833333,0.648584,0.654072,3,1
hermes_uni_closed,ug-180-085,88.25,1.11111,0.703279,0.706274,4,1
hermes_uni_closed,ug-180-085,88.75,1.11111,0.756029,0.758811,4,1
hermes_uni_closed,ug-180-085,89.25,0.833333,0.783153,0.786935,3,1
hermes_uni_closed,ug-180-085,89.75,1.11111,0.787791,0.790795,4,1
hermes_uni_closed,ug-180-085,90.25,1.11111,0.824357,0.825275,4,1
hermes_uni_closed,ug-180-085,90.75,0.833333,0.783928,0.785476,3,1
hermes_uni_closed,ug-180-085,91.25,1.11111,0.774184,0.775778,4,1
hermes_uni_closed,ug-180-085,91.75,1.11111,0.797783,0.803623,4,1
hermes_uni_closed,ug-180-085,92.25,0.833333,0.82958,0.829904,3,1
hermes_uni_closed,ug-180-085,92.75,0.833333,0.855781,0.856193,3,1
hermes_uni_closed,ug-180-085,93.25,0.833333,0.830132,0.836501,3,1
hermes_uni_closed,ug-180-085,93.75,0.833333,0.814319,0.819728,3,1
hermes_uni_closed,ug-180-085,94.25,0.833333,0.829227,0.835973,3,1
hermes_uni_closed,ug-180-085,94.75,1.11111,0.840484,0.84383,4,1
hermes_uni_closed,ug-180-085,95.25,1.11111,0.93633,0.938555,4,1
hermes_uni_closed,ug-180-085,95.75,0.833333,0.81364,0.815428,3,1
hermes_uni_closed,ug-180-085,96.25,1.11111,0.86787,0.868695,4,1
hermes_uni_closed,ug-180-085,96.75,1.38889,0.911557,0.915706,5,1
hermes_uni_closed,ug-180-085,97.25,1.11111,0.895724,0.89756,4,1
hermes_uni_closed,ug-180-085,97.75,1.11111,0.925886,0.930047,4,1
hermes_uni_closed,ug-180-085,98.25,0.833333,0.906718,0.909075,3,1
hermes_uni_closed,ug-180-085,98.75,1.11111,0.93767,0.939398,4,1
hermes_uni_closed,ug-180-085,99.25,0.555556,0.91493,0.91622,2,1
hermes_uni_closed,ug-180-085,99.75,0.833333,0.932868,0.933092,3,1
hermes_uni_closed,ug-180-085,100.25,0.833333,0.941424,0.943693,3,1
hermes_uni_closed,ug-180-085,100.75,0.555556,0.977103,0.97921,2,1
hermes_uni_closed,ug-180-085,101.25,1.11111,0.924768,0.930258,4,1
hermes_uni_closed,ug-180-085,101.75,1.11111,0.935595,0.93991,4,1
hermes_uni_closed,ug-180-085,102.25,1.11111,0.926866,0.929149,4,1
hermes_uni_closed,ug-180-085,102.75,1.11111,0.938797,0.949228,4,1
hermes_uni_closed,ug-180-085,103.25,1.11111,0.936891,0.939161,4,1
hermes_uni_closed,ug-180-085,103.75,1.38889,0.985724,0.98725,5,1
hermes_uni_closed,ug-180-085,104.25,1.11111,0.927797,0.930295,4,1
hermes_uni_closed,ug-180-085,104.75,1.11111,0.965998,0.967227,4,1
hermes_uni_closed,ug-180-085,105.25,0.833333,1.03138,1.03255,3,1
hermes_uni_closed,ug-180-085,105.75,0.555556,1.03405,1.03477,2,1
hermes_uni_closed,ug-180-085,106.25,0.277778,0.983489,0.983537,1,1
hermes_uni_closed,ug-180-085,106.75,0.833333,0.884532,0.891422,3,1
hermes_uni_closed,ug-180-085,107.25,0.555556,0.823047,0.824998,2,1
hermes_uni_closed,ug-180-085,107.75,0.833333,0.840301,0.841012,3,1
hermes_uni_closed,ug-180-085,108.25,1.11111,0.828551,0.829366,4,1
hermes_uni_closed,ug-180-085,108.75,0.833333,0.859706,0.86606,3,0
hermes_uni_closed,ug-180-085,109.25,0.833333,0.846556,0.857016,3,0
hermes_uni_closed,ug-180-085,109.75,1.11111,0.842463,0.843875,4,0
hermes_uni_closed,ug-180-085,110.25,0.833333,0.847777,0.850995,3,0
hermes_uni_closed,ug-180-085,110.75,0.833333,0.788302,0.792897,3,0
hermes_uni_closed,ug-180-085,111.25,1.11111,0.886701,0.897974,4,0
hermes_uni_closed,ug-180-085,111.75,1.11111,0.923953,0.932663,4,0
hermes_uni_closed,ug-180-085,112.25,1.11111,0.883151,0.890318,4,0
hermes_uni_closed,ug-180-085,112.75,1.38889,0.87823,0.88472,5,0
hermes_uni_closed,ug-180-085,113.25,0.833333,0.857204,0.862618,3,0
hermes_uni_closed,ug-180-085,113.75,1.66667,0.873186,0.873852,6,0
hermes_uni_closed,ug-180-085,114.25,1.38889,0.86423,0.870657,5,0
hermes_uni_closed,ug-180-085,114.75,1.11111,0.857981,0.86111,4,0
hermes_uni_closed,ug-180-085,115.25,1.38889,0.89152,0.892583,5,0
hermes_uni_closed,ug-180-085,115.75,1.38889,0.866959,0.870977,5,0
hermes_uni_closed,ug-180-085,116.25,0.833333,0.83743,0.842009,3,0
hermes_uni_closed,ug-180-085,116.75,1.11111,0.837366,0.840407,4,0
hermes_uni_closed,ug-180-085,117.25,1.11111,0.893128,0.893166,4,0
hermes_uni_closed,ug-180-085,117.75,0.833333,0.90936,0.91075,3,0
hermes_uni_closed,ug-180-085,118.25,1.11111,0.934812,0.939103,4,0
hermes_uni_closed,ug-180-085,118.75,1.11111,0.923901,0.92742,4,0
hermes_uni_closed,ug-180-085,119.25,1.11111,0.887189,0.890378,4,0
hermes_uni_closed,ug-180-085,119.75,0.833333,0.845745,0.848658,3,0
hermes_uni_closed,ug-180-085,120.25,0.555556,0.856111,0.857759,2,0
hermes_uni_closed,ug-180-085,120.75,0.277778,0.803413,0.810173,1,0
hermes_uni_closed,ug-180-095,2.188,0.555556,1.30595,1.30882,2,0
hermes_uni_closed,ug-180-095,2.688,0.555556,1.31104,1.31195,2,0
hermes_uni_closed,ug-180-095,3.188,0.555556,1.27297,1.27415,2,0
hermes_uni_closed,ug-180-095,3.688,0.277778,1.25118,1.25121,1,0
hermes_uni_closed,ug-180-095,4.188,0.555556,1.27024,1.27156,2,0
hermes_uni_closed,ug-180-095,4.688,0.833333,1.29189,1.29308,3,0
hermes_uni_closed,ug-180-095,5.188,1.11111,1.3159,1.31692,4,0
hermes_uni_closed,ug-180-095,5.688,0.833333,1.27591,1.27607,3,0
hermes_uni_closed,ug-180-095,6.188,0.833333,1.25562,1.25576,3,0
hermes_uni_closed,ug-180-095,6.688,0.833333,1.23106,1.23364,3,0
hermes_uni_closed,ug-180-095,7.188,1.11111,1.19045,1.19128,4,0
hermes_uni_closed,ug-180-095,7.688,0.833333,1.20793,1.20953,3,0
hermes_uni_closed,ug-180-095,8.188,1.11111,1.26905,1.26964,4,0
hermes_uni_closed,ug-180-095,8.688,0.833333,1.26561,1.26587,3,0
hermes_uni_closed,ug-180-095,9.188,0.833333,1.28856,1.28919,3,0
hermes_uni_closed,ug-180-095,9.688,0.277778,1.28612,1.28719,1,0
hermes_uni_closed,ug-180-095,10.188,0.833333,1.32967,1.33055,3,0
hermes_uni_closed,ug-180-095,10.688,0.555556,1.39504,1.39712,2,0
hermes_uni_closed,ug-180-095,11.188,1.11111,1.38173,1.38199,4,0
hermes_uni_closed,ug-180-095,11.688,0.555556,1.33431,1.33462,2,0
hermes_uni_closed,ug-180-095,12.188,0.833333,1.3527,1.35284,3,0
hermes_uni_closed,ug-180-095,12.688,0.277778,1.32685,1.32689,1,0
hermes_uni_closed,ug-180-095,13.188,0.277778,1.34059,1.34077,1,0
hermes_uni_closed,ug-180-095,14.188,0.833333,1.38388,1.38557,3,0
hermes_uni_closed,ug-180-095,14.688,1.38889,1.40779,1.40898,5,0
hermes_uni_closed,ug-180-095,15.188,1.11111,1.36385,1.36474,4,0
hermes_uni_closed,ug-180-095,15.688,0.833333,1.32585,1.32644,3,0
hermes_uni_closed,ug-180-095,16.188,0.277778,1.2948,1.2951,1,0
hermes_uni_closed,ug-180-095,16.688,0.555556,1.32803,1.32821,2,0
hermes_uni_closed,ug-180-095,17.188,0.277778,1.35895,1.35901,1,0
hermes_uni_closed,ug-180-095,17.688,0.555556,1.41314,1.41351,2,0
hermes_uni_closed,ug-180-095,18.188,0.555556,1.44973,1.44987,2,0
hermes_uni_closed,ug-180-095,18.688,0.555556,1.43508,1.43542,2,0
hermes_uni_closed,ug-180-095,19.188,0.833333,1.44954,1.44998,3,0
hermes_uni_closed,ug-180-095,19.688,0.833333,1.45097,1.4511,3,0
hermes_uni_closed,ug-180-095,20.188,0.555556,1.39332,1.39366,2,0
hermes_uni_closed,ug-180-095,20.688,0.555556,1.44416,1.44639,2,0
hermes_uni_closed,ug-180-095,21.188,0.277778,1.48693,1.48757,1,0
hermes_uni_closed,ug-180-095,21.688,0.555556,1.4796,1.47969,2,0
hermes_uni_closed,ug-180-095,22.188,0.833333,1.44821,1.44871,3,0
hermes_uni_closed,ug-180-095,22.688,0.833333,1.46152,1.46228,3,0
hermes_uni_closed,ug-180-095,23.188,0.833333,1.46881,1.47056,3,0
hermes_uni_closed,ug-180-095,23.688,0.833333,1.5557,1.55628,3,0
hermes_uni_closed,ug-180-095,24.188,0.555556,1.57537,1.57948,2,0
hermes_uni_closed,ug-180-095,24.688,0.555556,1.48384,1.48422,2,0
hermes_uni_closed,ug-180-095,25.188,1.11111,1.45188,1.45214,4,1
hermes_uni_closed,ug-180-095,25.688,0.833333,1.42678,1.42779,3,1
hermes_uni_closed,ug-180-095,26.188,0.555556,1.42527,1.42557,2,1
hermes_uni_closed,ug-180-095,26.688,0.555556,1.38598,1.38718,2,1
hermes_uni_closed,ug-180-095,27.188,0.833333,1.36389,1.36403,3,1
hermes_uni_closed,ug-180-095,27.688,1.11111,1.28884,1.29018,4,1
hermes_uni_closed,ug-180-095,28.188,0.833333,1.34668,1.34825,3,1
hermes_uni_closed,ug-180-095,28.688,0.555556,1.32286,1.32297,2,1
hermes_uni_closed,ug-180-095,29.188,1.11111,1.2985,1.29892,4,1
hermes_uni_closed,ug-180-095,29.688,0.833333,1.248,1.2509,3,1
hermes_uni_closed,ug-180-095,30.188,0.833333,1.2211,1.22242,3,1
hermes_uni_closed,ug-180-095,30.688,0.833333,1.27217,1.27243,3,1
hermes_uni_closed,ug-180-095,31.188,0.555556,1.25988,1.2607,2,1
hermes_uni_closed,ug-180-095,31.688,1.11111,1.21514,1.21653,4,1
hermes_uni_closed,ug-180-095,32.188,1.11111,1.17106,1.1718,4,1
hermes_uni_closed,ug-180-095,32.688,1.11111,1.17081,1.17338,4,1
hermes_uni_closed,ug-180-095,33.188,1.38889,1.19906,1.20271,5,1
hermes_uni_closed,ug-180-095,33.688,1.38889,1.19333,1.19435,5,1
hermes_uni_closed,ug-180-095,34.188,1.66667,1.18423,1.18532,6,1
hermes_uni_closed,ug-180-095,34.688,1.11111,1.12903,1.13092,4,1
hermes_uni_closed,ug-180-095,35.188,1.11111,1.12117,1.12197,4,1
hermes_uni_closed,ug-180-095,35.688,1.11111,1.06767,1.06787,4,1
hermes_uni_closed,ug-180-095,36.188,1.38889,1.11462,1.1151,5,1
hermes_uni_closed,ug-180-095,36.688,1.38889,1.10652,1.10772,5,1
hermes_uni_closed,ug-180-095,37.188,0.833333,1.08137,1.08291,3,1
hermes_uni_closed,ug-180-095,37.688,1.11111,1.09751,1.098,4,1
hermes_uni_closed,ug-180-095,38.188,1.11111,1.20721,1.21103,4,1
hermes_uni_closed,ug-180-095,38.688,1.11111,1.16555,1.16586,4,1
hermes_uni_closed,ug-180-095,39.188,1.11111,1.09514,1.09681,4,1
hermes_uni_closed,ug-180-095,39.688,1.11111,1.0685,1.06963,4,1
hermes_uni_closed,ug-180-095,40.188,1.38889,1.0665,1.06687,5,1
hermes_uni_closed,ug-180-095,40.688,1.11111,1.11249,1.11716,4,1
hermes_uni_closed,ug-180-095,41.188,1.38889,1.09878,1.09985,5,1
hermes_uni_closed,ug-180-095,41.688,1.38889,1.10388,1.10596,5,1
hermes_uni_closed,ug-180-095,42.188,1.38889,1.0705,1.0711,5,1
hermes_uni_closed,ug-180-095,42.688,1.11111,1.06411,1.06517,4,1
hermes_uni_closed,ug-180-095,43.188,1.38889,1.02594,1.02643,5,1
hermes_uni_closed,ug-180-095,43.688,1.11111,1.02916,1.03017,4,1
hermes_uni_closed,ug-180-095,44.188,0.833333,0.999487,1.00087,3,1
hermes_uni_closed,ug-180-095,44.688,0.555556,0.979059,0.982667,2,1
hermes_uni_closed,ug-180-095,45.188,0.555556,0.932296,0.932816,2,1
hermes_uni_closed,ug-180-095,46.688,0.833333,1.00381,1.00429,3,1
hermes_uni_closed,ug-180-095,47.188,0.833333,0.942727,0.943472,3,1
hermes_uni_closed,ug-180-095,47.688,1.38889,1.01466,1.02211,5,1
hermes_uni_closed,ug-180-095,48.188,1.11111,0.97054,0.973735,4,1
hermes_uni_closed,ug-180-095,48.688,1.66667,1.04018,1.04409,6,1
hermes_uni_closed,ug-180-095,49.188,1.66667,0.999907,1.00921,6,1
hermes_uni_closed,ug-180-095,49.688,1.38889,0.940771,0.944291,5,1
hermes_uni_closed,ug-180-095,50.188,1.66667,0.917566,0.919448,6,1
hermes_uni_closed,ug-180-095,50.688,0.833333,0.84918,0.851679,3,1
hermes_uni_closed,ug-180-095,51.188,1.11111,0.871803,0.873425,4,1
hermes_uni_closed,ug-180-095,51.688,1.38889,0.86531,0.86664,5,1
hermes_uni_closed,ug-180-095,52.188,1.11111,0.850276,0.852186,4,1
hermes_uni_closed,ug-180-095,52.688,1.66667,0.816908,0.819814,6,1
hermes_uni_closed,ug-180-095,53.188,1.94444,0.786265,0.790715,7,1
hermes_uni_closed,ug-180-095,53.688,1.66667,0.74309,0.746176,6,1
hermes_uni_closed,ug-180-095,54.188,1.94444,0.719814,0.724629,7,1
hermes_uni_closed,ug-180-095,54.688,1.66667,0.713604,0.716147,6,1
hermes_uni_closed,ug-180-095,55.188,1.38889,0.675571,0.680767,5,1
hermes_uni_closed,ug-180-095,55.688,1.38889,0.634148,0.644147,5,1
hermes_uni_closed,ug-180-095,56.188,1.66667,0.656522,0.662388,6,1
hermes_uni_closed,ug-180-095,56.688,1.94444,0.635061,0.637513,7,1
hermes_uni_closed,ug-180-095,57.188,1.38889,0.666821,0.673247,5,1
hermes_uni_closed,ug-180-095,57.688,1.38889,0.658035,0.664886,5,1
hermes_uni_closed,ug-180-095,58.188,1.66667,0.60695,0.611867,6,1
hermes_uni_closed,ug-180-095,58.688,1.66667,0.575696,0.585634,6,1
hermes_uni_closed,ug-180-095,59.188,1.94444,0.521012,0.527387,7,1
hermes_uni_closed,ug-180-095,59.688,1.94444,0.508152,0.514654,7,1
hermes_uni_closed,ug-180-095,60.188,2.5,0.462688,0.471772,9,1
hermes_uni_closed,ug-180-095,60.688,2.22222,0.415478,0.436505,8,1
hermes_uni_closed,ug-180-095,61.188,2.22222,0.409752,0.420813,8,1
hermes_uni_closed,ug-180-095,61.688,2.5,0.41446,0.429193,9,1
hermes_uni_closed,ug-180-095,62.188,2.5,0.391984,0.407815,9,1
hermes_uni_closed,ug-180-095,62.688,2.22222,0.362576,0.387902,8,1
hermes_uni_closed,ug-180-095,63.188,2.22222,0.348294,0.3667,8,1
hermes_uni_closed,ug-180-095,63.688,2.22222,0.301923,0.336596,8,1
hermes_uni_closed,ug-180-095,64.188,2.22222,0.265094,0.29023,8,1
hermes_uni_closed,ug-180-095,64.688,2.22222,0.289601,0.305708,8,1
hermes_uni_closed,ug-180-095,65.188,2.5,0.261087,0.287985,9,1
hermes_uni_closed,ug-180-095,65.688,2.5,0.220616,0.267224,9,1
hermes_uni_closed,ug-180-095,66.188,2.77778,0.228269,0.263615,10,1
hermes_uni_closed,ug-180-095,66.688,2.22222,0.211897,0.258493,8,1
hermes_uni_closed,ug-180-095,67.188,2.5,0.188951,0.233933,9,1
hermes_uni_closed,ug-180-095,67.688,2.5,0.176735,0.235807,9,1
hermes_uni_closed,ug-180-095,68.188,2.5,0.215286,0.248682,9,1
hermes_uni_closed,ug-180-095,68.688,2.5,0.258089,0.289613,9,1
hermes_uni_closed,ug-180-095,69.188,2.5,0.25508,0.292976,9,1
hermes_uni_closed,ug-180-095,69.688,2.77778,0.220081,0.243561,10,1
hermes_uni_closed,ug-180-095,70.188,2.77778,0.235245,0.280947,10,1
hermes_uni_closed,ug-180-095,70.688,2.5,0.272489,0.291253,9,1
hermes_uni_closed,ug-180-095,71.188,3.05556,0.284425,0.32688,11,1
hermes_uni_closed,ug-180-095,71.688,2.77778,0.284061,0.304463,10,1
hermes_uni_closed,ug-180-095,72.188,3.05556,0.257821,0.299974,11,1
hermes_uni_closed,ug-180-095,72.688,2.77778,0.229596,0.265342,10,1
hermes_uni_closed,ug-180-095,73.188,3.05556,0.237406,0.264588,11,1
hermes_uni_closed,ug-180-095,73.688,2.77778,0.228643,0.256868,10,1
hermes_uni_closed,ug-180-095,74.188,2.77778,0.228864,0.256377,10,1
hermes_uni_closed,ug-180-095,74.688,3.05556,0.294631,0.320979,11,1
hermes_uni_closed,ug-180-095,75.188,2.77778,0.321956,0.339158,10,1
hermes_uni_closed,ug-180-095,75.688,2.5,0.279119,0.312868,9,1
hermes_uni_closed,ug-180-095,76.188,2.22222,0.266758,0.298682,8,1
hermes_uni_closed,ug-180-095,76.688,2.5,0.287923,0.318104,9,1
hermes_uni_closed,ug-180-095,77.188,2.5,0.27879,0.295259,9,1
hermes_uni_closed,ug-180-095,77.688,2.77778,0.30271,0.332874,10,1
hermes_uni_closed,ug-180-095,78.188,2.22222,0.309987,0.326886,8,1
hermes_uni_closed,ug-180-095,78.688,2.22222,0.269903,0.303493,8,1
hermes_uni_closed,ug-180-095,79.188,1.94444,0.279922,0.289231,7,1
hermes_uni_closed,ug-180-095,79.688,2.22222,0.318765,0.356133,8,1
hermes_uni_closed,ug-180-095,80.188,2.22222,0.337816,0.346685,8,1
hermes_uni_closed,ug-180-095,80.688,1.94444,0.334383,0.370565,7,1
hermes_uni_closed,ug-180-095,81.188,1.94444,0.338395,0.351106,7,1
hermes_uni_closed,ug-180-095,81.688,2.5,0.357181,0.385175,9,1
hermes_uni_closed,ug-180-095,82.188,2.5,0.355022,0.362825,9,1
hermes_uni_closed,ug-180-095,82.688,2.5,0.346809,0.373162,9,1
hermes_uni_closed,ug-180-095,83.188,2.77778,0.384582,0.395962,10,1
hermes_uni_closed,ug-180-095,83.688,2.5,0.390509,0.414776,9,1
hermes_uni_closed,ug-180-095,84.188,2.5,0.419629,0.426169,9,1
hermes_uni_closed,ug-180-095,84.688,2.77778,0.446596,0.46341,10,1
hermes_uni_closed,ug-180-095,85.188,2.5,0.462964,0.468565,9,1
hermes_uni_closed,ug-180-095,85.688,2.77778,0.480186,0.488116,10,1
hermes_uni_closed,ug-180-095,86.188,2.77778,0.480171,0.497785,10,1
hermes_uni_closed,ug-180-095,86.688,2.22222,0.453819,0.461839,8,1
hermes_uni_closed,ug-180-095,87.188,2.77778,0.432497,0.442325,10,1
hermes_uni_closed,ug-180-095,87.688,2.22222,0.418462,0.43321,8,1
hermes_uni_closed,ug-180-095,88.188,1.94444,0.407296,0.40998,7,1
hermes_uni_closed,ug-180-095,88.688,1.94444,0.358204,0.379111,7,1
hermes_uni_closed,ug-180-095,89.188,2.22222,0.290411,0.307939,8,1
hermes_uni_closed,ug-180-095,89.688,2.22222,0.233142,0.24393,8,1
hermes_uni_closed,ug-180-095,90.188,2.22222,0.174462,0.190189,8,1
hermes_uni_closed,ug-180-095,90.688,2.22222,0.0644086,0.0867065,8,1
hermes_uni_closed,ug-180-095,91.188,2.22222,-0.00387237,0.0709187,8,1
hermes_uni_closed,ug-180-095,91.688,2.22222,0.00686488,0.0637394,8,1
hermes_uni_closed,ug-180-095,92.188,2.22222,0.0172554,0.0490414,8,1
hermes_uni_closed,ug-180-095,92.688,2.22222,-0.003951,0.0339272,8,1
hermes_uni_closed,ug-180-095,93.188,2.22222,-0.0322209,0.0579745,8,1
hermes_uni_closed,ug-180-095,93.688,2.22222,-0.0196975,0.0446791,8,1
hermes_uni_closed,ug-180-095,94.188,2.22222,0.00844058,0.0415567,8,1
hermes_uni_closed,ug-180-095,94.688,2.22222,0.00501862,0.045684,8,1
hermes_uni_closed,ug-180-095,95.188,2.22222,-0.00618043,0.045154,8,1
hermes_uni_closed,ug-180-095,95.688,2.22222,-0.00219735,0.0664987,8,1
hermes_uni_closed,ug-180-095,96.188,2.5,0.0190032,0.0576021,9,1
hermes_uni_closed,ug-180-095,96.688,2.5,-0.00904868,0.0357718,9,1
hermes_uni_closed,ug-180-095,97.188,2.22222,-0.0248379,0.0468922,8,1
hermes_uni_closed,ug-180-095,97.688,2.22222,-0.0205542,0.034075,8,1
hermes_uni_closed,ug-180-095,98.188,2.22222,-0.012727,0.0252083,8,1
hermes_uni_closed,ug-180-095,98.688,2.22222,0.00296224,0.0155782,8,1
hermes_uni_closed,ug-180-095,99.188,2.22222,0.0142698,0.0381744,8,1
hermes_uni_closed,ug-180-095,99.688,2.22222,0.00466165,0.0238677,8,1
hermes_uni_closed,ug-180-095,100.188,2.22222,0.00575315,0.0205853,8,1
hermes_uni_closed,ug-180-095,100.688,2.5,0.021011,0.026711,9,1
hermes_uni_closed,ug-180-095,101.188,2.5,0.0758438,0.0945188,9,1
hermes_uni_closed,ug-180-095,101.688,2.22222,0.14679,0.162603,8,1
hermes_uni_closed,ug-180-095,102.188,2.22222,0.234663,0.253689,8,1
hermes_uni_closed,ug-180-095,102.688,2.22222,0.365493,0.376559,8,1
hermes_uni_closed,ug-180-095,103.188,2.22222,0.420429,0.430181,8,1
hermes_uni_closed,ug-180-095,103.688,2.22222,0.414831,0.4215,8,1
hermes_uni_closed,ug-180-095,104.188,2.22222,0.418055,0.427543,8,1
hermes_uni_closed,ug-180-095,104.688,2.22222,0.385404,0.39104,8,1
hermes_uni_closed,ug-180-095,105.188,2.22222,0.377185,0.380834,8,1
hermes_uni_closed,ug-180-095,105.688,1.94444,0.40341,0.411417,7,1
hermes_uni_closed,ug-180-095,106.188,2.5,0.341141,0.352937,9,1
hermes_uni_closed,ug-180-095,106.688,2.22222,0.302752,0.330213,8,1
hermes_uni_closed,ug-180-095,107.188,2.5,0.294949,0.306788,9,1
hermes_uni_closed,ug-180-095,107.688,2.77778,0.283149,0.308545,10,1
hermes_uni_closed,ug-180-095,108.188,2.22222,0.244034,0.266304,8,1
hermes_uni_closed,ug-180-095,108.688,2.22222,0.159111,0.207205,8,1
hermes_uni_closed,ug-180-095,109.188,2.22222,0.160276,0.211167,8,1
hermes_uni_closed,ug-180-095,109.688,2.22222,0.202338,0.234642,8,1
hermes_uni_closed,ug-180-095,110.188,2.77778,0.234884,0.280715,10,1
hermes_uni_closed,ug-180-095,110.688,2.5,0.183825,0.222893,9,1
hermes_uni_closed,ug-180-095,111.188,2.22222,0.148911,0.233972,8,1
hermes_uni_closed,ug-180-095,111.688,2.5,0.172176,0.211009,9,1
hermes_uni_closed,ug-180-095,112.188,2.22222,0.178799,0.223763,8,1
hermes_uni_closed,ug-180-095,112.688,2.5,0.195774,0.24535,9,1
hermes_uni_closed,ug-180-095,113.188,2.5,0.218924,0.265401,9,1
hermes_uni_closed,ug-180-095,113.688,1.94444,0.246293,0.292827,7,1
hermes_uni_closed,ug-180-095,114.188,1.94444,0.234024,0.272486,7,1
hermes_uni_closed,ug-180-095,114.688,1.94444,0.259396,0.295142,7,1
hermes_uni_closed,ug-180-095,115.188,2.22222,0.242644,0.269709,8,1
hermes_uni_closed,ug-180-095,115.688,2.5,0.234039,0.261202,9,1
hermes_uni_closed,ug-180-095,116.188,2.5,0.246542,0.266468,9,1
hermes_uni_closed,ug-180-095,116.688,2.22222,0.242584,0.283729,8,1
hermes_uni_closed,ug-180-095,117.188,2.5,0.274769,0.289272,9,1
hermes_uni_closed,ug-180-095,117.688,2.77778,0.286704,0.314079,10,1
hermes_uni_closed,ug-180-095,118.188,2.5,0.309427,0.323605,9,1
hermes_uni_closed,ug-180-095,118.688,2.5,0.319171,0.339465,9,1
hermes_uni_closed,ug-180-095,119.188,2.5,0.335177,0.340758,9,1
hermes_uni_closed,ug-180-095,119.688,2.5,0.34806,0.373093,9,1
hermes_uni_closed,ug-180-095,120.188,2.5,0.356132,0.364309,9,1
hermes_uni_closed,ug-180-095,120.688,2.77778,0.377009,0.397757,10,1
hermes_uni_closed,ug-180-095,121.188,2.77778,0.376767,0.393045,10,1
hermes_uni_closed,ug-180-095,121.688,2.77778,0.32992,0.338979,10,1
hermes_uni_closed,ug-180-095,122.188,2.5,0.329487,0.359825,9,1
hermes_uni_closed,ug-180-095,122.688,3.05556,0.332775,0.344317,11,1
hermes_uni_closed,ug-180-095,123.188,2.77778,0.306032,0.327275,10,1
hermes_uni_closed,ug-180-095,123.688,2.77778,0.313079,0.334581,10,1
hermes_uni_closed,ug-180-095,124.188,2.5,0.320386,0.341137,9,1
hermes_uni_closed,ug-180-095,124.688,3.05556,0.293453,0.31763,11,1
hermes_uni_closed,ug-180-095,125.188,2.5,0.276425,0.294798,9,1
hermes_uni_closed,ug-180-095,125.688,2.5,0.286515,0.308417,9,1
hermes_uni_closed,ug-180-095,126.188,2.77778,0.288566,0.302739,10,1
hermes_uni_closed,ug-180-095,126.688,2.5,0.304048,0.321265,9,1
hermes_uni_closed,ug-180-095,127.188,2.77778,0.305945,0.317624,10,1
hermes_uni_closed,ug-180-095,127.688,2.5,0.289369,0.304406,9,1
hermes_uni_closed,ug-180-095,128.188,2.77778,0.297882,0.311028,10,1
hermes_uni_closed,ug-180-095,128.688,2.77778,0.286491,0.306256,10,1
hermes_uni_closed,ug-180-095,129.188,2.22222,0.265316,0.276026,8,1
hermes_uni_closed,ug-180-095,129.688,2.5,0.243202,0.274119,9,1
hermes_uni_closed,ug-180-095,130.188,2.5,0.235047,0.246775,9,1
hermes_uni_closed,ug-180-095,130.688,2.77778,0.255231,0.283559,10,1
hermes_uni_closed,ug-180-095,131.188,2.77778,0.240492,0.268883,10,1
hermes_uni_closed,ug-180-095,131.688,2.5,0.247008,0.256492,9,1
hermes_uni_closed,ug-180-095,132.188,2.5,0.264487,0.29427,9,1
hermes_uni_closed,ug-180-095,132.688,2.5,0.248812,0.261683,9,1
hermes_uni_closed,ug-180-095,133.188,2.5,0.242816,0.280306,9,1
hermes_uni_closed,ug-180-095,133.688,2.22222,0.244698,0.259755,8,1
hermes_uni_closed,ug-180-095,134.188,2.77778,0.261596,0.292325,10,1
hermes_uni_closed,ug-180-095,134.688,2.77778,0.275129,0.286386,10,1
hermes_uni_closed,ug-180-095,135.188,2.22222,0.259956,0.28244,8,1
hermes_uni_closed,ug-180-095,135.688,2.5,0.269864,0.299152,9,1
hermes_uni_closed,ug-180-095,136.188,2.22222,0.297172,0.312782,8,1
hermes_uni_closed,ug-180-095,136.688,2.77778,0.330071,0.351548,10,1
hermes_uni_closed,ug-180-095,137.188,2.77778,0.321059,0.338073,10,1
hermes_uni_closed,ug-180-095,137.688,3.05556,0.293738,0.310998,11,1
hermes_uni_closed,ug-180-095,138.188,2.77778,0.282814,0.31217,10,1
hermes_uni_closed,ug-180-095,138.688,2.77778,0.272198,0.290121,10,1
hermes_uni_closed,ug-180-095,139.188,2.77778,0.273855,0.302297,10,1
hermes_uni_closed,ug-180-095,139.688,2.5,0.286253,0.299934,9,1
hermes_uni_closed,ug-180-095,140.188,2.77778,0.275827,0.308518,10,1
hermes_uni_closed,ug-180-095,140.688,2.77778,0.312094,0.324874,10,1
hermes_uni_closed,ug-180-095,141.188,2.5,0.33546,0.363114,9,1
hermes_uni_closed,ug-180-095,141.688,2.22222,0.360683,0.364835,8,1
hermes_uni_closed,ug-180-095,142.188,2.22222,0.394854,0.402595,8,1
hermes_uni_closed,ug-180-095,142.688,1.94444,0.408391,0.418976,7,1
hermes_uni_closed,ug-180-095,143.188,1.66667,0.430114,0.434921,6,1
hermes_uni_closed,ug-180-095,143.688,2.22222,0.416124,0.432058,8,1
hermes_uni_closed,ug-180-095,144.188,1.94444,0.448272,0.459639,7,1
hermes_uni_closed,ug-180-095,144.688,2.22222,0.473395,0.483074,8,1
hermes_uni_closed,ug-180-095,145.188,2.5,0.430127,0.452052,9,1
hermes_uni_closed,ug-180-095,145.688,1.66667,0.412609,0.433794,6,1
hermes_uni_closed,ug-180-095,146.188,1.94444,0.392846,0.397116,7,1
hermes_uni_closed,ug-180-095,146.688,2.5,0.353426,0.407907,9,1
hermes_uni_closed,ug-180-095,147.188,2.5,0.348242,0.364759,9,1
hermes_uni_closed,ug-180-095,147.688,2.77778,0.351837,0.373825,10,1
hermes_uni_closed,ug-180-095,148.188,2.77778,0.331264,0.342497,10,1
hermes_uni_closed,ug-180-095,148.688,2.5,0.300348,0.324843,9,1
hermes_uni_closed,ug-180-095,149.188,2.5,0.303076,0.321821,9,1
hermes_uni_closed,ug-180-095,149.688,2.77778,0.276662,0.307488,10,1
hermes_uni_closed,ug-180-095,150.188,2.5,0.266435,0.290895,9,1
hermes_uni_closed,ug-180-095,150.688,2.22222,0.240186,0.257048,8,1
hermes_uni_closed,ug-180-095,151.188,2.5,0.25629,0.285237,9,1
hermes_uni_closed,ug-180-095,151.688,2.77778,0.271922,0.286353,10,1
hermes_uni_closed,ug-180-095,152.188,2.77778,0.249853,0.285522,10,1
hermes_uni_closed,ug-180-095,152.688,2.5,0.240934,0.254117,9,1
hermes_uni_closed,ug-180-095,153.188,2.5,0.262318,0.293096,9,1
hermes_uni_closed,ug-180-095,153.688,2.22222,0.265201,0.274017,8,1
hermes_uni_closed,ug-180-095,154.188,2.77778,0.242892,0.287197,10,1
hermes_uni_closed,ug-180-095,154.688,2.77778,0.253828,0.26621,10,1
hermes_uni_closed,ug-180-095,155.188,2.77778,0.256396,0.283531,10,1
hermes_uni_closed,ug-180-095,155.688,2.77778,0.250189,0.273076,10,1
hermes_uni_closed,ug-180-095,156.188,2.77778,0.231532,0.264186,10,1
hermes_uni_closed,ug-180-095,156.688,2.5,0.218692,0.240584,9,1
hermes_uni_closed,ug-180-095,157.188,2.5,0.251025,0.280651,9,1
hermes_uni_closed,ug-180-095,157.688,2.77778,0.262082,0.277012,10,1
hermes_uni_closed,ug-180-095,158.188,2.77778,0.251585,0.286629,10,1
hermes_uni_closed,ug-180-095,158.688,2.77778,0.236763,0.264284,10,1
hermes_uni_closed,ug-180-095,159.188,2.5,0.239263,0.260428,9,1
hermes_uni_closed,ug-180-095,159.688,2.77778,0.224276,0.237533,10,1
hermes_uni_closed,ug-180-095,160.188,2.77778,0.215171,0.242726,10,1
hermes_uni_closed,ug-180-095,160.688,2.77778,0.215105,0.23158,10,1
hermes_uni_closed,ug-180-095,161.188,2.77778,0.228417,0.253431,10,1
hermes_uni_closed,ug-180-095,161.688,2.77778,0.238918,0.265125,10,1
hermes_uni_closed,ug-180-095,162.188,3.33333,0.250349,0.278534,12,1
hermes_uni_closed,ug-180-095,162.688,3.05556,0.253912,0.265199,11,1
hermes_uni_closed,ug-180-095,163.188,2.77778,0.246913,0.274367,10,1
hermes_uni_closed,ug-180-095,163.688,2.77778,0.244262,0.268524,10,1
hermes_uni_closed,ug-180-095,164.188,2.5,0.243274,0.268288,9,1
hermes_uni_closed,ug-180-095,164.688,2.5,0.240988,0.273569,9,1
hermes_uni_closed,ug-180-095,165.188,2.77778,0.250164,0.278437,10,1
hermes_uni_closed,ug-180-095,165.688,2.5,0.251684,0.285586,9,1
hermes_uni_closed,ug-180-095,166.188,2.22222,0.235259,0.26765,8,1
hermes_uni_closed,ug-180-095,166.688,2.5,0.249254,0.282203,9,1
hermes_uni_closed,ug-180-095,167.188,2.5,0.237819,0.282774,9,1
hermes_uni_closed,ug-180-095,167.688,2.22222,0.195979,0.219986,8,1
hermes_uni_closed,ug-180-095,168.188,2.5,0.220163,0.274156,9,1
hermes_uni_closed,ug-180-095,168.688,2.22222,0.228707,0.250487,8,1
hermes_uni_closed,ug-180-095,169.188,2.5,0.247194,0.293255,9,1
hermes_uni_closed,ug-180-095,169.688,2.5,0.252457,0.2948,9,1
hermes_uni_closed,ug-180-095,170.188,2.5,0.241448,0.282127,9,1
hermes_uni_closed,ug-180-095,170.688,2.5,0.251189,0.303021,9,1
hermes_uni_closed,ug-180-095,171.188,2.77778,0.237787,0.271151,10,1
hermes_uni_closed,ug-180-095,171.688,3.05556,0.232373,0.289284,11,1
hermes_uni_closed,ug-180-095,172.188,2.77778,0.258347,0.291943,10,1
hermes_uni_closed,ug-180-095,172.688,2.77778,0.286538,0.32344,10,1
hermes_uni_closed,ug-180-095,173.188,2.22222,0.261715,0.287704,8,1
hermes_uni_closed,ug-180-095,173.688,2.22222,0.215241,0.255128,8,1
hermes_uni_closed,ug-180-095,174.188,2.77778,0.234495,0.275508,10,1
hermes_uni_closed,ug-180-095,174.688,3.05556,0.261227,0.294348,11,1
hermes_uni_closed,ug-180-095,175.188,2.5,0.241507,0.267973,9,1
hermes_uni_closed,ug-180-095,175.688,2.5,0.228144,0.263644,9,1
hermes_uni_closed,ug-180-095,176.188,2.5,0.250293,0.2738,9,1
hermes_uni_closed,ug-180-095,176.688,2.77778,0.278088,0.306423,10,1
hermes_uni_closed,ug-180-095,177.188,2.77778,0.298099,0.326897,10,1
hermes_uni_closed,ug-180-095,177.688,2.5,0.299709,0.314754,9,1
hermes_uni_closed,ug-180-095,178.188,2.5,0.311166,0.326973,9,1
hermes_uni_closed,ug-180-095,178.688,2.77778,0.304055,0.332538,10,1
hermes_uni_closed,ug-180-095,179.188,3.05556,0.307848,0.320978,11,1
hermes_uni_closed,ug-180-095,179.688,2.5,0.311657,0.332208,9,1
hermes_uni_closed,ug-180-095,180.188,2.77778,0.3138,0.329305,10,1
hermes_uni_closed,ug-180-095,180.688,3.05556,0.323437,0.347923,11,1
hermes_uni_closed,ug-180-095,181.188,3.05556,0.332347,0.352899,11,1
hermes_uni_closed,ug-180-095,181.688,2.5,0.313048,0.334749,9,1
hermes_uni_closed,ug-180-095,182.188,2.77778,0.327806,0.341898,10,1
hermes_uni_closed,ug-180-095,182.688,2.77778,0.355477,0.385599,10,1
hermes_uni_closed,ug-180-095,183.188,2.5,0.337047,0.351526,9,1
hermes_uni_closed,ug-180-095,183.688,2.77778,0.344178,0.363967,10,1
hermes_uni_closed,ug-180-095,184.188,3.05556,0.394526,0.407935,11,1
hermes_uni_closed,ug-180-095,184.688,2.22222,0.397621,0.407055,8,1
hermes_uni_closed,ug-180-095,185.188,2.5,0.457218,0.4721,9,1
hermes_uni_closed,ug-180-095,185.688,2.5,0.490238,0.494166,9,1
hermes_uni_closed,ug-180-095,186.188,2.22222,0.523172,0.529775,8,1
hermes_uni_closed,ug-180-095,186.688,2.22222,0.63103,0.637902,8,1
hermes_uni_closed,ug-180-095,187.188,1.66667,0.644841,0.648117,6,1
hermes_uni_closed,ug-180-095,187.688,1.94444,0.645488,0.647941,7,1
hermes_uni_closed,ug-180-095,188.188,1.38889,0.676619,0.683426,5,1
hermes_uni_closed,ug-180-095,188.688,1.38889,0.716535,0.719001,5,1
hermes_uni_closed,ug-180-095,189.188,1.66667,0.660455,0.667209,6,1
hermes_uni_closed,ug-180-095,189.688,1.66667,0.730103,0.731386,6,1
hermes_uni_closed,ug-180-095,190.188,1.38889,0.748231,0.752675,5,1
hermes_uni_closed,ug-180-095,190.688,1.38889,0.755067,0.755582,5,1
hermes_uni_closed,ug-180-095,191.188,1.38889,0.817321,0.820319,5,1
hermes_uni_closed,ug-180-095,191.688,1.66667,0.847928,0.848641,6,1
hermes_uni_closed,ug-180-095,192.188,1.38889,0.842775,0.845473,5,1
hermes_uni_closed,ug-180-095,192.688,1.38889,0.819808,0.82751,5,1
hermes_uni_closed,ug-180-095,193.188,1.66667,0.818395,0.828682,6,1
hermes_uni_closed,ug-180-095,193.688,1.66667,0.857119,0.859063,6,1
hermes_uni_closed,ug-180-095,194.188,1.94444,0.888728,0.890377,7,1
hermes_uni_closed,ug-180-095,194.688,1.94444,0.885667,0.887252,7,1
hermes_uni_closed,ug-180-095,195.188,1.66667,0.885544,0.887262,6,1
hermes_uni_closed,ug-180-095,195.688,1.94444,0.871169,0.873664,7,1
hermes_uni_closed,ug-180-095,196.188,1.66667,0.849771,0.850649,6,1
hermes_uni_closed,ug-180-095,196.688,1.66667,0.878527,0.879191,6,1
hermes_uni_closed,ug-180-095,197.188,1.66667,0.88445,0.886657,6,1
hermes_uni_closed,ug-180-095,197.688,1.38889,0.893439,0.895032,5,1
hermes_uni_closed,ug-180-095,198.188,1.38889,0.863183,0.863915,5,1
hermes_uni_closed,ug-180-095,198.688,1.66667,0.892923,0.8956,6,1
hermes_uni_closed,ug-180-095,199.188,1.38889,0.899394,0.900574,5,1
hermes_uni_closed,ug-180-095,199.688,1.66667,0.905156,0.9079,6,1
hermes_uni_closed,ug-180-095,200.188,1.38889,0.878784,0.880477,5,1
hermes_uni_closed,ug-180-095,200.688,1.94444,0.882395,0.886679,7,1
hermes_uni_closed,ug-180-095,201.188,1.38889,0.865858,0.869096,5,1
hermes_uni_closed,ug-180-095,201.688,1.11111,0.854462,0.855636,4,1
hermes_uni_closed,ug-180-095,202.188,1.38889,0.911254,0.91566,5,1
hermes_uni_closed,ug-180-095,202.688,1.11111,0.855151,0.866756,4,1
hermes_uni_closed,ug-180-095,203.188,0.833333,0.873686,0.876814,3,1
hermes_uni_closed,ug-180-095,203.688,1.38889,0.898879,0.901008,5,1
hermes_uni_closed,ug-180-095,204.188,0.833333,0.870221,0.879806,3,1
hermes_uni_closed,ug-180-095,204.688,1.38889,0.914548,0.916617,5,1
hermes_uni_closed,ug-180-095,205.188,1.38889,0.910635,0.913168,5,1
hermes_uni_closed,ug-180-095,205.688,1.38889,0.912472,0.918113,5,1
hermes_uni_closed,ug-180-095,206.188,1.11111,0.833782,0.837924,4,1
hermes_uni_closed,ug-180-095,206.688,1.38889,0.84512,0.846152,5,1
hermes_uni_closed,ug-180-095,207.188,1.11111,0.899651,0.904086,4,0
hermes_uni_closed,ug-180-095,207.688,1.38889,0.846027,0.856574,5,0
hermes_uni_closed,ug-180-095,208.188,1.66667,0.847632,0.849088,6,0
hermes_uni_closed,ug-180-095,208.688,1.66667,0.868068,0.872435,6,0
hermes_uni_closed,ug-180-095,209.188,1.94444,0.903039,0.906879,7,0
hermes_uni_closed,ug-180-095,209.688,1.66667,0.890967,0.894311,6,0
hermes_uni_closed,ug-180-095,210.188,1.94444,0.866405,0.86717,7,0
hermes_uni_closed,ug-180-095,210.688,1.94444,0.876868,0.877365,7,0
hermes_uni_closed,ug-180-095,211.188,1.94444,0.914402,0.916376,7,0
hermes_uni_closed,ug-180-095,211.688,1.94444,0.90557,0.906374,7,0
hermes_uni_closed,ug-180-095,212.188,1.38889,0.852562,0.854393,5,0
hermes_uni_closed,ug-180-095,212.688,1.38889,0.861651,0.863167,5,0
hermes_uni_closed,ug-180-095,213.188,1.38889,0.857592,0.85844,5,0
hermes_uni_closed,ug-180-095,213.688,1.38889,0.86595,0.868258,5,0
hermes_uni_closed,ug-180-095,214.188,1.66667,0.850074,0.850528,6,0
hermes_uni_closed,ug-180-095,214.688,1.94444,0.841182,0.843115,7,0
hermes_uni_closed,ug-180-095,215.188,1.94444,0.816835,0.817316,7,0
hermes_uni_closed,ug-180-095,215.688,1.94444,0.79681,0.797279,7,0
hermes_uni_closed,ug-180-095,216.188,2.22222,0.784942,0.787867,8,0
hermes_uni_closed,ug-180-095,216.688,2.22222,0.782429,0.78377,8,0
hermes_uni_closed,ug-180-095,217.188,1.66667,0.798525,0.800567,6,0
hermes_uni_closed,ug-180-095,217.688,1.66667,0.796634,0.797768,6,0
hermes_uni_closed,ug-180-095,218.188,1.94444,0.813241,0.81422,7,0
hermes_uni_closed,ug-180-095,218.688,1.66667,0.812322,0.813835,6,0
hermes_uni_closed,ug-180-095,219.188,1.66667,0.794515,0.795098,6,0
hermes_uni_closed,ug-180-095,219.688,1.94444,0.777284,0.780348,7,0
hermes_uni_closed,ug-180-095,220.188,1.66667,0.754772,0.759799,6,0
hermes_uni_closed,ug-180-095,220.688,1.38889,0.743293,0.744243,5,0
hermes_uni_closed,ug-180-095,221.188,1.38889,0.749819,0.750785,5,0
hermes_uni_closed,ug-180-095,221.688,1.11111,0.764794,0.766032,4,0
hermes_uni_closed,ug-180-095,222.188,0.833333,0.803611,0.809797,3,0
hermes_uni_closed,ug-180-095,222.688,0.833333,0.786088,0.788574,3,0
hermes_uni_closed,ug-180-095,223.188,1.11111,0.765599,0.772846,4,0
hermes_uni_closed,ug-180-095,223.688,1.11111,0.75568,0.758307,4,0
hermes_uni_closed,ug-180-095,224.188,1.38889,0.801525,0.806687,5,0
hermes_uni_closed,ug-180-095,224.688,1.66667,0.853363,0.858912,6,0
hermes_uni_closed,ug-180-095,225.188,1.38889,0.820376,0.822981,5,0
hermes_uni_closed,ug-180-095,225.688,1.66667,0.830462,0.831413,6,0
hermes_uni_closed,ug-180-095,226.188,1.38889,0.854046,0.856159,5,0
hermes_uni_closed,ug-180-095,226.688,1.66667,0.841849,0.843266,6,0
hermes_uni_closed,ug-180-095,227.188,1.38889,0.834068,0.835852,5,0
hermes_uni_closed,ug-180-095,227.688,1.38889,0.83307,0.834649,5,0
hermes_uni_closed,ug-180-095,228.188,1.11111,0.882999,0.884773,4,0
hermes_uni_closed,ug-180-095,228.688,1.11111,0.899565,0.900608,4,0
hermes_uni_closed,ug-180-095,229.188,0.555556,0.91583,0.92208,2,0
hermes_uni_closed,ug-180-095,229.688,0.277778,0.977832,0.979255,1,0
hermes_uni_closed,ug-180-110,0.5,1.94444,-0.00348526,0.0309366,7,0
hermes_uni_closed,ug-180-110,1,1.94444,-0.0030477,0.0405666,7,0
hermes_uni_closed,ug-180-110,1.5,1.94444,-0.00411973,0.0377031,7,0
hermes_uni_closed,ug-180-110,2,1.94444,0.0121599,0.0423811,7,0
hermes_uni_closed,ug-180-110,2.5,1.94444,0.00193273,0.0306363,7,0
hermes_uni_closed,ug-180-110,3,1.94444,-0.0149423,0.0360314,7,0
hermes_uni_closed,ug-180-110,3.5,1.94444,-0.000529786,0.0157324,7,0
hermes_uni_closed,ug-180-110,4,1.94444,0.00253747,0.0142108,7,0
hermes_uni_closed,ug-180-110,4.5,1.94444,0.00478711,0.0159289,7,0
hermes_uni_closed,ug-180-110,5,1.94444,0.0106237,0.0162645,7,0
hermes_uni_closed,ug-180-110,5.5,1.94444,0.00842924,0.0137581,7,0
hermes_uni_closed,ug-180-110,6,1.94444,0.0128207,0.0174834,7,0
hermes_uni_closed,ug-180-110,6.5,1.94444,0.0240929,0.0372487,7,0
hermes_uni_closed,ug-180-110,7,1.94444,0.0340981,0.0452699,7,0
hermes_uni_closed,ug-180-110,7.5,2.22222,0.0897883,0.118765,8,0
hermes_uni_closed,ug-180-110,8,2.22222,0.142173,0.187098,8,0
hermes_uni_closed,ug-180-110,8.5,2.5,0.192227,0.2086,9,0
hermes_uni_closed,ug-180-110,9,2.5,0.205607,0.2666,9,0
hermes_uni_closed,ug-180-110,9.5,2.22222,0.233615,0.264606,8,0
hermes_uni_closed,ug-180-110,10,1.94444,0.248138,0.283522,7,0
hermes_uni_closed,ug-180-110,10.5,1.94444,0.273161,0.306794,7,0
hermes_uni_closed,ug-180-110,11,2.22222,0.288347,0.315669,8,0
hermes_uni_closed,ug-180-110,11.5,2.77778,0.274331,0.30738,10,0
hermes_uni_closed,ug-180-110,12,2.22222,0.261978,0.289852,8,0
hermes_uni_closed,ug-180-110,12.5,2.22222,0.245641,0.28184,8,0
hermes_uni_closed,ug-180-110,13,2.22222,0.230742,0.266841,8,0
hermes_uni_closed,ug-180-110,13.5,2.5,0.216184,0.244644,9,0
hermes_uni_closed,ug-180-110,14,2.5,0.225593,0.263349,9,0
hermes_uni_closed,ug-180-110,14.5,2.22222,0.227155,0.260973,8,0
hermes_uni_closed,ug-180-110,15,2.22222,0.234006,0.259257,8,0
hermes_uni_closed,ug-180-110,15.5,1.94444,0.232752,0.260249,7,0
hermes_uni_closed,ug-180-110,16,1.94444,0.234185,0.267496,7,0
hermes_uni_closed,ug-180-110,16.5,2.5,0.225595,0.240864,9,0
hermes_uni_closed,ug-180-110,17,2.5,0.200141,0.237947,9,0
hermes_uni_closed,ug-180-110,17.5,2.5,0.179899,0.200065,9,0
hermes_uni_closed,ug-180-110,18,2.5,0.142999,0.180501,9,0
hermes_uni_closed,ug-180-110,18.5,2.77778,0.108725,0.163837,10,0
hermes_uni_closed,ug-180-110,19,2.77778,0.0783731,0.118374,10,0
hermes_uni_closed,ug-180-110,19.5,3.05556,0.0518842,0.102495,11,0
hermes_uni_closed,ug-180-110,20,3.05556,0.0231773,0.0594127,11,0
hermes_uni_closed,ug-180-110,20.5,3.05556,0.0141856,0.0705941,11,1
hermes_uni_closed,ug-180-110,21,3.05556,0.0103116,0.0465769,11,1
hermes_uni_closed,ug-180-110,21.5,3.05556,0.00386573,0.0247251,11,1
hermes_uni_closed,ug-180-110,22,3.05556,-0.0047269,0.0352933,11,1
hermes_uni_closed,ug-180-110,22.5,3.05556,0.00693648,0.0317664,11,1
hermes_uni_closed,ug-180-110,23,3.05556,0.0179444,0.042513,11,1
hermes_uni_closed,ug-180-110,23.5,2.77778,0.00915194,0.0354615,10,1
hermes_uni_closed,ug-180-110,24,2.77778,0.0130463,0.0346041,10,1
hermes_uni_closed,ug-180-110,24.5,2.77778,0.0249842,0.0590365,10,1
hermes_uni_closed,ug-180-110,25,2.77778,0.0531095,0.0753139,10,1
hermes_uni_closed,ug-180-110,25.5,2.77778,0.0994233,0.132529,10,1
hermes_uni_closed,ug-180-110,26,2.77778,0.134562,0.150802,10,1
hermes_uni_closed,ug-180-110,26.5,2.22222,0.143512,0.17223,8,1
hermes_uni_closed,ug-180-110,27,1.94444,0.16528,0.197533,7,1
hermes_uni_closed,ug-180-110,27.5,1.94444,0.212019,0.241086,7,1
hermes_uni_closed,ug-180-110,28,1.94444,0.270705,0.294197,7,1
hermes_uni_closed,ug-180-110,28.5,1.94444,0.32639,0.340109,7,1
hermes_uni_closed,ug-180-110,29,1.94444,0.364924,0.37537,7,1
hermes_uni_closed,ug-180-110,29.5,2.22222,0.386532,0.397709,8,1
hermes_uni_closed,ug-180-110,30,2.22222,0.41543,0.423992,8,1
hermes_uni_closed,ug-180-110,30.5,2.22222,0.416213,0.431463,8,1
hermes_uni_closed,ug-180-110,31,1.94444,0.439063,0.450905,7,1
hermes_uni_closed,ug-180-110,31.5,1.94444,0.431058,0.437327,7,1
hermes_uni_closed,ug-180-110,32,1.94444,0.414846,0.425484,7,1
hermes_uni_closed,ug-180-110,32.5,1.94444,0.437108,0.449138,7,1
hermes_uni_closed,ug-180-110,33,2.22222,0.461039,0.47983,8,1
hermes_uni_closed,ug-180-110,33.5,2.5,0.444891,0.45499,9,1
hermes_uni_closed,ug-180-110,34,1.94444,0.422078,0.449505,7,1
hermes_uni_closed,ug-180-110,34.5,1.94444,0.434618,0.449856,7,1
hermes_uni_closed,ug-180-110,35,1.94444,0.470289,0.495739,7,1
hermes_uni_closed,ug-180-110,35.5,2.22222,0.489044,0.495315,8,1
hermes_uni_closed,ug-180-110,36,1.94444,0.517982,0.535659,7,1
hermes_uni_closed,ug-180-110,36.5,1.66667,0.542099,0.546462,6,1
hermes_uni_closed,ug-180-110,37,1.66667,0.546325,0.555629,6,1
hermes_uni_closed,ug-180-110,37.5,1.66667,0.544605,0.55164,6,1
hermes_uni_closed,ug-180-110,38,1.38889,0.524102,0.539566,5,1
hermes_uni_closed,ug-180-110,38.5,1.66667,0.544777,0.549124,6,1
hermes_uni_closed,ug-180-110,39,1.66667,0.553697,0.566313,6,1
hermes_uni_closed,ug-180-110,39.5,1.11111,0.561548,0.568418,4,1
hermes_uni_closed,ug-180-110,40,1.11111,0.600986,0.608998,4,1
hermes_uni_closed,ug-180-110,40.5,1.11111,0.593659,0.598482,4,1
hermes_uni_closed,ug-180-110,41,1.38889,0.612496,0.622559,5,1
hermes_uni_closed,ug-180-110,41.5,1.38889,0.61319,0.621156,5,1
hermes_uni_closed,ug-180-110,42,1.11111,0.646106,0.650655,4,1
hermes_uni_closed,ug-180-110,42.5,0.833333,0.631384,0.635979,3,1
hermes_uni_closed,ug-180-110,43,0.833333,0.58115,0.586748,3,1
hermes_uni_closed,ug-180-110,43.5,1.11111,0.53785,0.541032,4,1
hermes_uni_closed,ug-180-110,44,0.833333,0.436707,0.462171,3,1
hermes_uni_closed,ug-180-110,44.5,0.833333,0.532084,0.548084,3,1
hermes_uni_closed,ug-180-110,45,1.11111,0.510086,0.518266,4,1
hermes_uni_closed,ug-180-110,45.5,1.11111,0.536242,0.553944,4,1
hermes_uni_closed,ug-180-110,46,1.11111,0.535438,0.548452,4,1
hermes_uni_closed,ug-180-110,46.5,1.38889,0.474962,0.490325,5,1
hermes_uni_closed,ug-180-110,47,1.66667,0.458941,0.475382,6,1
hermes_uni_closed,ug-180-110,47.5,1.38889,0.462336,0.475451,5,1
hermes_uni_closed,ug-180-110,48,1.38889,0.451849,0.472484,5,1
hermes_uni_closed,ug-180-110,48.5,1.38889,0.419166,0.437468,5,1
hermes_uni_closed,ug-180-110,49,1.38889,0.392958,0.411116,5,1
hermes_uni_closed,ug-180-110,49.5,1.38889,0.398593,0.429155,5,1
hermes_uni_closed,ug-180-110,50,1.38889,0.357857,0.368684,5,1
hermes_uni_closed,ug-180-110,50.5,1.66667,0.337553,0.370454,6,1
hermes_uni_closed,ug-180-110,51,2.22222,0.345719,0.361081,8,1
hermes_uni_closed,ug-180-110,51.5,1.94444,0.326811,0.352071,7,1
hermes_uni_closed,ug-180-110,52,1.66667,0.296744,0.323214,6,1
hermes_uni_closed,ug-180-110,52.5,1.66667,0.281609,0.307024,6,1
hermes_uni_closed,ug-180-110,53,1.94444,0.282268,0.306943,7,1
hermes_uni_closed,ug-180-110,53.5,1.94444,0.305388,0.333631,7,1
hermes_uni_closed,ug-180-110,54,1.94444,0.296101,0.313749,7,1
hermes_uni_closed,ug-180-110,54.5,2.22222,0.259075,0.286127,8,1
hermes_uni_closed,ug-180-110,55,2.22222,0.183323,0.205884,8,1
hermes_uni_closed,ug-180-110,55.5,2.22222,0.112114,0.196001,8,1
hermes_uni_closed,ug-180-110,56,2.22222,0.0310985,0.169972,8,1
hermes_uni_closed,ug-180-110,56.5,2.22222,-0.0178897,0.106004,8,1
hermes_uni_closed,ug-180-110,57,2.5,0.0138162,0.069915,9,1
hermes_uni_closed,ug-180-110,57.5,2.5,0.035503,0.115039,9,1
hermes_uni_closed,ug-180-110,58,2.5,0.0342716,0.127274,9,1
hermes_uni_closed,ug-180-110,58.5,2.5,0.00475506,0.0628044,9,1
hermes_uni_closed,ug-180-110,59,2.5,-0.00312371,0.0505201,9,1
hermes_uni_closed,ug-180-110,59.5,2.5,0.00626838,0.0649952,9,1
hermes_uni_closed,ug-180-110,60,2.77778,-0.0195437,0.0637402,10,1
hermes_uni_closed,ug-180-110,60.5,2.5,-0.0348594,0.0596714,9,1
hermes_uni_closed,ug-180-110,61,2.5,-4.13667e-05,0.0727497,9,1
hermes_uni_closed,ug-180-110,61.5,2.5,0.0262008,0.0818841,9,1
hermes_uni_closed,ug-180-110,62,2.5,0.021213,0.0536586,9,1
hermes_uni_closed,ug-180-110,62.5,2.5,0.0162736,0.0322929,9,1
hermes_uni_closed,ug-180-110,63,2.77778,0.0101723,0.022166,10,1
hermes_uni_closed,ug-180-110,63.5,2.77778,0.0006689,0.0182497,10,1
hermes_uni_closed,ug-180-110,64,2.77778,-0.0040254,0.0310625,10,1
hermes_uni_closed,ug-180-110,64.5,2.5,-0.00993846,0.0447945,9,1
hermes_uni_closed,ug-180-110,65,2.5,-0.00818931,0.0367595,9,1
hermes_uni_closed,ug-180-110,65.5,2.5,-0.0133989,0.0301757,9,1
hermes_uni_closed,ug-180-110,66,2.77778,-0.0119127,0.0273291,10,1
hermes_uni_closed,ug-180-110,66.5,2.77778,-0.002622,0.0226433,10,1
hermes_uni_closed,ug-180-110,67,2.5,0.00788256,0.0321349,9,1
hermes_uni_closed,ug-180-110,67.5,2.5,0.0121497,0.0230802,9,1
hermes_uni_closed,ug-180-110,68,2.5,0.0155918,0.030837,9,1
hermes_uni_closed,ug-180-110,68.5,2.77778,0.0320294,0.0362185,10,1
hermes_uni_closed,ug-180-110,69,2.22222,0.0151189,0.0214814,8,1
hermes_uni_closed,ug-180-110,69.5,2.22222,0.0292149,0.0599684,8,1
hermes_uni_closed,ug-180-110,70,2.22222,0.0891329,0.12616,8,1
hermes_uni_closed,ug-180-110,70.5,2.22222,0.14983,0.169872,8,1
hermes_uni_closed,ug-180-110,71,2.22222,0.172181,0.218729,8,1
hermes_uni_closed,ug-180-110,71.5,2.22222,0.196467,0.252821,8,1
hermes_uni_closed,ug-180-110,72,1.66667,0.247522,0.277036,6,1
hermes_uni_closed,ug-180-110,72.5,1.66667,0.279463,0.327476,6,1
hermes_uni_closed,ug-180-110,73,1.66667,0.306241,0.319888,6,1
hermes_uni_closed,ug-180-110,73.5,1.66667,0.353031,0.383467,6,1
hermes_uni_closed,ug-180-110,74,1.94444,0.373326,0.392177,7,1
hermes_uni_closed,ug-180-110,74.5,1.94444,0.405337,0.417037,7,1
hermes_uni_closed,ug-180-110,75,1.66667,0.449683,0.470332,6,1
hermes_uni_closed,ug-180-110,75.5,1.94444,0.423072,0.439865,7,1
hermes_uni_closed,ug-180-110,76,1.66667,0.405752,0.42773,6,1
hermes_uni_closed,ug-180-110,76.5,1.94444,0.422871,0.439869,7,1
hermes_uni_closed,ug-180-110,77,1.94444,0.433613,0.45144,7,1
hermes_uni_closed,ug-180-110,77.5,1.38889,0.444885,0.453296,5,1
hermes_uni_closed,ug-180-110,78,1.38889,0.463428,0.476702,5,1
hermes_uni_closed,ug-180-110,78.5,1.66667,0.458824,0.466886,6,1
hermes_uni_closed,ug-180-110,79,1.38889,0.453231,0.462405,5,1
hermes_uni_closed,ug-180-110,79.5,1.38889,0.456273,0.465745,5,1
hermes_uni_closed,ug-180-110,80,1.38889,0.464332,0.47106,5,1
hermes_uni_closed,ug-180-110,80.5,1.66667,0.467899,0.475774,6,1
hermes_uni_closed,ug-180-110,81,1.38889,0.49552,0.506529,5,1
hermes_uni_closed,ug-180-110,81.5,1.11111,0.525748,0.532208,4,1
hermes_uni_closed,ug-180-110,82,1.38889,0.51598,0.523538,5,1
hermes_uni_closed,ug-180-110,82.5,1.66667,0.498691,0.505215,6,1
hermes_uni_closed,ug-180-110,83,1.38889,0.472562,0.488154,5,1
hermes_uni_closed,ug-180-110,83.5,1.38889,0.474908,0.485297,5,1
hermes_uni_closed,ug-180-110,84,1.66667,0.4697,0.475812,6,1
hermes_uni_closed,ug-180-110,84.5,1.38889,0.453262,0.484854,5,1
hermes_uni_closed,ug-180-110,85,1.66667,0.423342,0.440344,6,1
hermes_uni_closed,ug-180-110,85.5,1.66667,0.424599,0.452793,6,1
hermes_uni_closed,ug-180-110,86,1.66667,0.415387,0.439961,6,1
hermes_uni_closed,ug-180-110,86.5,1.38889,0.40254,0.427526,5,1
hermes_uni_closed,ug-180-110,87,1.38889,0.435733,0.463634,5,1
hermes_uni_closed,ug-180-110,87.5,1.66667,0.418874,0.452466,6,1
hermes_uni_closed,ug-180-110,88,1.94444,0.389265,0.404264,7,1
hermes_uni_closed,ug-180-110,88.5,1.94444,0.391048,0.41674,7,1
hermes_uni_closed,ug-180-110,89,1.66667,0.382108,0.397873,6,1
hermes_uni_closed,ug-180-110,89.5,1.94444,0.355795,0.391954,7,1
hermes_uni_closed,ug-180-110,90,1.94444,0.347985,0.372207,7,1
hermes_uni_closed,ug-180-110,90.5,1.66667,0.296307,0.308947,6,1
hermes_uni_closed,ug-180-110,91,1.66667,0.297653,0.327417,6,1
hermes_uni_closed,ug-180-110,91.5,1.94444,0.27614,0.296254,7,1
hermes_uni_closed,ug-180-110,92,1.66667,0.267167,0.299377,6,1
hermes_uni_closed,ug-180-110,92.5,1.66667,0.238484,0.275946,6,1
hermes_uni_closed,ug-180-110,93,1.38889,0.201687,0.229216,5,1
hermes_uni_closed,ug-180-110,93.5,1.66667,0.206643,0.259775,6,1
hermes_uni_closed,ug-180-110,94,1.38889,0.240776,0.293236,5,1
hermes_uni_closed,ug-180-110,94.5,1.11111,0.283416,0.311175,4,1
hermes_uni_closed,ug-180-110,95,1.11111,0.234408,0.277429,4,1
hermes_uni_closed,ug-180-110,95.5,1.66667,0.239965,0.310469,6,1
hermes_uni_closed,ug-180-110,96,1.94444,0.250048,0.280009,7,1
hermes_uni_closed,ug-180-110,96.5,1.94444,0.270345,0.315823,7,1
hermes_uni_closed,ug-180-110,97,1.66667,0.268543,0.301124,6,1
hermes_uni_closed,ug-180-110,97.5,1.66667,0.22057,0.271056,6,1
hermes_uni_closed,ug-180-110,98,1.66667,0.206675,0.236757,6,1
hermes_uni_closed,ug-180-110,98.5,2.22222,0.210717,0.249755,8,1
hermes_uni_closed,ug-180-110,99,2.5,0.181588,0.226973,9,1
hermes_uni_closed,ug-180-110,99.5,2.5,0.127166,0.16265,9,1
hermes_uni_closed,ug-180-110,100,2.5,0.100657,0.165993,9,1
hermes_uni_closed,ug-180-110,100.5,2.5,0.0698791,0.114591,9,1
hermes_uni_closed,ug-180-110,101,3.05556,0.0343311,0.106243,11,1
hermes_uni_closed,ug-180-110,101.5,3.05556,0.00763068,0.093277,11,1
hermes_uni_closed,ug-180-110,102,3.05556,0.00400787,0.0497987,11,1
hermes_uni_closed,ug-180-110,102.5,3.05556,0.0190673,0.0850974,11,1
hermes_uni_closed,ug-180-110,103,3.05556,0.0159156,0.0366822,11,1
hermes_uni_closed,ug-180-110,103.5,3.05556,-0.00406336,0.0444207,11,1
hermes_uni_closed,ug-180-110,104,3.05556,-0.0111988,0.045297,11,1
hermes_uni_closed,ug-180-110,104.5,3.05556,-0.0147575,0.05495,11,1
hermes_uni_closed,ug-180-110,105,3.05556,-0.0157754,0.0501594,11,1
hermes_uni_closed,ug-180-110,105.5,3.05556,-0.00451071,0.0506898,11,1
hermes_uni_closed,ug-180-110,106,3.05556,0.00719519,0.0561691,11,1
hermes_uni_closed,ug-180-110,106.5,3.05556,-0.0126574,0.0467109,11,1
hermes_uni_closed,ug-180-110,107,3.05556,-0.0170883,0.0490872,11,1
hermes_uni_closed,ug-180-110,107.5,3.05556,0.00451654,0.0362139,11,1
hermes_uni_closed,ug-180-110,108,3.05556,0.00345245,0.0314061,11,1
hermes_uni_closed,ug-180-110,108.5,3.05556,-0.000417834,0.0487962,11,1
hermes_uni_closed,ug-180-110,109,3.05556,-0.0041197,0.0439542,11,1
hermes_uni_closed,ug-180-110,109.5,3.05556,-0.0145034,0.0491539,11,1
hermes_uni_closed,ug-180-110,110,3.05556,-0.00808161,0.0612344,11,1
hermes_uni_closed,ug-180-110,110.5,2.77778,0.0261565,0.0652842,10,1
hermes_uni_closed,ug-180-110,111,3.05556,0.0339576,0.0665864,11,1
hermes_uni_closed,ug-180-110,111.5,3.05556,0.0177234,0.0480237,11,1
hermes_uni_closed,ug-180-110,112,3.05556,0.0140659,0.0475594,11,1
hermes_uni_closed,ug-180-110,112.5,3.05556,0.00838883,0.0350565,11,1
hermes_uni_closed,ug-180-110,113,3.05556,0.00431884,0.0343618,11,1
hermes_uni_closed,ug-180-110,113.5,2.77778,0.0311209,0.0550206,10,1
hermes_uni_closed,ug-180-110,114,2.77778,0.0895606,0.109849,10,1
hermes_uni_closed,ug-180-110,114.5,2.5,0.107077,0.132965,9,1
hermes_uni_closed,ug-180-110,115,2.5,0.0666114,0.106891,9,1
hermes_uni_closed,ug-180-110,115.5,2.5,0.0852923,0.143623,9,1
hermes_uni_closed,ug-180-110,116,2.5,0.151272,0.179739,9,1
hermes_uni_closed,ug-180-110,116.5,2.22222,0.226566,0.23783,8,1
hermes_uni_closed,ug-180-110,117,2.22222,0.306877,0.340445,8,1
hermes_uni_closed,ug-180-110,117.5,2.22222,0.363084,0.393588,8,1
hermes_uni_closed,ug-180-110,118,1.66667,0.379254,0.428572,6,1
hermes_uni_closed,ug-180-110,118.5,1.66667,0.41972,0.428329,6,1
hermes_uni_closed,ug-180-110,119,2.5,0.43983,0.457775,9,1
hermes_uni_closed,ug-180-110,119.5,2.22222,0.39917,0.419413,8,1
hermes_uni_closed,ug-180-110,120,1.94444,0.435637,0.461348,7,1
hermes_uni_closed,ug-180-110,120.5,2.5,0.437355,0.450462,9,1
hermes_uni_closed,ug-180-110,121,1.66667,0.455889,0.463766,6,1
hermes_uni_closed,ug-180-110,121.5,1.66667,0.477865,0.488208,6,1
hermes_uni_closed,ug-180-110,122,1.94444,0.517717,0.526433,7,1
hermes_uni_closed,ug-180-110,122.5,2.22222,0.475576,0.485412,8,1
hermes_uni_closed,ug-180-110,123,1.94444,0.389556,0.398878,7,1
hermes_uni_closed,ug-180-110,123.5,2.22222,0.41223,0.417326,8,1
hermes_uni_closed,ug-180-110,124,1.94444,0.396073,0.42186,7,1
hermes_uni_closed,ug-180-110,124.5,1.94444,0.392821,0.406928,7,1
hermes_uni_closed,ug-180-110,125,1.38889,0.421949,0.438435,5,1
hermes_uni_closed,ug-180-110,125.5,1.66667,0.409689,0.413261,6,1
hermes_uni_closed,ug-180-110,126,1.66667,0.401759,0.427363,6,1
hermes_uni_closed,ug-180-110,126.5,1.66667,0.382396,0.38555,6,1
hermes_uni_closed,ug-180-110,127,1.11111,0.355826,0.39254,4,1
hermes_uni_closed,ug-180-110,127.5,1.38889,0.360305,0.362408,5,1
hermes_uni_closed,ug-180-110,128,1.38889,0.393057,0.42043,5,1
hermes_uni_closed,ug-180-110,128.5,1.38889,0.372944,0.375555,5,1
hermes_uni_closed,ug-180-110,129,1.11111,0.337993,0.378194,4,1
hermes_uni_closed,ug-180-110,129.5,1.38889,0.326735,0.350628,5,1
hermes_uni_closed,ug-180-110,130,1.94444,0.32157,0.35305,7,1
hermes_uni_closed,ug-180-110,130.5,1.94444,0.28391,0.300119,7,1
hermes_uni_closed,ug-180-110,131,1.38889,0.285938,0.294093,5,1
hermes_uni_closed,ug-180-110,131.5,1.66667,0.279719,0.292232,6,1
hermes_uni_closed,ug-180-110,132,1.94444,0.253731,0.259903,7,1
hermes_uni_closed,ug-180-110,132.5,1.94444,0.241042,0.272082,7,1
hermes_uni_closed,ug-180-110,133,1.94444,0.243055,0.254931,7,1
hermes_uni_closed,ug-180-110,133.5,1.66667,0.243477,0.264741,6,1
hermes_uni_closed,ug-180-110,134,1.66667,0.259893,0.268332,6,1
hermes_uni_closed,ug-180-110,134.5,2.22222,0.269308,0.286298,8,1
hermes_uni_closed,ug-180-110,135,2.22222,0.273492,0.2833,8,1
hermes_uni_closed,ug-180-110,135.5,2.5,0.286446,0.29908,9,1
hermes_uni_closed,ug-180-110,136,2.22222,0.319021,0.331108,8,1
hermes_uni_closed,ug-180-110,136.5,1.94444,0.309825,0.329202,7,1
hermes_uni_closed,ug-180-110,137,1.94444,0.302833,0.310112,7,1
hermes_uni_closed,ug-180-110,137.5,1.66667,0.324313,0.331361,6,1
hermes_uni_closed,ug-180-110,138,1.66667,0.367134,0.378481,6,1
hermes_uni_closed,ug-180-110,138.5,1.38889,0.361021,0.369839,5,1
hermes_uni_closed,ug-180-110,139,1.66667,0.38795,0.410248,6,1
hermes_uni_closed,ug-180-110,139.5,1.66667,0.424975,0.431094,6,1
hermes_uni_closed,ug-180-110,140,1.38889,0.445653,0.458916,5,1
hermes_uni_closed,ug-180-110,140.5,1.66667,0.4016,0.428079,6,1
hermes_uni_closed,ug-180-110,141,1.38889,0.425224,0.451359,5,1
hermes_uni_closed,ug-180-110,141.5,1.38889,0.443747,0.456558,5,1
hermes_uni_closed,ug-180-110,142,1.38889,0.453576,0.477831,5,1
hermes_uni_closed,ug-180-110,142.5,1.66667,0.467602,0.47211,6,1
hermes_uni_closed,ug-180-110,143,1.94444,0.489623,0.497376,7,1
hermes_uni_closed,ug-180-110,143.5,1.38889,0.505624,0.527386,5,1
hermes_uni_closed,ug-180-110,144,1.38889,0.547474,0.550899,5,1
hermes_uni_closed,ug-180-110,144.5,1.94444,0.532806,0.543611,7,1
hermes_uni_closed,ug-180-110,145,1.66667,0.541267,0.547652,6,1
hermes_uni_closed,ug-180-110,145.5,1.38889,0.559066,0.561514,5,1
hermes_uni_closed,ug-180-110,146,1.38889,0.572452,0.58147,5,1
hermes_uni_closed,ug-180-110,146.5,1.38889,0.570503,0.574028,5,1
hermes_uni_closed,ug-180-110,147,1.38889,0.621707,0.635445,5,1
hermes_uni_closed,ug-180-110,147.5,1.38889,0.69216,0.69766,5,1
hermes_uni_closed,ug-180-110,148,1.38889,0.644548,0.652019,5,1
hermes_uni_closed,ug-180-110,148.5,1.38889,0.632198,0.634671,5,1
hermes_uni_closed,ug-180-110,149,1.38889,0.670015,0.674459,5,1
hermes_uni_closed,ug-180-110,149.5,1.38889,0.660749,0.661638,5,1
hermes_uni_closed,ug-180-110,150,1.38889,0.674886,0.677995,5,1
hermes_uni_closed,ug-180-110,150.5,1.66667,0.687182,0.691654,6,1
hermes_uni_closed,ug-180-110,151,1.38889,0.658572,0.66012,5,1
hermes_uni_closed,ug-180-110,151.5,1.66667,0.665475,0.669394,6,1
hermes_uni_closed,ug-180-110,152,1.38889,0.688521,0.691537,5,1
hermes_uni_closed,ug-180-110,152.5,1.66667,0.690104,0.69389,6,1
hermes_uni_closed,ug-180-110,153,1.94444,0.724729,0.728158,7,1
hermes_uni_closed,ug-180-110,153.5,2.22222,0.738003,0.748078,8,1
hermes_uni_closed,ug-180-110,154,1.94444,0.650436,0.662671,7,1
hermes_uni_closed,ug-180-110,154.5,1.66667,0.702561,0.705989,6,1
hermes_uni_closed,ug-180-110,155,1.38889,0.708499,0.712399,5,1
hermes_uni_closed,ug-180-110,155.5,1.94444,0.718939,0.725629,7,1
hermes_uni_closed,ug-180-110,156,1.66667,0.72804,0.733608,6,1
hermes_uni_closed,ug-180-110,156.5,1.38889,0.696039,0.699078,5,1
hermes_uni_closed,ug-180-110,157,0.833333,0.717387,0.723543,3,1
hermes_uni_closed,ug-180-110,157.5,1.38889,0.723961,0.728267,5,1
hermes_uni_closed,ug-180-110,158,1.11111,0.720307,0.723428,4,1
hermes_uni_closed,ug-180-110,158.5,0.555556,0.69318,0.69453,2,1
hermes_uni_closed,ug-180-110,159,1.11111,0.67964,0.687485,4,1
hermes_uni_closed,ug-180-110,159.5,1.11111,0.741122,0.743726,4,1
hermes_uni_closed,ug-180-110,160,1.11111,0.723241,0.734218,4,1
hermes_uni_closed,ug-180-110,160.5,1.38889,0.701848,0.704462,5,1
hermes_uni_closed,ug-180-110,161,1.38889,0.720781,0.728785,5,1
hermes_uni_closed,ug-180-110,161.5,1.38889,0.737454,0.743571,5,1
hermes_uni_closed,ug-180-110,162,1.11111,0.672914,0.681285,4,1
hermes_uni_closed,ug-180-110,162.5,1.11111,0.670087,0.693133,4,1
hermes_uni_closed,ug-180-110,163,1.11111,0.743626,0.75038,4,1
hermes_uni_closed,ug-180-110,163.5,0.833333,0.730046,0.753515,3,1
hermes_uni_closed,ug-180-110,164,1.38889,0.770383,0.777625,5,1
hermes_uni_closed,ug-180-110,164.5,1.38889,0.82185,0.834231,5,1
hermes_uni_closed,ug-180-110,165,1.11111,0.809407,0.819553,4,1
hermes_uni_closed,ug-180-110,165.5,1.11111,0.739208,0.743569,4,1
hermes_uni_closed,ug-180-110,166,1.11111,0.714171,0.724148,4,1
hermes_uni_closed,ug-180-110,166.5,0.555556,0.763132,0.765921,2,1
hermes_uni_closed,ug-180-110,167,1.11111,0.775348,0.777057,4,1
hermes_uni_closed,ug-180-110,167.5,1.11111,0.751203,0.752781,4,1
hermes_uni_closed,ug-180-110,168,0.555556,0.797376,0.797938,2,1
hermes_uni_closed,ug-180-110,168.5,0.555556,0.713143,0.722781,2,1
hermes_uni_closed,ug-180-110,169,0.555556,0.666718,0.667141,2,1
hermes_uni_closed,ug-180-110,169.5,0.277778,0.692799,0.692821,1,1
hermes_uni_closed,ug-180-110,170,0.833333,0.71795,0.722575,3,1
hermes_uni_closed,ug-180-110,170.5,0.833333,0.733977,0.738936,3,1
hermes_uni_closed,ug-180-110,171,1.38889,0.757554,0.764882,5,1
hermes_uni_closed,ug-180-110,171.5,1.66667,0.752224,0.756881,6,1
hermes_uni_closed,ug-180-110,172,1.66667,0.756424,0.76107,6,1
hermes_uni_closed,ug-180-110,172.5,1.11111,0.786906,0.791287,4,1
hermes_uni_closed,ug-180-110,173,1.11111,0.7644,0.774746,4,1
hermes_uni_closed,ug-180-110,173.5,1.66667,0.745415,0.748783,6,1
hermes_uni_closed,ug-180-110,174,1.11111,0.733692,0.738317,4,1
hermes_uni_closed,ug-180-110,174.5,1.11111,0.719556,0.72514,4,1
hermes_uni_closed,ug-180-110,175,1.11111,0.724111,0.726256,4,1
hermes_uni_closed,ug-180-110,175.5,1.38889,0.780999,0.781589,5,1
hermes_uni_closed,ug-180-110,176,1.11111,0.792413,0.797301,4,1
hermes_uni_closed,ug-180-110,176.5,0.833333,0.78132,0.782742,3,1
hermes_uni_closed,ug-180-110,177,0.833333,0.785545,0.788838,3,1
hermes_uni_closed,ug-180-110,177.5,1.11111,0.849224,0.853121,4,0
hermes_uni_closed,ug-180-110,178,0.555556,0.856649,0.860884,2,0
hermes_uni_closed,ug-180-110,178.5,0.555556,0.865728,0.865737,2,0
hermes_uni_closed,ug-180-110,179,0.833333,0.862225,0.864418,3,0
hermes_uni_closed,ug-180-110,179.5,0.555556,0.853629,0.854035,2,0
hermes_uni_closed,ug-180-110,180,0.555556,0.841847,0.844854,2,0
hermes_uni_closed,ug-180-110,180.5,0.833333,0.851629,0.854032,3,0
hermes_uni_closed,ug-180-110,181,0.833333,0.821495,0.822992,3,0
hermes_uni_closed,ug-180-110,181.5,0.833333,0.807103,0.810432,3,0
hermes_uni_closed,ug-180-110,182,1.11111,0.799432,0.805227,4,0
hermes_uni_closed,ug-180-110,182.5,1.11111,0.790457,0.792866,4,0
hermes_uni_closed,ug-180-110,183,1.11111,0.808335,0.812355,4,0
hermes_uni_closed,ug-180-110,183.5,0.833333,0.790015,0.797201,3,0
hermes_uni_closed,ug-180-110,184,1.11111,0.80289,0.802974,4,0
hermes_uni_closed,ug-180-110,184.5,1.38889,0.72065,0.734837,5,0
hermes_uni_closed,ug-180-110,185,1.11111,0.720243,0.728007,4,0
hermes_uni_closed,ug-180-110,185.5,0.833333,0.747755,0.772871,3,0
hermes_uni_closed,ug-180-110,186,1.38889,0.770939,0.783262,5,0
hermes_uni_closed,ug-180-110,186.5,1.11111,0.75677,0.762586,4,0
hermes_uni_closed,ug-180-110,187,1.38889,0.752613,0.762729,5,0
hermes_uni_closed,ug-180-110,187.5,0.833333,0.724878,0.728439,3,0
hermes_uni_closed,ug-180-110,188,1.38889,0.706587,0.707044,5,0
hermes_uni_closed,ug-180-110,188.5,0.833333,0.658282,0.666166,3,0
hermes_uni_closed,ug-180-110,189,0.833333,0.703876,0.70788,3,0
hermes_uni_closed,ug-180-110,189.5,1.38889,0.709417,0.715024,5,0
hermes_uni_closed,ug-180-110,190,1.38889,0.731382,0.733682,5,0
hermes_uni_closed,ug-180-110,190.5,0.833333,0.734207,0.745004,3,0
hermes_uni_closed,ug-180-110,191,0.833333,0.719028,0.721107,3,0
hermes_uni_closed,ug-180-110,191.5,0.833333,0.74962,0.752069,3,0
hermes_uni_closed,ug-180-110,192,1.11111,0.707387,0.708401,4,0
hermes_uni_closed,ug-180-110,192.5,1.11111,0.67964,0.689216,4,0
hermes_uni_closed,ug-180-110,193,1.11111,0.707166,0.710993,4,0
hermes_uni_closed,ug-180-110,193.5,0.833333,0.737103,0.741506,3,0
hermes_uni_closed,ug-180-110,194,0.833333,0.738909,0.744852,3,0
hermes_uni_closed,ug-180-110,194.5,1.11111,0.680649,0.682519,4,0
hermes_uni_closed,ug-180-110,195,0.833333,0.659892,0.663833,3,0
hermes_uni_closed,ug-180-110,195.5,0.555556,0.625586,0.635227,2,0
hermes_uni_closed,ug-180-110,196,0.555556,0.634336,0.637221,2,0
hermes_uni_closed,ug-180-110,196.5,0.555556,0.635918,0.636166,2,0
hermes_uni_closed,ug-180-110,197,0.555556,0.645487,0.651932,2,0
hermes_uni_closed,ug-180-110v2,0.5,0.555556,1.02031,1.02135,2,0
hermes_uni_closed,ug-180-110v2,1,0.555556,1.00258,1.00316,2,0
hermes_uni_closed,ug-180-110v2,2,0.277778,1.10366,1.10448,1,0
hermes_uni_closed,ug-180-110v2,2.5,0.833333,1.03717,1.03899,3,0
hermes_uni_closed,ug-180-110v2,3,0.833333,1.0485,1.05108,3,0
hermes_uni_closed,ug-180-110v2,3.5,1.38889,1.02271,1.0244,5,0
hermes_uni_closed,ug-180-110v2,4,1.38889,0.961788,0.966272,5,0
hermes_uni_closed,ug-180-110v2,4.5,0.833333,0.917929,0.920982,3,0
hermes_uni_closed,ug-180-110v2,5,1.11111,0.974869,0.975669,4,0
hermes_uni_closed,ug-180-110v2,5.5,1.11111,1.00101,1.00259,4,0
hermes_uni_closed,ug-180-110v2,6,0.833333,1.01371,1.01463,3,0
hermes_uni_closed,ug-180-110v2,6.5,0.833333,1.01615,1.02121,3,0
hermes_uni_closed,ug-180-110v2,7,1.11111,1.0953,1.09975,4,0
hermes_uni_closed,ug-180-110v2,7.5,0.833333,1.15539,1.16126,3,0
hermes_uni_closed,ug-180-110v2,8,1.11111,1.05122,1.05396,4,0
hermes_uni_closed,ug-180-110v2,8.5,1.11111,1.01714,1.02663,4,0
hermes_uni_closed,ug-180-110v2,9,1.11111,1.05169,1.05922,4,0
hermes_uni_closed,ug-180-110v2,9.5,1.11111,1.05635,1.05852,4,0
hermes_uni_closed,ug-180-110v2,10,1.38889,1.0415,1.04385,5,0
hermes_uni_closed,ug-180-110v2,10.5,1.11111,1.02393,1.02587,4,0
hermes_uni_closed,ug-180-110v2,11,0.555556,1.01064,1.01074,2,0
hermes_uni_closed,ug-180-110v2,11.5,1.11111,1.01799,1.01883,4,0
hermes_uni_closed,ug-180-110v2,12,0.833333,1.04052,1.04254,3,0
hermes_uni_closed,ug-180-110v2,12.5,0.833333,1.03029,1.03073,3,0
hermes_uni_closed,ug-180-110v2,13,1.38889,0.955797,0.958043,5,0
hermes_uni_closed,ug-180-110v2,13.5,1.11111,1.00996,1.01284,4,0
hermes_uni_closed,ug-180-110v2,14,1.11111,1.00585,1.00974,4,0
hermes_uni_closed,ug-180-110v2,14.5,0.555556,0.949091,0.952089,2,0
hermes_uni_closed,ug-180-110v2,15,0.555556,0.90366,0.904052,2,0
hermes_uni_closed,ug-180-110v2,15.5,0.555556,0.999628,1.00186,2,0
hermes_uni_closed,ug-180-110v2,16,0.833333,1.0199,1.02021,3,0
hermes_uni_closed,ug-180-110v2,16.5,0.833333,1.00693,1.0094,3,0
hermes_uni_closed,ug-180-110v2,17,0.555556,0.968494,0.969757,2,0
hermes_uni_closed,ug-180-110v2,17.5,1.11111,0.977477,0.979709,4,1
hermes_uni_closed,ug-180-110v2,18,0.833333,0.970533,0.973183,3,1
hermes_uni_closed,ug-180-110v2,18.5,1.11111,0.928033,0.928635,4,1
hermes_uni_closed,ug-180-110v2,19,1.38889,0.890096,0.891074,5,1
hermes_uni_closed,ug-180-110v2,19.5,1.38889,0.921583,0.924078,5,1
hermes_uni_closed,ug-180-110v2,20,1.38889,0.876904,0.883482,5,1
hermes_uni_closed,ug-180-110v2,20.5,0.833333,0.851878,0.860692,3,1
hermes_uni_closed,ug-180-110v2,21,1.38889,0.86936,0.871173,5,1
hermes_uni_closed,ug-180-110v2,21.5,1.11111,0.886502,0.887288,4,1
hermes_uni_closed,ug-180-110v2,22,1.11111,0.857701,0.860116,4,1
hermes_uni_closed,ug-180-110v2,22.5,1.66667,0.845309,0.849212,6,1
hermes_uni_closed,ug-180-110v2,23,1.38889,0.834778,0.838153,5,1
hermes_uni_closed,ug-180-110v2,23.5,1.66667,0.814262,0.818393,6,1
hermes_uni_closed,ug-180-110v2,24,1.94444,0.797236,0.799395,7,1
hermes_uni_closed,ug-180-110v2,24.5,1.66667,0.795214,0.796818,6,1
hermes_uni_closed,ug-180-110v2,25,1.11111,0.777677,0.779674,4,1
hermes_uni_closed,ug-180-110v2,25.5,1.38889,0.763771,0.7658,5,1
hermes_uni_closed,ug-180-110v2,26,1.11111,0.730414,0.733569,4,1
hermes_uni_closed,ug-180-110v2,26.5,0.555556,0.726657,0.730727,2,1
hermes_uni_closed,ug-180-110v2,27,0.555556,0.659523,0.661517,2,1
hermes_uni_closed,ug-180-110v2,27.5,1.11111,0.708892,0.718449,4,1
hermes_uni_closed,ug-180-110v2,28,1.11111,0.719772,0.724918,4,1
hermes_uni_closed,ug-180-110v2,28.5,0.833333,0.688853,0.69426,3,1
hermes_uni_closed,ug-180-110v2,29,0.833333,0.703918,0.705857,3,1
hermes_uni_closed,ug-180-110v2,29.5,1.11111,0.677025,0.684976,4,1
hermes_uni_closed,ug-180-110v2,30,1.66667,0.662168,0.66697,6,1
hermes_uni_closed,ug-180-110v2,30.5,1.11111,0.627001,0.63129,4,1
hermes_uni_closed,ug-180-110v2,31,1.11111,0.659698,0.676589,4,1
hermes_uni_closed,ug-180-110v2,31.5,1.66667,0.63567,0.640945,6,1
hermes_uni_closed,ug-180-110v2,32,1.66667,0.59191,0.6052,6,1
hermes_uni_closed,ug-180-110v2,32.5,1.94444,0.607062,0.617155,7,1
hermes_uni_closed,ug-180-110v2,33,1.38889,0.605569,0.610916,5,1
hermes_uni_closed,ug-180-110v2,33.5,1.94444,0.599219,0.607228,7,1
hermes_uni_closed,ug-180-110v2,34,1.94444,0.565192,0.575035,7,1
hermes_uni_closed,ug-180-110v2,34.5,1.66667,0.535748,0.542672,6,1
hermes_uni_closed,ug-180-110v2,35,1.66667,0.483979,0.504708,6,1
hermes_uni_closed,ug-180-110v2,35.5,1.66667,0.481359,0.48902,6,1
hermes_uni_closed,ug-180-110v2,36,1.38889,0.490514,0.509143,5,1
hermes_uni_closed,ug-180-110v2,36.5,1.66667,0.49341,0.507232,6,1
hermes_uni_closed,ug-180-110v2,37,1.94444,0.500059,0.513907,7,1
hermes_uni_closed,ug-180-110v2,37.5,1.38889,0.48999,0.498774,5,1
hermes_uni_closed,ug-180-110v2,38,1.38889,0.437605,0.447845,5,1
hermes_uni_closed,ug-180-110v2,38.5,1.38889,0.408802,0.425266,5,1
hermes_uni_closed,ug-180-110v2,39,1.66667,0.464837,0.47682,6,1
hermes_uni_closed,ug-180-110v2,39.5,1.66667,0.502323,0.519339,6,1
hermes_uni_closed,ug-180-110v2,40,1.38889,0.55475,0.564625,5,1
hermes_uni_closed,ug-180-110v2,40.5,1.94444,0.495904,0.507427,7,1
hermes_uni_closed,ug-180-110v2,41,1.94444,0.457976,0.469527,7,1
hermes_uni_closed,ug-180-110v2,41.5,1.94444,0.464541,0.472718,7,1
hermes_uni_closed,ug-180-110v2,42,1.94444,0.421319,0.447783,7,1
hermes_uni_closed,ug-180-110v2,42.5,2.5,0.431419,0.441586,9,1
hermes_uni_closed,ug-180-110v2,43,2.5,0.416983,0.437186,9,1
hermes_uni_closed,ug-180-110v2,43.5,2.22222,0.425032,0.434092,8,1
hermes_uni_closed,ug-180-110v2,44,2.5,0.43132,0.448348,9,1
hermes_uni_closed,ug-180-110v2,44.5,2.22222,0.415596,0.425153,8,1
hermes_uni_closed,ug-180-110v2,45,2.5,0.421611,0.441599,9,1
hermes_uni_closed,ug-180-110v2,45.5,2.22222,0.450749,0.459308,8,1
hermes_uni_closed,ug-180-110v2,46,2.5,0.420368,0.432496,9,1
hermes_uni_closed,ug-180-110v2,46.5,2.5,0.394351,0.407475,9,1
hermes_uni_closed,ug-180-110v2,47,2.5,0.398427,0.41442,9,1
hermes_uni_closed,ug-180-110v2,47.5,1.94444,0.427526,0.432177,7,1
hermes_uni_closed,ug-180-110v2,48,2.5,0.42414,0.438559,9,1
hermes_uni_closed,ug-180-110v2,48.5,2.22222,0.448942,0.453405,8,1
hermes_uni_closed,ug-180-110v2,49,1.94444,0.489577,0.493857,7,1
hermes_uni_closed,ug-180-110v2,49.5,2.22222,0.458823,0.471045,8,1
hermes_uni_closed,ug-180-110v2,50,2.22222,0.463151,0.468277,8,1
hermes_uni_closed,ug-180-110v2,50.5,2.22222,0.504122,0.517335,8,1
hermes_uni_closed,ug-180-110v2,51,2.22222,0.481432,0.49308,8,1
hermes_uni_closed,ug-180-110v2,51.5,1.94444,0.47965,0.487232,7,1
hermes_uni_closed,ug-180-110v2,52,2.5,0.43312,0.450251,9,1
hermes_uni_closed,ug-180-110v2,52.5,1.94444,0.406275,0.423306,7,1
hermes_uni_closed,ug-180-110v2,53,1.66667,0.417559,0.441744,6,1
hermes_uni_closed,ug-180-110v2,53.5,1.94444,0.411489,0.440064,7,1
hermes_uni_closed,ug-180-110v2,54,2.22222,0.402476,0.435786,8,1
hermes_uni_closed,ug-180-110v2,54.5,1.38889,0.420356,0.427956,5,1
hermes_uni_closed,ug-180-110v2,55,1.38889,0.450791,0.460514,5,1
hermes_uni_closed,ug-180-110v2,55.5,1.38889,0.466301,0.490171,5,1
hermes_uni_closed,ug-180-110v2,56,1.38889,0.462778,0.479787,5,1
hermes_uni_closed,ug-180-110v2,56.5,1.38889,0.482856,0.505746,5,1
hermes_uni_closed,ug-180-110v2,57,1.38889,0.51288,0.517567,5,1
hermes_uni_closed,ug-180-110v2,57.5,1.66667,0.486876,0.510859,6,1
hermes_uni_closed,ug-180-110v2,58,1.66667,0.444449,0.456373,6,1
hermes_uni_closed,ug-180-110v2,58.5,2.22222,0.487443,0.504701,8,1
hermes_uni_closed,ug-180-110v2,59,1.94444,0.48623,0.498251,7,1
hermes_uni_closed,ug-180-110v2,59.5,1.94444,0.503092,0.518965,7,1
hermes_uni_closed,ug-180-110v2,60,2.22222,0.494825,0.500309,8,1
hermes_uni_closed,ug-180-110v2,60.5,1.66667,0.479843,0.489134,6,1
hermes_uni_closed,ug-180-110v2,61,1.66667,0.456903,0.463971,6,1
hermes_uni_closed,ug-180-110v2,61.5,1.94444,0.46238,0.468262,7,1
hermes_uni_closed,ug-180-110v2,62,1.94444,0.467277,0.475182,7,1
hermes_uni_closed,ug-180-110v2,62.5,1.38889,0.454334,0.470971,5,1
hermes_uni_closed,ug-180-110v2,63,1.66667,0.455455,0.468397,6,1
hermes_uni_closed,ug-180-110v2,63.5,1.66667,0.389557,0.404607,6,1
hermes_uni_closed,ug-180-110v2,64,1.94444,0.361973,0.366692,7,1
hermes_uni_closed,ug-180-110v2,64.5,1.66667,0.221832,0.251629,6,1
hermes_uni_closed,ug-180-110v2,65,1.66667,0.103688,0.13672,6,1
hermes_uni_closed,ug-180-110v2,65.5,1.66667,0.0337361,0.0588336,6,1
hermes_uni_closed,ug-180-110v2,66,1.66667,0.025736,0.0353087,6,1
hermes_uni_closed,ug-180-110v2,66.5,1.66667,0.0108646,0.0315782,6,1
hermes_uni_closed,ug-180-110v2,67,1.94444,-0.0111125,0.0363304,7,1
hermes_uni_closed,ug-180-110v2,67.5,1.94444,-0.0144072,0.0278855,7,1
hermes_uni_closed,ug-180-110v2,68,1.94444,-0.00203987,0.0290824,7,1
hermes_uni_closed,ug-180-110v2,68.5,1.66667,0.0116874,0.0322476,6,1
hermes_uni_closed,ug-180-110v2,69,1.66667,0.0230956,0.0373673,6,1
hermes_uni_closed,ug-180-110v2,69.5,1.94444,0.0259251,0.0500411,7,1
hermes_uni_closed,ug-180-110v2,70,1.94444,0.000194413,0.0445351,7,1
hermes_uni_closed,ug-180-110v2,70.5,1.66667,0.0574843,0.106051,6,1
hermes_uni_closed,ug-180-110v2,71,1.94444,0.155236,0.190339,7,1
hermes_uni_closed,ug-180-110v2,71.5,1.94444,0.227862,0.265716,7,1
hermes_uni_closed,ug-180-110v2,72,1.94444,0.289635,0.322426,7,1
hermes_uni_closed,ug-180-110v2,72.5,1.66667,0.408246,0.425961,6,1
hermes_uni_closed,ug-180-110v2,73,1.66667,0.473329,0.482615,6,1
hermes_uni_closed,ug-180-110v2,73.5,1.66667,0.474958,0.491278,6,1
hermes_uni_closed,ug-180-110v2,74,1.94444,0.449239,0.453004,7,1
hermes_uni_closed,ug-180-110v2,74.5,1.94444,0.439868,0.452848,7,1
hermes_uni_closed,ug-180-110v2,75,2.5,0.459015,0.463059,9,1
hermes_uni_closed,ug-180-110v2,75.5,1.94444,0.426479,0.437251,7,1
hermes_uni_closed,ug-180-110v2,76,2.22222,0.436923,0.44671,8,1
hermes_uni_closed,ug-180-110v2,76.5,2.5,0.449046,0.455241,9,1
hermes_uni_closed,ug-180-110v2,77,2.22222,0.424118,0.435138,8,1
hermes_uni_closed,ug-180-110v2,77.5,2.5,0.429379,0.433429,9,1
hermes_uni_closed,ug-180-110v2,78,2.22222,0.455583,0.463947,8,1
hermes_uni_closed,ug-180-110v2,78.5,1.94444,0.461304,0.474087,7,1
hermes_uni_closed,ug-180-110v2,79,1.66667,0.492071,0.500647,6,1
hermes_uni_closed,ug-180-110v2,79.5,1.66667,0.514904,0.52117,6,1
hermes_uni_closed,ug-180-110v2,80,1.66667,0.540315,0.547303,6,1
hermes_uni_closed,ug-180-110v2,80.5,1.38889,0.547088,0.560827,5,1
hermes_uni_closed,ug-180-110v2,81,1.38889,0.546446,0.553732,5,1
hermes_uni_closed,ug-180-110v2,81.5,1.38889,0.56236,0.572626,5,1
hermes_uni_closed,ug-180-110v2,82,1.66667,0.583631,0.588001,6,1
hermes_uni_closed,ug-180-110v2,82.5,1.94444,0.562559,0.57012,7,1
hermes_uni_closed,ug-180-110v2,83,1.66667,0.585969,0.590898,6,1
hermes_uni_closed,ug-180-110v2,83.5,1.66667,0.567262,0.575657,6,1
hermes_uni_closed,ug-180-110v2,84,1.94444,0.524255,0.533725,7,1
hermes_uni_closed,ug-180-110v2,84.5,1.38889,0.547839,0.560034,5,1
hermes_uni_closed,ug-180-110v2,85,1.66667,0.570044,0.573482,6,1
hermes_uni_closed,ug-180-110v2,85.5,1.94444,0.57558,0.586781,7,1
hermes_uni_closed,ug-180-110v2,86,1.38889,0.584473,0.589211,5,1
hermes_uni_closed,ug-180-110v2,86.5,1.38889,0.604022,0.610338,5,1
hermes_uni_closed,ug-180-110v2,87,1.94444,0.581343,0.590154,7,1
hermes_uni_closed,ug-180-110v2,87.5,1.66667,0.540414,0.54663,6,1
hermes_uni_closed,ug-180-110v2,88,2.22222,0.553638,0.556019,8,1
hermes_uni_closed,ug-180-110v2,88.5,1.94444,0.58693,0.594312,7,1
hermes_uni_closed,ug-180-110v2,89,1.94444,0.558187,0.564872,7,1
hermes_uni_closed,ug-180-110v2,89.5,1.66667,0.552843,0.559556,6,1
hermes_uni_closed,ug-180-110v2,90,2.5,0.567021,0.577038,9,1
hermes_uni_closed,ug-180-110v2,90.5,1.94444,0.613916,0.615693,7,1
hermes_uni_closed,ug-180-110v2,91,1.94444,0.582805,0.589803,7,1
hermes_uni_closed,ug-180-110v2,91.5,1.94444,0.56092,0.565523,7,1
hermes_uni_closed,ug-180-110v2,92,1.94444,0.551695,0.558403,7,1
hermes_uni_closed,ug-180-110v2,92.5,1.94444,0.52852,0.535199,7,1
hermes_uni_closed,ug-180-110v2,93,1.66667,0.510504,0.515019,6,1
hermes_uni_closed,ug-180-110v2,93.5,1.66667,0.500453,0.506115,6,1
hermes_uni_closed,ug-180-110v2,94,1.94444,0.479211,0.486313,7,1
hermes_uni_closed,ug-180-110v2,94.5,1.66667,0.467472,0.478512,6,1
hermes_uni_closed,ug-180-110v2,95,1.94444,0.45258,0.465872,7,1
hermes_uni_closed,ug-180-110v2,95.5,1.66667,0.471927,0.479637,6,1
hermes_uni_closed,ug-180-110v2,96,1.66667,0.46916,0.488586,6,1
hermes_uni_closed,ug-180-110v2,96.5,1.66667,0.510221,0.520067,6,1
hermes_uni_closed,ug-180-110v2,97,1.94444,0.530563,0.547217,7,1
hermes_uni_closed,ug-180-110v2,97.5,1.66667,0.53381,0.543392,6,1
hermes_uni_closed,ug-180-110v2,98,1.94444,0.539201,0.550758,7,1
hermes_uni_closed,ug-180-110v2,98.5,1.94444,0.520312,0.529845,7,1
hermes_uni_closed,ug-180-110v2,99,1.38889,0.540634,0.551336,5,1
hermes_uni_closed,ug-180-110v2,99.5,1.11111,0.524659,0.538872,4,1
hermes_uni_closed,ug-180-110v2,100,1.66667,0.532422,0.538789,6,1
hermes_uni_closed,ug-180-110v2,100.5,1.94444,0.569011,0.57757,7,1
hermes_uni_closed,ug-180-110v2,101,1.66667,0.570577,0.574154,6,1
hermes_uni_closed,ug-180-110v2,101.5,1.38889,0.557772,0.565376,5,1
hermes_uni_closed,ug-180-110v2,102,1.38889,0.558585,0.568614,5,1
hermes_uni_closed,ug-180-110v2,102.5,1.38889,0.566739,0.571057,5,1
hermes_uni_closed,ug-180-110v2,103,1.66667,0.551176,0.572123,6,1
hermes_uni_closed,ug-180-110v2,103.5,1.66667,0.56759,0.57543,6,1
hermes_uni_closed,ug-180-110v2,104,1.66667,0.568216,0.583636,6,1
hermes_uni_closed,ug-180-110v2,104.5,1.38889,0.585098,0.594938,5,1
hermes_uni_closed,ug-180-110v2,105,1.66667,0.572463,0.589352,6,1
hermes_uni_closed,ug-180-110v2,105.5,1.38889,0.514256,0.542074,5,1
hermes_uni_closed,ug-180-110v2,106,1.38889,0.540455,0.549317,5,1
hermes_uni_closed,ug-180-110v2,106.5,1.38889,0.515806,0.534065,5,1
hermes_uni_closed,ug-180-110v2,107,1.66667,0.538522,0.548863,6,1
hermes_uni_closed,ug-180-110v2,107.5,1.38889,0.515168,0.527477,5,1
hermes_uni_closed,ug-180-110v2,108,1.66667,0.485918,0.496729,6,1
hermes_uni_closed,ug-180-110v2,108.5,1.94444,0.495422,0.505819,7,1
hermes_uni_closed,ug-180-110v2,109,1.66667,0.516208,0.526318,6,1
hermes_uni_closed,ug-180-110v2,109.5,1.66667,0.487088,0.497497,6,1
hermes_uni_closed,ug-180-110v2,110,1.38889,0.489949,0.498188,5,1
hermes_uni_closed,ug-180-110v2,110.5,1.94444,0.479337,0.500147,7,1
hermes_uni_closed,ug-180-110v2,111,1.66667,0.462315,0.469988,6,1
hermes_uni_closed,ug-180-110v2,111.5,1.94444,0.509677,0.523894,7,1
hermes_uni_closed,ug-180-110v2,112,1.66667,0.502638,0.517237,6,1
hermes_uni_closed,ug-180-110v2,112.5,1.38889,0.5064,0.510794,5,1
hermes_uni_closed,ug-180-110v2,113,1.66667,0.477278,0.490605,6,1
hermes_uni_closed,ug-180-110v2,113.5,1.94444,0.485361,0.490872,7,1
hermes_uni_closed,ug-180-110v2,114,1.94444,0.485138,0.502638,7,1
hermes_uni_closed,ug-180-110v2,114.5,1.66667,0.451183,0.45654,6,1
hermes_uni_closed,ug-180-110v2,115,1.94444,0.477291,0.481935,7,1
hermes_uni_closed,ug-180-110v2,115.5,2.22222,0.503588,0.510577,8,1
hermes_uni_closed,ug-180-110v2,116,2.22222,0.518831,0.525291,8,1
hermes_uni_closed,ug-180-110v2,116.5,2.77778,0.524744,0.532447,10,1
hermes_uni_closed,ug-180-110v2,117,2.22222,0.5184,0.520055,8,1
hermes_uni_closed,ug-180-110v2,117.5,1.94444,0.537285,0.548759,7,1
hermes_uni_closed,ug-180-110v2,118,2.5,0.526511,0.531965,9,1
hermes_uni_closed,ug-180-110v2,118.5,2.22222,0.508445,0.51129,8,1
hermes_uni_closed,ug-180-110v2,119,2.22222,0.504835,0.519082,8,1
hermes_uni_closed,ug-180-110v2,119.5,2.5,0.476379,0.488866,9,1
hermes_uni_closed,ug-180-110v2,120,1.94444,0.460717,0.467408,7,1
hermes_uni_closed,ug-180-110v2,120.5,1.94444,0.481167,0.49109,7,1
hermes_uni_closed,ug-180-110v2,121,1.94444,0.477122,0.494872,7,1
hermes_uni_closed,ug-180-110v2,121.5,1.94444,0.470245,0.479626,7,1
hermes_uni_closed,ug-180-110v2,122,2.22222,0.506984,0.517808,8,1
hermes_uni_closed,ug-180-110v2,122.5,2.22222,0.502976,0.511615,8,1
hermes_uni_closed,ug-180-110v2,123,2.22222,0.480472,0.486136,8,1
hermes_uni_closed,ug-180-110v2,123.5,2.5,0.459402,0.476785,9,1
hermes_uni_closed,ug-180-110v2,124,2.22222,0.468403,0.474762,8,1
hermes_uni_closed,ug-180-110v2,124.5,2.5,0.472248,0.484767,9,1
hermes_uni_closed,ug-180-110v2,125,2.5,0.462382,0.469608,9,1
hermes_uni_closed,ug-180-110v2,125.5,2.22222,0.455399,0.461534,8,1
hermes_uni_closed,ug-180-110v2,126,2.5,0.457613,0.472616,9,1
hermes_uni_closed,ug-180-110v2,126.5,2.22222,0.479313,0.488361,8,1
hermes_uni_closed,ug-180-110v2,127,1.94444,0.477772,0.483141,7,1
hermes_uni_closed,ug-180-110v2,127.5,2.5,0.46327,0.487193,9,1
hermes_uni_closed,ug-180-110v2,128,1.94444,0.470213,0.482602,7,1
hermes_uni_closed,ug-180-110v2,128.5,2.22222,0.456784,0.4705,8,1
hermes_uni_closed,ug-180-110v2,129,2.22222,0.484975,0.491272,8,1
hermes_uni_closed,ug-180-110v2,129.5,1.94444,0.527759,0.538899,7,1
hermes_uni_closed,ug-180-110v2,130,2.22222,0.484002,0.494484,8,1
hermes_uni_closed,ug-180-110v2,130.5,1.94444,0.505433,0.52173,7,1
hermes_uni_closed,ug-180-110v2,131,2.22222,0.541028,0.552978,8,1
hermes_uni_closed,ug-180-110v2,131.5,1.94444,0.568028,0.573347,7,1
hermes_uni_closed,ug-180-110v2,132,2.22222,0.616442,0.621913,8,1
hermes_uni_closed,ug-180-110v2,132.5,1.66667,0.627925,0.633059,6,1
hermes_uni_closed,ug-180-110v2,133,1.94444,0.653754,0.659931,7,1
hermes_uni_closed,ug-180-110v2,133.5,1.94444,0.66878,0.673838,7,1
hermes_uni_closed,ug-180-110v2,134,1.38889,0.694726,0.704266,5,1
hermes_uni_closed,ug-180-110v2,134.5,1.38889,0.691909,0.695162,5,1
hermes_uni_closed,ug-180-110v2,135,1.66667,0.703617,0.710398,6,1
hermes_uni_closed,ug-180-110v2,135.5,1.38889,0.697752,0.703924,5,1
hermes_uni_closed,ug-180-110v2,136,1.11111,0.686353,0.688001,4,1
hermes_uni_closed,ug-180-110v2,136.5,1.38889,0.71933,0.723267,5,1
hermes_uni_closed,ug-180-110v2,137,1.38889,0.698816,0.700573,5,1
hermes_uni_closed,ug-180-110v2,137.5,1.11111,0.715184,0.717262,4,1
hermes_uni_closed,ug-180-110v2,138,1.11111,0.72368,0.729798,4,1
hermes_uni_closed,ug-180-110v2,138.5,1.38889,0.724871,0.72767,5,1
hermes_uni_closed,ug-180-110v2,139,1.66667,0.751663,0.752261,6,1
hermes_uni_closed,ug-180-110v2,139.5,1.38889,0.758943,0.762609,5,1
hermes_uni_closed,ug-180-110v2,140,1.38889,0.803129,0.803897,5,1
hermes_uni_closed,ug-180-110v2,140.5,2.22222,0.774342,0.775544,8,1
hermes_uni_closed,ug-180-110v2,141,1.38889,0.726706,0.732176,5,1
hermes_uni_closed,ug-180-110v2,141.5,1.11111,0.681273,0.684291,4,1
hermes_uni_closed,ug-180-110v2,142,1.11111,0.657763,0.664575,4,1
hermes_uni_closed,ug-180-110v2,142.5,1.38889,0.758853,0.777109,5,1
hermes_uni_closed,ug-180-110v2,143,1.11111,0.810347,0.813267,4,1
hermes_uni_closed,ug-180-110v2,143.5,0.833333,0.777734,0.78483,3,1
hermes_uni_closed,ug-180-110v2,144,1.11111,0.793255,0.793717,4,1
hermes_uni_closed,ug-180-110v2,144.5,1.11111,0.762079,0.766822,4,1
hermes_uni_closed,ug-180-110v2,145,1.11111,0.767151,0.770753,4,1
hermes_uni_closed,ug-180-110v2,145.5,1.66667,0.771892,0.774901,6,1
hermes_uni_closed,ug-180-110v2,146,1.66667,0.775154,0.781841,6,1
hermes_uni_closed,ug-180-110v2,146.5,1.66667,0.802089,0.804874,6,1
hermes_uni_closed,ug-180-110v2,147,1.11111,0.798939,0.803364,4,1
hermes_uni_closed,ug-180-110v2,147.5,1.66667,0.864497,0.868146,6,1
hermes_uni_closed,ug-180-110v2,148,1.11111,0.840852,0.843141,4,1
hermes_uni_closed,ug-180-110v2,148.5,0.833333,0.80096,0.80262,3,1
hermes_uni_closed,ug-180-110v2,149,1.11111,0.799715,0.803797,4,1
hermes_uni_closed,ug-180-110v2,149.5,1.38889,0.810493,0.81347,5,1
hermes_uni_closed,ug-180-110v2,150,1.38889,0.805312,0.808287,5,1
hermes_uni_closed,ug-180-110v2,150.5,1.38889,0.862325,0.865952,5,1
hermes_uni_closed,ug-180-110v2,151,1.11111,0.893039,0.89584,4,1
hermes_uni_closed,ug-180-110v2,151.5,1.38889,0.810791,0.816699,5,1
hermes_uni_closed,ug-180-110v2,152,1.66667,0.788642,0.794622,6,1
hermes_uni_closed,ug-180-110v2,152.5,1.38889,0.82196,0.823611,5,1
hermes_uni_closed,ug-180-110v2,153,2.22222,0.837517,0.839829,8,1
hermes_uni_closed,ug-180-110v2,153.5,2.22222,0.840867,0.843962,8,1
hermes_uni_closed,ug-180-110v2,154,1.11111,0.840527,0.840984,4,0
hermes_uni_closed,ug-180-110v2,154.5,1.66667,0.823681,0.824968,6,0
hermes_uni_closed,ug-180-110v2,155,1.11111,0.827859,0.828825,4,0
hermes_uni_closed,ug-180-110v2,155.5,0.555556,0.833061,0.833639,2,0
hermes_uni_closed,ug-180-110v2,156,1.38889,0.830856,0.835213,5,0
hermes_uni_closed,ug-180-110v2,156.5,1.38889,0.848249,0.854088,5,0
hermes_uni_closed,ug-180-110v2,157,1.11111,0.920548,0.921692,4,0
hermes_uni_closed,ug-180-110v2,157.5,1.38889,0.891252,0.893124,5,0
hermes_uni_closed,ug-180-110v2,158,0.833333,0.849479,0.849999,3,0
hermes_uni_closed,ug-180-110v2,158.5,1.11111,0.832288,0.836856,4,0
hermes_uni_closed,ug-180-110v2,159,1.38889,0.803086,0.806941,5,0
hermes_uni_closed,ug-180-110v2,159.5,1.11111,0.788287,0.789048,4,0
hermes_uni_closed,ug-180-110v2,160,0.833333,0.745443,0.751434,3,0
hermes_uni_closed,ug-180-110v2,160.5,1.11111,0.732423,0.738512,4,0
hermes_uni_closed,ug-180-110v2,161,1.11111,0.704504,0.708373,4,0
hermes_uni_closed,ug-180-110v2,161.5,1.11111,0.699171,0.702422,4,0
hermes_uni_closed,ug-180-110v2,162,1.11111,0.701316,0.704927,4,0
hermes_uni_closed,ug-180-110v2,162.5,1.66667,0.718654,0.723651,6,0
hermes_uni_closed,ug-180-110v2,163,1.66667,0.756153,0.760264,6,0
hermes_uni_closed,ug-180-110v2,163.5,1.38889,0.76507,0.767505,5,0
hermes_uni_closed,ug-180-110v2,164,1.11111,0.748911,0.751614,4,0
hermes_uni_closed,ug-180-110v2,164.5,1.38889,0.725348,0.726278,5,0
hermes_uni_closed,ug-180-110v2,165,1.11111,0.704846,0.716133,4,0
hermes_uni_closed,ug-180-110v2,165.5,0.833333,0.727038,0.730065,3,0
hermes_uni_closed,ug-180-110v2,166,1.11111,0.727465,0.732474,4,0
hermes_uni_closed,ug-180-110v2,166.5,1.11111,0.705239,0.713267,4,0
hermes_uni_closed,ug-180-110v2,167,1.38889,0.717938,0.718572,5,0
hermes_uni_closed,ug-180-110v2,167.5,1.11111,0.737666,0.740331,4,0
hermes_uni_closed,ug-180-110v2,168,1.38889,0.768562,0.772195,5,0
hermes_uni_closed,ug-180-110v2,168.5,1.11111,0.821178,0.822281,4,0
hermes_uni_closed,ug-180-110v2,169,1.11111,0.799175,0.80133,4,0
hermes_uni_closed,ug-180-110v2,169.5,0.555556,0.737721,0.742615,2,0
hermes_uni_closed,ug-180-110v2,170,0.555556,0.698838,0.700602,2,0
hermes_uni_closed,ug-180-110v2,170.5,0.277778,0.678463,0.692102,1,0
hermes_uni_closed,ug-180-140,0.5,0.833333,1.21331,1.21374,3,0
hermes_uni_closed,ug-180-140,1,1.38889,1.27885,1.28029,5,0
hermes_uni_closed,ug-180-140,1.5,0.833333,1.29726,1.29829,3,0
hermes_uni_closed,ug-180-140,2,1.11111,1.30869,1.30956,4,0
hermes_uni_closed,ug-180-140,2.5,0.555556,1.30176,1.30182,2,0
hermes_uni_closed,ug-180-140,3,1.38889,1.30292,1.30382,5,0
hermes_uni_closed,ug-180-140,3.5,0.833333,1.31351,1.31412,3,0
hermes_uni_closed,ug-180-140,4,1.38889,1.30002,1.3015,5,0
hermes_uni_closed,ug-180-140,4.5,0.833333,1.30977,1.30979,3,0
hermes_uni_closed,ug-180-140,5,0.833333,1.26194,1.26294,3,0
hermes_uni_closed,ug-180-140,5.5,0.277778,1.27794,1.27805,1,0
hermes_uni_closed,ug-180-140,6,0.277778,1.23373,1.23373,1,0
hermes_uni_closed,ug-180-140,6.5,0.277778,1.25234,1.2527,1,0
hermes_uni_closed,ug-180-140,7,0.277778,1.27921,1.27967,1,0
hermes_uni_closed,ug-180-140,7.5,0.277778,1.23888,1.23911,1,0
hermes_uni_closed,ug-180-140,8,0.277778,1.17831,1.18073,1,0
hermes_uni_closed,ug-180-140,8.5,0.277778,1.15023,1.15049,1,0
hermes_uni_closed,ug-180-140,9,0.555556,1.13848,1.14312,2,0
hermes_uni_closed,ug-180-140,9.5,0.833333,1.17074,1.17201,3,0
hermes_uni_closed,ug-180-140,10,0.833333,1.16866,1.17079,3,0
hermes_uni_closed,ug-180-140,10.5,1.11111,1.20282,1.20442,4,0
hermes_uni_closed,ug-180-140,11,1.11111,1.29282,1.29501,4,0
hermes_uni_closed,ug-180-140,11.5,1.11111,1.30802,1.30897,4,0
hermes_uni_closed,ug-180-140,12,1.38889,1.27598,1.27674,5,0
hermes_uni_closed,ug-180-140,12.5,1.11111,1.25678,1.25776,4,0
hermes_uni_closed,ug-180-140,13,1.11111,1.24966,1.25228,4,0
hermes_uni_closed,ug-180-140,13.5,1.38889,1.21853,1.2194,5,0
hermes_uni_closed,ug-180-140,14,0.833333,1.21882,1.21887,3,0
hermes_uni_closed,ug-180-140,14.5,0.833333,1.2683,1.26954,3,0
hermes_uni_closed,ug-180-140,15,0.555556,1.35736,1.3611,2,0
hermes_uni_closed,ug-180-140,15.5,0.555556,1.24692,1.24971,2,0
hermes_uni_closed,ug-180-140,16,0.277778,1.35607,1.36121,1,0
hermes_uni_closed,ug-180-140,16.5,0.277778,1.34471,1.3452,1,0
hermes_uni_closed,ug-180-140,17,0.277778,1.30353,1.30447,1,0
hermes_uni_closed,ug-180-140,18.5,0.277778,1.24573,1.24575,1,0
hermes_uni_closed,ug-180-140,19,0.277778,1.24599,1.246,1,0
hermes_uni_closed,ug-180-140,19.5,0.833333,1.30739,1.30809,3,0
hermes_uni_closed,ug-180-140,20,0.555556,1.36289,1.36431,2,0
hermes_uni_closed,ug-180-140,20.5,1.11111,1.39479,1.39519,4,0
hermes_uni_closed,ug-180-140,21,0.555556,1.43808,1.43821,2,0
hermes_uni_closed,ug-180-140,21.5,0.555556,1.25552,1.25768,2,0
hermes_uni_closed,ug-180-140,22,0.555556,1.26309,1.26485,2,0
hermes_uni_closed,ug-180-140,22.5,0.555556,1.25424,1.25504,2,0
hermes_uni_closed,ug-180-140,23,0.277778,1.21837,1.22074,1,0
hermes_uni_closed,ug-180-140,23.5,0.277778,1.20985,1.21009,1,0
hermes_uni_closed,ug-180-140,24,0.833333,1.25618,1.25692,3,0
hermes_uni_closed,ug-180-140,24.5,0.833333,1.24105,1.2411,3,0
hermes_uni_closed,ug-180-140,25,0.833333,1.30642,1.30727,3,0
hermes_uni_closed,ug-180-140,25.5,0.555556,1.26157,1.26325,2,0
hermes_uni_closed,ug-180-140,26,0.833333,1.23893,1.23918,3,0
hermes_uni_closed,ug-180-140,26.5,0.833333,1.18159,1.18272,3,0
hermes_uni_closed,ug-180-140,27,1.38889,1.20053,1.20082,5,0
hermes_uni_closed,ug-180-140,27.5,1.11111,1.19162,1.19212,4,0
hermes_uni_closed,ug-180-140,28,1.66667,1.16275,1.16315,6,0
hermes_uni_closed,ug-180-140,28.5,0.833333,1.07375,1.07497,3,0
hermes_uni_closed,ug-180-140,29,1.38889,1.13464,1.1359,5,0
hermes_uni_closed,ug-180-140,29.5,1.66667,1.16338,1.16607,6,0
hermes_uni_closed,ug-180-140,30,1.38889,1.18406,1.187,5,0
hermes_uni_closed,ug-180-140,30.5,1.66667,1.2436,1.24424,6,1
hermes_uni_closed,ug-180-140,31,0.833333,1.28438,1.28727,3,1
hermes_uni_closed,ug-180-140,31.5,1.11111,1.24323,1.24465,4,1
hermes_uni_closed,ug-180-140,32,0.277778,1.29088,1.29211,1,1
hermes_uni_closed,ug-180-140,32.5,0.555556,1.16792,1.17176,2,1
hermes_uni_closed,ug-180-140,33,0.833333,1.21452,1.2163,3,1
hermes_uni_closed,ug-180-140,33.5,0.833333,1.17276,1.17346,3,1
hermes_uni_closed,ug-180-140,34,1.66667,1.15225,1.15288,6,1
hermes_uni_closed,ug-180-140,34.5,1.11111,1.15798,1.1588,4,1
hermes_uni_closed,ug-180-140,35,1.38889,1.17503,1.17564,5,1
hermes_uni_closed,ug-180-140,35.5,0.833333,1.13151,1.13218,3,1
hermes_uni_closed,ug-180-140,36,1.11111,1.12647,1.12731,4,1
hermes_uni_closed,ug-180-140,36.5,1.11111,1.12527,1.126,4,1
hermes_uni_closed,ug-180-140,37,1.11111,1.10819,1.10839,4,1
hermes_uni_closed,ug-180-140,37.5,1.11111,1.13551,1.13694,4,1
hermes_uni_closed,ug-180-140,38,1.38889,1.13591,1.1372,5,1
hermes_uni_closed,ug-180-140,38.5,1.11111,1.12912,1.13088,4,1
hermes_uni_closed,ug-180-140,39,0.833333,1.06356,1.06439,3,1
hermes_uni_closed,ug-180-140,39.5,1.11111,1.08516,1.08639,4,1
hermes_uni_closed,ug-180-140,40,0.833333,1.04551,1.04903,3,1
hermes_uni_closed,ug-180-140,40.5,1.11111,1.0868,1.08777,4,1
hermes_uni_closed,ug-180-140,41,1.38889,1.04592,1.04665,5,1
hermes_uni_closed,ug-180-140,41.5,1.11111,1.05787,1.05947,4,1
hermes_uni_closed,ug-180-140,42,0.833333,0.991571,0.994753,3,1
hermes_uni_closed,ug-180-140,42.5,1.11111,1.02254,1.02284,4,1
hermes_uni_closed,ug-180-140,43,1.38889,0.974873,0.977301,5,1
hermes_uni_closed,ug-180-140,43.5,1.38889,0.94306,0.943722,5,1
hermes_uni_closed,ug-180-140,44,1.38889,0.929387,0.93149,5,1
hermes_uni_closed,ug-180-140,44.5,1.66667,0.885898,0.889952,6,1
hermes_uni_closed,ug-180-140,45,1.38889,0.913881,0.915581,5,1
hermes_uni_closed,ug-180-140,45.5,1.66667,0.907238,0.909766,6,1
hermes_uni_closed,ug-180-140,46,1.11111,0.929625,0.93265,4,1
hermes_uni_closed,ug-180-140,46.5,1.11111,0.85547,0.856511,4,1
hermes_uni_closed,ug-180-140,47,1.11111,0.894361,0.896896,4,1
hermes_uni_closed,ug-180-140,47.5,1.11111,0.85435,0.855366,4,1
hermes_uni_closed,ug-180-140,48,1.38889,0.764321,0.766921,5,1
hermes_uni_closed,ug-180-140,48.5,1.38889,0.73707,0.738927,5,1
hermes_uni_closed,ug-180-140,49,1.38889,0.668721,0.671178,5,1
hermes_uni_closed,ug-180-140,49.5,1.38889,0.651538,0.652203,5,1
hermes_uni_closed,ug-180-140,50,1.66667,0.600768,0.604655,6,1
hermes_uni_closed,ug-180-140,50.5,1.11111,0.631756,0.638017,4,1
hermes_uni_closed,ug-180-140,51,1.38889,0.488393,0.496633,5,1
hermes_uni_closed,ug-180-140,51.5,1.66667,0.446572,0.45753,6,1
hermes_uni_closed,ug-180-140,52,1.66667,0.438346,0.443272,6,1
hermes_uni_closed,ug-180-140,52.5,1.94444,0.39057,0.399293,7,1
hermes_uni_closed,ug-180-140,53,1.38889,0.340478,0.350637,5,1
hermes_uni_closed,ug-180-140,53.5,1.66667,0.276031,0.303111,6,1
hermes_uni_closed,ug-180-140,54,1.94444,0.237067,0.258265,7,1
hermes_uni_closed,ug-180-140,54.5,1.94444,0.252959,0.29404,7,1
hermes_uni_closed,ug-180-140,55,1.94444,0.31178,0.328313,7,1
hermes_uni_closed,ug-180-140,55.5,1.94444,0.341018,0.360104,7,1
hermes_uni_closed,ug-180-140,56,1.94444,0.319427,0.346825,7,1
hermes_uni_closed,ug-180-140,56.5,1.66667,0.34868,0.367747,6,1
hermes_uni_closed,ug-180-140,57,1.94444,0.410017,0.429452,7,1
hermes_uni_closed,ug-180-140,57.5,2.22222,0.414324,0.424483,8,1
hermes_uni_closed,ug-180-140,58,2.22222,0.387711,0.398804,8,1
hermes_uni_closed,ug-180-140,58.5,2.22222,0.385478,0.400027,8,1
hermes_uni_closed,ug-180-140,59,2.22222,0.413851,0.431357,8,1
hermes_uni_closed,ug-180-140,59.5,1.94444,0.428406,0.44702,7,1
hermes_uni_closed,ug-180-140,60,1.94444,0.444824,0.451979,7,1
hermes_uni_closed,ug-180-140,60.5,2.22222,0.423369,0.436776,8,1
hermes_uni_closed,ug-180-140,61,1.94444,0.431876,0.445941,7,1
hermes_uni_closed,ug-180-140,61.5,1.66667,0.456251,0.468473,6,1
hermes_uni_closed,ug-180-140,62,1.94444,0.434948,0.452752,7,1
hermes_uni_closed,ug-180-140,62.5,2.22222,0.449346,0.460908,8,1
hermes_uni_closed,ug-180-140,63,2.22222,0.440094,0.453799,8,1
hermes_uni_closed,ug-180-140,63.5,1.94444,0.422291,0.430159,7,1
hermes_uni_closed,ug-180-140,64,2.22222,0.404566,0.419172,8,1
hermes_uni_closed,ug-180-140,64.5,1.94444,0.392086,0.408621,7,1
hermes_uni_closed,ug-180-140,65,1.94444,0.401857,0.414248,7,1
hermes_uni_closed,ug-180-140,65.5,2.77778,0.389611,0.398906,10,1
hermes_uni_closed,ug-180-140,66,2.77778,0.405998,0.417016,10,1
hermes_uni_closed,ug-180-140,66.5,2.5,0.421978,0.434693,9,1
hermes_uni_closed,ug-180-140,67,2.22222,0.440037,0.449373,8,1
hermes_uni_closed,ug-180-140,67.5,2.77778,0.396454,0.420398,10,1
hermes_uni_closed,ug-180-140,68,2.5,0.390839,0.403272,9,1
hermes_uni_closed,ug-180-140,68.5,2.77778,0.402747,0.413036,10,1
hermes_uni_closed,ug-180-140,69,2.5,0.418501,0.430998,9,1
hermes_uni_closed,ug-180-140,69.5,2.5,0.421955,0.428175,9,1
hermes_uni_closed,ug-180-140,70,2.5,0.406261,0.415989,9,1
hermes_uni_closed,ug-180-140,70.5,2.5,0.426394,0.434691,9,1
hermes_uni_closed,ug-180-140,71,2.5,0.406539,0.41571,9,1
hermes_uni_closed,ug-180-140,71.5,2.22222,0.40349,0.408432,8,1
hermes_uni_closed,ug-180-140,72,2.5,0.419073,0.427375,9,1
hermes_uni_closed,ug-180-140,72.5,2.22222,0.37823,0.391581,8,1
hermes_uni_closed,ug-180-140,73,2.22222,0.384012,0.395537,8,1
hermes_uni_closed,ug-180-140,73.5,2.22222,0.411357,0.42026,8,1
hermes_uni_closed,ug-180-140,74,2.22222,0.415434,0.429926,8,1
hermes_uni_closed,ug-180-140,74.5,2.22222,0.369906,0.393556,8,1
hermes_uni_closed,ug-180-140,75,2.5,0.39792,0.410817,9,1
hermes_uni_closed,ug-180-140,75.5,2.22222,0.432385,0.450988,8,1
hermes_uni_closed,ug-180-140,76,1.94444,0.410243,0.428841,7,1
hermes_uni_closed,ug-180-140,76.5,2.22222,0.419055,0.431833,8,1
hermes_uni_closed,ug-180-140,77,2.5,0.438792,0.459753,9,1
hermes_uni_closed,ug-180-140,77.5,1.94444,0.406308,0.413914,7,1
hermes_uni_closed,ug-180-140,78,1.66667,0.428607,0.437622,6,1
hermes_uni_closed,ug-180-140,78.5,1.66667,0.467975,0.477114,6,1
hermes_uni_closed,ug-180-140,79,1.94444,0.454305,0.466891,7,1
hermes_uni_closed,ug-180-140,79.5,1.38889,0.39292,0.416082,5,1
hermes_uni_closed,ug-180-140,80,1.94444,0.37238,0.397748,7,1
hermes_uni_closed,ug-180-140,80.5,1.94444,0.400003,0.419627,7,1
hermes_uni_closed,ug-180-140,81,1.94444,0.405042,0.427137,7,1
hermes_uni_closed,ug-180-140,81.5,1.66667,0.373411,0.397358,6,1
hermes_uni_closed,ug-180-140,82,1.94444,0.41277,0.423506,7,1
hermes_uni_closed,ug-180-140,82.5,2.22222,0.431432,0.443551,8,1
hermes_uni_closed,ug-180-140,83,1.94444,0.430001,0.445658,7,1
hermes_uni_closed,ug-180-140,83.5,1.94444,0.429765,0.434716,7,1
hermes_uni_closed,ug-180-140,84,2.22222,0.403313,0.419534,8,1
hermes_uni_closed,ug-180-140,84.5,2.22222,0.39042,0.403607,8,1
hermes_uni_closed,ug-180-140,85,2.22222,0.42149,0.432949,8,1
hermes_uni_closed,ug-180-140,85.5,2.22222,0.445744,0.452932,8,1
hermes_uni_closed,ug-180-140,86,2.22222,0.446375,0.464396,8,1
hermes_uni_closed,ug-180-140,86.5,1.66667,0.432267,0.440961,6,1
hermes_uni_closed,ug-180-140,87,1.38889,0.428146,0.438251,5,1
hermes_uni_closed,ug-180-140,87.5,1.94444,0.462096,0.471432,7,1
hermes_uni_closed,ug-180-140,88,1.94444,0.400836,0.426691,7,1
hermes_uni_closed,ug-180-140,88.5,1.66667,0.350232,0.362134,6,1
hermes_uni_closed,ug-180-140,89,1.94444,0.398977,0.424047,7,1
hermes_uni_closed,ug-180-140,89.5,1.94444,0.382041,0.400538,7,1
hermes_uni_closed,ug-180-140,90,1.94444,0.380066,0.411263,7,1
hermes_uni_closed,ug-180-140,90.5,1.94444,0.360013,0.374707,7,1
hermes_uni_closed,ug-180-140,91,1.94444,0.349753,0.378613,7,1
hermes_uni_closed,ug-180-140,91.5,2.5,0.341079,0.357395,9,1
hermes_uni_closed,ug-180-140,92,2.5,0.319147,0.35646,9,1
hermes_uni_closed,ug-180-140,92.5,2.77778,0.270367,0.302867,10,1
hermes_uni_closed,ug-180-140,93,2.5,0.231899,0.259638,9,1
hermes_uni_closed,ug-180-140,93.5,2.77778,0.280746,0.292668,10,1
hermes_uni_closed,ug-180-140,94,2.77778,0.300104,0.319282,10,1
hermes_uni_closed,ug-180-140,94.5,2.77778,0.301707,0.312909,10,1
hermes_uni_closed,ug-180-140,95,2.5,0.325846,0.343863,9,1
hermes_uni_closed,ug-180-140,95.5,2.77778,0.316891,0.331206,10,1
hermes_uni_closed,ug-180-140,96,2.22222,0.31569,0.333394,8,1
hermes_uni_closed,ug-180-140,96.5,2.5,0.341599,0.359975,9,1
hermes_uni_closed,ug-180-140,97,2.22222,0.327295,0.343561,8,1
hermes_uni_closed,ug-180-140,97.5,2.22222,0.310707,0.336311,8,1
hermes_uni_closed,ug-180-140,98,2.22222,0.274419,0.291367,8,1
hermes_uni_closed,ug-180-140,98.5,2.22222,0.264359,0.294518,8,1
hermes_uni_closed,ug-180-140,99,2.22222,0.278123,0.294891,8,1
hermes_uni_closed,ug-180-140,99.5,2.5,0.28522,0.308647,9,1
hermes_uni_closed,ug-180-140,100,2.5,0.27468,0.294503,9,1
hermes_uni_closed,ug-180-140,100.5,2.77778,0.248268,0.266255,10,1
hermes_uni_closed,ug-180-140,101,3.05556,0.250764,0.278527,11,1
hermes_uni_closed,ug-180-140,101.5,2.5,0.266755,0.283343,9,1
hermes_uni_closed,ug-180-140,102,2.5,0.261546,0.284838,9,1
hermes_uni_closed,ug-180-140,102.5,2.5,0.243053,0.275314,9,1
hermes_uni_closed,ug-180-140,103,2.5,0.267462,0.284501,9,1
hermes_uni_closed,ug-180-140,103.5,2.77778,0.270402,0.302441,10,1
hermes_uni_closed,ug-180-140,104,2.5,0.24735,0.269963,9,1
hermes_uni_closed,ug-180-140,104.5,2.22222,0.248025,0.270733,8,1
hermes_uni_closed,ug-180-140,105,2.5,0.22445,0.26184,9,1
hermes_uni_closed,ug-180-140,105.5,2.77778,0.183043,0.208377,10,1
hermes_uni_closed,ug-180-140,106,3.05556,0.162455,0.195523,11,1
hermes_uni_closed,ug-180-140,106.5,2.77778,0.160174,0.19183,10,1
hermes_uni_closed,ug-180-140,107,2.5,0.172265,0.201101,9,1
hermes_uni_closed,ug-180-140,107.5,2.77778,0.159064,0.18218,10,1
hermes_uni_closed,ug-180-140,108,3.05556,0.129056,0.178431,11,1
hermes_uni_closed,ug-180-140,108.5,3.05556,0.144574,0.171199,11,1
hermes_uni_closed,ug-180-140,109,3.05556,0.161991,0.212999,11,1
hermes_uni_closed,ug-180-140,109.5,3.05556,0.151557,0.185533,11,1
hermes_uni_closed,ug-180-140,110,2.77778,0.14509,0.189621,10,1
hermes_uni_closed,ug-180-140,110.5,2.22222,0.142847,0.176497,8,1
hermes_uni_closed,ug-180-140,111,2.22222,0.18199,0.244796,8,1
hermes_uni_closed,ug-180-140,111.5,2.77778,0.183633,0.213258,10,1
hermes_uni_closed,ug-180-140,112,3.05556,0.186365,0.228238,11,1
hermes_uni_closed,ug-180-140,112.5,2.77778,0.164075,0.209481,10,1
hermes_uni_closed,ug-180-140,113,2.77778,0.162068,0.185273,10,1
hermes_uni_closed,ug-180-140,113.5,2.77778,0.180267,0.210295,10,1
hermes_uni_closed,ug-180-140,114,2.77778,0.165557,0.19446,10,1
hermes_uni_closed,ug-180-140,114.5,2.77778,0.150167,0.174719,10,1
hermes_uni_closed,ug-180-140,115,3.05556,0.148065,0.188976,11,1
hermes_uni_closed,ug-180-140,115.5,2.77778,0.14594,0.180789,10,1
hermes_uni_closed,ug-180-140,116,2.77778,0.143625,0.165702,10,1
hermes_uni_closed,ug-180-140,116.5,3.33333,0.15429,0.191751,12,1
hermes_uni_closed,ug-180-140,117,3.33333,0.120017,0.151225,12,1
hermes_uni_closed,ug-180-140,117.5,3.61111,0.12189,0.155727,13,1
hermes_uni_closed,ug-180-140,118,3.88889,0.125262,0.165839,14,1
hermes_uni_closed,ug-180-140,118.5,3.88889,0.152187,0.207988,14,1
hermes_uni_closed,ug-180-140,119,3.33333,0.176683,0.184916,12,1
hermes_uni_closed,ug-180-140,119.5,3.61111,0.171534,0.216435,13,1
hermes_uni_closed,ug-180-140,120,3.61111,0.18363,0.211442,13,1
hermes_uni_closed,ug-180-140,120.5,3.61111,0.204583,0.22979,13,1
hermes_uni_closed,ug-180-140,121,3.61111,0.154748,0.190898,13,1
hermes_uni_closed,ug-180-140,121.5,3.05556,0.0883082,0.113846,11,1
hermes_uni_closed,ug-180-140,122,3.05556,0.047232,0.0752842,11,1
hermes_uni_closed,ug-180-140,122.5,3.05556,0.0403999,0.0736208,11,1
hermes_uni_closed,ug-180-140,123,3.05556,0.0523025,0.074959,11,1
hermes_uni_closed,ug-180-140,123.5,3.05556,0.0569307,0.0844463,11,1
hermes_uni_closed,ug-180-140,124,3.05556,0.0776459,0.0903446,11,1
hermes_uni_closed,ug-180-140,124.5,3.33333,0.0927439,0.105052,12,1
hermes_uni_closed,ug-180-140,125,3.61111,0.109443,0.136453,13,1
hermes_uni_closed,ug-180-140,125.5,3.33333,0.110171,0.132228,12,1
hermes_uni_closed,ug-180-140,126,3.05556,0.128723,0.158265,11,1
hermes_uni_closed,ug-180-140,126.5,2.77778,0.166527,0.176097,10,1
hermes_uni_closed,ug-180-140,127,2.77778,0.206097,0.222889,10,1
hermes_uni_closed,ug-180-140,127.5,2.77778,0.227888,0.242587,10,1
hermes_uni_closed,ug-180-140,128,2.5,0.236763,0.254281,9,1
hermes_uni_closed,ug-180-140,128.5,2.5,0.218939,0.232178,9,1
hermes_uni_closed,ug-180-140,129,2.77778,0.20675,0.240893,10,1
hermes_uni_closed,ug-180-140,129.5,2.5,0.164259,0.177604,9,1
hermes_uni_closed,ug-180-140,130,2.77778,0.177401,0.197871,10,1
hermes_uni_closed,ug-180-140,130.5,2.77778,0.165224,0.194238,10,1
hermes_uni_closed,ug-180-140,131,2.77778,0.106495,0.152721,10,1
hermes_uni_closed,ug-180-140,131.5,2.77778,0.115514,0.146771,10,1
hermes_uni_closed,ug-180-140,132,2.5,0.10978,0.150023,9,1
hermes_uni_closed,ug-180-140,132.5,2.77778,0.091444,0.14214,10,1
hermes_uni_closed,ug-180-140,133,2.22222,0.0925777,0.127403,8,1
hermes_uni_closed,ug-180-140,133.5,2.22222,0.142942,0.172276,8,1
hermes_uni_closed,ug-180-140,134,2.22222,0.210123,0.246198,8,1
hermes_uni_closed,ug-180-140,134.5,1.66667,0.2631,0.274019,6,1
hermes_uni_closed,ug-180-140,135,1.66667,0.274,0.314871,6,1
hermes_uni_closed,ug-180-140,135.5,1.66667,0.259501,0.274007,6,1
hermes_uni_closed,ug-180-140,136,1.66667,0.2733,0.315266,6,1
hermes_uni_closed,ug-180-140,136.5,1.66667,0.277429,0.285971,6,1
hermes_uni_closed,ug-180-140,137,1.66667,0.258941,0.298327,6,1
hermes_uni_closed,ug-180-140,137.5,1.66667,0.208435,0.226282,6,1
hermes_uni_closed,ug-180-140,138,1.94444,0.237589,0.269109,7,1
hermes_uni_closed,ug-180-140,138.5,1.94444,0.223897,0.24843,7,1
hermes_uni_closed,ug-180-140,139,1.94444,0.187676,0.226048,7,1
hermes_uni_closed,ug-180-140,139.5,1.94444,0.163608,0.199484,7,1
hermes_uni_closed,ug-180-140,140,2.22222,0.163676,0.217016,8,1
hermes_uni_closed,ug-180-140,140.5,2.5,0.134541,0.171988,9,1
hermes_uni_closed,ug-180-140,141,2.5,0.0900923,0.123916,9,1
hermes_uni_closed,ug-180-140,141.5,2.77778,0.0632394,0.0972565,10,1
hermes_uni_closed,ug-180-140,142,3.05556,0.055191,0.102605,11,1
hermes_uni_closed,ug-180-140,142.5,3.33333,0.0513705,0.0637423,12,1
hermes_uni_closed,ug-180-140,143,3.33333,0.0222258,0.0604643,12,1
hermes_uni_closed,ug-180-140,143.5,3.33333,0.0235908,0.0591078,12,1
hermes_uni_closed,ug-180-140,144,3.05556,0.0311431,0.0687225,11,1
hermes_uni_closed,ug-180-140,144.5,2.5,0.0293578,0.0498969,9,1
hermes_uni_closed,ug-180-140,145,2.5,0.0509535,0.0994894,9,1
hermes_uni_closed,ug-180-140,145.5,2.5,0.0858036,0.144755,9,1
hermes_uni_closed,ug-180-140,146,2.5,0.149427,0.192567,9,1
hermes_uni_closed,ug-180-140,146.5,2.5,0.210142,0.22679,9,1
hermes_uni_closed,ug-180-140,147,2.22222,0.225087,0.259021,8,1
hermes_uni_closed,ug-180-140,147.5,2.5,0.233498,0.25737,9,1
hermes_uni_closed,ug-180-140,148,2.5,0.206819,0.255385,9,1
hermes_uni_closed,ug-180-140,148.5,2.5,0.166123,0.203252,9,1
hermes_uni_closed,ug-180-140,149,2.5,0.134099,0.192478,9,1
hermes_uni_closed,ug-180-140,149.5,3.05556,0.118046,0.151925,11,1
hermes_uni_closed,ug-180-140,150,3.33333,0.0769994,0.130773,12,1
hermes_uni_closed,ug-180-140,150.5,3.33333,0.0497662,0.115604,12,1
hermes_uni_closed,ug-180-140,151,3.33333,0.0444604,0.0885339,12,1
hermes_uni_closed,ug-180-140,151.5,3.33333,0.0499693,0.0907462,12,1
hermes_uni_closed,ug-180-140,152,3.05556,0.0261978,0.0573644,11,1
hermes_uni_closed,ug-180-140,152.5,3.05556,0.0228328,0.0676111,11,1
hermes_uni_closed,ug-180-140,153,3.05556,0.0445883,0.0828787,11,1
hermes_uni_closed,ug-180-140,153.5,2.77778,0.0656942,0.100305,10,1
hermes_uni_closed,ug-180-140,154,2.77778,0.0855507,0.101016,10,1
hermes_uni_closed,ug-180-140,154.5,2.77778,0.124335,0.140858,10,1
hermes_uni_closed,ug-180-140,155,2.77778,0.172169,0.184494,10,1
hermes_uni_closed,ug-180-140,155.5,2.77778,0.193173,0.227334,10,1
hermes_uni_closed,ug-180-140,156,2.77778,0.22098,0.240789,10,1
hermes_uni_closed,ug-180-140,156.5,1.94444,0.270559,0.28762,7,1
hermes_uni_closed,ug-180-140,157,2.22222,0.281059,0.298921,8,1
hermes_uni_closed,ug-180-140,157.5,2.22222,0.243454,0.281202,8,1
hermes_uni_closed,ug-180-140,158,2.22222,0.207298,0.22228,8,1
hermes_uni_closed,ug-180-140,158.5,2.22222,0.171921,0.20669,8,1
hermes_uni_closed,ug-180-140,159,2.22222,0.102148,0.121063,8,1
hermes_uni_closed,ug-180-140,159.5,2.5,0.0756697,0.124522,9,1
hermes_uni_closed,ug-180-140,160,2.5,0.0711741,0.134857,9,1
hermes_uni_closed,ug-180-140,160.5,2.77778,0.0450599,0.089425,10,1
hermes_uni_closed,ug-180-140,161,3.05556,0.0355433,0.0796632,11,1
hermes_uni_closed,ug-180-140,161.5,3.05556,0.0181272,0.0651878,11,1
hermes_uni_closed,ug-180-140,162,3.05556,-0.00223027,0.0554197,11,1
hermes_uni_closed,ug-180-140,162.5,3.05556,-0.00387355,0.0362197,11,1
hermes_uni_closed,ug-180-140,163,3.05556,0.00402991,0.0449285,11,1
hermes_uni_closed,ug-180-140,163.5,3.05556,0.00512282,0.0283506,11,1
hermes_uni_closed,ug-180-140,164,3.05556,-0.00142,0.0294843,11,1
hermes_uni_closed,ug-180-140,164.5,3.05556,-0.00538436,0.0265435,11,1
hermes_uni_closed,ug-180-140,165,3.05556,-0.00233782,0.0180224,11,1
hermes_uni_closed,ug-180-140,165.5,3.05556,0.00182545,0.0195347,11,1
hermes_uni_closed,ug-180-140,166,3.05556,0.00488518,0.0205667,11,1
hermes_uni_closed,ug-180-140,166.5,3.05556,-0.00116045,0.0289405,11,1
hermes_uni_closed,ug-180-140,167,3.05556,-0.00862773,0.0261335,11,1
hermes_uni_closed,ug-180-140,167.5,3.05556,-0.00925191,0.0265195,11,1
hermes_uni_closed,ug-180-140,168,3.05556,-0.00508091,0.0141831,11,1
hermes_uni_closed,ug-180-140,168.5,3.05556,0.00161091,0.0221348,11,1
hermes_uni_closed,ug-180-140,169,3.05556,0.00279882,0.0163569,11,1
hermes_uni_closed,ug-180-140,169.5,3.05556,0.00388655,0.0173817,11,1
hermes_uni_closed,ug-180-140,170,3.05556,0.00192636,0.0188169,11,1
hermes_uni_closed,ug-180-140,170.5,3.05556,-0.00374636,0.0175206,11,1
hermes_uni_closed,ug-180-140,171,3.05556,-0.006576,0.0164815,11,1
hermes_uni_closed,ug-180-140,171.5,3.05556,-0.00443682,0.0124971,11,1
hermes_uni_closed,ug-180-140,172,3.05556,0.00100282,0.012577,11,1
hermes_uni_closed,ug-180-140,172.5,3.05556,0.00631491,0.0149566,11,1
hermes_uni_closed,ug-180-140,173,3.05556,0.0128399,0.0224046,11,1
hermes_uni_closed,ug-180-140,173.5,3.05556,0.0140759,0.0280451,11,1
hermes_uni_closed,ug-180-140,174,3.05556,0.007311,0.0222066,11,1
hermes_uni_closed,ug-180-140,174.5,3.05556,-0.00243864,0.0148792,11,1
hermes_uni_closed,ug-180-140,175,3.05556,-0.00650236,0.016257,11,1
hermes_uni_closed,ug-180-140,175.5,3.05556,-0.00185018,0.0125109,11,1
hermes_uni_closed,ug-180-140,176,3.05556,0.002061,0.00610664,11,1
hermes_uni_closed,ug-180-140,176.5,3.05556,0.00157791,0.00939904,11,1
hermes_uni_closed,ug-180-140,177,3.05556,-0.00601573,0.0162691,11,1
hermes_uni_closed,ug-180-140,177.5,3.05556,-0.00883927,0.0210072,11,1
hermes_uni_closed,ug-180-140,178,3.05556,-0.000771636,0.0235871,11,1
hermes_uni_closed,ug-180-140,178.5,3.05556,0.00642327,0.020774,11,1
hermes_uni_closed,ug-180-140,179,3.05556,0.00288127,0.019084,11,1
hermes_uni_closed,ug-180-140,179.5,3.05556,0.000153355,0.0188467,11,1
hermes_uni_closed,ug-180-140,180,3.05556,0.0351386,0.044242,11,1
hermes_uni_closed,ug-180-140,180.5,3.05556,0.0657183,0.0852962,11,1
hermes_uni_closed,ug-180-140,181,3.05556,0.110825,0.151539,11,1
hermes_uni_closed,ug-180-140,181.5,2.5,0.173213,0.209059,9,1
hermes_uni_closed,ug-180-140,182,2.77778,0.215183,0.255945,10,1
hermes_uni_closed,ug-180-140,182.5,2.77778,0.272202,0.288815,10,1
hermes_uni_closed,ug-180-140,183,2.77778,0.26017,0.279328,10,1
hermes_uni_closed,ug-180-140,183.5,2.5,0.272131,0.305224,9,1
hermes_uni_closed,ug-180-140,184,2.22222,0.301161,0.308215,8,1
hermes_uni_closed,ug-180-140,184.5,2.5,0.266497,0.307838,9,1
hermes_uni_closed,ug-180-140,185,3.05556,0.250196,0.282137,11,1
hermes_uni_closed,ug-180-140,185.5,2.77778,0.27809,0.298555,10,1
hermes_uni_closed,ug-180-140,186,3.05556,0.315675,0.334607,11,1
hermes_uni_closed,ug-180-140,186.5,3.05556,0.306767,0.321688,11,1
hermes_uni_closed,ug-180-140,187,3.61111,0.283547,0.294735,13,1
hermes_uni_closed,ug-180-140,187.5,3.33333,0.262565,0.282871,12,1
hermes_uni_closed,ug-180-140,188,2.77778,0.257707,0.280006,10,1
hermes_uni_closed,ug-180-140,188.5,2.77778,0.263915,0.28478,10,1
hermes_uni_closed,ug-180-140,189,2.77778,0.240096,0.257621,10,1
hermes_uni_closed,ug-180-140,189.5,3.33333,0.233919,0.260656,12,1
hermes_uni_closed,ug-180-140,190,2.77778,0.277619,0.301686,10,1
hermes_uni_closed,ug-180-140,190.5,2.77778,0.251099,0.275438,10,1
hermes_uni_closed,ug-180-140,191,2.77778,0.212514,0.242992,10,1
hermes_uni_closed,ug-180-140,191.5,3.05556,0.212974,0.234046,11,1
hermes_uni_closed,ug-180-140,192,3.33333,0.207629,0.246474,12,1
hermes_uni_closed,ug-180-140,192.5,3.05556,0.18396,0.206819,11,1
hermes_uni_closed,ug-180-140,193,3.33333,0.172621,0.210175,12,1
hermes_uni_closed,ug-180-140,193.5,3.33333,0.175379,0.216929,12,1
hermes_uni_closed,ug-180-140,194,2.5,0.163867,0.18389,9,1
hermes_uni_closed,ug-180-140,194.5,2.77778,0.149223,0.172188,10,1
hermes_uni_closed,ug-180-140,195,3.05556,0.157831,0.198413,11,1
hermes_uni_closed,ug-180-140,195.5,3.05556,0.168226,0.202063,11,1
hermes_uni_closed,ug-180-140,196,3.05556,0.165366,0.204295,11,1
hermes_uni_closed,ug-180-140,196.5,3.05556,0.152196,0.213725,11,1
hermes_uni_closed,ug-180-140,197,3.33333,0.14696,0.204135,12,1
hermes_uni_closed,ug-180-140,197.5,3.05556,0.158216,0.204837,11,1
hermes_uni_closed,ug-180-140,198,3.33333,0.163983,0.210306,12,1
hermes_uni_closed,ug-180-140,198.5,3.33333,0.139707,0.188075,12,1
hermes_uni_closed,ug-180-140,199,3.33333,0.0980764,0.160163,12,1
hermes_uni_closed,ug-180-140,199.5,3.33333,0.0880168,0.14781,12,1
hermes_uni_closed,ug-180-140,200,3.33333,0.0858407,0.111743,12,1
hermes_uni_closed,ug-180-140,200.5,3.33333,0.0915242,0.135546,12,1
hermes_uni_closed,ug-180-140,201,3.33333,0.10119,0.146157,12,1
hermes_uni_closed,ug-180-140,201.5,3.33333,0.114896,0.161963,12,1
hermes_uni_closed,ug-180-140,202,3.33333,0.132132,0.171388,12,1
hermes_uni_closed,ug-180-140,202.5,3.33333,0.172347,0.217121,12,1
hermes_uni_closed,ug-180-140,203,3.61111,0.177785,0.202072,13,1
hermes_uni_closed,ug-180-140,203.5,3.05556,0.169341,0.209118,11,1
hermes_uni_closed,ug-180-140,204,3.33333,0.17789,0.224983,12,1
hermes_uni_closed,ug-180-140,204.5,3.33333,0.175351,0.225826,12,1
hermes_uni_closed,ug-180-140,205,3.05556,0.155015,0.210862,11,1
hermes_uni_closed,ug-180-140,205.5,2.77778,0.170945,0.207007,10,1
hermes_uni_closed,ug-180-140,206,3.05556,0.201708,0.246625,11,1
hermes_uni_closed,ug-180-140,206.5,3.05556,0.213095,0.249267,11,1
hermes_uni_closed,ug-180-140,207,3.33333,0.211063,0.249323,12,1
hermes_uni_closed,ug-180-140,207.5,3.05556,0.221968,0.241046,11,1
hermes_uni_closed,ug-180-140,208,3.05556,0.204222,0.235252,11,1
hermes_uni_closed,ug-180-140,208.5,2.77778,0.168532,0.213527,10,1
hermes_uni_closed,ug-180-140,209,3.05556,0.168607,0.205366,11,1
hermes_uni_closed,ug-180-140,209.5,3.05556,0.195924,0.222068,11,1
hermes_uni_closed,ug-180-140,210,2.77778,0.187359,0.217169,10,1
hermes_uni_closed,ug-180-140,210.5,3.05556,0.169032,0.207983,11,1
hermes_uni_closed,ug-180-140,211,3.05556,0.161841,0.19919,11,1
hermes_uni_closed,ug-180-140,211.5,3.61111,0.175591,0.205716,13,1
hermes_uni_closed,ug-180-140,212,3.88889,0.174942,0.191651,14,1
hermes_uni_closed,ug-180-140,212.5,3.88889,0.156614,0.201205,14,1
hermes_uni_closed,ug-180-140,213,3.33333,0.144814,0.174142,12,1
hermes_uni_closed,ug-180-140,213.5,3.33333,0.166936,0.189319,12,1
hermes_uni_closed,ug-180-140,214,3.33333,0.166085,0.191123,12,1
hermes_uni_closed,ug-180-140,214.5,3.33333,0.145075,0.174478,12,1
hermes_uni_closed,ug-180-140,215,3.88889,0.132801,0.16257,14,1
hermes_uni_closed,ug-180-140,215.5,3.88889,0.14669,0.182701,14,1
hermes_uni_closed,ug-180-140,216,3.88889,0.147599,0.17896,14,1
hermes_uni_closed,ug-180-140,216.5,3.61111,0.121651,0.146295,13,1
hermes_uni_closed,ug-180-140,217,3.61111,0.113204,0.169307,13,1
hermes_uni_closed,ug-180-140,217.5,3.61111,0.126278,0.150364,13,1
hermes_uni_closed,ug-180-140,218,3.61111,0.147094,0.185723,13,1
hermes_uni_closed,ug-180-140,218.5,3.33333,0.144755,0.170926,12,1
hermes_uni_closed,ug-180-140,219,3.61111,0.14318,0.175576,13,1
hermes_uni_closed,ug-180-140,219.5,3.61111,0.12989,0.173288,13,1
hermes_uni_closed,ug-180-140,220,3.88889,0.133138,0.155797,14,1
hermes_uni_closed,ug-180-140,220.5,3.61111,0.147319,0.187935,13,1
hermes_uni_closed,ug-180-140,221,3.88889,0.134951,0.165317,14,1
hermes_uni_closed,ug-180-140,221.5,3.88889,0.119168,0.165391,14,1
hermes_uni_closed,ug-180-140,222,3.61111,0.127711,0.167283,13,1
hermes_uni_closed,ug-180-140,222.5,3.61111,0.137483,0.185724,13,1
hermes_uni_closed,ug-180-140,223,3.33333,0.130976,0.157113,12,1
hermes_uni_closed,ug-180-140,223.5,3.33333,0.134335,0.184456,12,1
hermes_uni_closed,ug-180-140,224,3.61111,0.144859,0.166137,13,1
hermes_uni_closed,ug-180-140,224.5,3.61111,0.149934,0.185492,13,1
hermes_uni_closed,ug-180-140,225,3.88889,0.133403,0.171814,14,1
hermes_uni_closed,ug-180-140,225.5,3.61111,0.1066,0.166945,13,1
hermes_uni_closed,ug-180-140,226,3.33333,0.0977012,0.149359,12,1
hermes_uni_closed,ug-180-140,226.5,3.05556,0.091206,0.163039,11,1
hermes_uni_closed,ug-180-140,227,3.05556,0.106885,0.180321,11,1
hermes_uni_closed,ug-180-140,227.5,3.33333,0.128085,0.163217,12,1
hermes_uni_closed,ug-180-140,228,3.33333,0.13239,0.198889,12,1
hermes_uni_closed,ug-180-140,228.5,3.61111,0.12171,0.152564,13,1
hermes_uni_closed,ug-180-140,229,3.61111,0.115786,0.186552,13,1
hermes_uni_closed,ug-180-140,229.5,3.61111,0.123546,0.163979,13,1
hermes_uni_closed,ug-180-140,230,3.05556,0.0802815,0.149967,11,1
hermes_uni_closed,ug-180-140,230.5,3.05556,0.0838317,0.170445,11,1
hermes_uni_closed,ug-180-140,231,3.33333,0.110924,0.156705,12,1
hermes_uni_closed,ug-180-140,231.5,3.33333,0.13572,0.175941,12,1
hermes_uni_closed,ug-180-140,232,3.33333,0.119576,0.174455,12,1
hermes_uni_closed,ug-180-140,232.5,3.05556,0.103068,0.159775,11,1
hermes_uni_closed,ug-180-140,233,3.05556,0.118819,0.157628,11,1
hermes_uni_closed,ug-180-140,233.5,3.05556,0.14804,0.203187,11,1
hermes_uni_closed,ug-180-140,234,3.05556,0.166142,0.178787,11,1
hermes_uni_closed,ug-180-140,234.5,3.61111,0.184883,0.218765,13,1
hermes_uni_closed,ug-180-140,235,3.61111,0.192209,0.221016,13,1
hermes_uni_closed,ug-180-140,235.5,3.33333,0.17918,0.201621,12,1
hermes_uni_closed,ug-180-140,236,3.33333,0.184155,0.237353,12,1
hermes_uni_closed,ug-180-140,236.5,3.33333,0.184302,0.20152,12,1
hermes_uni_closed,ug-180-140,237,3.33333,0.176967,0.219165,12,1
hermes_uni_closed,ug-180-140,237.5,3.33333,0.173857,0.199498,12,1
hermes_uni_closed,ug-180-140,238,3.33333,0.192497,0.215636,12,1
hermes_uni_closed,ug-180-140,238.5,3.61111,0.187974,0.221407,13,1
hermes_uni_closed,ug-180-140,239,3.33333,0.181236,0.196926,12,1
hermes_uni_closed,ug-180-140,239.5,3.05556,0.212692,0.233553,11,1
hermes_uni_closed,ug-180-140,240,3.05556,0.219905,0.23694,11,1
hermes_uni_closed,ug-180-140,240.5,3.05556,0.183782,0.195035,11,1
hermes_uni_closed,ug-180-140,241,3.61111,0.179246,0.203839,13,1
hermes_uni_closed,ug-180-140,241.5,3.33333,0.199603,0.213746,12,1
hermes_uni_closed,ug-180-140,242,3.33333,0.175873,0.209766,12,1
hermes_uni_closed,ug-180-140,242.5,3.05556,0.131148,0.147062,11,1
hermes_uni_closed,ug-180-140,243,3.05556,0.105733,0.153154,11,1
hermes_uni_closed,ug-180-140,243.5,3.33333,0.077177,0.134837,12,1
hermes_uni_closed,ug-180-140,244,3.61111,0.0795824,0.130815,13,1
hermes_uni_closed,ug-180-140,244.5,3.61111,0.0660792,0.114976,13,1
hermes_uni_closed,ug-180-140,245,3.61111,0.0394013,0.0953128,13,1
hermes_uni_closed,ug-180-140,245.5,3.61111,0.0170703,0.0828124,13,1
hermes_uni_closed,ug-180-140,246,3.61111,-0.0022845,0.0575174,13,1
hermes_uni_closed,ug-180-140,246.5,3.61111,0.00226131,0.0564817,13,1
hermes_uni_closed,ug-180-140,247,3.61111,0.0183421,0.0529229,13,1
hermes_uni_closed,ug-180-140,247.5,3.61111,0.0211647,0.0421003,13,1
hermes_uni_closed,ug-180-140,248,3.61111,0.0226934,0.0521809,13,1
hermes_uni_closed,ug-180-140,248.5,3.61111,0.0125725,0.0393624,13,1
hermes_uni_closed,ug-180-140,249,3.61111,-0.00733308,0.0346678,13,1
hermes_uni_closed,ug-180-140,249.5,3.61111,-0.00818338,0.0408844,13,1
hermes_uni_closed,ug-180-140,250,3.61111,0.000546154,0.0307402,13,1
hermes_uni_closed,ug-180-140,250.5,3.61111,0.0190187,0.048613,13,1
hermes_uni_closed,ug-180-140,251,3.61111,0.0298212,0.0610678,13,1
hermes_uni_closed,ug-180-140,251.5,3.33333,0.0270191,0.0603535,12,1
hermes_uni_closed,ug-180-140,252,3.33333,0.0507127,0.0812411,12,1
hermes_uni_closed,ug-180-140,252.5,3.05556,0.0614894,0.121906,11,1
hermes_uni_closed,ug-180-140,253,3.05556,0.0705047,0.0964942,11,1
hermes_uni_closed,ug-180-140,253.5,3.05556,0.0972547,0.129023,11,1
hermes_uni_closed,ug-180-140,254,3.05556,0.114116,0.158229,11,1
hermes_uni_closed,ug-180-140,254.5,2.77778,0.101615,0.145604,10,1
hermes_uni_closed,ug-180-140,255,2.77778,0.100362,0.146907,10,1
hermes_uni_closed,ug-180-140,255.5,2.77778,0.100837,0.133379,10,1
hermes_uni_closed,ug-180-140,256,2.77778,0.0826711,0.161602,10,1
hermes_uni_closed,ug-180-140,256.5,3.33333,0.0646896,0.102703,12,1
hermes_uni_closed,ug-180-140,257,3.61111,0.0345636,0.0961036,13,1
hermes_uni_closed,ug-180-140,257.5,3.61111,0.0350784,0.106252,13,1
hermes_uni_closed,ug-180-140,258,3.33333,0.0379313,0.0703668,12,1
hermes_uni_closed,ug-180-140,258.5,3.33333,0.0228054,0.0681519,12,1
hermes_uni_closed,ug-180-140,259,3.33333,0.0128804,0.056077,12,1
hermes_uni_closed,ug-180-140,259.5,3.33333,0.00915394,0.0480989,12,1
hermes_uni_closed,ug-180-140,260,3.05556,0.0223698,0.0621641,11,1
hermes_uni_closed,ug-180-140,260.5,3.33333,0.0431526,0.0781668,12,1
hermes_uni_closed,ug-180-140,261,3.33333,0.0682246,0.105843,12,1
hermes_uni_closed,ug-180-140,261.5,3.33333,0.0948263,0.122329,12,1
hermes_uni_closed,ug-180-140,262,3.33333,0.103998,0.140697,12,1
hermes_uni_closed,ug-180-140,262.5,3.05556,0.10613,0.14037,11,1
hermes_uni_closed,ug-180-140,263,2.77778,0.130459,0.192157,10,1
hermes_uni_closed,ug-180-140,263.5,2.5,0.187001,0.2268,9,1
hermes_uni_closed,ug-180-140,264,2.5,0.212822,0.243074,9,1
hermes_uni_closed,ug-180-140,264.5,2.5,0.184091,0.213105,9,1
hermes_uni_closed,ug-180-140,265,2.5,0.19537,0.24814,9,1
hermes_uni_closed,ug-180-140,265.5,2.22222,0.212448,0.245733,8,1
hermes_uni_closed,ug-180-140,266,2.22222,0.190134,0.243486,8,1
hermes_uni_closed,ug-180-140,266.5,2.22222,0.202553,0.21633,8,1
hermes_uni_closed,ug-180-140,267,2.22222,0.218016,0.253894,8,1
hermes_uni_closed,ug-180-140,267.5,2.77778,0.204328,0.228173,10,0
hermes_uni_closed,ug-180-140,268,2.77778,0.190418,0.24709,10,0
hermes_uni_closed,ug-180-140,268.5,2.5,0.181513,0.209777,9,0
hermes_uni_closed,ug-180-140,269,2.5,0.147233,0.21987,9,0
hermes_uni_closed,ug-180-140,269.5,2.5,0.129314,0.186749,9,0
hermes_uni_closed,ug-180-140,270,2.77778,0.146206,0.170191,10,0
hermes_uni_closed,ug-180-140,270.5,3.05556,0.125433,0.175886,11,0
hermes_uni_closed,ug-180-140,271,3.33333,0.086898,0.128075,12,0
hermes_uni_closed,ug-180-140,271.5,3.05556,0.0748567,0.117672,11,0
hermes_uni_closed,ug-180-140,272,3.33333,0.0756032,0.109117,12,0
hermes_uni_closed,ug-180-140,272.5,3.33333,0.0554028,0.0949965,12,0
hermes_uni_closed,ug-180-140,273,3.33333,0.0272382,0.0563638,12,0
hermes_uni_closed,ug-180-140,273.5,3.61111,0.0150923,0.0416729,13,0
hermes_uni_closed,ug-180-140,274,3.61111,0.00455438,0.0270762,13,0
hermes_uni_closed,ug-180-140,274.5,3.61111,0.00262501,0.0291722,13,0
hermes_uni_closed,ug-180-140,275,3.61111,-0.0005323,0.02026,13,0
hermes_uni_closed,ug-180-140,275.5,3.61111,-0.00397137,0.0210228,13,0
hermes_uni_closed,ug-180-140,276,3.61111,-0.00177233,0.0174366,13,0
hermes_uni_closed,ug-180-140,276.5,3.61111,-0.00138181,0.0152261,13,0
hermes_uni_closed,ug-180-140,277,3.61111,-0.00472391,0.0140734,13,0
hermes_uni_closed,ug-180-140,277.5,3.61111,-0.00152214,0.0153079,13,0
hermes_uni_closed,ug-180-140,278,3.61111,0.00241768,0.0121087,13,0
hermes_uni_closed,ug-180-140,278.5,3.61111,0.00641369,0.0147024,13,0
hermes_uni_closed,ug-180-140,279,3.61111,0.0100265,0.0207667,13,0
hermes_uni_closed,ug-180-140,279.5,3.61111,0.00446858,0.0159083,13,0
hermes_uni_closed,ug-180-140,280,3.61111,-0.000263777,0.0141396,13,0
hermes_uni_closed,ug-180-140,280.5,3.61111,-0.00307128,0.0180883,13,0
hermes_uni_closed,ug-180-140,281,3.61111,-0.000390238,0.0134513,13,0
hermes_uni_closed,ug-180-140,281.5,3.61111,0.00261238,0.0104766,13,0
hermes_uni_closed,ug-180-140,282,3.61111,0.00202155,0.013387,13,0
hermes_uni_closed,ug-180-140,282.5,3.61111,0.00315645,0.0119949,13,0
hermes_uni_closed,ug-180-140,283,3.61111,0.00396799,0.0162085,13,0
hermes_uni_closed,ug-180-140,283.5,3.61111,0.00153367,0.0227776,13,0
hermes_uni_closed,ug-180-140,284,3.61111,0.000741662,0.019519,13,0
hermes_uni_closed,ug-180-140,284.5,3.33333,0.000772717,0.0176525,12,0
hermes_uni_closed,ug-180-140,285,3.33333,-0.00233769,0.0164048,12,0
hermes_uni_closed,ug-180-140,285.5,3.33333,-0.00294443,0.011543,12,0
hermes_uni_closed,ug-180-140,286,3.33333,0.000893375,0.0155937,12,0
hermes_uni_closed,ug-180-140,286.5,3.33333,0.00846068,0.0182009,12,0
hermes_uni_closed,ug-180-140,287,3.33333,0.0135395,0.021259,12,0
hermes_uni_closed,ug-180-140,287.5,3.33333,0.0112556,0.0186239,12,0
hermes_uni_closed,ug-180-140,288,3.61111,0.00761335,0.0272554,13,0
hermes_uni_closed,ug-180-140,288.5,3.33333,0.0101296,0.0299109,12,0
hermes_uni_closed,ug-180-140,289,3.61111,0.00812314,0.0209307,13,0
hermes_uni_closed,ug-180-140,289.5,4.16667,-0.0100653,0.0245638,15,0
hermes_uni_closed,ug-180-140,290,3.61111,-0.0182478,0.0290996,13,0
hermes_uni_closed,ug-180-140,290.5,3.33333,-0.008593,0.035318,12,0
hermes_uni_closed,ug-180-140,291,3.33333,-0.0101002,0.0552444,12,0
hermes_uni_closed,ug-180-140,291.5,3.33333,-0.00766843,0.086947,12,0
hermes_uni_closed,ug-180-140,292,3.33333,-0.00479902,0.0667561,12,0
hermes_uni_closed,ug-180-140,292.5,3.33333,-0.00928406,0.0629198,12,0
hermes_uni_closed,ug-180-140,293,3.61111,-0.00501914,0.0443919,13,0
hermes_uni_closed,ug-180-140,293.5,3.61111,-0.00813765,0.0354363,13,0
hermes_uni_closed,ug-180-140,294,3.61111,-0.00764332,0.0297436,13,0
hermes_uni_closed,ug-180-140,294.5,3.61111,-0.00869322,0.0204322,13,0
hermes_uni_closed,ug-180-140,295,3.61111,-0.00838246,0.0183237,13,0
hermes_uni_closed,ug-180-140,295.5,3.61111,-0.00250758,0.0142147,13,0
hermes_uni_closed,ug-180-140,296,3.33333,0.00421449,0.0196659,12,0
hermes_uni_closed,ug-180-140,296.5,3.33333,0.0115107,0.0205037,12,0
hermes_uni_closed,ug-180-140,297,3.33333,0.0435209,0.0543285,12,0
hermes_uni_closed,ug-180-230,-0.25,3.61111,0.0103851,0.0275584,13,0
hermes_uni_closed,ug-180-230,0.25,3.61111,0.0150132,0.0341301,13,0
hermes_uni_closed,ug-180-230,0.75,3.61111,0.00547493,0.0306028,13,0
hermes_uni_closed,ug-180-230,1.25,3.61111,0.00323473,0.036575,13,0
hermes_uni_closed,ug-180-230,1.75,3.61111,0.000476386,0.0325096,13,0
hermes_uni_closed,ug-180-230,2.25,3.61111,-0.00864598,0.0261612,13,0
hermes_uni_closed,ug-180-230,2.75,3.61111,-0.00617552,0.0142416,13,0
hermes_uni_closed,ug-180-230,3.25,3.61111,-0.0153866,0.0276546,13,0
hermes_uni_closed,ug-180-230,3.75,3.61111,-0.0213303,0.0314552,13,0
hermes_uni_closed,ug-180-230,4.25,3.61111,-0.0124177,0.0218361,13,0
hermes_uni_closed,ug-180-230,4.75,3.61111,-0.00642313,0.0140416,13,0
hermes_uni_closed,ug-180-230,5.25,3.61111,-0.00343726,0.0109112,13,0
hermes_uni_closed,ug-180-230,5.75,3.61111,-0.00445222,0.0194192,13,0
hermes_uni_closed,ug-180-230,6.25,3.61111,-0.00600801,0.0277144,13,0
hermes_uni_closed,ug-180-230,6.75,3.61111,-0.00270493,0.0329356,13,0
hermes_uni_closed,ug-180-230,7.25,3.61111,0.00456732,0.0334278,13,0
hermes_uni_closed,ug-180-230,7.75,3.61111,0.010893,0.0306501,13,0
hermes_uni_closed,ug-180-230,8.25,3.61111,0.00880052,0.0495119,13,0
hermes_uni_closed,ug-180-230,8.75,3.61111,0.00940747,0.0544936,13,0
hermes_uni_closed,ug-180-230,9.25,3.88889,0.0219593,0.0647137,14,0
hermes_uni_closed,ug-180-230,9.75,3.88889,0.0279205,0.0913898,14,0
hermes_uni_closed,ug-180-230,10.25,3.88889,0.0442847,0.0791287,14,0
hermes_uni_closed,ug-180-230,10.75,3.88889,0.0702582,0.118153,14,0
hermes_uni_closed,ug-180-230,11.25,4.16667,0.087741,0.134799,15,0
hermes_uni_closed,ug-180-230,11.75,4.16667,0.0989343,0.143043,15,0
hermes_uni_closed,ug-180-230,12.25,3.88889,0.11726,0.14272,14,0
hermes_uni_closed,ug-180-230,12.75,3.88889,0.107402,0.151983,14,0
hermes_uni_closed,ug-180-230,13.25,3.88889,0.0916626,0.123513,14,0
hermes_uni_closed,ug-180-230,13.75,3.33333,0.095374,0.143494,12,0
hermes_uni_closed,ug-180-230,14.25,3.61111,0.114787,0.148095,13,0
hermes_uni_closed,ug-180-230,14.75,3.88889,0.112665,0.147475,14,0
hermes_uni_closed,ug-180-230,15.25,4.16667,0.105503,0.142197,15,0
hermes_uni_closed,ug-180-230,15.75,4.16667,0.119721,0.148095,15,0
hermes_uni_closed,ug-180-230,16.25,4.16667,0.12245,0.158882,15,0
hermes_uni_closed,ug-180-230,16.75,4.16667,0.0874861,0.147547,15,0
hermes_uni_closed,ug-180-230,17.25,3.88889,0.0839901,0.150786,14,0
hermes_uni_closed,ug-180-230,17.75,3.61111,0.0864332,0.132203,13,0
hermes_uni_closed,ug-180-230,18.25,3.88889,0.0993228,0.170113,14,0
hermes_uni_closed,ug-180-230,18.75,3.88889,0.102926,0.135429,14,0
hermes_uni_closed,ug-180-230,19.25,4.16667,0.0880647,0.162385,15,0
hermes_uni_closed,ug-180-230,19.75,4.16667,0.080972,0.113449,15,0
hermes_uni_closed,ug-180-230,20.25,4.16667,0.08441,0.160008,15,0
hermes_uni_closed,ug-180-230,20.75,4.16667,0.0784464,0.114355,15,1
hermes_uni_closed,ug-180-230,21.25,4.44444,0.0716233,0.129698,16,1
hermes_uni_closed,ug-180-230,21.75,4.44444,0.0691057,0.11463,16,1
hermes_uni_closed,ug-180-230,22.25,4.72222,0.0592427,0.113102,17,1
hermes_uni_closed,ug-180-230,22.75,4.72222,0.0482577,0.125243,17,1
hermes_uni_closed,ug-180-230,23.25,4.16667,0.0373742,0.0893792,15,1
hermes_uni_closed,ug-180-230,23.75,3.88889,0.042338,0.0919947,14,1
hermes_uni_closed,ug-180-230,24.25,3.88889,0.0670999,0.121736,14,1
hermes_uni_closed,ug-180-230,24.75,4.16667,0.0713215,0.109709,15,1
hermes_uni_closed,ug-180-230,25.25,4.16667,0.0743734,0.102627,15,1
hermes_uni_closed,ug-180-230,25.75,4.16667,0.0902752,0.149103,15,1
hermes_uni_closed,ug-180-230,26.25,4.44444,0.0942091,0.11841,16,1
hermes_uni_closed,ug-180-230,26.75,4.44444,0.072201,0.123419,16,1
hermes_uni_closed,ug-180-230,27.25,3.88889,0.0523103,0.0885175,14,1
hermes_uni_closed,ug-180-230,27.75,4.16667,0.0512883,0.126135,15,1
hermes_uni_closed,ug-180-230,28.25,4.16667,0.0482517,0.0783517,15,1
hermes_uni_closed,ug-180-230,28.75,4.16667,0.0395912,0.0845063,15,1
hermes_uni_closed,ug-180-230,29.25,4.16667,0.0134919,0.0513627,15,1
hermes_uni_closed,ug-180-230,29.75,4.16667,0.00923744,0.0847709,15,1
hermes_uni_closed,ug-180-230,30.25,4.16667,0.0297969,0.0700768,15,1
hermes_uni_closed,ug-180-230,30.75,4.16667,0.023253,0.0648679,15,1
hermes_uni_closed,ug-180-230,31.25,4.16667,0.0122794,0.0536089,15,1
hermes_uni_closed,ug-180-230,31.75,4.44444,0.0155152,0.0458018,16,1
hermes_uni_closed,ug-180-230,32.25,4.44444,0.0156728,0.0436782,16,1
hermes_uni_closed,ug-180-230,32.75,4.44444,-0.000990336,0.0467476,16,1
hermes_uni_closed,ug-180-230,33.25,4.72222,-0.00725806,0.0536451,17,1
hermes_uni_closed,ug-180-230,33.75,4.44444,0.00267696,0.0365987,16,1
hermes_uni_closed,ug-180-230,34.25,4.16667,0.00962213,0.0399513,15,1
hermes_uni_closed,ug-180-230,34.75,4.44444,0.00217606,0.0296021,16,1
hermes_uni_closed,ug-180-230,35.25,4.44444,-0.0103103,0.031049,16,1
hermes_uni_closed,ug-180-230,35.75,4.44444,-0.012083,0.0205185,16,1
hermes_uni_closed,ug-180-230,36.25,4.44444,-0.00256384,0.0233201,16,1
hermes_uni_closed,ug-180-230,36.75,4.44444,0.00337272,0.0221205,16,1
hermes_uni_closed,ug-180-230,37.25,4.44444,0.0018482,0.0308281,16,1
hermes_uni_closed,ug-180-230,37.75,4.44444,0.0040481,0.0328044,16,1
hermes_uni_closed,ug-180-230,38.25,4.44444,0.0249535,0.0675951,16,1
hermes_uni_closed,ug-180-230,38.75,4.16667,0.051954,0.079359,15,1
hermes_uni_closed,ug-180-230,39.25,3.88889,0.0731399,0.100969,14,1
hermes_uni_closed,ug-180-230,39.75,4.16667,0.101685,0.146251,15,1
hermes_uni_closed,ug-180-230,40.25,4.16667,0.130236,0.165941,15,1
hermes_uni_closed,ug-180-230,40.75,3.88889,0.124729,0.171894,14,1
hermes_uni_closed,ug-180-230,41.25,3.88889,0.127908,0.149743,14,1
hermes_uni_closed,ug-180-230,41.75,3.88889,0.147403,0.175057,14,1
hermes_uni_closed,ug-180-230,42.25,3.61111,0.179118,0.190751,13,1
hermes_uni_closed,ug-180-230,42.75,3.88889,0.175123,0.187743,14,1
hermes_uni_closed,ug-180-230,43.25,3.61111,0.167554,0.201503,13,1
hermes_uni_closed,ug-180-230,43.75,3.88889,0.168148,0.190288,14,1
hermes_uni_closed,ug-180-230,44.25,3.88889,0.14579,0.170657,14,1
hermes_uni_closed,ug-180-230,44.75,3.88889,0.142828,0.163687,14,1
hermes_uni_closed,ug-180-230,45.25,3.88889,0.155711,0.180451,14,1
hermes_uni_closed,ug-180-230,45.75,3.88889,0.164166,0.198869,14,1
hermes_uni_closed,ug-180-230,46.25,3.61111,0.144306,0.189982,13,1
hermes_uni_closed,ug-180-230,46.75,3.88889,0.141001,0.191084,14,1
hermes_uni_closed,ug-180-230,47.25,3.88889,0.159828,0.177416,14,1
hermes_uni_closed,ug-180-230,47.75,4.44444,0.146443,0.170119,16,1
hermes_uni_closed,ug-180-230,48.25,4.16667,0.111436,0.140919,15,1
hermes_uni_closed,ug-180-230,48.75,3.61111,0.114742,0.148478,13,1
hermes_uni_closed,ug-180-230,49.25,3.61111,0.117118,0.160557,13,1
hermes_uni_closed,ug-180-230,49.75,3.61111,0.097751,0.14915,13,1
hermes_uni_closed,ug-180-230,50.25,3.33333,0.0882198,0.126541,12,1
hermes_uni_closed,ug-180-230,50.75,3.33333,0.126972,0.176783,12,1
hermes_uni_closed,ug-180-230,51.25,3.05556,0.106153,0.131432,11,1
hermes_uni_closed,ug-180-230,51.75,3.33333,0.108803,0.17065,12,1
hermes_uni_closed,ug-180-230,52.25,3.33333,0.147644,0.179639,12,1
hermes_uni_closed,ug-180-230,52.75,3.33333,0.169171,0.19493,12,1
hermes_uni_closed,ug-180-230,53.25,3.61111,0.171907,0.196931,13,1
hermes_uni_closed,ug-180-230,53.75,3.61111,0.158401,0.191972,13,1
hermes_uni_closed,ug-180-230,54.25,3.61111,0.168391,0.190294,13,1
hermes_uni_closed,ug-180-230,54.75,3.61111,0.192707,0.221917,13,1
hermes_uni_closed,ug-180-230,55.25,3.33333,0.194143,0.215005,12,1
hermes_uni_closed,ug-180-230,55.75,3.33333,0.160612,0.188103,12,1
hermes_uni_closed,ug-180-230,56.25,3.33333,0.153326,0.185654,12,1
hermes_uni_closed,ug-180-230,56.75,3.61111,0.164078,0.201019,13,1
hermes_uni_closed,ug-180-230,57.25,3.61111,0.154205,0.183225,13,1
hermes_uni_closed,ug-180-230,57.75,3.88889,0.14098,0.17054,14,1
hermes_uni_closed,ug-180-230,58.25,3.88889,0.129272,0.155588,14,1
hermes_uni_closed,ug-180-230,58.75,3.88889,0.0957968,0.119239,14,1
hermes_uni_closed,ug-180-230,59.25,3.61111,0.0696401,0.12741,13,1
hermes_uni_closed,ug-180-230,59.75,3.61111,0.0548843,0.087764,13,1
hermes_uni_closed,ug-180-230,60.25,3.88889,0.0479568,0.10381,14,1
hermes_uni_closed,ug-180-230,60.75,3.88889,0.0547382,0.096141,14,1
hermes_uni_closed,ug-180-230,61.25,3.61111,0.0549814,0.0944429,13,1
hermes_uni_closed,ug-180-230,61.75,3.88889,0.048812,0.0776762,14,1
hermes_uni_closed,ug-180-230,62.25,3.88889,0.0346382,0.100264,14,1
hermes_uni_closed,ug-180-230,62.75,3.88889,0.0192848,0.0799926,14,1
hermes_uni_closed,ug-180-230,63.25,3.88889,0.0239844,0.0617867,14,1
hermes_uni_closed,ug-180-230,63.75,3.88889,0.0178713,0.0662695,14,1
hermes_uni_closed,ug-180-230,64.25,3.88889,0.00324884,0.0456798,14,1
hermes_uni_closed,ug-180-230,64.75,3.88889,0.0115312,0.0535383,14,1
hermes_uni_closed,ug-180-230,65.25,3.88889,0.0157609,0.038034,14,1
hermes_uni_closed,ug-180-230,65.75,3.88889,-0.00286448,0.0459498,14,1
hermes_uni_closed,ug-180-230,66.25,3.88889,-0.00698293,0.0450846,14,1
hermes_uni_closed,ug-180-230,66.75,3.88889,-0.00685057,0.0405962,14,1
hermes_uni_closed,ug-180-230,67.25,3.88889,-0.012209,0.0469488,14,1
hermes_uni_closed,ug-180-230,67.75,3.88889,0.00224564,0.0359039,14,1
hermes_uni_closed,ug-180-230,68.25,3.88889,0.006973,0.0334458,14,1
hermes_uni_closed,ug-180-230,68.75,3.88889,0.00397701,0.021902,14,1
hermes_uni_closed,ug-180-230,69.25,3.88889,0.000868957,0.0327169,14,1
hermes_uni_closed,ug-180-230,69.75,3.88889,-0.00121689,0.0211468,14,1
hermes_uni_closed,ug-180-230,70.25,3.88889,0.000211586,0.0241877,14,1
hermes_uni_closed,ug-180-230,70.75,3.88889,-0.0002018,0.0294397,14,1
hermes_uni_closed,ug-180-230,71.25,3.88889,0.0160613,0.0325306,14,1
hermes_uni_closed,ug-180-230,71.75,3.88889,0.0130163,0.0282456,14,1
hermes_uni_closed,ug-180-230,72.25,3.88889,-0.00189011,0.0277044,14,1
hermes_uni_closed,ug-180-230,72.75,3.88889,0.00332599,0.0308309,14,1
hermes_uni_closed,ug-180-230,73.25,3.88889,0.00208655,0.0277911,14,1
hermes_uni_closed,ug-180-230,73.75,3.88889,-0.00488409,0.0329247,14,1
hermes_uni_closed,ug-180-230,74.25,3.88889,-0.00554932,0.0198572,14,1
hermes_uni_closed,ug-180-230,74.75,3.88889,-0.00485536,0.0299838,14,1
hermes_uni_closed,ug-180-230,75.25,3.88889,0.00231034,0.0255428,14,1
hermes_uni_closed,ug-180-230,75.75,3.88889,0.0144357,0.0479588,14,1
hermes_uni_closed,ug-180-230,76.25,3.88889,-0.000734507,0.038923,14,1
hermes_uni_closed,ug-180-230,76.75,3.88889,-0.00605604,0.0255537,14,1
hermes_uni_closed,ug-180-230,77.25,3.88889,0.00143784,0.0342621,14,1
hermes_uni_closed,ug-180-230,77.75,3.88889,-0.00353141,0.038261,14,1
hermes_uni_closed,ug-180-230,78.25,3.88889,0.0137049,0.0378419,14,1
hermes_uni_closed,ug-180-230,78.75,3.88889,0.021443,0.06025,14,1
hermes_uni_closed,ug-180-230,79.25,3.88889,0.0119238,0.0466771,14,1
hermes_uni_closed,ug-180-230,79.75,3.88889,0.00814425,0.0466998,14,1
hermes_uni_closed,ug-180-230,80.25,3.88889,0.00283828,0.0355646,14,1
hermes_uni_closed,ug-180-230,80.75,3.88889,-0.0118763,0.0420743,14,1
hermes_uni_closed,ug-180-230,81.25,3.88889,-0.0135142,0.0344293,14,1
hermes_uni_closed,ug-180-230,81.75,3.88889,-0.00431975,0.0372935,14,1
hermes_uni_closed,ug-180-230,82.25,3.88889,-0.0086237,0.0283188,14,1
hermes_uni_closed,ug-180-230,82.75,3.88889,-0.0104317,0.0472486,14,1
hermes_uni_closed,ug-180-230,83.25,3.88889,0.000726679,0.0496404,14,1
hermes_uni_closed,ug-180-230,83.75,3.88889,0.00855403,0.0470413,14,1
hermes_uni_closed,ug-180-230,84.25,3.88889,-0.00122146,0.0425183,14,1
hermes_uni_closed,ug-180-230,84.75,3.88889,0.000316321,0.0500621,14,1
hermes_uni_closed,ug-180-230,85.25,3.88889,0.0140384,0.0483537,14,1
hermes_uni_closed,ug-180-230,85.75,3.88889,0.0273182,0.0505525,14,1
hermes_uni_closed,ug-180-230,86.25,3.88889,0.0337108,0.0570417,14,1
hermes_uni_closed,ug-180-230,86.75,3.88889,0.0168163,0.0444577,14,1
hermes_uni_closed,ug-180-230,87.25,3.88889,-0.00688484,0.0404962,14,1
hermes_uni_closed,ug-180-230,87.75,3.88889,-0.011327,0.0608332,14,1
hermes_uni_closed,ug-180-230,88.25,3.88889,0.000444286,0.0493783,14,1
hermes_uni_closed,ug-180-230,88.75,4.16667,0.0117801,0.058197,15,1
hermes_uni_closed,ug-180-230,89.25,4.16667,0.0187886,0.0682104,15,1
hermes_uni_closed,ug-180-230,89.75,4.16667,0.0111383,0.0760869,15,1
hermes_uni_closed,ug-180-230,90.25,3.88889,0.00856521,0.0555062,14,1
hermes_uni_closed,ug-180-230,90.75,3.88889,0.0145069,0.0570748,14,1
hermes_uni_closed,ug-180-230,91.25,4.16667,0.0174497,0.051088,15,1
hermes_uni_closed,ug-180-230,91.75,4.16667,0.0232684,0.0667305,15,1
hermes_uni_closed,ug-180-230,92.25,3.88889,0.0318733,0.0783771,14,1
hermes_uni_closed,ug-180-230,92.75,3.61111,0.0196109,0.0682935,13,1
hermes_uni_closed,ug-180-230,93.25,3.61111,0.0150619,0.0675862,13,1
hermes_uni_closed,ug-180-230,93.75,3.61111,0.0360557,0.0835742,13,1
hermes_uni_closed,ug-180-230,94.25,3.33333,0.0563546,0.0856889,12,1
hermes_uni_closed,ug-180-230,94.75,3.05556,0.0887552,0.116,11,1
hermes_uni_closed,ug-180-230,95.25,3.05556,0.0784987,0.123529,11,1
hermes_uni_closed,ug-180-230,95.75,3.05556,0.0942269,0.123163,11,1
hermes_uni_closed,ug-180-230,96.25,3.33333,0.106583,0.149542,12,1
hermes_uni_closed,ug-180-230,96.75,3.33333,0.0925029,0.118968,12,1
hermes_uni_closed,ug-180-230,97.25,3.61111,0.095109,0.156831,13,1
hermes_uni_closed,ug-180-230,97.75,3.61111,0.10197,0.12156,13,1
hermes_uni_closed,ug-180-230,98.25,3.33333,0.0949296,0.122743,12,1
hermes_uni_closed,ug-180-230,98.75,3.33333,0.0675573,0.111105,12,1
hermes_uni_closed,ug-180-230,99.25,3.61111,0.0679656,0.113336,13,1
hermes_uni_closed,ug-180-230,99.75,3.61111,0.103239,0.150959,13,1
hermes_uni_closed,ug-180-230,100.25,3.61111,0.121404,0.15099,13,1
hermes_uni_closed,ug-180-230,100.75,4.16667,0.1306,0.1676,15,1
hermes_uni_closed,ug-180-230,101.25,4.16667,0.157773,0.197218,15,1
hermes_uni_closed,ug-180-230,101.75,3.88889,0.149777,0.197688,14,1
hermes_uni_closed,ug-180-230,102.25,3.88889,0.137103,0.156292,14,1
hermes_uni_closed,ug-180-230,102.75,3.88889,0.122267,0.156078,14,1
hermes_uni_closed,ug-180-230,103.25,3.88889,0.107577,0.141826,14,1
hermes_uni_closed,ug-180-230,103.75,4.16667,0.0969631,0.132577,15,1
hermes_uni_closed,ug-180-230,104.25,4.72222,0.0946397,0.141552,17,1
hermes_uni_closed,ug-180-230,104.75,4.72222,0.0939781,0.131166,17,1
hermes_uni_closed,ug-180-230,105.25,4.16667,0.0787394,0.127008,15,1
hermes_uni_closed,ug-180-230,105.75,4.16667,0.0610239,0.110082,15,1
hermes_uni_closed,ug-180-230,106.25,4.44444,0.0526292,0.103972,16,1
hermes_uni_closed,ug-180-230,106.75,4.16667,0.0641719,0.100406,15,1
hermes_uni_closed,ug-180-230,107.25,4.44444,0.0604698,0.0969283,16,1
hermes_uni_closed,ug-180-230,107.75,4.16667,0.0578171,0.122514,15,1
hermes_uni_closed,ug-180-230,108.25,3.88889,0.070288,0.0964902,14,1
hermes_uni_closed,ug-180-230,108.75,4.16667,0.0662054,0.123017,15,1
hermes_uni_closed,ug-180-230,109.25,4.16667,0.057169,0.109075,15,1
hermes_uni_closed,ug-180-230,109.75,4.16667,0.0480677,0.0807664,15,1
hermes_uni_closed,ug-180-230,110.25,4.16667,0.0337502,0.0831864,15,1
hermes_uni_closed,ug-180-230,110.75,4.44444,0.0253356,0.0604499,16,1
hermes_uni_closed,ug-180-230,111.25,4.44444,0.0287232,0.056888,16,1
hermes_uni_closed,ug-180-230,111.75,4.44444,0.0236639,0.0423362,16,1
hermes_uni_closed,ug-180-230,112.25,4.44444,0.00484036,0.0449476,16,1
hermes_uni_closed,ug-180-230,112.75,4.72222,0.0047886,0.0402846,17,1
hermes_uni_closed,ug-180-230,113.25,4.72222,0.00625801,0.0397949,17,1
hermes_uni_closed,ug-180-230,113.75,4.72222,0.0036103,0.0267577,17,1
hermes_uni_closed,ug-180-230,114.25,4.72222,-0.00718677,0.0329486,17,1
hermes_uni_closed,ug-180-230,114.75,4.72222,-0.00336614,0.030776,17,1
hermes_uni_closed,ug-180-230,115.25,4.72222,0.00774274,0.0253959,17,1
hermes_uni_closed,ug-180-230,115.75,4.72222,0.0104894,0.0224739,17,1
hermes_uni_closed,ug-180-230,116.25,4.72222,0.00429085,0.0257326,17,1
hermes_uni_closed,ug-180-230,116.75,4.72222,-0.0046124,0.0184783,17,1
hermes_uni_closed,ug-180-230,117.25,4.72222,-0.00300506,0.0203851,17,1
hermes_uni_closed,ug-180-230,117.75,4.72222,-0.000707594,0.0228686,17,1
hermes_uni_closed,ug-180-230,118.25,4.72222,0.00142646,0.0162793,17,1
hermes_uni_closed,ug-180-230,118.75,4.72222,-0.00176199,0.0157655,17,1
hermes_uni_closed,ug-180-230,119.25,4.72222,-0.00612809,0.0208387,17,1
hermes_uni_closed,ug-180-230,119.75,4.72222,-0.00559674,0.0192644,17,1
hermes_uni_closed,ug-180-230,120.25,4.72222,-0.000694835,0.0199579,17,1
hermes_uni_closed,ug-180-230,120.75,4.72222,0.00391984,0.0284851,17,1
hermes_uni_closed,ug-180-230,121.25,4.72222,0.0054299,0.0288875,17,1
hermes_uni_closed,ug-180-230,121.75,4.44444,0.00391774,0.0243134,16,1
hermes_uni_closed,ug-180-230,122.25,4.44444,0.00212149,0.0258645,16,1
hermes_uni_closed,ug-180-230,122.75,4.44444,-0.00468214,0.0287947,16,1
hermes_uni_closed,ug-180-230,123.25,4.72222,-0.00700135,0.0177548,17,1
hermes_uni_closed,ug-180-230,123.75,4.72222,-0.00333161,0.0188653,17,1
hermes_uni_closed,ug-180-230,124.25,4.44444,-0.000551169,0.0200278,16,1
hermes_uni_closed,ug-180-230,124.75,4.44444,0.0134361,0.02455,16,1
hermes_uni_closed,ug-180-230,125.25,4.44444,0.0283251,0.0524864,16,1
hermes_uni_closed,ug-180-230,125.75,4.44444,0.0429716,0.0646706,16,1
hermes_uni_closed,ug-180-230,126.25,4.16667,0.056053,0.0841734,15,1
hermes_uni_closed,ug-180-230,126.75,4.16667,0.0978427,0.143066,15,1
hermes_uni_closed,ug-180-230,127.25,3.88889,0.130576,0.148963,14,1
hermes_uni_closed,ug-180-230,127.75,3.88889,0.177604,0.211492,14,1
hermes_uni_closed,ug-180-230,128.25,3.05556,0.203378,0.224637,11,1
hermes_uni_closed,ug-180-230,128.75,3.05556,0.312643,0.32658,11,1
hermes_uni_closed,ug-180-230,129.25,2.77778,0.410242,0.415303,10,1
hermes_uni_closed,ug-180-230,129.75,2.5,0.487132,0.495578,9,1
hermes_uni_closed,ug-180-230,130.25,2.5,0.538331,0.543342,9,1
hermes_uni_closed,ug-180-230,130.75,2.5,0.495733,0.506784,9,1
hermes_uni_closed,ug-180-230,131.25,2.77778,0.591729,0.597797,10,1
hermes_uni_closed,ug-180-230,131.75,2.22222,0.620801,0.626075,8,1
hermes_uni_closed,ug-180-230,132.25,2.22222,0.679294,0.684082,8,1
hermes_uni_closed,ug-180-230,132.75,2.22222,0.697446,0.699529,8,1
hermes_uni_closed,ug-180-230,133.25,2.22222,0.73588,0.739243,8,1
hermes_uni_closed,ug-180-230,133.75,1.38889,0.704879,0.714007,5,1
hermes_uni_closed,ug-180-230,134.25,1.38889,0.728912,0.731685,5,1
hermes_uni_closed,ug-180-230,134.75,1.38889,0.803656,0.811566,5,1
hermes_uni_closed,ug-180-230,135.25,1.38889,0.711911,0.714606,5,1
hermes_uni_closed,ug-180-230,135.75,1.11111,0.761334,0.764468,4,1
hermes_uni_closed,ug-180-230,136.25,1.38889,0.792117,0.793396,5,1
hermes_uni_closed,ug-180-230,136.75,1.38889,0.776525,0.778488,5,1
hermes_uni_closed,ug-180-230,137.25,1.66667,0.772356,0.775309,6,1
hermes_uni_closed,ug-180-230,137.75,1.94444,0.772925,0.774713,7,1
hermes_uni_closed,ug-180-230,138.25,1.94444,0.769143,0.77154,7,1
hermes_uni_closed,ug-180-230,138.75,1.94444,0.760558,0.763077,7,1
hermes_uni_closed,ug-180-230,139.25,1.38889,0.786806,0.789533,5,1
hermes_uni_closed,ug-180-230,139.75,1.11111,0.762911,0.763652,4,1
hermes_uni_closed,ug-180-230,140.25,1.11111,0.764204,0.76596,4,1
hermes_uni_closed,ug-180-230,140.75,1.11111,0.787914,0.795846,4,1
hermes_uni_closed,ug-180-230,141.25,1.38889,0.795596,0.797119,5,1
hermes_uni_closed,ug-180-230,141.75,1.66667,0.7956,0.798281,6,1
hermes_uni_closed,ug-180-230,142.25,1.94444,0.814768,0.818839,7,1
hermes_uni_closed,ug-180-230,142.75,1.66667,0.825062,0.829525,6,1
hermes_uni_closed,ug-180-230,143.25,1.38889,0.837034,0.839202,5,1
hermes_uni_closed,ug-180-230,143.75,1.66667,0.83359,0.836357,6,1
hermes_uni_closed,ug-180-230,144.25,1.38889,0.805263,0.812672,5,1
hermes_uni_closed,ug-180-230,144.75,1.11111,0.791287,0.802412,4,1
hermes_uni_closed,ug-180-230,145.25,1.38889,0.813478,0.81835,5,1
hermes_uni_closed,ug-180-230,145.75,1.66667,0.849546,0.853433,6,1
hermes_uni_closed,ug-180-230,146.25,1.66667,0.859724,0.86326,6,1
hermes_uni_closed,ug-180-230,146.75,1.66667,0.882677,0.889796,6,1
hermes_uni_closed,ug-180-230,147.25,2.22222,0.834427,0.835872,8,1
hermes_uni_closed,ug-180-230,147.75,1.94444,0.835362,0.837668,7,1
hermes_uni_closed,ug-180-230,148.25,1.94444,0.844532,0.846554,7,1
hermes_uni_closed,ug-180-230,148.75,1.94444,0.854965,0.857249,7,1
hermes_uni_closed,ug-180-230,149.25,1.38889,0.836461,0.840044,5,1
hermes_uni_closed,ug-180-230,149.75,1.38889,0.82469,0.82602,5,1
hermes_uni_closed,ug-180-230,150.25,1.11111,0.801545,0.808393,4,1
hermes_uni_closed,ug-180-230,150.75,1.66667,0.796343,0.79863,6,1
hermes_uni_closed,ug-180-230,151.25,1.38889,0.723466,0.727491,5,1
hermes_uni_closed,ug-180-230,151.75,1.66667,0.733455,0.735545,6,1
hermes_uni_closed,ug-180-230,152.25,1.66667,0.784925,0.78884,6,1
hermes_uni_closed,ug-180-230,152.75,1.66667,0.768892,0.774857,6,1
hermes_uni_closed,ug-180-230,153.25,1.66667,0.781631,0.786856,6,1
hermes_uni_closed,ug-180-230,153.75,1.66667,0.792543,0.793343,6,1
hermes_uni_closed,ug-180-230,154.25,1.38889,0.814468,0.815753,5,1
hermes_uni_closed,ug-180-230,154.75,1.11111,0.860681,0.860776,4,1
hermes_uni_closed,ug-180-230,155.25,1.11111,0.826612,0.828871,4,1
hermes_uni_closed,ug-180-230,155.75,1.11111,0.776322,0.784023,4,1
hermes_uni_closed,ug-180-230,156.25,0.833333,0.74571,0.7469,3,1
hermes_uni_closed,ug-180-230,156.75,1.38889,0.804343,0.806683,5,1
hermes_uni_closed,ug-180-230,157.25,1.11111,0.780535,0.781139,4,1
hermes_uni_closed,ug-180-230,157.75,1.66667,0.809372,0.810436,6,1
hermes_uni_closed,ug-180-230,158.25,1.38889,0.818967,0.82418,5,1
hermes_uni_closed,ug-180-230,158.75,1.66667,0.814974,0.816028,6,1
hermes_uni_closed,ug-180-230,159.25,1.11111,0.790206,0.79161,4,1
hermes_uni_closed,ug-180-230,159.75,1.38889,0.789148,0.792041,5,1
hermes_uni_closed,ug-180-230,160.25,1.38889,0.782308,0.786925,5,1
hermes_uni_closed,ug-180-230,160.75,1.66667,0.795106,0.799001,6,1
hermes_uni_closed,ug-180-230,161.25,1.38889,0.795008,0.802025,5,1
hermes_uni_closed,ug-180-230,161.75,1.66667,0.822072,0.824107,6,1
hermes_uni_closed,ug-180-230,162.25,1.66667,0.889709,0.891379,6,1
hermes_uni_closed,ug-180-230,162.75,1.66667,0.823433,0.826497,6,1
hermes_uni_closed,ug-180-230,163.25,1.66667,0.768411,0.7729,6,1
hermes_uni_closed,ug-180-230,163.75,1.66667,0.755678,0.762449,6,1
hermes_uni_closed,ug-180-230,164.25,1.66667,0.723293,0.727666,6,1
hermes_uni_closed,ug-180-230,164.75,1.66667,0.736489,0.74002,6,1
hermes_uni_closed,ug-180-230,165.25,1.94444,0.764982,0.769371,7,1
hermes_uni_closed,ug-180-230,165.75,1.38889,0.687959,0.693209,5,1
hermes_uni_closed,ug-180-230,166.25,1.66667,0.706627,0.719192,6,1
hermes_uni_closed,ug-180-230,166.75,1.66667,0.719092,0.724407,6,1
hermes_uni_closed,ug-180-230,167.25,1.94444,0.733256,0.742149,7,1
hermes_uni_closed,ug-180-230,167.75,1.94444,0.71289,0.717661,7,1
hermes_uni_closed,ug-180-230,168.25,1.94444,0.680238,0.683497,7,1
hermes_uni_closed,ug-180-230,168.75,1.66667,0.67618,0.677971,6,1
hermes_uni_closed,ug-180-230,169.25,1.94444,0.704122,0.706898,7,1
hermes_uni_closed,ug-180-230,169.75,1.94444,0.711608,0.715568,7,1
hermes_uni_closed,ug-180-230,170.25,1.66667,0.684589,0.686198,6,1
hermes_uni_closed,ug-180-230,170.75,1.94444,0.705551,0.708889,7,1
hermes_uni_closed,ug-180-230,171.25,1.94444,0.712031,0.718083,7,1
hermes_uni_closed,ug-180-230,171.75,2.22222,0.723907,0.726089,8,1
hermes_uni_closed,ug-180-230,172.25,1.94444,0.730164,0.732613,7,1
hermes_uni_closed,ug-180-230,172.75,2.22222,0.733466,0.736956,8,1
hermes_uni_closed,ug-180-230,173.25,1.94444,0.736188,0.737568,7,1
hermes_uni_closed,ug-180-230,173.75,2.22222,0.764272,0.767237,8,1
hermes_uni_closed,ug-180-230,174.25,1.66667,0.78259,0.787483,6,1
hermes_uni_closed,ug-180-230,174.75,1.94444,0.788643,0.789679,7,1
hermes_uni_closed,ug-180-230,175.25,1.94444,0.81338,0.81474,7,1
hermes_uni_closed,ug-180-230,175.75,2.22222,0.836441,0.838037,8,1
hermes_uni_closed,ug-180-230,176.25,1.94444,0.860732,0.861553,7,1
hermes_uni_closed,ug-180-230,176.75,1.94444,0.858638,0.860063,7,1
hermes_uni_closed,ug-180-230,177.25,1.66667,0.812733,0.816003,6,1
hermes_uni_closed,ug-180-230,177.75,1.38889,0.794068,0.800101,5,1
hermes_uni_closed,ug-180-230,178.25,1.38889,0.784998,0.788653,5,1
hermes_uni_closed,ug-180-230,178.75,1.38889,0.811613,0.815329,5,1
hermes_uni_closed,ug-180-230,179.25,1.66667,0.800934,0.808482,6,1
hermes_uni_closed,ug-180-230,179.75,1.66667,0.773468,0.774563,6,1
hermes_uni_closed,ug-180-230,180.25,1.94444,0.740143,0.745499,7,1
hermes_uni_closed,ug-180-230,180.75,2.22222,0.726416,0.727719,8,1
hermes_uni_closed,ug-180-230,181.25,1.94444,0.709415,0.717314,7,1
hermes_uni_closed,ug-180-230,181.75,2.22222,0.683949,0.69813,8,1
hermes_uni_closed,ug-180-230,182.25,1.94444,0.678128,0.683478,7,1
hermes_uni_closed,ug-180-230,182.75,1.94444,0.686588,0.688533,7,1
hermes_uni_closed,ug-180-230,183.25,2.77778,0.715455,0.718095,10,1
hermes_uni_closed,ug-180-230,183.75,1.94444,0.700522,0.703794,7,1
hermes_uni_closed,ug-180-230,184.25,2.5,0.729665,0.730807,9,1
hermes_uni_closed,ug-180-230,184.75,1.94444,0.726205,0.72816,7,1
hermes_uni_closed,ug-180-230,185.25,2.5,0.73929,0.739916,9,1
hermes_uni_closed,ug-180-230,185.75,2.22222,0.774296,0.776964,8,0
hermes_uni_closed,ug-180-230,186.25,1.94444,0.811605,0.81461,7,0
hermes_uni_closed,ug-180-230,186.75,2.22222,0.85221,0.853167,8,0
hermes_uni_closed,ug-180-230,187.25,1.94444,0.880339,0.882296,7,0
hermes_uni_closed,ug-180-230,187.75,1.94444,0.856366,0.858892,7,0
hermes_uni_closed,ug-180-230,188.25,1.66667,0.847515,0.850173,6,0
hermes_uni_closed,ug-180-230,188.75,1.66667,0.891655,0.894981,6,0
hermes_uni_closed,ug-180-230,189.25,1.66667,0.874529,0.875984,6,0
hermes_uni_closed,ug-180-230,189.75,1.66667,0.891852,0.895421,6,0
hermes_uni_closed,ug-180-230,190.25,1.38889,0.865144,0.867255,5,0
hermes_uni_closed,ug-180-230,190.75,1.66667,0.851635,0.852166,6,0
hermes_uni_closed,ug-180-230,191.25,1.66667,0.866848,0.871042,6,0
hermes_uni_closed,ug-180-230,191.75,1.66667,0.875885,0.877715,6,0
hermes_uni_closed,ug-180-230,192.25,1.66667,0.829716,0.830682,6,0
hermes_uni_closed,ug-180-230,192.75,1.38889,0.795344,0.795875,5,0
hermes_uni_closed,ug-180-230,193.25,1.38889,0.816416,0.821201,5,0
hermes_uni_closed,ug-180-230,193.75,1.11111,0.808905,0.811865,4,0
hermes_uni_closed,ug-180-230,194.25,1.38889,0.858961,0.861591,5,0
hermes_uni_closed,ug-180-230,194.75,1.38889,0.832831,0.833838,5,0
hermes_uni_closed,ug-180-230,195.25,1.38889,0.825344,0.828474,5,0
hermes_uni_closed,ug-180-230,195.75,1.66667,0.812327,0.816185,6,0
hermes_uni_closed,ug-180-230,196.25,1.94444,0.860515,0.860884,7,0
hermes_uni_closed,ug-180-230,196.75,1.94444,0.870549,0.870858,7,0
hermes_uni_closed,ug-180-230,197.25,1.66667,0.837953,0.842185,6,0
hermes_uni_closed,ug-180-230,197.75,1.94444,0.810868,0.81207,7,0
hermes_uni_closed,ug-180-230,198.25,1.94444,0.839593,0.840093,7,0
hermes_uni_closed,ug-180-230,198.75,1.94444,0.860131,0.862907,7,0
hermes_uni_closed,ug-180-230,199.25,1.66667,0.853434,0.855739,6,0
hermes_uni_closed,ug-180-230,199.75,1.66667,0.847076,0.848039,6,0
hermes_uni_closed,ug-180-230,200.25,1.38889,0.843642,0.844482,5,0
hermes_uni_closed,ug-180-230,200.75,1.38889,0.843922,0.847406,5,0
hermes_uni_closed,ug-180-230,201.25,1.38889,0.832567,0.833354,5,0
hermes_uni_closed,ug-180-230,201.75,1.94444,0.866854,0.868263,7,0
hermes_uni_closed,ug-180-230,202.25,1.94444,0.804866,0.805528,7,0
hermes_uni_closed,ug-180-230,202.75,1.38889,0.788225,0.789237,5,0
hermes_uni_closed,ug-180-230,203.25,1.38889,0.772865,0.774482,5,0
hermes_uni_closed,ug-180-230,203.75,1.38889,0.774555,0.775819,5,0
hermes_uni_closed,ug-180-230,204.25,0.833333,0.776233,0.777582,3,0
hermes_uni_closed,ug-180-230,204.75,0.833333,0.763337,0.765762,3,0
hermes_uni_closed,ug-180-230,205.25,0.555556,0.787632,0.793022,2,0
hermes_uni_closed,ug-180-230,205.75,0.555556,0.801777,0.804474,2,0
hermes_uni_closed,ug-180-230,206.25,0.277778,0.798601,0.7994,1,0
hermes_uni_open,uo-050-180-180,6.438,0.277778,1.91404,1.91459,1,0
hermes_uni_open,uo-050-180-180,6.938,0.277778,1.95101,1.9514,1,0
hermes_uni_open,uo-050-180-180,7.938,0.277778,1.78994,1.7905,1,0
hermes_uni_open,uo-050-180-180,8.438,0.277778,1.81995,1.82012,1,0
hermes_uni_open,uo-050-180-180,8.938,0.555556,1.72919,1.73051,2,0
hermes_uni_open,uo-050-180-180,9.438,0.555556,1.74275,1.74396,2,0
hermes_uni_open,uo-050-180-180,10.938,0.277778,1.66501,1.66567,1,0
hermes_uni_open,uo-050-180-180,11.438,0.555556,1.51964,1.51985,2,0
hermes_uni_open,uo-050-180-180,11.938,0.277778,1.37423,1.37427,1,1
hermes_uni_open,uo-050-180-180,12.438,0.277778,1.3662,1.36623,1,1
hermes_uni_open,uo-050-180-180,13.938,0.277778,1.25446,1.25542,1,1
hermes_uni_open,uo-050-180-180,14.438,0.277778,1.24463,1.2453,1,1
hermes_uni_open,uo-050-180-180,14.938,0.277778,1.24059,1.24061,1,1
hermes_uni_open,uo-050-180-180,15.438,0.555556,1.28706,1.2873,2,1
hermes_uni_open,uo-050-180-180,15.938,0.833333,1.23926,1.23983,3,1
hermes_uni_open,uo-050-180-180,16.438,0.833333,1.26327,1.26445,3,1
hermes_uni_open,uo-050-180-180,16.938,0.833333,1.26647,1.26779,3,1
hermes_uni_open,uo-050-180-180,17.438,0.833333,1.25414,1.25439,3,1
hermes_uni_open,uo-050-180-180,17.938,0.833333,1.38259,1.38316,3,1
hermes_uni_open,uo-050-180-180,18.438,0.833333,1.43594,1.43634,3,1
hermes_uni_open,uo-050-180-180,18.938,0.555556,1.45264,1.4533,2,1
hermes_uni_open,uo-050-180-180,19.438,0.277778,1.49885,1.5017,1,1
hermes_uni_open,uo-050-180-180,19.938,0.555556,1.48568,1.48845,2,1
hermes_uni_open,uo-050-180-180,20.438,0.555556,1.47416,1.47539,2,1
hermes_uni_open,uo-050-180-180,20.938,0.555556,1.50212,1.50278,2,1
hermes_uni_open,uo-050-180-180,21.438,0.555556,1.6004,1.60482,2,1
hermes_uni_open,uo-050-180-180,21.938,0.555556,1.48062,1.48205,2,1
hermes_uni_open,uo-050-180-180,22.438,0.555556,1.48618,1.4878,2,1
hermes_uni_open,uo-050-180-180,22.938,0.277778,1.60436,1.60499,1,1
hermes_uni_open,uo-050-180-180,23.438,0.277778,1.58136,1.58194,1,1
hermes_uni_open,uo-050-180-180,25.938,0.555556,1.26823,1.27018,2,1
hermes_uni_open,uo-050-180-180,26.438,0.555556,1.28174,1.28181,2,1
hermes_uni_open,uo-050-180-180,26.938,1.11111,1.37072,1.37156,4,1
hermes_uni_open,uo-050-180-180,27.438,0.555556,1.3973,1.39771,2,1
hermes_uni_open,uo-050-180-180,27.938,0.555556,1.37872,1.37933,2,1
hermes_uni_open,uo-050-180-180,28.438,0.833333,1.46513,1.46555,3,1
hermes_uni_open,uo-050-180-180,28.938,1.11111,1.50817,1.51306,4,1
hermes_uni_open,uo-050-180-180,29.438,0.833333,1.35358,1.35895,3,1
hermes_uni_open,uo-050-180-180,29.938,0.277778,1.6664,1.66798,1,1
hermes_uni_open,uo-050-180-180,31.938,0.277778,1.35567,1.35577,1,1
hermes_uni_open,uo-050-180-180,32.438,0.555556,1.31768,1.32017,2,1
hermes_uni_open,uo-050-180-180,32.938,0.555556,1.26456,1.26534,2,1
hermes_uni_open,uo-050-180-180,33.438,0.555556,1.40417,1.40807,2,1
hermes_uni_open,uo-050-180-180,33.938,0.555556,1.37366,1.38625,2,1
hermes_uni_open,uo-050-180-180,34.438,0.833333,1.43709,1.451,3,1
hermes_uni_open,uo-050-180-180,34.938,0.555556,1.39223,1.39488,2,1
hermes_uni_open,uo-050-180-180,35.938,0.277778,1.19711,1.19882,1,1
hermes_uni_open,uo-050-180-180,36.438,0.555556,1.30639,1.30797,2,1
hermes_uni_open,uo-050-180-180,36.938,0.555556,1.33782,1.33791,2,1
hermes_uni_open,uo-050-180-180,37.438,0.277778,1.4248,1.42485,1,1
hermes_uni_open,uo-050-180-180,38.938,0.277778,1.0017,1.00286,1,1
hermes_uni_open,uo-050-180-180,39.438,0.833333,1.15053,1.1522,3,1
hermes_uni_open,uo-050-180-180,39.938,0.833333,1.21593,1.21864,3,1
hermes_uni_open,uo-050-180-180,40.438,1.11111,1.18617,1.18653,4,1
hermes_uni_open,uo-050-180-180,40.938,0.833333,1.17952,1.1798,3,1
hermes_uni_open,uo-050-180-180,41.438,0.555556,1.23626,1.23877,2,1
hermes_uni_open,uo-050-180-180,41.938,0.833333,1.28288,1.28589,3,1
hermes_uni_open,uo-050-180-180,42.438,0.555556,1.24125,1.24253,2,1
hermes_uni_open,uo-050-180-180,42.938,0.555556,1.24665,1.24691,2,1
hermes_uni_open,uo-050-180-180,43.438,0.277778,1.51247,1.51591,1,1
hermes_uni_open,uo-050-180-180,43.938,0.555556,1.38769,1.38797,2,1
hermes_uni_open,uo-050-180-180,44.438,0.555556,1.35416,1.35669,2,1
hermes_uni_open,uo-050-180-180,44.938,0.555556,1.23638,1.23652,2,1
hermes_uni_open,uo-050-180-180,45.438,0.277778,1.23235,1.23271,1,1
hermes_uni_open,uo-050-180-180,45.938,0.555556,1.23006,1.23374,2,1
hermes_uni_open,uo-050-180-180,46.438,1.11111,1.31218,1.31435,4,1
hermes_uni_open,uo-050-180-180,46.938,0.833333,1.29003,1.29472,3,1
hermes_uni_open,uo-050-180-180,47.438,0.833333,1.31872,1.31976,3,1
hermes_uni_open,uo-050-180-180,47.938,0.277778,1.40074,1.40074,1,1
hermes_uni_open,uo-050-180-180,48.438,0.277778,1.38346,1.38852,1,1
hermes_uni_open,uo-050-180-180,48.938,0.555556,1.52626,1.52734,2,1
hermes_uni_open,uo-050-180-180,49.438,1.11111,1.58084,1.58123,4,1
hermes_uni_open,uo-050-180-180,49.938,0.833333,1.67318,1.6737,3,1
hermes_uni_open,uo-050-180-180,50.438,0.555556,1.66819,1.6683,2,1
hermes_uni_open,uo-050-180-180,51.938,0.555556,1.70215,1.70275,2,1
hermes_uni_open,uo-050-180-180,52.438,0.833333,1.74881,1.75028,3,1
hermes_uni_open,uo-050-180-180,52.938,0.555556,1.85065,1.85407,2,1
hermes_uni_open,uo-050-180-180,53.438,0.555556,1.7995,1.80171,2,1
hermes_uni_open,uo-050-180-180,57.438,0.555556,1.33266,1.33352,2,0
hermes_uni_open,uo-050-180-180,57.938,0.555556,1.36822,1.36848,2,0
hermes_uni_open,uo-050-180-180,58.438,0.833333,1.33828,1.33945,3,0
hermes_uni_open,uo-050-180-180,58.938,0.555556,1.35365,1.35553,2,0
hermes_uni_open,uo-050-180-180,59.438,0.555556,1.37008,1.3711,2,0
hermes_uni_open,uo-060-180-180,9.375,0.277778,1.50707,1.50903,1,0
hermes_uni_open,uo-060-180-180,9.875,0.555556,1.67152,1.67299,2,0
hermes_uni_open,uo-060-180-180,10.375,0.555556,1.66987,1.6716,2,0
hermes_uni_open,uo-060-180-180,11.375,0.277778,1.49693,1.4972,1,0
hermes_uni_open,uo-060-180-180,11.875,0.833333,1.67911,1.68016,3,0
hermes_uni_open,uo-060-180-180,12.375,1.11111,1.64212,1.64258,4,0
hermes_uni_open,uo-060-180-180,12.875,0.555556,1.67065,1.67216,2,0
hermes_uni_open,uo-060-180-180,13.375,0.555556,1.65571,1.6561,2,0
hermes_uni_open,uo-060-180-180,14.875,0.277778,1.67807,1.6781,1,1
hermes_uni_open,uo-060-180-180,15.375,0.555556,1.45613,1.45663,2,1
hermes_uni_open,uo-060-180-180,15.875,0.277778,1.27097,1.27116,1,1
hermes_uni_open,uo-060-180-180,16.375,0.555556,1.36691,1.36734,2,1
hermes_uni_open,uo-060-180-180,16.875,0.277778,1.34356,1.34622,1,1
hermes_uni_open,uo-060-180-180,17.375,0.277778,1.36003,1.36182,1,1
hermes_uni_open,uo-060-180-180,17.875,0.555556,1.63273,1.63332,2,1
hermes_uni_open,uo-060-180-180,18.375,0.555556,1.5626,1.56316,2,1
hermes_uni_open,uo-060-180-180,18.875,0.277778,1.51412,1.51429,1,1
hermes_uni_open,uo-060-180-180,19.375,0.555556,1.39678,1.39749,2,1
hermes_uni_open,uo-060-180-180,19.875,0.833333,1.40918,1.41001,3,1
hermes_uni_open,uo-060-180-180,20.375,0.555556,1.39603,1.39651,2,1
hermes_uni_open,uo-060-180-180,20.875,0.277778,1.51419,1.51447,1,1
hermes_uni_open,uo-060-180-180,21.375,0.833333,1.46009,1.46039,3,1
hermes_uni_open,uo-060-180-180,21.875,0.555556,1.4371,1.43736,2,1
hermes_uni_open,uo-060-180-180,22.375,1.11111,1.46946,1.46949,4,1
hermes_uni_open,uo-060-180-180,22.875,0.833333,1.51561,1.51578,3,1
hermes_uni_open,uo-060-180-180,23.375,0.833333,1.56712,1.5675,3,1
hermes_uni_open,uo-060-180-180,23.875,0.555556,1.6107,1.61108,2,1
hermes_uni_open,uo-060-180-180,24.375,0.555556,1.60534,1.60562,2,1
hermes_uni_open,uo-060-180-180,24.875,0.277778,1.53801,1.53804,1,1
hermes_uni_open,uo-060-180-180,25.875,0.555556,1.63533,1.63539,2,1
hermes_uni_open,uo-060-180-180,26.375,0.833333,1.61217,1.61226,3,1
hermes_uni_open,uo-060-180-180,26.875,0.555556,1.67032,1.67052,2,1
hermes_uni_open,uo-060-180-180,27.875,0.555556,1.62095,1.62097,2,1
hermes_uni_open,uo-060-180-180,28.375,0.555556,1.6222,1.62297,2,1
hermes_uni_open,uo-060-180-180,28.875,0.555556,1.59325,1.59394,2,1
hermes_uni_open,uo-060-180-180,29.375,0.277778,1.40692,1.40706,1,1
hermes_uni_open,uo-060-180-180,29.875,0.277778,1.38552,1.38884,1,1
hermes_uni_open,uo-060-180-180,30.375,0.555556,1.43599,1.43661,2,1
hermes_uni_open,uo-060-180-180,30.875,0.555556,1.37933,1.3805,2,1
hermes_uni_open,uo-060-180-180,31.375,0.555556,1.35742,1.35916,2,1
hermes_uni_open,uo-060-180-180,31.875,0.833333,1.43501,1.43568,3,1
hermes_uni_open,uo-060-180-180,32.375,0.555556,1.49214,1.49219,2,1
hermes_uni_open,uo-060-180-180,32.875,0.555556,1.54697,1.547,2,1
hermes_uni_open,uo-060-180-180,33.375,0.555556,1.61905,1.62137,2,1
hermes_uni_open,uo-060-180-180,33.875,0.555556,1.48713,1.49009,2,1
hermes_uni_open,uo-060-180-180,34.375,0.277778,1.57517,1.57722,1,1
hermes_uni_open,uo-060-180-180,34.875,0.555556,1.46854,1.47141,2,1
hermes_uni_open,uo-060-180-180,35.375,0.277778,1.26902,1.27681,1,1
hermes_uni_open,uo-060-180-180,35.875,0.555556,1.36765,1.36856,2,1
hermes_uni_open,uo-060-180-180,36.375,0.555556,1.47528,1.47665,2,1
hermes_uni_open,uo-060-180-180,36.875,0.555556,1.43227,1.43761,2,1
hermes_uni_open,uo-060-180-180,37.375,0.555556,1.33637,1.34827,2,1
hermes_uni_open,uo-060-180-180,37.875,0.277778,1.11272,1.1156,1,1
hermes_uni_open,uo-060-180-180,38.375,0.277778,1.12919,1.13512,1,1
hermes_uni_open,uo-060-180-180,38.875,0.277778,1.19045,1.19088,1,1
hermes_uni_open,uo-060-180-180,39.875,0.555556,1.24005,1.24257,2,1
hermes_uni_open,uo-060-180-180,40.375,0.555556,1.27757,1.27951,2,1
hermes_uni_open,uo-060-180-180,40.875,0.555556,1.23452,1.23757,2,1
hermes_uni_open,uo-060-180-180,41.375,0.277778,1.07512,1.07579,1,1
hermes_uni_open,uo-060-180-180,41.875,0.555556,1.21199,1.21604,2,1
hermes_uni_open,uo-060-180-180,42.375,1.11111,1.23022,1.2308,4,1
hermes_uni_open,uo-060-180-180,42.875,1.11111,1.16727,1.16991,4,1
hermes_uni_open,uo-060-180-180,43.375,0.833333,1.09541,1.09786,3,1
hermes_uni_open,uo-060-180-180,43.875,0.555556,1.20934,1.21161,2,1
hermes_uni_open,uo-060-180-180,44.375,0.555556,1.24987,1.24999,2,1
hermes_uni_open,uo-060-180-180,44.875,0.555556,1.24686,1.24715,2,1
hermes_uni_open,uo-060-180-180,45.375,0.555556,1.14511,1.14517,2,1
hermes_uni_open,uo-060-180-180,45.875,0.833333,1.18306,1.18366,3,1
hermes_uni_open,uo-060-180-180,46.375,1.11111,1.2039,1.20496,4,1
hermes_uni_open,uo-060-180-180,46.875,0.833333,1.23514,1.23634,3,1
hermes_uni_open,uo-060-180-180,47.375,0.833333,1.15277,1.15387,3,1
hermes_uni_open,uo-060-180-180,47.875,0.555556,1.19754,1.19985,2,1
hermes_uni_open,uo-060-180-180,48.375,0.833333,1.32353,1.32676,3,1
hermes_uni_open,uo-060-180-180,48.875,0.833333,1.31358,1.31463,3,1
hermes_uni_open,uo-060-180-180,49.375,0.277778,1.59909,1.59923,1,1
hermes_uni_open,uo-060-180-180,51.375,0.555556,1.40647,1.40691,2,1
hermes_uni_open,uo-060-180-180,51.875,0.833333,1.36939,1.37027,3,1
hermes_uni_open,uo-060-180-180,52.375,1.11111,1.37985,1.38069,4,0
hermes_uni_open,uo-060-180-180,52.875,0.833333,1.33908,1.34089,3,0
hermes_uni_open,uo-060-180-180,53.375,1.11111,1.29334,1.29517,4,0
hermes_uni_open,uo-060-180-180,53.875,0.833333,1.29719,1.30006,3,0
hermes_uni_open,uo-060-180-180,54.375,0.833333,1.25527,1.25812,3,0
hermes_uni_open,uo-060-180-180,54.875,0.833333,1.25393,1.25689,3,0
hermes_uni_open,uo-060-180-180,55.375,0.555556,1.52562,1.53023,2,0
hermes_uni_open,uo-060-180-180,55.875,0.555556,1.4095,1.4119,2,0
hermes_uni_open,uo-060-180-180,56.375,0.555556,1.35752,1.36132,2,0
hermes_uni_open,uo-060-180-180,56.875,0.555556,1.39186,1.40336,2,0
hermes_uni_open,uo-065-240-240,58.75,0.416667,1.77277,1.77378,2,0
hermes_uni_open,uo-065-240-240,59.25,0.416667,1.87427,1.87685,2,0
hermes_uni_open,uo-065-240-240,59.75,0.416667,1.83995,1.84085,2,0
hermes_uni_open,uo-065-240-240,60.25,0.208333,1.68906,1.68965,1,0
hermes_uni_open,uo-065-240-240,60.75,0.208333,1.74741,1.74744,1,0
hermes_uni_open,uo-065-240-240,61.25,0.208333,1.51864,1.51893,1,0
hermes_uni_open,uo-065-240-240,61.75,0.416667,1.56141,1.56479,2,0
hermes_uni_open,uo-065-240-240,62.25,0.416667,1.53024,1.53171,2,0
hermes_uni_open,uo-065-240-240,62.75,0.416667,1.61364,1.6148,2,0
hermes_uni_open,uo-065-240-240,63.25,0.416667,1.6903,1.69125,2,0
hermes_uni_open,uo-065-240-240,64.75,0.416667,1.80537,1.80579,2,1
hermes_uni_open,uo-065-240-240,65.25,0.625,1.6901,1.69353,3,1
hermes_uni_open,uo-065-240-240,65.75,0.416667,1.59542,1.59609,2,1
hermes_uni_open,uo-065-240-240,66.25,0.416667,1.56955,1.56981,2,1
hermes_uni_open,uo-065-240-240,66.75,0.416667,1.7614,1.76168,2,1
hermes_uni_open,uo-065-240-240,67.25,0.625,1.65988,1.66005,3,1
hermes_uni_open,uo-065-240-240,67.75,0.208333,1.5414,1.5415,1,1
hermes_uni_open,uo-065-240-240,68.25,0.416667,1.48358,1.48803,2,1
hermes_uni_open,uo-065-240-240,68.75,0.625,1.57819,1.58168,3,1
hermes_uni_open,uo-065-240-240,69.25,0.416667,1.62234,1.6253,2,1
hermes_uni_open,uo-065-240-240,69.75,0.416667,1.56471,1.56642,2,1
hermes_uni_open,uo-065-240-240,70.25,0.208333,1.27564,1.2772,1,1
hermes_uni_open,uo-065-240-240,70.75,0.208333,1.21532,1.21639,1,1
hermes_uni_open,uo-065-240-240,71.25,0.208333,1.6652,1.66602,1,1
hermes_uni_open,uo-065-240-240,71.75,0.208333,1.66432,1.66449,1,1
hermes_uni_open,uo-065-240-240,72.25,0.625,1.48175,1.48212,3,1
hermes_uni_open,uo-065-240-240,72.75,0.625,1.44152,1.45243,3,1
hermes_uni_open,uo-065-240-240,73.25,0.625,1.44515,1.45074,3,1
hermes_uni_open,uo-065-240-240,73.75,0.208333,1.60768,1.61766,1,1
hermes_uni_open,uo-065-240-240,74.25,0.625,1.48682,1.48917,3,1
hermes_uni_open,uo-065-240-240,74.75,0.625,1.47988,1.481,3,1
hermes_uni_open,uo-065-240-240,75.25,0.833333,1.52998,1.53464,4,1
hermes_uni_open,uo-065-240-240,75.75,0.208333,1.47722,1.49101,1,1
hermes_uni_open,uo-065-240-240,76.25,0.416667,1.33025,1.33254,2,1
hermes_uni_open,uo-065-240-240,76.75,0.208333,1.3497,1.34988,1,1
hermes_uni_open,uo-065-240-240,77.25,0.625,1.43546,1.43625,3,1
hermes_uni_open,uo-065-240-240,77.75,0.416667,1.42657,1.42841,2,1
hermes_uni_open,uo-065-240-240,78.25,0.625,1.43946,1.44077,3,1
hermes_uni_open,uo-065-240-240,78.75,0.208333,1.4572,1.45725,1,1
hermes_uni_open,uo-065-240-240,79.25,0.416667,1.46922,1.46979,2,1
hermes_uni_open,uo-065-240-240,79.75,0.208333,1.53279,1.53475,1,1
hermes_uni_open,uo-065-240-240,80.25,0.416667,1.44275,1.44418,2,1
hermes_uni_open,uo-065-240-240,80.75,0.625,1.42793,1.42808,3,1
hermes_uni_open,uo-065-240-240,81.25,0.625,1.43276,1.43376,3,1
hermes_uni_open,uo-065-240-240,81.75,0.625,1.49205,1.49351,3,1
hermes_uni_open,uo-065-240-240,82.25,0.208333,1.51985,1.51992,1,1
hermes_uni_open,uo-065-240-240,82.75,0.416667,1.49472,1.49492,2,1
hermes_uni_open,uo-065-240-240,83.25,0.208333,1.49596,1.49605,1,1
hermes_uni_open,uo-065-240-240,83.75,0.208333,1.43982,1.4419,1,1
hermes_uni_open,uo-065-240-240,84.25,0.416667,1.41299,1.41622,2,1
hermes_uni_open,uo-065-240-240,84.75,0.416667,1.38745,1.38856,2,1
hermes_uni_open,uo-065-240-240,85.25,0.625,1.47002,1.4745,3,1
hermes_uni_open,uo-065-240-240,85.75,0.833333,1.51629,1.52042,4,1
hermes_uni_open,uo-065-240-240,86.25,0.625,1.57286,1.58186,3,1
hermes_uni_open,uo-065-240-240,86.75,0.208333,1.34089,1.34138,1,1
hermes_uni_open,uo-065-240-240,87.25,0.208333,1.72389,1.72927,1,1
hermes_uni_open,uo-065-240-240,87.75,0.416667,1.5073,1.51623,2,1
hermes_uni_open,uo-065-240-240,88.25,0.416667,1.47192,1.47368,2,1
hermes_uni_open,uo-065-240-240,88.75,0.416667,1.45927,1.46206,2,1
hermes_uni_open,uo-065-240-240,89.25,0.208333,1.6407,1.64257,1,1
hermes_uni_open,uo-065-240-240,90.25,0.416667,1.46337,1.46476,2,1
hermes_uni_open,uo-065-240-240,90.75,0.416667,1.47839,1.48062,2,1
hermes_uni_open,uo-065-240-240,91.25,0.625,1.44906,1.44969,3,1
hermes_uni_open,uo-065-240-240,91.75,0.625,1.49916,1.49969,3,1
hermes_uni_open,uo-065-240-240,92.25,0.833333,1.48402,1.48467,4,1
hermes_uni_open,uo-065-240-240,92.75,0.208333,1.48669,1.48674,1,1
hermes_uni_open,uo-065-240-240,93.25,0.208333,1.49146,1.49147,1,1
hermes_uni_open,uo-065-240-240,94.25,0.208333,1.57025,1.57039,1,1
hermes_uni_open,uo-065-240-240,94.75,0.208333,1.56476,1.56493,1,1
hermes_uni_open,uo-065-240-240,96.25,0.625,1.16244,1.16358,3,1
hermes_uni_open,uo-065-240-240,96.75,0.833333,1.21342,1.21413,4,1
hermes_uni_open,uo-065-240-240,97.25,1.25,1.2437,1.2445,6,1
hermes_uni_open,uo-065-240-240,97.75,1.25,1.21478,1.21743,6,1
hermes_uni_open,uo-065-240-240,98.25,0.625,1.23809,1.2411,3,1
hermes_uni_open,uo-065-240-240,98.75,0.416667,1.23511,1.23805,2,1
hermes_uni_open,uo-065-240-240,99.25,0.208333,1.56589,1.56623,1,1
hermes_uni_open,uo-065-240-240,99.75,0.625,1.44091,1.44195,3,1
hermes_uni_open,uo-065-240-240,100.25,0.625,1.46275,1.46357,3,1
hermes_uni_open,uo-065-240-240,100.75,0.416667,1.5081,1.50968,2,1
hermes_uni_open,uo-065-240-240,101.25,0.416667,1.53511,1.53702,2,1
hermes_uni_open,uo-065-240-240,101.75,0.208333,1.31408,1.31417,1,0
hermes_uni_open,uo-065-240-240,102.25,0.416667,1.38065,1.38082,2,0
hermes_uni_open,uo-065-240-240,102.75,0.625,1.37454,1.37523,3,0
hermes_uni_open,uo-065-240-240,103.25,0.625,1.23126,1.24509,3,0
hermes_uni_open,uo-065-240-240,103.75,0.833333,1.3206,1.32562,4,0
hermes_uni_open,uo-065-240-240,104.25,0.625,1.41028,1.4138,3,0
hermes_uni_open,uo-065-240-240,104.75,0.625,1.56746,1.57316,3,0
hermes_uni_open,uo-065-240-240,105.75,0.208333,1.75463,1.75516,1,0
hermes_uni_open,uo-065-240-240,106.25,0.208333,1.73836,1.74153,1,0
hermes_uni_open,uo-070-180-180,10.25,0.277778,1.26662,1.26662,1,0
hermes_uni_open,uo-070-180-180,10.75,0.833333,1.56685,1.56931,3,0
hermes_uni_open,uo-070-180-180,11.25,1.11111,1.52013,1.52117,4,0
hermes_uni_open,uo-070-180-180,11.75,0.833333,1.39384,1.3945,3,0
hermes_uni_open,uo-070-180-180,12.25,0.833333,1.46049,1.46085,3,0
hermes_uni_open,uo-070-180-180,12.75,0.833333,1.41953,1.4202,3,0
hermes_uni_open,uo-070-180-180,13.25,0.555556,1.39373,1.39444,2,0
hermes_uni_open,uo-070-180-180,13.75,0.833333,1.26772,1.26782,3,0
hermes_uni_open,uo-070-180-180,14.25,1.11111,1.35853,1.35989,4,0
hermes_uni_open,uo-070-180-180,14.75,1.11111,1.38199,1.38242,4,0
hermes_uni_open,uo-070-180-180,15.25,0.555556,1.40778,1.40917,2,0
hermes_uni_open,uo-070-180-180,15.75,0.555556,1.37224,1.37317,2,0
hermes_uni_open,uo-070-180-180,16.25,0.277778,1.46866,1.46869,1,0
hermes_uni_open,uo-070-180-180,16.75,0.833333,1.33054,1.33254,3,0
hermes_uni_open,uo-070-180-180,17.25,0.555556,1.3334,1.33341,2,0
hermes_uni_open,uo-070-180-180,17.75,0.833333,1.32896,1.32959,3,1
hermes_uni_open,uo-070-180-180,18.25,0.555556,1.34611,1.34711,2,1
hermes_uni_open,uo-070-180-180,18.75,0.555556,1.32862,1.32923,2,1
hermes_uni_open,uo-070-180-180,19.25,0.555556,1.38359,1.3837,2,1
hermes_uni_open,uo-070-180-180,19.75,0.555556,1.48333,1.48392,2,1
hermes_uni_open,uo-070-180-180,20.25,0.833333,1.64717,1.64765,3,1
hermes_uni_open,uo-070-180-180,20.75,0.555556,1.69436,1.69438,2,1
hermes_uni_open,uo-070-180-180,21.25,0.833333,1.4378,1.44021,3,1
hermes_uni_open,uo-070-180-180,21.75,0.833333,1.41923,1.42062,3,1
hermes_uni_open,uo-070-180-180,22.25,0.833333,1.32837,1.32881,3,1
hermes_uni_open,uo-070-180-180,22.75,0.555556,1.37103,1.37165,2,1
hermes_uni_open,uo-070-180-180,23.25,1.11111,1.40804,1.40901,4,1
hermes_uni_open,uo-070-180-180,23.75,0.833333,1.41889,1.4211,3,1
hermes_uni_open,uo-070-180-180,24.25,1.11111,1.44564,1.44646,4,1
hermes_uni_open,uo-070-180-180,24.75,0.833333,1.43863,1.43915,3,1
hermes_uni_open,uo-070-180-180,25.25,0.555556,1.33404,1.33408,2,1
hermes_uni_open,uo-070-180-180,25.75,0.833333,1.45625,1.45668,3,1
hermes_uni_open,uo-070-180-180,26.25,0.555556,1.465,1.46504,2,1
hermes_uni_open,uo-070-180-180,26.75,1.11111,1.47817,1.47916,4,1
hermes_uni_open,uo-070-180-180,27.25,0.833333,1.49611,1.4962,3,1
hermes_uni_open,uo-070-180-180,27.75,0.833333,1.47441,1.47457,3,1
hermes_uni_open,uo-070-180-180,28.25,0.277778,1.44768,1.44769,1,1
hermes_uni_open,uo-070-180-180,28.75,0.277778,1.44259,1.44261,1,1
hermes_uni_open,uo-070-180-180,29.25,0.555556,1.58872,1.58912,2,1
hermes_uni_open,uo-070-180-180,29.75,1.11111,1.53729,1.5393,4,1
hermes_uni_open,uo-070-180-180,30.25,1.11111,1.54999,1.55275,4,1
hermes_uni_open,uo-070-180-180,30.75,0.277778,1.49403,1.49481,1,1
hermes_uni_open,uo-070-180-180,31.25,0.277778,1.31295,1.31456,1,1
hermes_uni_open,uo-070-180-180,31.75,0.555556,1.45388,1.4583,2,1
hermes_uni_open,uo-070-180-180,32.25,0.833333,1.44685,1.44838,3,1
hermes_uni_open,uo-070-180-180,32.75,0.833333,1.44379,1.44387,3,1
hermes_uni_open,uo-070-180-180,33.25,0.555556,1.51191,1.51369,2,1
hermes_uni_open,uo-070-180-180,33.75,0.555556,1.50418,1.50433,2,1
hermes_uni_open,uo-070-180-180,34.25,0.277778,1.50487,1.50488,1,1
hermes_uni_open,uo-070-180-180,34.75,0.277778,1.29373,1.29577,1,1
hermes_uni_open,uo-070-180-180,35.25,0.277778,1.25991,1.26395,1,1
hermes_uni_open,uo-070-180-180,35.75,0.833333,1.40556,1.40782,3,1
hermes_uni_open,uo-070-180-180,36.25,0.555556,1.46165,1.46255,2,1
hermes_uni_open,uo-070-180-180,37.25,0.555556,1.42335,1.42356,2,1
hermes_uni_open,uo-070-180-180,37.75,0.555556,1.42157,1.4251,2,1
hermes_uni_open,uo-070-180-180,38.25,0.277778,1.26503,1.26825,1,1
hermes_uni_open,uo-070-180-180,40.75,0.277778,1.12049,1.12097,1,1
hermes_uni_open,uo-070-180-180,41.25,0.833333,1.23673,1.23807,3,1
hermes_uni_open,uo-070-180-180,41.75,0.833333,1.23445,1.23706,3,1
hermes_uni_open,uo-070-180-180,42.25,1.11111,1.2676,1.26989,4,1
hermes_uni_open,uo-070-180-180,42.75,0.555556,1.17357,1.17509,2,1
hermes_uni_open,uo-070-180-180,43.25,0.555556,1.10711,1.10742,2,1
hermes_uni_open,uo-070-180-180,43.75,0.833333,1.08931,1.08975,3,1
hermes_uni_open,uo-070-180-180,44.25,1.11111,1.12729,1.12762,4,1
hermes_uni_open,uo-070-180-180,44.75,0.833333,1.19771,1.19804,3,1
hermes_uni_open,uo-070-180-180,45.25,0.833333,1.20257,1.20749,3,1
hermes_uni_open,uo-070-180-180,45.75,0.833333,1.37542,1.38384,3,1
hermes_uni_open,uo-070-180-180,46.25,0.833333,1.39555,1.40094,3,1
hermes_uni_open,uo-070-180-180,46.75,0.555556,1.50655,1.52368,2,1
hermes_uni_open,uo-070-180-180,47.25,0.833333,1.25283,1.26047,3,1
hermes_uni_open,uo-070-180-180,47.75,0.833333,1.27913,1.28027,3,1
hermes_uni_open,uo-070-180-180,48.25,1.11111,1.24672,1.24784,4,1
hermes_uni_open,uo-070-180-180,48.75,1.38889,1.22127,1.22571,5,1
hermes_uni_open,uo-070-180-180,49.25,1.11111,1.15986,1.16902,4,1
hermes_uni_open,uo-070-180-180,49.75,0.833333,1.19338,1.20815,3,1
hermes_uni_open,uo-070-180-180,50.25,0.833333,1.10822,1.10906,3,1
hermes_uni_open,uo-070-180-180,50.75,0.555556,1.40806,1.40905,2,1
hermes_uni_open,uo-070-180-180,51.25,0.555556,1.36617,1.36975,2,1
hermes_uni_open,uo-070-180-180,51.75,0.833333,1.32893,1.33138,3,1
hermes_uni_open,uo-070-180-180,52.25,0.277778,1.38584,1.38608,1,1
hermes_uni_open,uo-070-180-180,52.75,0.555556,1.38979,1.39016,2,1
hermes_uni_open,uo-070-180-180,53.25,0.555556,1.36217,1.3623,2,1
hermes_uni_open,uo-070-180-180,53.75,0.555556,1.37528,1.37635,2,1
hermes_uni_open,uo-070-180-180,54.25,0.555556,1.36676,1.36718,2,1
hermes_uni_open,uo-070-180-180,54.75,0.555556,1.31083,1.31107,2,1
hermes_uni_open,uo-070-180-180,55.25,0.833333,1.3557,1.35588,3,1
hermes_uni_open,uo-070-180-180,55.75,0.833333,1.37859,1.37884,3,1
hermes_uni_open,uo-070-180-180,56.25,0.833333,1.37958,1.37969,3,1
hermes_uni_open,uo-070-180-180,56.75,0.555556,1.39069,1.3914,2,1
hermes_uni_open,uo-070-180-180,58.75,0.833333,1.19947,1.20021,3,1
hermes_uni_open,uo-070-180-180,59.25,0.833333,1.22716,1.22788,3,1
hermes_uni_open,uo-070-180-180,59.75,1.11111,1.26234,1.26362,4,1
hermes_uni_open,uo-070-180-180,60.25,0.277778,1.27723,1.27875,1,1
hermes_uni_open,uo-070-180-180,60.75,0.555556,1.28066,1.2808,2,1
hermes_uni_open,uo-070-180-180,61.25,0.555556,1.26498,1.26508,2,1
hermes_uni_open,uo-070-180-180,61.75,0.277778,1.22576,1.22577,1,1
hermes_uni_open,uo-070-180-180,62.25,0.833333,1.19385,1.19412,3,1
hermes_uni_open,uo-070-180-180,62.75,0.833333,1.1665,1.16752,3,1
hermes_uni_open,uo-070-180-180,63.25,1.38889,1.15531,1.15741,5,1
hermes_uni_open,uo-070-180-180,63.75,0.833333,1.1692,1.17063,3,1
hermes_uni_open,uo-070-180-180,64.25,1.11111,1.19725,1.19741,4,1
hermes_uni_open,uo-070-180-180,64.75,1.11111,1.21936,1.22003,4,1
hermes_uni_open,uo-070-180-180,65.25,1.11111,1.24832,1.24961,4,1
hermes_uni_open,uo-070-180-180,65.75,0.833333,1.39543,1.39608,3,1
hermes_uni_open,uo-070-180-180,66.25,0.277778,1.6251,1.6252,1,1
hermes_uni_open,uo-070-180-180,66.75,0.277778,1.3688,1.36954,1,1
hermes_uni_open,uo-070-180-180,67.25,0.277778,1.31223,1.3123,1,1
hermes_uni_open,uo-070-180-180,67.75,0.555556,1.40331,1.40495,2,1
hermes_uni_open,uo-070-180-180,68.25,0.833333,1.47779,1.47881,3,1
hermes_uni_open,uo-070-180-180,68.75,0.555556,1.43091,1.43135,2,1
hermes_uni_open,uo-070-180-180,69.25,0.833333,1.48735,1.48806,3,1
hermes_uni_open,uo-070-180-180,69.75,0.555556,1.52485,1.52633,2,1
hermes_uni_open,uo-070-180-180,70.25,0.555556,1.60071,1.6017,2,1
hermes_uni_open,uo-070-180-180,70.75,0.555556,1.59757,1.5994,2,1
hermes_uni_open,uo-070-180-180,71.75,0.277778,1.37737,1.37742,1,1
hermes_uni_open,uo-070-180-180,72.25,0.555556,1.45762,1.46167,2,1
hermes_uni_open,uo-070-180-180,72.75,0.555556,1.45832,1.46332,2,1
hermes_uni_open,uo-070-180-180,73.75,0.277778,1.23764,1.23882,1,0
hermes_uni_open,uo-070-180-180,74.25,0.555556,1.31836,1.3189,2,0
hermes_uni_open,uo-070-180-180,74.75,0.833333,1.31303,1.31366,3,0
hermes_uni_open,uo-070-180-180,75.25,0.833333,1.33327,1.34154,3,0
hermes_uni_open,uo-070-180-180,75.75,0.833333,1.40899,1.42132,3,0
hermes_uni_open,uo-070-180-180,76.25,0.833333,1.47863,1.4795,3,0
hermes_uni_open,uo-070-180-180,76.75,0.833333,1.40018,1.40136,3,0
hermes_uni_open,uo-070-180-180,77.25,0.555556,1.46624,1.4676,2,0
hermes_uni_open,uo-070-180-180,77.75,0.277778,1.23105,1.23146,1,0
hermes_uni_open,uo-070-180-180,78.25,0.277778,1.20458,1.20483,1,0
hermes_uni_open,uo-070-180-180,79.75,0.555556,1.13829,1.13852,2,0
hermes_uni_open,uo-070-180-180,80.25,0.555556,1.12556,1.1269,2,0
hermes_uni_open,uo-070-180-180,80.75,0.555556,1.1841,1.1843,2,0
hermes_uni_open,uo-080-240-240,38.5,0.208333,1.42533,1.42585,1,0
hermes_uni_open,uo-080-240-240,39,0.416667,1.4901,1.49023,2,0
hermes_uni_open,uo-080-240-240,39.5,0.416667,1.43595,1.43611,2,0
hermes_uni_open,uo-080-240-240,40,0.416667,1.43088,1.43258,2,0
hermes_uni_open,uo-080-240-240,40.5,0.208333,1.27927,1.27961,1,0
hermes_uni_open,uo-080-240-240,41,0.833333,1.28328,1.28558,4,0
hermes_uni_open,uo-080-240-240,41.5,0.833333,1.33997,1.34207,4,0
hermes_uni_open,uo-080-240-240,42,0.833333,1.33854,1.33946,4,0
hermes_uni_open,uo-080-240-240,42.5,0.625,1.39036,1.39096,3,0
hermes_uni_open,uo-080-240-240,43,0.625,1.37813,1.37865,3,0
hermes_uni_open,uo-080-240-240,43.5,0.833333,1.41408,1.4159,4,0
hermes_uni_open,uo-080-240-240,44,0.833333,1.40307,1.40399,4,0
hermes_uni_open,uo-080-240-240,44.5,0.625,1.40655,1.40695,3,0
hermes_uni_open,uo-080-240-240,45,0.833333,1.46363,1.46608,4,1
hermes_uni_open,uo-080-240-240,45.5,0.625,1.46985,1.47022,3,1
hermes_uni_open,uo-080-240-240,46,0.208333,1.37723,1.37723,1,1
hermes_uni_open,uo-080-240-240,46.5,0.416667,1.52945,1.52947,2,1
hermes_uni_open,uo-080-240-240,47,0.625,1.52457,1.52471,3,1
hermes_uni_open,uo-080-240-240,47.5,0.625,1.51712,1.51796,3,1
hermes_uni_open,uo-080-240-240,48,0.416667,1.33955,1.33982,2,1
hermes_uni_open,uo-080-240-240,48.5,0.416667,1.4309,1.43138,2,1
hermes_uni_open,uo-080-240-240,49,0.416667,1.42116,1.42196,2,1
hermes_uni_open,uo-080-240-240,49.5,0.416667,1.49609,1.49628,2,1
hermes_uni_open,uo-080-240-240,50,0.208333,1.48743,1.48905,1,1
hermes_uni_open,uo-080-240-240,50.5,0.416667,1.45695,1.45728,2,1
hermes_uni_open,uo-080-240-240,51,0.625,1.30253,1.30687,3,1
hermes_uni_open,uo-080-240-240,51.5,0.833333,1.32186,1.32281,4,1
hermes_uni_open,uo-080-240-240,52,1.04167,1.35602,1.3642,5,1
hermes_uni_open,uo-080-240-240,52.5,0.833333,1.32953,1.34957,4,1
hermes_uni_open,uo-080-240-240,53,0.833333,1.48785,1.49242,4,1
hermes_uni_open,uo-080-240-240,53.5,0.833333,1.48399,1.48557,4,1
hermes_uni_open,uo-080-240-240,54,0.416667,1.39342,1.39392,2,1
hermes_uni_open,uo-080-240-240,54.5,0.416667,1.50119,1.50191,2,1
hermes_uni_open,uo-080-240-240,55,0.208333,1.46513,1.46513,1,1
hermes_uni_open,uo-080-240-240,56,0.416667,1.33547,1.33607,2,1
hermes_uni_open,uo-080-240-240,56.5,0.416667,1.34428,1.34525,2,1
hermes_uni_open,uo-080-240-240,57,0.833333,1.34463,1.34585,4,1
hermes_uni_open,uo-080-240-240,57.5,0.625,1.35054,1.35115,3,1
hermes_uni_open,uo-080-240-240,58,0.625,1.35473,1.35515,3,1
hermes_uni_open,uo-080-240-240,58.5,0.625,1.41097,1.41218,3,1
hermes_uni_open,uo-080-240-240,59,0.833333,1.38284,1.3841,4,1
hermes_uni_open,uo-080-240-240,59.5,1.04167,1.36358,1.36546,5,1
hermes_uni_open,uo-080-240-240,60,0.833333,1.4056,1.40868,4,1
hermes_uni_open,uo-080-240-240,60.5,0.416667,1.46306,1.46696,2,1
hermes_uni_open,uo-080-240-240,62,0.208333,1.5838,1.58386,1,1
hermes_uni_open,uo-080-240-240,62.5,0.416667,1.44568,1.45,2,1
hermes_uni_open,uo-080-240-240,63,0.625,1.37242,1.37911,3,1
hermes_uni_open,uo-080-240-240,63.5,0.833333,1.39292,1.4088,4,1
hermes_uni_open,uo-080-240-240,64,1.04167,1.46099,1.46968,5,1
hermes_uni_open,uo-080-240-240,64.5,0.833333,1.51238,1.51954,4,1
hermes_uni_open,uo-080-240-240,65,0.833333,1.35328,1.3576,4,1
hermes_uni_open,uo-080-240-240,65.5,0.833333,1.41803,1.41932,4,1
hermes_uni_open,uo-080-240-240,66,1.04167,1.42111,1.42286,5,1
hermes_uni_open,uo-080-240-240,66.5,0.625,1.43459,1.43526,3,1
hermes_uni_open,uo-080-240-240,67,0.625,1.43905,1.44058,3,1
hermes_uni_open,uo-080-240-240,67.5,0.833333,1.56125,1.56814,4,1
hermes_uni_open,uo-080-240-240,68,0.833333,1.55692,1.56202,4,1
hermes_uni_open,uo-080-240-240,68.5,0.833333,1.51141,1.53196,4,1
hermes_uni_open,uo-080-240-240,69,0.625,1.46407,1.48461,3,1
hermes_uni_open,uo-080-240-240,69.5,0.833333,1.5262,1.53188,4,1
hermes_uni_open,uo-080-240-240,70,0.416667,1.57221,1.57271,2,1
hermes_uni_open,uo-080-240-240,70.5,0.208333,1.44747,1.44764,1,1
hermes_uni_open,uo-080-240-240,71,0.208333,1.61143,1.61242,1,1
hermes_uni_open,uo-080-240-240,71.5,0.416667,1.46976,1.47041,2,1
hermes_uni_open,uo-080-240-240,72,0.208333,1.29526,1.29806,1,1
hermes_uni_open,uo-080-240-240,72.5,0.625,1.58541,1.58626,3,1
hermes_uni_open,uo-080-240-240,73,0.625,1.59118,1.59129,3,1
hermes_uni_open,uo-080-240-240,73.5,0.416667,1.38468,1.38617,2,1
hermes_uni_open,uo-080-240-240,74,0.625,1.37945,1.37981,3,1
hermes_uni_open,uo-080-240-240,74.5,0.625,1.34441,1.34663,3,1
hermes_uni_open,uo-080-240-240,75,0.208333,1.72164,1.72187,1,1
hermes_uni_open,uo-080-240-240,75.5,0.625,1.54785,1.54813,3,1
hermes_uni_open,uo-080-240-240,76,0.625,1.38555,1.38692,3,1
hermes_uni_open,uo-080-240-240,76.5,0.625,1.45823,1.45867,3,1
hermes_uni_open,uo-080-240-240,77,1.04167,1.60132,1.6036,5,1
hermes_uni_open,uo-080-240-240,77.5,0.625,1.60555,1.6101,3,1
hermes_uni_open,uo-080-240-240,78,0.625,1.57576,1.5781,3,1
hermes_uni_open,uo-080-240-240,78.5,0.416667,1.62457,1.62463,2,1
hermes_uni_open,uo-080-240-240,80.5,0.416667,1.31537,1.31885,2,1
hermes_uni_open,uo-080-240-240,81,0.625,1.36361,1.36762,3,1
hermes_uni_open,uo-080-240-240,81.5,0.625,1.34208,1.34471,3,1
hermes_uni_open,uo-080-240-240,82,0.625,1.42382,1.42766,3,1
hermes_uni_open,uo-080-240-240,82.5,0.416667,1.38821,1.3917,2,1
hermes_uni_open,uo-080-240-240,83,0.416667,1.43654,1.43672,2,1
hermes_uni_open,uo-080-240-240,83.5,0.625,1.32034,1.32168,3,1
hermes_uni_open,uo-080-240-240,84,0.625,1.31172,1.31337,3,1
hermes_uni_open,uo-080-240-240,84.5,0.416667,1.29995,1.30058,2,1
hermes_uni_open,uo-080-240-240,85,0.416667,1.30166,1.30231,2,1
hermes_uni_open,uo-080-240-240,85.5,0.416667,1.325,1.32538,2,1
hermes_uni_open,uo-080-240-240,86,0.625,1.28428,1.2852,3,1
hermes_uni_open,uo-080-240-240,86.5,0.833333,1.33459,1.33472,4,1
hermes_uni_open,uo-080-240-240,87,0.625,1.36353,1.36361,3,1
hermes_uni_open,uo-080-240-240,87.5,0.833333,1.47033,1.47102,4,1
hermes_uni_open,uo-080-240-240,88,0.416667,1.48599,1.4873,2,1
hermes_uni_open,uo-080-240-240,88.5,0.416667,1.43938,1.44043,2,1
hermes_uni_open,uo-080-240-240,89,0.416667,1.28933,1.29174,2,1
hermes_uni_open,uo-080-240-240,89.5,0.625,1.31283,1.31522,3,1
hermes_uni_open,uo-080-240-240,90,0.625,1.3121,1.31553,3,1
hermes_uni_open,uo-080-240-240,90.5,0.625,1.30622,1.30722,3,1
hermes_uni_open,uo-080-240-240,91,0.625,1.51129,1.51617,3,1
hermes_uni_open,uo-080-240-240,91.5,0.833333,1.44373,1.44552,4,1
hermes_uni_open,uo-080-240-240,92,0.416667,1.31175,1.31276,2,1
hermes_uni_open,uo-080-240-240,92.5,0.625,1.41085,1.41096,3,1
hermes_uni_open,uo-080-240-240,93,0.625,1.51044,1.51182,3,1
hermes_uni_open,uo-080-240-240,93.5,0.416667,1.44399,1.44404,2,1
hermes_uni_open,uo-080-240-240,94,0.208333,1.41926,1.41947,1,1
hermes_uni_open,uo-080-240-240,94.5,0.208333,1.15962,1.16031,1,0
hermes_uni_open,uo-080-240-240,95,0.625,1.26244,1.26389,3,0
hermes_uni_open,uo-080-240-240,95.5,0.833333,1.28397,1.28672,4,0
hermes_uni_open,uo-080-240-240,96,1.04167,1.25173,1.25468,5,0
hermes_uni_open,uo-080-240-240,96.5,0.833333,1.32474,1.32784,4,0
hermes_uni_open,uo-080-240-240,97,0.625,1.29939,1.30207,3,0
hermes_uni_open,uo-080-240-240,97.5,0.833333,1.3085,1.30941,4,0
hermes_uni_open,uo-080-240-240,98,0.625,1.4786,1.47963,3,0
hermes_uni_open,uo-080-240-240,98.5,0.625,1.48838,1.48947,3,0
hermes_uni_open,uo-080-240-240,99,0.416667,1.44883,1.4496,2,0
hermes_uni_open,uo-080-240-240,99.5,0.416667,1.40279,1.4029,2,0
hermes_uni_open,uo-080-240-240,100,0.416667,1.37721,1.37722,2,0
hermes_uni_open,uo-080-240-240,100.5,0.208333,1.2924,1.29245,1,0
hermes_uni_open,uo-080-300-300,14.562,0.166667,1.28242,1.29479,1,0
hermes_uni_open,uo-080-300-300,15.062,0.5,1.54707,1.54938,3,0
hermes_uni_open,uo-080-300-300,15.562,0.5,1.62339,1.62584,3,0
hermes_uni_open,uo-080-300-300,16.062,0.5,1.79286,1.79503,3,0
hermes_uni_open,uo-080-300-300,16.562,0.5,1.74256,1.74497,3,0
hermes_uni_open,uo-080-300-300,17.062,0.166667,1.42642,1.45045,1,0
hermes_uni_open,uo-080-300-300,17.562,0.5,1.68955,1.69356,3,0
hermes_uni_open,uo-080-300-300,18.062,0.5,1.66205,1.66779,3,0
hermes_uni_open,uo-080-300-300,18.562,0.333333,1.7377,1.73793,2,0
hermes_uni_open,uo-080-300-300,19.062,0.333333,1.68556,1.68579,2,0
hermes_uni_open,uo-080-300-300,19.562,0.333333,1.69186,1.69228,2,0
hermes_uni_open,uo-080-300-300,20.062,0.333333,1.77431,1.7751,2,0
hermes_uni_open,uo-080-300-300,20.562,0.333333,1.72746,1.72921,2,0
hermes_uni_open,uo-080-300-300,21.062,0.166667,1.58111,1.58325,1,0
hermes_uni_open,uo-080-300-300,21.562,0.166667,1.6382,1.63844,1,0
hermes_uni_open,uo-080-300-300,22.062,0.666667,1.62204,1.62333,4,1
hermes_uni_open,uo-080-300-300,22.562,0.5,1.6431,1.64404,3,1
hermes_uni_open,uo-080-300-300,23.062,0.5,1.73381,1.74164,3,1
hermes_uni_open,uo-080-300-300,23.562,0.166667,1.76293,1.78084,1,1
hermes_uni_open,uo-080-300-300,24.062,0.333333,1.86181,1.86695,2,1
hermes_uni_open,uo-080-300-300,24.562,0.5,1.76917,1.77129,3,1
hermes_uni_open,uo-080-300-300,25.062,0.333333,1.52087,1.5209,2,1
hermes_uni_open,uo-080-300-300,25.562,0.166667,1.51608,1.51633,1,1
hermes_uni_open,uo-080-300-300,26.062,0.166667,1.55995,1.56104,1,1
hermes_uni_open,uo-080-300-300,26.562,0.333333,1.54402,1.54705,2,1
hermes_uni_open,uo-080-300-300,27.062,0.333333,1.53492,1.53701,2,1
hermes_uni_open,uo-080-300-300,27.562,0.333333,1.53578,1.54067,2,1
hermes_uni_open,uo-080-300-300,28.062,0.333333,1.62385,1.6276,2,1
hermes_uni_open,uo-080-300-300,28.562,0.5,1.30788,1.30822,3,1
hermes_uni_open,uo-080-300-300,29.062,0.5,1.42067,1.42148,3,1
hermes_uni_open,uo-080-300-300,29.562,0.833333,1.50395,1.50539,5,1
hermes_uni_open,uo-080-300-300,30.062,0.666667,1.49898,1.50034,4,1
hermes_uni_open,uo-080-300-300,30.562,0.5,1.61898,1.61988,3,1
hermes_uni_open,uo-080-300-300,31.062,0.333333,1.53927,1.53954,2,1
hermes_uni_open,uo-080-300-300,31.562,0.166667,1.51508,1.51523,1,1
hermes_uni_open,uo-080-300-300,32.062,0.333333,1.50919,1.5098,2,1
hermes_uni_open,uo-080-300-300,32.562,0.333333,1.50048,1.50149,2,1
hermes_uni_open,uo-080-300-300,33.062,0.333333,1.50653,1.51249,2,1
hermes_uni_open,uo-080-300-300,33.562,0.333333,1.69008,1.69768,2,1
hermes_uni_open,uo-080-300-300,34.062,0.666667,1.72188,1.72694,4,1
hermes_uni_open,uo-080-300-300,34.562,0.666667,1.66783,1.67287,4,1
hermes_uni_open,uo-080-300-300,35.062,0.5,1.50369,1.50554,3,1
hermes_uni_open,uo-080-300-300,35.562,0.333333,1.62688,1.62828,2,1
hermes_uni_open,uo-080-300-300,36.062,0.5,1.57938,1.57968,3,1
hermes_uni_open,uo-080-300-300,36.562,0.166667,1.61351,1.61355,1,1
hermes_uni_open,uo-080-300-300,37.062,0.333333,1.66071,1.66422,2,1
hermes_uni_open,uo-080-300-300,37.562,0.166667,1.70818,1.71061,1,1
hermes_uni_open,uo-080-300-300,38.062,0.166667,1.73758,1.73764,1,1
hermes_uni_open,uo-080-300-300,38.562,0.166667,1.5204,1.52102,1,1
hermes_uni_open,uo-080-300-300,39.062,0.666667,1.4637,1.46438,4,1
hermes_uni_open,uo-080-300-300,39.562,0.833333,1.48824,1.48893,5,1
hermes_uni_open,uo-080-300-300,40.062,0.5,1.46727,1.4674,3,1
hermes_uni_open,uo-080-300-300,41.562,0.333333,1.39104,1.39145,2,1
hermes_uni_open,uo-080-300-300,42.062,0.666667,1.45092,1.45453,4,1
hermes_uni_open,uo-080-300-300,42.562,0.666667,1.39848,1.40037,4,1
hermes_uni_open,uo-080-300-300,43.062,0.5,1.31442,1.31927,3,1
hermes_uni_open,uo-080-300-300,43.562,0.5,1.42671,1.43025,3,1
hermes_uni_open,uo-080-300-300,44.062,0.5,1.4146,1.4206,3,1
hermes_uni_open,uo-080-300-300,44.562,0.166667,1.46887,1.47182,1,1
hermes_uni_open,uo-080-300-300,45.062,0.333333,1.39564,1.39704,2,1
hermes_uni_open,uo-080-300-300,45.562,0.5,1.46372,1.46458,3,1
hermes_uni_open,uo-080-300-300,46.062,0.5,1.47223,1.47301,3,1
hermes_uni_open,uo-080-300-300,46.562,0.333333,1.7139,1.73987,2,1
hermes_uni_open,uo-080-300-300,47.062,0.166667,1.7949,1.83898,1,1
hermes_uni_open,uo-080-300-300,47.562,0.333333,1.21577,1.22625,2,1
hermes_uni_open,uo-080-300-300,48.062,0.333333,0.93007,0.945507,2,1
hermes_uni_open,uo-080-300-300,48.562,0.333333,0.814812,0.833502,2,1
hermes_uni_open,uo-080-300-300,49.062,0.666667,1.04945,1.05597,4,1
hermes_uni_open,uo-080-300-300,49.562,1,1.15928,1.16075,6,1
hermes_uni_open,uo-080-300-300,50.062,0.833333,1.15606,1.16668,5,1
hermes_uni_open,uo-080-300-300,50.562,0.5,1.18321,1.18896,3,1
hermes_uni_open,uo-080-300-300,51.062,0.333333,1.35836,1.35995,2,1
hermes_uni_open,uo-080-300-300,51.562,0.333333,1.4281,1.42939,2,1
hermes_uni_open,uo-080-300-300,52.062,0.333333,1.37737,1.3777,2,1
hermes_uni_open,uo-080-300-300,52.562,0.833333,1.43304,1.43424,5,1
hermes_uni_open,uo-080-300-300,53.062,0.666667,1.54053,1.54111,4,1
hermes_uni_open,uo-080-300-300,53.562,0.166667,1.32874,1.32923,1,1
hermes_uni_open,uo-080-300-300,54.062,0.166667,1.51321,1.51336,1,1
hermes_uni_open,uo-080-300-300,54.562,0.166667,1.59201,1.59243,1,1
hermes_uni_open,uo-080-300-300,55.062,0.166667,1.64356,1.64419,1,1
hermes_uni_open,uo-080-300-300,55.562,0.333333,1.21724,1.2175,2,1
hermes_uni_open,uo-080-300-300,56.062,0.333333,1.21135,1.21197,2,1
hermes_uni_open,uo-080-300-300,56.562,0.666667,1.3246,1.32552,4,1
hermes_uni_open,uo-080-300-300,57.062,0.333333,1.38682,1.38967,2,1
hermes_uni_open,uo-080-300-300,57.562,0.166667,1.26983,1.27093,1,1
hermes_uni_open,uo-080-300-300,60.562,0.166667,1.31901,1.32065,1,1
hermes_uni_open,uo-080-300-300,61.062,0.166667,1.26802,1.27095,1,1
hermes_uni_open,uo-080-300-300,61.562,0.166667,1.20962,1.20986,1,1
hermes_uni_open,uo-080-300-300,62.062,0.166667,1.21906,1.22684,1,1
hermes_uni_open,uo-080-300-300,62.562,0.166667,2.37383,2.37873,1,1
hermes_uni_open,uo-080-300-300,63.062,0.5,1.8367,1.83825,3,1
hermes_uni_open,uo-080-300-300,63.562,0.333333,1.44618,1.44677,2,1
hermes_uni_open,uo-080-300-300,64.062,0.333333,1.465,1.4651,2,1
hermes_uni_open,uo-080-300-300,64.562,0.166667,1.5433,1.55015,1,1
hermes_uni_open,uo-080-300-300,65.062,0.333333,1.3597,1.36218,2,1
hermes_uni_open,uo-080-300-300,65.562,0.166667,1.35199,1.35349,1,1
hermes_uni_open,uo-080-300-300,66.062,0.333333,1.27346,1.27375,2,1
hermes_uni_open,uo-080-300-300,66.562,0.333333,1.17144,1.17943,2,1
hermes_uni_open,uo-080-300-300,67.062,0.5,1.14665,1.15577,3,1
hermes_uni_open,uo-080-300-300,67.562,0.666667,1.2352,1.2394,4,1
hermes_uni_open,uo-080-300-300,68.062,0.5,1.36786,1.37243,3,1
hermes_uni_open,uo-080-300-300,68.562,0.666667,1.38988,1.3923,4,1
hermes_uni_open,uo-080-300-300,69.062,0.5,1.39994,1.40144,3,1
hermes_uni_open,uo-080-300-300,69.562,0.5,1.43061,1.43193,3,1
hermes_uni_open,uo-080-300-300,70.062,0.333333,1.52453,1.52741,2,1
hermes_uni_open,uo-080-300-300,70.562,0.5,1.49864,1.50178,3,1
hermes_uni_open,uo-080-300-300,71.062,0.5,1.48169,1.48387,3,1
hermes_uni_open,uo-080-300-300,71.562,0.166667,1.42387,1.42437,1,1
hermes_uni_open,uo-080-300-300,72.062,0.166667,1.50988,1.51027,1,1
hermes_uni_open,uo-080-300-300,72.562,0.333333,1.52403,1.52522,2,1
hermes_uni_open,uo-080-300-300,73.062,0.333333,1.53829,1.5398,2,1
hermes_uni_open,uo-080-300-300,73.562,0.333333,1.38106,1.39546,2,1
hermes_uni_open,uo-080-300-300,74.062,0.333333,1.29138,1.29546,2,1
hermes_uni_open,uo-080-300-300,74.562,0.333333,1.34799,1.37844,2,1
hermes_uni_open,uo-080-300-300,76.062,0.166667,1.37205,1.37226,1,1
hermes_uni_open,uo-080-300-300,76.562,0.333333,1.31041,1.31042,2,1
hermes_uni_open,uo-080-300-300,77.062,0.666667,1.37128,1.37186,4,1
hermes_uni_open,uo-080-300-300,77.562,0.666667,1.37487,1.37973,4,1
hermes_uni_open,uo-080-300-300,78.062,0.666667,1.31016,1.31188,4,1
hermes_uni_open,uo-080-300-300,78.562,0.5,1.26094,1.26236,3,1
hermes_uni_open,uo-080-300-300,79.062,0.333333,1.23527,1.23556,2,1
hermes_uni_open,uo-080-300-300,79.562,0.5,1.41772,1.41981,3,1
hermes_uni_open,uo-080-300-300,80.062,0.333333,1.50062,1.50195,2,1
hermes_uni_open,uo-080-300-300,80.562,0.333333,1.47085,1.47153,2,1
hermes_uni_open,uo-080-300-300,81.562,0.166667,1.27913,1.2814,1,1
hermes_uni_open,uo-080-300-300,82.062,0.333333,1.23083,1.23379,2,0
hermes_uni_open,uo-080-300-300,82.562,0.333333,1.30291,1.30414,2,0
hermes_uni_open,uo-080-300-300,83.062,0.166667,1.28718,1.2879,1,0
hermes_uni_open,uo-080-300-300,84.062,0.333333,1.16885,1.16904,2,0
hermes_uni_open,uo-080-300-300,84.562,0.333333,1.17162,1.17201,2,0
hermes_uni_open,uo-080-300-300,85.062,0.5,1.19149,1.19193,3,0
hermes_uni_open,uo-080-300-300,85.562,0.5,1.2134,1.21797,3,0
hermes_uni_open,uo-080-300-300,86.062,0.5,1.27222,1.27328,3,0
hermes_uni_open,uo-080-300-300,86.562,0.5,1.24905,1.24937,3,0
hermes_uni_open,uo-080-300-300,87.062,0.166667,1.35155,1.35318,1,0
hermes_uni_open,uo-080-300-300,87.562,0.5,1.23821,1.24048,3,0
hermes_uni_open,uo-080-300-300,88.062,0.666667,1.30384,1.30821,4,0
hermes_uni_open,uo-080-300-300,88.562,0.666667,1.30742,1.31346,4,0
hermes_uni_open,uo-080-300-300,89.062,0.166667,1.34105,1.35197,1,0
hermes_uni_open,uo-080-300-300v2,11.188,0.333333,1.79407,1.79445,2,0
hermes_uni_open,uo-080-300-300v2,11.688,0.333333,1.68141,1.68215,2,0
hermes_uni_open,uo-080-300-300v2,12.188,0.333333,1.59281,1.59645,2,0
hermes_uni_open,uo-080-300-300v2,12.688,0.333333,1.70932,1.71024,2,0
hermes_uni_open,uo-080-300-300v2,13.188,0.5,1.714,1.7141,3,0
hermes_uni_open,uo-080-300-300v2,13.688,0.5,1.65869,1.65872,3,0
hermes_uni_open,uo-080-300-300v2,14.188,0.333333,1.68692,1.68719,2,0
hermes_uni_open,uo-080-300-300v2,14.688,0.166667,1.69415,1.69704,1,0
hermes_uni_open,uo-080-300-300v2,15.188,0.333333,1.63549,1.63596,2,0
hermes_uni_open,uo-080-300-300v2,15.688,0.166667,1.60242,1.60243,1,0
hermes_uni_open,uo-080-300-300v2,16.688,0.166667,1.32257,1.32317,1,1
hermes_uni_open,uo-080-300-300v2,17.188,0.5,1.43375,1.43471,3,1
hermes_uni_open,uo-080-300-300v2,17.688,0.833333,1.46154,1.46215,5,1
hermes_uni_open,uo-080-300-300v2,18.188,0.5,1.50594,1.50689,3,1
hermes_uni_open,uo-080-300-300v2,18.688,0.666667,1.57002,1.57113,4,1
hermes_uni_open,uo-080-300-300v2,19.188,0.5,1.58378,1.58457,3,1
hermes_uni_open,uo-080-300-300v2,19.688,0.333333,1.50469,1.50519,2,1
hermes_uni_open,uo-080-300-300v2,20.188,0.166667,1.45161,1.4517,1,1
hermes_uni_open,uo-080-300-300v2,20.688,0.166667,1.34337,1.34495,1,1
hermes_uni_open,uo-080-300-300v2,21.188,0.5,1.3693,1.37109,3,1
hermes_uni_open,uo-080-300-300v2,21.688,0.666667,1.48923,1.49125,4,1
hermes_uni_open,uo-080-300-300v2,22.188,0.666667,1.48596,1.48772,4,1
hermes_uni_open,uo-080-300-300v2,22.688,0.333333,1.60117,1.60228,2,1
hermes_uni_open,uo-080-300-300v2,23.188,0.5,1.61035,1.61179,3,1
hermes_uni_open,uo-080-300-300v2,23.688,0.833333,1.64386,1.6455,5,1
hermes_uni_open,uo-080-300-300v2,24.188,0.5,1.6291,1.6307,3,1
hermes_uni_open,uo-080-300-300v2,24.688,0.166667,1.73288,1.73531,1,1
hermes_uni_open,uo-080-300-300v2,25.188,0.333333,1.64962,1.65059,2,1
hermes_uni_open,uo-080-300-300v2,25.688,0.166667,1.54716,1.54723,1,1
hermes_uni_open,uo-080-300-300v2,26.188,0.5,1.63431,1.63532,3,1
hermes_uni_open,uo-080-300-300v2,26.688,0.333333,1.68905,1.68987,2,1
hermes_uni_open,uo-080-300-300v2,27.188,0.666667,1.74917,1.75069,4,1
hermes_uni_open,uo-080-300-300v2,27.688,0.5,1.79277,1.79372,3,1
hermes_uni_open,uo-080-300-300v2,28.188,0.166667,1.7064,1.7071,1,1
hermes_uni_open,uo-080-300-300v2,28.688,0.166667,1.8875,1.88999,1,1
hermes_uni_open,uo-080-300-300v2,29.188,0.333333,1.69996,1.70272,2,1
hermes_uni_open,uo-080-300-300v2,29.688,0.5,1.8236,1.82458,3,1
hermes_uni_open,uo-080-300-300v2,30.188,0.5,1.78124,1.78302,3,1
hermes_uni_open,uo-080-300-300v2,30.688,0.166667,1.93632,1.93853,1,1
hermes_uni_open,uo-080-300-300v2,31.188,0.333333,1.76127,1.76409,2,1
hermes_uni_open,uo-080-300-300v2,31.688,0.5,1.64096,1.6446,3,1
hermes_uni_open,uo-080-300-300v2,32.188,0.5,1.54562,1.54659,3,1
hermes_uni_open,uo-080-300-300v2,32.688,0.333333,1.64933,1.65164,2,1
hermes_uni_open,uo-080-300-300v2,33.188,0.5,1.73691,1.73917,3,1
hermes_uni_open,uo-080-300-300v2,33.688,0.333333,1.82579,1.82591,2,1
hermes_uni_open,uo-080-300-300v2,34.188,0.333333,1.61669,1.61828,2,1
hermes_uni_open,uo-080-300-300v2,34.688,0.333333,1.65322,1.65367,2,1
hermes_uni_open,uo-080-300-300v2,35.188,0.166667,1.54421,1.54472,1,1
hermes_uni_open,uo-080-300-300v2,36.188,0.166667,1.586,1.58602,1,1
hermes_uni_open,uo-080-300-300v2,36.688,0.5,1.51542,1.51552,3,1
hermes_uni_open,uo-080-300-300v2,37.188,0.5,1.4916,1.49213,3,1
hermes_uni_open,uo-080-300-300v2,37.688,0.5,1.51349,1.51483,3,1
hermes_uni_open,uo-080-300-300v2,38.188,0.833333,1.62528,1.62779,5,1
hermes_uni_open,uo-080-300-300v2,38.688,0.666667,1.6153,1.61613,4,1
hermes_uni_open,uo-080-300-300v2,39.188,0.5,1.60535,1.60634,3,1
hermes_uni_open,uo-080-300-300v2,39.688,0.333333,1.70923,1.71092,2,1
hermes_uni_open,uo-080-300-300v2,40.188,0.166667,1.61917,1.62059,1,1
hermes_uni_open,uo-080-300-300v2,40.688,0.5,1.64416,1.64539,3,1
hermes_uni_open,uo-080-300-300v2,41.188,0.5,1.62213,1.62237,3,1
hermes_uni_open,uo-080-300-300v2,41.688,0.166667,1.68158,1.68291,1,1
hermes_uni_open,uo-080-300-300v2,42.188,0.166667,1.60359,1.60786,1,1
hermes_uni_open,uo-080-300-300v2,42.688,0.166667,1.61109,1.61539,1,1
hermes_uni_open,uo-080-300-300v2,43.188,0.5,1.38126,1.38269,3,1
hermes_uni_open,uo-080-300-300v2,43.688,0.333333,1.29942,1.2997,2,1
hermes_uni_open,uo-080-300-300v2,44.188,0.5,1.43856,1.43968,3,1
hermes_uni_open,uo-080-300-300v2,44.688,0.5,1.43628,1.43951,3,1
hermes_uni_open,uo-080-300-300v2,45.188,0.666667,1.47166,1.47462,4,1
hermes_uni_open,uo-080-300-300v2,45.688,0.666667,1.42841,1.43171,4,1
hermes_uni_open,uo-080-300-300v2,46.188,0.333333,1.55532,1.56032,2,1
hermes_uni_open,uo-080-300-300v2,46.688,0.666667,1.32435,1.33087,4,1
hermes_uni_open,uo-080-300-300v2,47.188,0.666667,1.27867,1.27935,4,1
hermes_uni_open,uo-080-300-300v2,47.688,0.833333,1.34148,1.35078,5,1
hermes_uni_open,uo-080-300-300v2,48.188,0.666667,1.31537,1.33502,4,1
hermes_uni_open,uo-080-300-300v2,48.688,0.166667,1.34359,1.3453,1,1
hermes_uni_open,uo-080-300-300v2,49.188,0.166667,1.36631,1.37002,1,1
hermes_uni_open,uo-080-300-300v2,49.688,0.166667,1.36356,1.36517,1,1
hermes_uni_open,uo-080-300-300v2,50.188,0.5,1.25631,1.25911,3,1
hermes_uni_open,uo-080-300-300v2,50.688,0.833333,1.32207,1.32352,5,1
hermes_uni_open,uo-080-300-300v2,51.188,0.833333,1.32608,1.32706,5,1
hermes_uni_open,uo-080-300-300v2,51.688,0.833333,1.48097,1.48339,5,1
hermes_uni_open,uo-080-300-300v2,52.188,0.5,1.50648,1.50757,3,1
hermes_uni_open,uo-080-300-300v2,52.688,0.666667,1.44338,1.4446,4,1
hermes_uni_open,uo-080-300-300v2,53.188,0.5,1.35108,1.35227,3,1
hermes_uni_open,uo-080-300-300v2,53.688,0.333333,1.29492,1.29614,2,1
hermes_uni_open,uo-080-300-300v2,54.188,0.666667,1.45971,1.46018,4,1
hermes_uni_open,uo-080-300-300v2,54.688,0.5,1.46681,1.46695,3,1
hermes_uni_open,uo-080-300-300v2,55.188,0.333333,1.3622,1.36252,2,1
hermes_uni_open,uo-080-300-300v2,55.688,0.333333,1.51205,1.51216,2,1
hermes_uni_open,uo-080-300-300v2,56.188,0.333333,1.44573,1.44587,2,1
hermes_uni_open,uo-080-300-300v2,56.688,0.5,1.47239,1.47259,3,1
hermes_uni_open,uo-080-300-300v2,57.188,0.333333,1.48757,1.48798,2,1
hermes_uni_open,uo-080-300-300v2,57.688,0.333333,1.49353,1.49372,2,1
hermes_uni_open,uo-080-300-300v2,58.188,0.5,1.44729,1.44918,3,1
hermes_uni_open,uo-080-300-300v2,58.688,0.333333,1.40884,1.41016,2,1
hermes_uni_open,uo-080-300-300v2,59.188,0.5,1.42568,1.4258,3,1
hermes_uni_open,uo-080-300-300v2,59.688,0.5,1.4626,1.46372,3,1
hermes_uni_open,uo-080-300-300v2,60.188,0.833333,1.49318,1.49457,5,1
hermes_uni_open,uo-080-300-300v2,60.688,0.5,1.52634,1.52873,3,0
hermes_uni_open,uo-080-300-300v2,61.188,0.5,1.51255,1.51526,3,0
hermes_uni_open,uo-080-300-300v2,61.688,0.5,1.53334,1.53453,3,0
hermes_uni_open,uo-080-300-300v2,62.188,0.333333,1.58048,1.58291,2,0
hermes_uni_open,uo-080-300-300v2,62.688,0.5,1.54893,1.55021,3,0
hermes_uni_open,uo-080-300-300v2,63.188,0.166667,1.60768,1.60823,1,0
hermes_uni_open,uo-080-300-300v2,63.688,0.333333,1.54103,1.5441,2,0
hermes_uni_open,uo-080-300-300v2,64.188,0.333333,1.47936,1.48075,2,0
hermes_uni_open,uo-080-300-300v2,64.688,0.5,1.49133,1.49286,3,0
hermes_uni_open,uo-080-300-300v2,65.188,0.166667,1.47142,1.47157,1,0
hermes_uni_open,uo-080-300-300v2,65.688,0.166667,1.46197,1.46294,1,0
hermes_uni_open,uo-095-240-240,8.312,0.208333,1.75262,1.75262,1,0
hermes_uni_open,uo-095-240-240,8.812,0.416667,1.77843,1.77849,2,0
hermes_uni_open,uo-095-240-240,9.312,0.416667,1.77214,1.77215,2,0
hermes_uni_open,uo-095-240-240,9.812,0.416667,1.67994,1.68023,2,0
hermes_uni_open,uo-095-240-240,10.312,0.416667,1.72333,1.72371,2,0
hermes_uni_open,uo-095-240-240,10.812,0.416667,1.59427,1.59726,2,0
hermes_uni_open,uo-095-240-240,11.312,0.625,1.63257,1.63414,3,0
hermes_uni_open,uo-095-240-240,11.812,0.416667,1.58946,1.58954,2,0
hermes_uni_open,uo-095-240-240,12.312,0.416667,1.55952,1.55979,2,0
hermes_uni_open,uo-095-240-240,12.812,0.416667,1.58377,1.58406,2,0
hermes_uni_open,uo-095-240-240,13.312,0.625,1.60768,1.60845,3,1
hermes_uni_open,uo-095-240-240,13.812,0.625,1.58632,1.58676,3,1
hermes_uni_open,uo-095-240-240,14.312,0.416667,1.53606,1.53607,2,1
hermes_uni_open,uo-095-240-240,14.812,0.833333,1.55422,1.55499,4,1
hermes_uni_open,uo-095-240-240,15.312,0.625,1.54756,1.5478,3,1
hermes_uni_open,uo-095-240-240,15.812,0.833333,1.6159,1.6167,4,1
hermes_uni_open,uo-095-240-240,16.312,0.625,1.58363,1.5841,3,1
hermes_uni_open,uo-095-240-240,16.812,0.625,1.64291,1.64428,3,1
hermes_uni_open,uo-095-240-240,17.312,0.625,1.62697,1.62826,3,1
hermes_uni_open,uo-095-240-240,17.812,0.208333,1.67478,1.67529,1,1
hermes_uni_open,uo-095-240-240,18.312,0.208333,1.59691,1.59968,1,1
hermes_uni_open,uo-095-240-240,18.812,0.833333,1.50557,1.50643,4,1
hermes_uni_open,uo-095-240-240,19.312,1.04167,1.4965,1.49685,5,1
hermes_uni_open,uo-095-240-240,19.812,0.625,1.51552,1.51563,3,1
hermes_uni_open,uo-095-240-240,20.312,0.416667,1.52489,1.52522,2,1
hermes_uni_open,uo-095-240-240,20.812,0.625,1.5421,1.54292,3,1
hermes_uni_open,uo-095-240-240,21.312,0.416667,1.66897,1.67097,2,1
hermes_uni_open,uo-095-240-240,21.812,0.416667,1.43473,1.43485,2,1
hermes_uni_open,uo-095-240-240,22.312,0.625,1.5092,1.50961,3,1
hermes_uni_open,uo-095-240-240,22.812,0.416667,1.46755,1.46802,2,1
hermes_uni_open,uo-095-240-240,23.312,0.208333,1.1945,1.19454,1,1
hermes_uni_open,uo-095-240-240,24.312,0.208333,0.862352,0.877129,1,1
hermes_uni_open,uo-095-240-240,24.812,0.208333,0.943984,0.964707,1,1
hermes_uni_open,uo-095-240-240,25.312,0.833333,1.12413,1.13277,4,1
hermes_uni_open,uo-095-240-240,25.812,1.04167,1.20616,1.20869,5,1
hermes_uni_open,uo-095-240-240,26.312,0.833333,1.2719,1.27361,4,1
hermes_uni_open,uo-095-240-240,26.812,0.625,1.18849,1.19047,3,1
hermes_uni_open,uo-095-240-240,27.312,0.208333,1.33001,1.33004,1,1
hermes_uni_open,uo-095-240-240,27.812,0.416667,1.17181,1.17301,2,1
hermes_uni_open,uo-095-240-240,28.312,1.04167,1.1925,1.19479,5,1
hermes_uni_open,uo-095-240-240,28.812,1.45833,1.23115,1.23237,7,1
hermes_uni_open,uo-095-240-240,29.312,1.66667,1.27918,1.27998,8,1
hermes_uni_open,uo-095-240-240,29.812,1.25,1.26719,1.26865,6,1
hermes_uni_open,uo-095-240-240,30.312,1.04167,1.30505,1.3058,5,1
hermes_uni_open,uo-095-240-240,30.812,0.833333,1.29201,1.29327,4,1
hermes_uni_open,uo-095-240-240,31.312,0.833333,1.3097,1.30977,4,1
hermes_uni_open,uo-095-240-240,31.812,0.625,1.29527,1.2955,3,1
hermes_uni_open,uo-095-240-240,32.312,0.625,1.39535,1.39597,3,1
hermes_uni_open,uo-095-240-240,32.812,0.208333,1.47842,1.47883,1,1
hermes_uni_open,uo-095-240-240,33.312,0.625,1.4006,1.40103,3,1
hermes_uni_open,uo-095-240-240,33.812,0.833333,1.36098,1.36204,4,1
hermes_uni_open,uo-095-240-240,34.312,0.833333,1.30462,1.3069,4,1
hermes_uni_open,uo-095-240-240,34.812,1.04167,1.42009,1.42306,5,1
hermes_uni_open,uo-095-240-240,35.312,1.25,1.43662,1.43925,6,1
hermes_uni_open,uo-095-240-240,35.812,1.04167,1.47094,1.47279,5,1
hermes_uni_open,uo-095-240-240,36.312,1.25,1.5441,1.54595,6,1
hermes_uni_open,uo-095-240-240,36.812,0.625,1.53103,1.53492,3,1
hermes_uni_open,uo-095-240-240,37.312,0.625,1.54815,1.54849,3,1
hermes_uni_open,uo-095-240-240,37.812,0.208333,1.55228,1.55336,1,1
hermes_uni_open,uo-095-240-240,38.312,0.208333,1.55866,1.55869,1,1
hermes_uni_open,uo-095-240-240,38.812,0.625,1.51127,1.51146,3,1
hermes_uni_open,uo-095-240-240,39.312,0.625,1.5156,1.51587,3,1
hermes_uni_open,uo-095-240-240,39.812,0.416667,1.47722,1.47912,2,1
hermes_uni_open,uo-095-240-240,40.812,0.416667,1.41755,1.4179,2,1
hermes_uni_open,uo-095-240-240,41.312,0.833333,1.33324,1.33392,4,1
hermes_uni_open,uo-095-240-240,41.812,1.04167,1.40817,1.4085,5,1
hermes_uni_open,uo-095-240-240,42.312,1.25,1.42371,1.42481,6,1
hermes_uni_open,uo-095-240-240,42.812,0.833333,1.44163,1.44258,4,1
hermes_uni_open,uo-095-240-240,43.312,0.625,1.4074,1.40999,3,1
hermes_uni_open,uo-095-240-240,43.812,0.416667,1.48377,1.48628,2,1
hermes_uni_open,uo-095-240-240,44.312,0.416667,1.31599,1.31928,2,1
hermes_uni_open,uo-095-240-240,44.812,0.833333,1.3058,1.31084,4,1
hermes_uni_open,uo-095-240-240,45.312,0.625,1.30724,1.31091,3,1
hermes_uni_open,uo-095-240-240,45.812,0.416667,1.35104,1.35217,2,1
hermes_uni_open,uo-095-240-240,46.312,0.625,1.41193,1.41328,3,1
hermes_uni_open,uo-095-240-240,46.812,1.04167,1.38867,1.38969,5,1
hermes_uni_open,uo-095-240-240,47.312,1.04167,1.41539,1.416,5,1
hermes_uni_open,uo-095-240-240,47.812,1.04167,1.45276,1.45483,5,1
hermes_uni_open,uo-095-240-240,48.312,0.416667,1.45195,1.45802,2,1
hermes_uni_open,uo-095-240-240,48.812,0.416667,1.44287,1.4499,2,1
hermes_uni_open,uo-095-240-240,49.312,0.625,1.4755,1.47913,3,1
hermes_uni_open,uo-095-240-240,49.812,0.625,1.47854,1.48222,3,1
hermes_uni_open,uo-095-240-240,50.312,0.208333,1.17575,1.17609,1,1
hermes_uni_open,uo-095-240-240,50.812,0.833333,1.42384,1.42458,4,1
hermes_uni_open,uo-095-240-240,51.312,0.625,1.50135,1.50147,3,1
hermes_uni_open,uo-095-240-240,51.812,0.625,1.31889,1.3192,3,1
hermes_uni_open,uo-095-240-240,52.312,0.416667,1.27698,1.27731,2,1
hermes_uni_open,uo-095-240-240,52.812,1.04167,1.37769,1.37814,5,0
hermes_uni_open,uo-095-240-240,53.312,0.833333,1.40776,1.40799,4,0
hermes_uni_open,uo-095-240-240,53.812,0.625,1.41333,1.41368,3,0
hermes_uni_open,uo-095-240-240,54.312,0.208333,1.36197,1.36204,1,0
hermes_uni_open,uo-095-240-240,54.812,0.625,1.21465,1.21599,3,0
hermes_uni_open,uo-095-240-240,55.312,0.625,1.24563,1.24756,3,0
hermes_uni_open,uo-095-240-240,55.812,0.833333,1.31319,1.31647,4,0
hermes_uni_open,uo-095-240-240,56.312,0.833333,1.33806,1.34023,4,0
hermes_uni_open,uo-095-240-240,56.812,0.833333,1.38701,1.4069,4,0
hermes_uni_open,uo-095-240-240,57.312,0.625,1.40352,1.41396,3,0
hermes_uni_open,uo-100-180-180,4.938,0.27933,1.69562,1.69599,1,0
hermes_uni_open,uo-100-180-180,5.438,0.27933,1.75865,1.75888,1,0
hermes_uni_open,uo-100-180-180,5.938,0.27933,1.80373,1.80397,1,0
hermes_uni_open,uo-100-180-180,6.438,0.558659,1.58225,1.5827,2,0
hermes_uni_open,uo-100-180-180,6.938,0.837989,1.62757,1.6295,3,0
hermes_uni_open,uo-100-180-180,7.438,0.837989,1.56264,1.56633,3,0
hermes_uni_open,uo-100-180-180,7.938,1.39665,1.49925,1.50217,5,0
hermes_uni_open,uo-100-180-180,8.438,1.11732,1.50615,1.50797,4,0
hermes_uni_open,uo-100-180-180,8.938,0.837989,1.51071,1.51387,3,0
hermes_uni_open,uo-100-180-180,9.438,1.11732,1.53629,1.53658,4,0
hermes_uni_open,uo-100-180-180,9.938,0.837989,1.48431,1.48445,3,0
hermes_uni_open,uo-100-180-180,10.438,0.837989,1.43161,1.43248,3,1
hermes_uni_open,uo-100-180-180,10.938,0.558659,1.45121,1.45312,2,1
hermes_uni_open,uo-100-180-180,11.438,0.837989,1.59709,1.6014,3,1
hermes_uni_open,uo-100-180-180,11.938,0.837989,1.54038,1.54849,3,1
hermes_uni_open,uo-100-180-180,12.438,1.11732,1.40412,1.40487,4,1
hermes_uni_open,uo-100-180-180,12.938,1.11732,1.42499,1.42565,4,1
hermes_uni_open,uo-100-180-180,13.438,1.11732,1.43808,1.43937,4,1
hermes_uni_open,uo-100-180-180,13.938,1.39665,1.45752,1.45938,5,1
hermes_uni_open,uo-100-180-180,14.438,1.39665,1.39555,1.39605,5,1
hermes_uni_open,uo-100-180-180,14.938,1.11732,1.35858,1.35952,4,1
hermes_uni_open,uo-100-180-180,15.438,0.837989,1.3503,1.35084,3,1
hermes_uni_open,uo-100-180-180,15.938,0.837989,1.33149,1.3316,3,1
hermes_uni_open,uo-100-180-180,16.438,1.39665,1.37985,1.38049,5,1
hermes_uni_open,uo-100-180-180,16.938,1.39665,1.35847,1.35866,5,1
hermes_uni_open,uo-100-180-180,17.438,1.11732,1.35936,1.36038,4,1
hermes_uni_open,uo-100-180-180,17.938,1.11732,1.36375,1.36438,4,1
hermes_uni_open,uo-100-180-180,18.438,0.837989,1.3017,1.30245,3,1
hermes_uni_open,uo-100-180-180,18.938,1.11732,1.32422,1.32528,4,1
hermes_uni_open,uo-100-180-180,19.438,0.837989,1.3627,1.36456,3,1
hermes_uni_open,uo-100-180-180,19.938,0.558659,1.36309,1.36434,2,1
hermes_uni_open,uo-100-180-180,20.438,0.558659,1.2524,1.25868,2,1
hermes_uni_open,uo-100-180-180,20.938,0.837989,1.28366,1.28712,3,1
hermes_uni_open,uo-100-180-180,21.438,1.39665,1.26278,1.26363,5,1
hermes_uni_open,uo-100-180-180,21.938,1.67598,1.24926,1.24966,6,1
hermes_uni_open,uo-100-180-180,22.438,1.39665,1.20166,1.20286,5,1
hermes_uni_open,uo-100-180-180,22.938,1.11732,1.14283,1.14363,4,1
hermes_uni_open,uo-100-180-180,23.438,1.11732,1.18887,1.19602,4,1
hermes_uni_open,uo-100-180-180,23.938,0.837989,1.19576,1.2052,3,1
hermes_uni_open,uo-100-180-180,24.438,1.11732,1.24363,1.25796,4,1
hermes_uni_open,uo-100-180-180,24.938,0.837989,1.20143,1.21387,3,1
hermes_uni_open,uo-100-180-180,25.438,1.11732,1.22557,1.23225,4,1
hermes_uni_open,uo-100-180-180,25.938,1.39665,1.08838,1.09087,5,1
hermes_uni_open,uo-100-180-180,26.438,1.67598,1.13149,1.13322,6,1
hermes_uni_open,uo-100-180-180,26.938,1.39665,1.10622,1.10817,5,1
hermes_uni_open,uo-100-180-180,27.438,1.67598,1.14533,1.14694,6,1
hermes_uni_open,uo-100-180-180,27.938,1.39665,1.19155,1.19209,5,1
hermes_uni_open,uo-100-180-180,28.438,1.11732,1.19919,1.20291,4,1
hermes_uni_open,uo-100-180-180,28.938,1.39665,1.16831,1.17128,5,1
hermes_uni_open,uo-100-180-180,29.438,1.39665,1.17524,1.17903,5,1
hermes_uni_open,uo-100-180-180,29.938,1.11732,1.20961,1.21097,4,1
hermes_uni_open,uo-100-180-180,30.438,1.11732,1.22209,1.22346,4,1
hermes_uni_open,uo-100-180-180,30.938,0.837989,1.20755,1.20986,3,1
hermes_uni_open,uo-100-180-180,31.438,0.558659,1.19453,1.19544,2,1
hermes_uni_open,uo-100-180-180,31.938,1.39665,1.20878,1.21292,5,1
hermes_uni_open,uo-100-180-180,32.438,0.837989,1.14892,1.15074,3,1
hermes_uni_open,uo-100-180-180,32.938,1.11732,1.19822,1.20169,4,1
hermes_uni_open,uo-100-180-180,33.438,0.837989,1.20609,1.21381,3,1
hermes_uni_open,uo-100-180-180,33.938,1.11732,1.21574,1.21915,4,1
hermes_uni_open,uo-100-180-180,34.438,1.39665,1.22408,1.22427,5,1
hermes_uni_open,uo-100-180-180,34.938,1.11732,1.12871,1.13198,4,1
hermes_uni_open,uo-100-180-180,35.438,1.11732,1.08351,1.08471,4,1
hermes_uni_open,uo-100-180-180,35.938,1.11732,1.13122,1.1316,4,1
hermes_uni_open,uo-100-180-180,36.438,1.11732,1.17709,1.1775,4,1
hermes_uni_open,uo-100-180-180,36.938,1.11732,1.17144,1.17214,4,1
hermes_uni_open,uo-100-180-180,37.438,1.11732,1.13074,1.13385,4,1
hermes_uni_open,uo-100-180-180,37.938,1.11732,1.10193,1.10315,4,1
hermes_uni_open,uo-100-180-180,38.438,1.39665,1.1169,1.12023,5,1
hermes_uni_open,uo-100-180-180,38.938,1.11732,1.10215,1.10727,4,1
hermes_uni_open,uo-100-180-180,39.438,1.11732,1.10944,1.11155,4,1
hermes_uni_open,uo-100-180-180,39.938,0.837989,1.14926,1.15083,3,1
hermes_uni_open,uo-100-180-180,40.438,1.11732,1.11284,1.11312,4,1
hermes_uni_open,uo-100-180-180,40.938,1.11732,1.06753,1.06978,4,1
hermes_uni_open,uo-100-180-180,41.438,1.67598,1.08513,1.09023,6,1
hermes_uni_open,uo-100-180-180,41.938,1.39665,1.03845,1.04115,5,1
hermes_uni_open,uo-100-180-180,42.438,1.39665,1.04198,1.04632,5,1
hermes_uni_open,uo-100-180-180,42.938,1.39665,1.04137,1.04186,5,1
hermes_uni_open,uo-100-180-180,43.438,0.837989,1.0626,1.0633,3,1
hermes_uni_open,uo-100-180-180,43.938,0.837989,1.01532,1.01691,3,1
hermes_uni_open,uo-100-180-180,44.438,1.11732,0.977079,0.979445,4,1
hermes_uni_open,uo-100-180-180,44.938,1.39665,1.01736,1.01845,5,1
hermes_uni_open,uo-100-180-180,45.438,1.67598,1.05385,1.06169,6,1
hermes_uni_open,uo-100-180-180,45.938,1.39665,1.10695,1.11911,5,1
hermes_uni_open,uo-100-180-180,46.438,1.67598,1.10157,1.10299,6,1
hermes_uni_open,uo-100-180-180,46.938,1.39665,1.10189,1.10394,5,1
hermes_uni_open,uo-100-180-180,47.438,1.39665,1.12171,1.12265,5,1
hermes_uni_open,uo-100-180-180,47.938,1.11732,1.12942,1.13042,4,1
hermes_uni_open,uo-100-180-180,48.438,0.837989,1.16833,1.17087,3,1
hermes_uni_open,uo-100-180-180,48.938,1.11732,1.11421,1.11503,4,1
hermes_uni_open,uo-100-180-180,49.438,1.11732,1.14948,1.15063,4,1
hermes_uni_open,uo-100-180-180,49.938,1.11732,1.14064,1.14102,4,1
hermes_uni_open,uo-100-180-180,50.438,1.11732,1.14369,1.14413,4,0
hermes_uni_open,uo-100-180-180,50.938,1.39665,1.17523,1.17572,5,0
hermes_uni_open,uo-100-180-180,51.438,0.837989,1.12597,1.12631,3,0
hermes_uni_open,uo-100-180-180,51.938,1.39665,1.15551,1.15725,5,0
hermes_uni_open,uo-100-180-180,52.438,1.67598,1.18489,1.18584,6,0
hermes_uni_open,uo-100-180-180,52.938,1.39665,1.17065,1.17232,5,0
hermes_uni_open,uo-100-180-180,53.438,0.837989,1.13501,1.13644,3,0
hermes_uni_open,uo-100-180-180,53.938,0.837989,1.13169,1.13544,3,0
hermes_uni_open,uo-100-180-180,54.438,0.558659,1.09245,1.09565,2,0
hermes_uni_open,uo-100-180-180,54.938,0.558659,1.10121,1.1052,2,0
hermes_uni_open,uo-100-180-180,55.438,0.27933,1.07307,1.08079,1,0
hermes_uni_open,uo-100-300-300,8,0.166667,1.91996,1.9211,1,0
hermes_uni_open,uo-100-300-300,8.5,0.333333,1.83081,1.83204,2,0
hermes_uni_open,uo-100-300-300,9,0.333333,1.81243,1.81368,2,0
hermes_uni_open,uo-100-300-300,9.5,0.666667,1.71315,1.7137,4,0
hermes_uni_open,uo-100-300-300,10,0.666667,1.71969,1.71995,4,0
hermes_uni_open,uo-100-300-300,10.5,0.666667,1.67748,1.67777,4,0
hermes_uni_open,uo-100-300-300,11,0.5,1.65083,1.65118,3,0
hermes_uni_open,uo-100-300-300,11.5,0.166667,1.62883,1.6292,1,0
hermes_uni_open,uo-100-300-300,12,0.333333,1.69488,1.69524,2,0
hermes_uni_open,uo-100-300-300,12.5,0.166667,1.76854,1.76862,1,0
hermes_uni_open,uo-100-300-300,13,0.333333,1.63739,1.64086,2,1
hermes_uni_open,uo-100-300-300,13.5,0.666667,1.58697,1.59079,4,1
hermes_uni_open,uo-100-300-300,14,0.5,1.59218,1.59449,3,1
hermes_uni_open,uo-100-300-300,14.5,0.666667,1.63139,1.63206,4,1
hermes_uni_open,uo-100-300-300,15,0.5,1.62356,1.62407,3,1
hermes_uni_open,uo-100-300-300,16,0.5,1.57005,1.57164,3,1
hermes_uni_open,uo-100-300-300,16.5,0.5,1.57857,1.57984,3,1
hermes_uni_open,uo-100-300-300,17,0.166667,1.53955,1.53955,1,1
hermes_uni_open,uo-100-300-300,17.5,0.166667,1.50046,1.50466,1,1
hermes_uni_open,uo-100-300-300,18,0.5,1.58187,1.5824,3,1
hermes_uni_open,uo-100-300-300,18.5,0.666667,1.56565,1.56689,4,1
hermes_uni_open,uo-100-300-300,19,0.666667,1.52404,1.52559,4,1
hermes_uni_open,uo-100-300-300,19.5,0.5,1.53876,1.54242,3,1
hermes_uni_open,uo-100-300-300,20,0.666667,1.48599,1.48925,4,1
hermes_uni_open,uo-100-300-300,20.5,0.5,1.45441,1.45753,3,1
hermes_uni_open,uo-100-300-300,21,0.5,1.66145,1.66388,3,1
hermes_uni_open,uo-100-300-300,21.5,0.5,1.60003,1.60292,3,1
hermes_uni_open,uo-100-300-300,22,0.666667,1.51517,1.51621,4,1
hermes_uni_open,uo-100-300-300,22.5,0.666667,1.41668,1.41779,4,1
hermes_uni_open,uo-100-300-300,23,0.5,1.44772,1.44888,3,1
hermes_uni_open,uo-100-300-300,23.5,0.333333,1.4502,1.45213,2,1
hermes_uni_open,uo-100-300-300,24,0.333333,1.51769,1.52031,2,1
hermes_uni_open,uo-100-300-300,24.5,0.5,1.42988,1.43135,3,1
hermes_uni_open,uo-100-300-300,25,0.333333,1.60722,1.6077,2,1
hermes_uni_open,uo-100-300-300,25.5,0.5,1.50932,1.50952,3,1
hermes_uni_open,uo-100-300-300,26,0.5,1.30633,1.30899,3,1
hermes_uni_open,uo-100-300-300,26.5,0.833333,1.34822,1.34854,5,1
hermes_uni_open,uo-100-300-300,27,0.833333,1.40766,1.40857,5,1
hermes_uni_open,uo-100-300-300,27.5,0.666667,1.39609,1.39631,4,1
hermes_uni_open,uo-100-300-300,28,0.666667,1.41752,1.41761,4,1
hermes_uni_open,uo-100-300-300,28.5,0.5,1.38448,1.38872,3,1
hermes_uni_open,uo-100-300-300,29,0.5,1.37734,1.3809,3,1
hermes_uni_open,uo-100-300-300,29.5,0.833333,1.45173,1.45223,5,1
hermes_uni_open,uo-100-300-300,30,0.666667,1.43914,1.44052,4,1
hermes_uni_open,uo-100-300-300,30.5,0.5,1.51521,1.51728,3,1
hermes_uni_open,uo-100-300-300,31,0.333333,1.44998,1.45184,2,1
hermes_uni_open,uo-100-300-300,31.5,0.5,1.57387,1.57723,3,1
hermes_uni_open,uo-100-300-300,32,0.333333,1.54805,1.54893,2,1
hermes_uni_open,uo-100-300-300,32.5,0.166667,1.21298,1.217,1,1
hermes_uni_open,uo-100-300-300,33,0.5,1.24761,1.24962,3,1
hermes_uni_open,uo-100-300-300,33.5,0.666667,1.27488,1.27603,4,1
hermes_uni_open,uo-100-300-300,34,1,1.33571,1.33656,6,1
hermes_uni_open,uo-100-300-300,34.5,0.5,1.42163,1.42291,3,1
hermes_uni_open,uo-100-300-300,35,0.333333,1.37273,1.3748,2,1
hermes_uni_open,uo-100-300-300,35.5,0.5,1.38578,1.38602,3,1
hermes_uni_open,uo-100-300-300,36,0.5,1.39665,1.39719,3,1
hermes_uni_open,uo-100-300-300,36.5,0.5,1.37484,1.37599,3,1
hermes_uni_open,uo-100-300-300,37,0.333333,1.44732,1.44792,2,1
hermes_uni_open,uo-100-300-300,37.5,0.5,1.43192,1.43417,3,1
hermes_uni_open,uo-100-300-300,38,0.333333,1.45328,1.45441,2,1
hermes_uni_open,uo-100-300-300,38.5,0.5,1.47037,1.47446,3,1
hermes_uni_open,uo-100-300-300,39,0.333333,1.51554,1.51691,2,1
hermes_uni_open,uo-100-300-300,39.5,0.333333,1.45681,1.45742,2,1
hermes_uni_open,uo-100-300-300,40,0.833333,1.43714,1.43845,5,1
hermes_uni_open,uo-100-300-300,40.5,0.833333,1.41378,1.41548,5,1
hermes_uni_open,uo-100-300-300,41,0.666667,1.30429,1.30584,4,1
hermes_uni_open,uo-100-300-300,41.5,0.333333,1.33055,1.33322,2,1
hermes_uni_open,uo-100-300-300,42,0.666667,1.44926,1.45795,4,1
hermes_uni_open,uo-100-300-300,42.5,0.666667,1.4246,1.42567,4,1
hermes_uni_open,uo-100-300-300,43,0.5,1.42696,1.42754,3,1
hermes_uni_open,uo-100-300-300,43.5,0.333333,1.39275,1.39353,2,1
hermes_uni_open,uo-100-300-300,44,0.333333,1.37441,1.37522,2,1
hermes_uni_open,uo-100-300-300,44.5,0.666667,1.43452,1.4352,4,1
hermes_uni_open,uo-100-300-300,45,0.5,1.48309,1.48502,3,1
hermes_uni_open,uo-100-300-300,45.5,0.166667,1.37778,1.38044,1,1
hermes_uni_open,uo-100-300-300,46.5,0.333333,1.34753,1.34807,2,1
hermes_uni_open,uo-100-300-300,47,0.666667,1.36469,1.36522,4,1
hermes_uni_open,uo-100-300-300,47.5,0.833333,1.41275,1.41861,5,1
hermes_uni_open,uo-100-300-300,48,0.833333,1.39352,1.3953,5,1
hermes_uni_open,uo-100-300-300,48.5,0.666667,1.36754,1.37019,4,1
hermes_uni_open,uo-100-300-300,49,0.5,1.33368,1.33761,3,0
hermes_uni_open,uo-100-300-300,49.5,0.166667,1.45226,1.46381,1,0
hermes_uni_open,uo-100-300-300,50,0.666667,1.46598,1.46679,4,0
hermes_uni_open,uo-100-300-300,50.5,0.833333,1.49387,1.49454,5,0
hermes_uni_open,uo-100-300-300,51,0.5,1.40709,1.41703,3,0
hermes_uni_open,uo-100-300-300,51.5,0.333333,1.40377,1.4307,2,0
hermes_uni_open,uo-100-300-300,52,0.166667,1.3072,1.30995,1,0
hermes_uni_open,uo-100-300-300,52.5,0.666667,1.40975,1.41056,4,0
hermes_uni_open,uo-100-300-300,53,0.5,1.40133,1.40255,3,0
hermes_uni_open,uo-100-300-300,53.5,0.5,1.42046,1.42184,3,0
hermes_uni_open,uo-120-300-300,13.5,0.166667,1.7585,1.77193,1,0
hermes_uni_open,uo-120-300-300,14,0.333333,1.78527,1.78979,2,0
hermes_uni_open,uo-120-300-300,14.5,0.666667,1.72717,1.73091,4,0
hermes_uni_open,uo-120-300-300,15,0.666667,1.81403,1.81545,4,0
hermes_uni_open,uo-120-300-300,15.5,0.666667,1.87028,1.87055,4,0
hermes_uni_open,uo-120-300-300,16,0.5,1.7969,1.7976,3,0
hermes_uni_open,uo-120-300-300,16.5,0.333333,1.84645,1.84758,2,0
hermes_uni_open,uo-120-300-300,17,0.333333,1.68515,1.68551,2,0
hermes_uni_open,uo-120-300-300,17.5,0.5,1.74202,1.7427,3,0
hermes_uni_open,uo-120-300-300,18,0.166667,1.79365,1.79366,1,0
hermes_uni_open,uo-120-300-300,18.5,0.333333,1.67935,1.68157,2,0
hermes_uni_open,uo-120-300-300,19,0.5,1.65924,1.66161,3,0
hermes_uni_open,uo-120-300-300,19.5,0.833333,1.71434,1.71679,5,1
hermes_uni_open,uo-120-300-300,20,1,1.64653,1.648,6,1
hermes_uni_open,uo-120-300-300,20.5,0.666667,1.59692,1.5976,4,1
hermes_uni_open,uo-120-300-300,21,1,1.59458,1.59672,6,1
hermes_uni_open,uo-120-300-300,21.5,1,1.62334,1.62545,6,1
hermes_uni_open,uo-120-300-300,22,0.833333,1.66214,1.665,5,1
hermes_uni_open,uo-120-300-300,22.5,0.666667,1.73695,1.7393,4,1
hermes_uni_open,uo-120-300-300,23,0.166667,1.73091,1.73094,1,1
hermes_uni_open,uo-120-300-300,23.5,0.333333,1.74254,1.74288,2,1
hermes_uni_open,uo-120-300-300,24,0.5,1.53323,1.53424,3,1
hermes_uni_open,uo-120-300-300,24.5,0.666667,1.54985,1.55017,4,1
hermes_uni_open,uo-120-300-300,25,0.333333,1.57427,1.57445,2,1
hermes_uni_open,uo-120-300-300,25.5,0.5,1.62653,1.62687,3,1
hermes_uni_open,uo-120-300-300,26,0.5,1.62721,1.62726,3,1
hermes_uni_open,uo-120-300-300,26.5,0.166667,1.57627,1.57654,1,1
hermes_uni_open,uo-120-300-300,27,0.333333,1.50722,1.50957,2,1
hermes_uni_open,uo-120-300-300,27.5,0.5,1.48356,1.48435,3,1
hermes_uni_open,uo-120-300-300,28,0.666667,1.48519,1.48587,4,1
hermes_uni_open,uo-120-300-300,28.5,0.666667,1.47254,1.47297,4,1
hermes_uni_open,uo-120-300-300,29,0.833333,1.51225,1.51382,5,1
hermes_uni_open,uo-120-300-300,29.5,0.5,1.46377,1.47017,3,1
hermes_uni_open,uo-120-300-300,30,0.5,1.38289,1.38572,3,1
hermes_uni_open,uo-120-300-300,30.5,0.5,1.31306,1.31589,3,1
hermes_uni_open,uo-120-300-300,31,0.5,1.26499,1.26523,3,1
hermes_uni_open,uo-120-300-300,31.5,1,1.43402,1.43501,6,1
hermes_uni_open,uo-120-300-300,32,1,1.45809,1.45875,6,1
hermes_uni_open,uo-120-300-300,32.5,0.666667,1.47301,1.47427,4,1
hermes_uni_open,uo-120-300-300,33,0.833333,1.58536,1.58771,5,1
hermes_uni_open,uo-120-300-300,33.5,1,1.55855,1.56022,6,1
hermes_uni_open,uo-120-300-300,34,0.5,1.54738,1.54789,3,1
hermes_uni_open,uo-120-300-300,34.5,0.666667,1.51678,1.51808,4,1
hermes_uni_open,uo-120-300-300,35,0.333333,1.54525,1.54562,2,1
hermes_uni_open,uo-120-300-300,35.5,0.666667,1.54386,1.54451,4,1
hermes_uni_open,uo-120-300-300,36,1,1.55135,1.55165,6,1
hermes_uni_open,uo-120-300-300,36.5,0.666667,1.51433,1.51509,4,1
hermes_uni_open,uo-120-300-300,37,0.5,1.45442,1.45499,3,1
hermes_uni_open,uo-120-300-300,37.5,0.666667,1.40484,1.40555,4,1
hermes_uni_open,uo-120-300-300,38,0.833333,1.43721,1.43759,5,1
hermes_uni_open,uo-120-300-300,38.5,0.666667,1.44227,1.4427,4,1
hermes_uni_open,uo-120-300-300,39,0.5,1.41749,1.41811,3,1
hermes_uni_open,uo-120-300-300,39.5,0.666667,1.43938,1.4403,4,1
hermes_uni_open,uo-120-300-300,40,0.833333,1.42466,1.42507,5,1
hermes_uni_open,uo-120-300-300,40.5,0.833333,1.40068,1.40102,5,1
hermes_uni_open,uo-120-300-300,41,0.833333,1.46623,1.4665,5,1
hermes_uni_open,uo-120-300-300,41.5,0.333333,1.54387,1.54397,2,1
hermes_uni_open,uo-120-300-300,42,0.333333,1.60515,1.61029,2,1
hermes_uni_open,uo-120-300-300,42.5,0.833333,1.34665,1.34943,5,1
hermes_uni_open,uo-120-300-300,43,0.833333,1.28357,1.28526,5,1
hermes_uni_open,uo-120-300-300,43.5,1.33333,1.2814,1.28371,8,1
hermes_uni_open,uo-120-300-300,44,0.666667,1.33695,1.33924,4,1
hermes_uni_open,uo-120-300-300,44.5,0.833333,1.31613,1.31788,5,1
hermes_uni_open,uo-120-300-300,45,0.5,1.36507,1.36763,3,1
hermes_uni_open,uo-120-300-300,45.5,0.666667,1.35171,1.35419,4,1
hermes_uni_open,uo-120-300-300,46,0.833333,1.36268,1.36642,5,1
hermes_uni_open,uo-120-300-300,46.5,0.833333,1.34986,1.35364,5,1
hermes_uni_open,uo-120-300-300,47,0.5,1.36921,1.37215,3,1
hermes_uni_open,uo-120-300-300,47.5,0.5,1.39229,1.39478,3,1
hermes_uni_open,uo-120-300-300,48,0.5,1.41447,1.41752,3,1
hermes_uni_open,uo-120-300-300,48.5,0.666667,1.43272,1.4358,4,1
hermes_uni_open,uo-120-300-300,49,0.5,1.39001,1.39106,3,1
hermes_uni_open,uo-120-300-300,49.5,0.5,1.54471,1.54822,3,1
hermes_uni_open,uo-120-300-300,50,0.833333,1.51779,1.51988,5,1
hermes_uni_open,uo-120-300-300,50.5,0.666667,1.50791,1.50896,4,1
hermes_uni_open,uo-120-300-300,51,0.833333,1.42963,1.4319,5,1
hermes_uni_open,uo-120-300-300,51.5,0.666667,1.45372,1.45552,4,1
hermes_uni_open,uo-120-300-300,52,0.666667,1.44285,1.4434,4,1
hermes_uni_open,uo-120-300-300,52.5,0.666667,1.46539,1.46691,4,1
hermes_uni_open,uo-120-300-300,53,0.5,1.36502,1.36874,3,1
hermes_uni_open,uo-120-300-300,53.5,0.5,1.45546,1.4643,3,1
hermes_uni_open,uo-120-300-300,54,0.333333,1.5546,1.56407,2,1
hermes_uni_open,uo-120-300-300,54.5,0.333333,1.40723,1.41648,2,1
hermes_uni_open,uo-120-300-300,55,0.666667,1.32591,1.32687,4,1
hermes_uni_open,uo-120-300-300,55.5,0.833333,1.32437,1.32557,5,1
hermes_uni_open,uo-120-300-300,56,0.666667,1.32455,1.32481,4,1
hermes_uni_open,uo-120-300-300,56.5,0.333333,1.31839,1.3193,2,1
hermes_uni_open,uo-120-300-300,57,0.5,1.2933,1.29814,3,1
hermes_uni_open,uo-120-300-300,57.5,0.833333,1.40921,1.41196,5,1
hermes_uni_open,uo-120-300-300,58,1,1.46041,1.46205,6,1
hermes_uni_open,uo-120-300-300,58.5,1,1.39544,1.39609,6,1
hermes_uni_open,uo-120-300-300,59,0.333333,1.41825,1.42059,2,1
hermes_uni_open,uo-120-300-300,59.5,0.666667,1.3718,1.37501,4,1
hermes_uni_open,uo-120-300-300,60,0.666667,1.38313,1.38411,4,1
hermes_uni_open,uo-120-300-300,60.5,0.833333,1.45385,1.4552,5,1
hermes_uni_open,uo-120-300-300,61,0.666667,1.41044,1.41409,4,1
hermes_uni_open,uo-120-300-300,61.5,0.833333,1.37103,1.37265,5,1
hermes_uni_open,uo-120-300-300,62,0.666667,1.3068,1.30792,4,1
hermes_uni_open,uo-120-300-300,62.5,0.833333,1.27484,1.27617,5,1
hermes_uni_open,uo-120-300-300,63,0.666667,1.29423,1.29507,4,1
hermes_uni_open,uo-120-300-300,63.5,0.833333,1.42555,1.43063,5,1
hermes_uni_open,uo-120-300-300,64,0.666667,1.41123,1.41204,4,1
hermes_uni_open,uo-120-300-300,64.5,0.333333,1.40364,1.40433,2,1
hermes_uni_open,uo-120-300-300,65,0.5,1.4168,1.41751,3,1
hermes_uni_open,uo-120-300-300,65.5,0.5,1.37074,1.37143,3,1
hermes_uni_open,uo-120-300-300,66,0.666667,1.41779,1.4186,4,1
hermes_uni_open,uo-120-300-300,66.5,0.833333,1.37496,1.37827,5,1
hermes_uni_open,uo-120-300-300,67,0.833333,1.42918,1.4328,5,1
hermes_uni_open,uo-120-300-300,67.5,0.5,1.45869,1.46984,3,0
hermes_uni_open,uo-120-300-300,68,0.5,1.53493,1.53631,3,0
hermes_uni_open,uo-120-300-300,68.5,0.666667,1.42153,1.42248,4,0
hermes_uni_open,uo-120-300-300,69,0.666667,1.36549,1.38111,4,0
hermes_uni_open,uo-120-300-300,69.5,1,1.46633,1.48239,6,0
hermes_uni_open,uo-120-300-300,70,0.666667,1.53267,1.54906,4,0
hermes_uni_open,uo-120-300-300,70.5,0.5,1.44345,1.44603,3,0
hermes_uni_open,uo-120-300-300,71,0.166667,1.24592,1.24622,1,0
hermes_uni_open,uo-120-300-300,71.5,0.333333,1.2829,1.28372,2,0
hermes_uni_open,uo-120-300-300,72,0.5,1.32119,1.3212,3,0
hermes_uni_open,uo-120-300-300,72.5,0.333333,1.31616,1.31677,2,0
hermes_uni_open,uo-120-300-300,73,0.166667,1.3367,1.33787,1,0
hermes_uni_open,uo-145-180-180,9.938,0.277778,1.60718,1.60769,1,0
hermes_uni_open,uo-145-180-180,10.438,0.833333,1.57428,1.57627,3,0
hermes_uni_open,uo-145-180-180,10.938,1.38889,1.5812,1.58176,5,0
hermes_uni_open,uo-145-180-180,11.438,0.555556,1.61414,1.61434,2,0
hermes_uni_open,uo-145-180-180,11.938,0.833333,1.50976,1.51021,3,0
hermes_uni_open,uo-145-180-180,12.438,0.833333,1.46994,1.47103,3,0
hermes_uni_open,uo-145-180-180,12.938,1.38889,1.45784,1.45851,5,0
hermes_uni_open,uo-145-180-180,13.438,1.11111,1.46718,1.46803,4,0
hermes_uni_open,uo-145-180-180,13.938,1.11111,1.48071,1.48088,4,0
hermes_uni_open,uo-145-180-180,14.438,0.555556,1.45587,1.45617,2,0
hermes_uni_open,uo-145-180-180,14.938,0.555556,1.464,1.46633,2,0
hermes_uni_open,uo-145-180-180,15.438,0.833333,1.31917,1.31985,3,0
hermes_uni_open,uo-145-180-180,15.938,0.833333,1.24147,1.24218,3,0
hermes_uni_open,uo-145-180-180,16.438,1.11111,1.24812,1.24879,4,1
hermes_uni_open,uo-145-180-180,16.938,1.66667,1.18393,1.18531,6,1
hermes_uni_open,uo-145-180-180,17.438,1.38889,1.20022,1.20076,5,1
hermes_uni_open,uo-145-180-180,17.938,1.38889,1.21486,1.21855,5,1
hermes_uni_open,uo-145-180-180,18.438,1.11111,1.12771,1.12811,4,1
hermes_uni_open,uo-145-180-180,18.938,1.38889,1.17282,1.17391,5,1
hermes_uni_open,uo-145-180-180,19.438,1.38889,1.19338,1.19491,5,1
hermes_uni_open,uo-145-180-180,19.938,1.38889,1.19507,1.1968,5,1
hermes_uni_open,uo-145-180-180,20.438,1.38889,1.22047,1.22286,5,1
hermes_uni_open,uo-145-180-180,20.938,1.66667,1.20896,1.21058,6,1
hermes_uni_open,uo-145-180-180,21.438,1.11111,1.2247,1.22753,4,1
hermes_uni_open,uo-145-180-180,21.938,1.66667,1.24429,1.24568,6,1
hermes_uni_open,uo-145-180-180,22.438,1.11111,1.2811,1.28272,4,1
hermes_uni_open,uo-145-180-180,22.938,1.38889,1.31516,1.31582,5,1
hermes_uni_open,uo-145-180-180,23.438,1.38889,1.30099,1.30172,5,1
hermes_uni_open,uo-145-180-180,23.938,0.833333,1.27598,1.2769,3,1
hermes_uni_open,uo-145-180-180,24.438,0.277778,1.25397,1.25508,1,1
hermes_uni_open,uo-145-180-180,24.938,0.833333,1.19229,1.19343,3,1
hermes_uni_open,uo-145-180-180,25.438,0.833333,1.13429,1.1347,3,1
hermes_uni_open,uo-145-180-180,25.938,1.38889,1.12912,1.13052,5,1
hermes_uni_open,uo-145-180-180,26.438,1.11111,1.13225,1.13277,4,1
hermes_uni_open,uo-145-180-180,26.938,1.11111,1.12314,1.12503,4,1
hermes_uni_open,uo-145-180-180,27.438,1.94444,1.10176,1.10274,7,1
hermes_uni_open,uo-145-180-180,27.938,1.66667,1.07243,1.07322,6,1
hermes_uni_open,uo-145-180-180,28.438,1.94444,1.07522,1.0759,7,1
hermes_uni_open,uo-145-180-180,28.938,1.94444,1.08976,1.0907,7,1
hermes_uni_open,uo-145-180-180,29.438,1.11111,1.11823,1.11929,4,1
hermes_uni_open,uo-145-180-180,29.938,1.66667,1.14648,1.14728,6,1
hermes_uni_open,uo-145-180-180,30.438,1.11111,1.14636,1.1475,4,1
hermes_uni_open,uo-145-180-180,30.938,1.38889,1.19109,1.19313,5,1
hermes_uni_open,uo-145-180-180,31.438,0.833333,1.12885,1.13089,3,1
hermes_uni_open,uo-145-180-180,31.938,1.66667,1.10542,1.1116,6,1
hermes_uni_open,uo-145-180-180,32.438,1.38889,1.08958,1.09195,5,1
hermes_uni_open,uo-145-180-180,32.938,1.66667,1.11552,1.11653,6,1
hermes_uni_open,uo-145-180-180,33.438,1.66667,1.0992,1.10027,6,1
hermes_uni_open,uo-145-180-180,33.938,1.11111,1.13525,1.13553,4,1
hermes_uni_open,uo-145-180-180,34.438,1.38889,1.05678,1.05711,5,1
hermes_uni_open,uo-145-180-180,34.938,1.94444,1.03606,1.03668,7,1
hermes_uni_open,uo-145-180-180,35.438,1.66667,1.08013,1.08059,6,1
hermes_uni_open,uo-145-180-180,35.938,1.94444,1.06516,1.06551,7,1
hermes_uni_open,uo-145-180-180,36.438,1.94444,1.03561,1.03647,7,1
hermes_uni_open,uo-145-180-180,36.938,1.66667,0.985447,0.987543,6,1
hermes_uni_open,uo-145-180-180,37.438,1.94444,1.05629,1.05701,7,1
hermes_uni_open,uo-145-180-180,37.938,1.66667,1.03906,1.03947,6,1
hermes_uni_open,uo-145-180-180,38.438,1.94444,1.03689,1.03984,7,1
hermes_uni_open,uo-145-180-180,38.938,1.66667,1.03562,1.04004,6,1
hermes_uni_open,uo-145-180-180,39.438,1.66667,1.04434,1.04605,6,1
hermes_uni_open,uo-145-180-180,39.938,1.38889,1.02667,1.02758,5,1
hermes_uni_open,uo-145-180-180,40.438,1.94444,1.00173,1.00526,7,1
hermes_uni_open,uo-145-180-180,40.938,1.94444,0.99652,0.99692,7,1
hermes_uni_open,uo-145-180-180,41.438,1.38889,0.971646,0.978478,5,1
hermes_uni_open,uo-145-180-180,41.938,1.94444,0.95438,0.96226,7,1
hermes_uni_open,uo-145-180-180,42.438,2.22222,0.955342,0.959887,8,1
hermes_uni_open,uo-145-180-180,42.938,1.38889,0.968509,0.969765,5,1
hermes_uni_open,uo-145-180-180,43.438,1.94444,0.921462,0.922486,7,1
hermes_uni_open,uo-145-180-180,43.938,1.38889,0.915532,0.918851,5,1
hermes_uni_open,uo-145-180-180,44.438,1.66667,0.941084,0.94363,6,1
hermes_uni_open,uo-145-180-180,44.938,1.66667,0.985161,0.986606,6,1
hermes_uni_open,uo-145-180-180,45.438,1.38889,0.983491,0.985546,5,1
hermes_uni_open,uo-145-180-180,45.938,1.11111,1.04008,1.04438,4,1
hermes_uni_open,uo-145-180-180,46.438,0.833333,1.02983,1.03466,3,1
hermes_uni_open,uo-145-180-180,46.938,1.11111,0.966878,0.969037,4,1
hermes_uni_open,uo-145-180-180,47.438,1.11111,0.936232,0.93913,4,1
hermes_uni_open,uo-145-180-180,47.938,1.66667,0.960199,0.961328,6,1
hermes_uni_open,uo-145-180-180,48.438,1.66667,0.924961,0.92755,6,1
hermes_uni_open,uo-145-180-180,48.938,2.22222,0.927535,0.928265,8,1
hermes_uni_open,uo-145-180-180,49.438,1.94444,0.91828,0.919719,7,1
hermes_uni_open,uo-145-180-180,49.938,1.94444,0.939866,0.941276,7,1
hermes_uni_open,uo-145-180-180,50.438,1.66667,0.939814,0.941015,6,1
hermes_uni_open,uo-145-180-180,50.938,1.66667,0.911242,0.912498,6,1
hermes_uni_open,uo-145-180-180,51.438,1.66667,0.928985,0.93149,6,1
hermes_uni_open,uo-145-180-180,51.938,1.66667,0.899158,0.902715,6,1
hermes_uni_open,uo-145-180-180,52.438,1.66667,0.894066,0.898328,6,1
hermes_uni_open,uo-145-180-180,52.938,1.66667,0.892015,0.892888,6,1
hermes_uni_open,uo-145-180-180,53.438,1.94444,0.87801,0.878547,7,1
hermes_uni_open,uo-145-180-180,53.938,1.94444,0.838775,0.839517,7,1
hermes_uni_open,uo-145-180-180,54.438,1.66667,0.885787,0.888573,6,1
hermes_uni_open,uo-145-180-180,54.938,2.22222,0.884179,0.885591,8,1
hermes_uni_open,uo-145-180-180,55.438,1.66667,0.864602,0.86515,6,1
hermes_uni_open,uo-145-180-180,55.938,1.66667,0.813049,0.815582,6,1
hermes_uni_open,uo-145-180-180,56.438,1.66667,0.830041,0.832862,6,1
hermes_uni_open,uo-145-180-180,56.938,1.66667,0.859184,0.861067,6,1
hermes_uni_open,uo-145-180-180,57.438,1.66667,0.818039,0.820681,6,1
hermes_uni_open,uo-145-180-180,57.938,1.94444,0.810981,0.814345,7,1
hermes_uni_open,uo-145-180-180,58.438,1.66667,0.845235,0.847069,6,1
hermes_uni_open,uo-145-180-180,58.938,2.22222,0.855813,0.85772,8,1
hermes_uni_open,uo-145-180-180,59.438,1.38889,0.847718,0.848431,5,1
hermes_uni_open,uo-145-180-180,59.938,1.94444,0.873313,0.874687,7,1
hermes_uni_open,uo-145-180-180,60.438,1.38889,0.838206,0.842256,5,1
hermes_uni_open,uo-145-180-180,60.938,1.38889,0.827508,0.832128,5,1
hermes_uni_open,uo-145-180-180,61.438,1.11111,0.86934,0.871706,4,1
hermes_uni_open,uo-145-180-180,61.938,1.38889,0.878398,0.880729,5,1
hermes_uni_open,uo-145-180-180,62.438,1.11111,0.859911,0.86689,4,1
hermes_uni_open,uo-145-180-180,62.938,1.66667,0.857066,0.858494,6,1
hermes_uni_open,uo-145-180-180,63.438,1.94444,0.852918,0.858841,7,1
hermes_uni_open,uo-145-180-180,63.938,1.66667,0.861266,0.862388,6,1
hermes_uni_open,uo-145-180-180,64.438,2.22222,0.853098,0.855911,8,1
hermes_uni_open,uo-145-180-180,64.938,1.94444,0.868341,0.869993,7,1
hermes_uni_open,uo-145-180-180,65.438,2.22222,0.84434,0.845685,8,1
hermes_uni_open,uo-145-180-180,65.938,1.94444,0.84143,0.842163,7,1
hermes_uni_open,uo-145-180-180,66.438,2.22222,0.820926,0.823086,8,1
hermes_uni_open,uo-145-180-180,66.938,1.94444,0.811773,0.814243,7,1
hermes_uni_open,uo-145-180-180,67.438,1.94444,0.785323,0.792953,7,1
hermes_uni_open,uo-145-180-180,67.938,1.94444,0.730671,0.734388,7,1
hermes_uni_open,uo-145-180-180,68.438,1.66667,0.706984,0.710273,6,0
hermes_uni_open,uo-145-180-180,68.938,2.22222,0.752147,0.754727,8,0
hermes_uni_open,uo-145-180-180,69.438,1.66667,0.755565,0.756606,6,0
hermes_uni_open,uo-145-180-180,69.938,2.22222,0.780026,0.784183,8,0
hermes_uni_open,uo-145-180-180,70.438,1.94444,0.766464,0.768421,7,0
hermes_uni_open,uo-145-180-180,70.938,1.66667,0.745846,0.752111,6,0
hermes_uni_open,uo-145-180-180,71.438,1.11111,0.696854,0.698753,4,0
hermes_uni_open,uo-145-180-180,71.938,1.94444,0.773099,0.777366,7,0
hermes_uni_open,uo-145-180-180,72.438,1.66667,0.748699,0.751565,6,0
hermes_uni_open,uo-145-180-180,72.938,1.66667,0.724514,0.728692,6,0
hermes_uni_open,uo-145-180-180,73.438,1.38889,0.774379,0.77692,5,0
hermes_uni_open,uo-145-180-180,73.938,1.11111,0.813335,0.817091,4,0
hermes_uni_open,uo-145-180-180,74.438,0.555556,0.832393,0.834605,2,0
hermes_uni_open,uo-145-240-240,13.75,0.208333,1.45234,1.4529,1,0
hermes_uni_open,uo-145-240-240,14.25,0.416667,1.4803,1.48061,2,0
hermes_uni_open,uo-145-240-240,14.75,0.833333,1.45443,1.45454,4,0
hermes_uni_open,uo-145-240-240,15.25,0.833333,1.48884,1.4905,4,0
hermes_uni_open,uo-145-240-240,15.75,0.833333,1.45248,1.453,4,0
hermes_uni_open,uo-145-240-240,16.25,1.04167,1.41918,1.41935,5,0
hermes_uni_open,uo-145-240-240,16.75,1.04167,1.40314,1.40356,5,0
hermes_uni_open,uo-145-240-240,17.25,1.45833,1.40232,1.40433,7,0
hermes_uni_open,uo-145-240-240,17.75,1.25,1.39547,1.39752,6,0
hermes_uni_open,uo-145-240-240,18.25,1.04167,1.44033,1.44319,5,0
hermes_uni_open,uo-145-240-240,18.75,0.833333,1.45253,1.45381,4,1
hermes_uni_open,uo-145-240-240,19.25,1.04167,1.4544,1.45834,5,1
hermes_uni_open,uo-145-240-240,19.75,1.25,1.50553,1.51351,6,1
hermes_uni_open,uo-145-240-240,20.25,1.04167,1.4956,1.50123,5,1
hermes_uni_open,uo-145-240-240,20.75,0.416667,1.5456,1.54634,2,1
hermes_uni_open,uo-145-240-240,21.25,0.416667,1.46991,1.47011,2,1
hermes_uni_open,uo-145-240-240,21.75,0.833333,1.43682,1.43786,4,1
hermes_uni_open,uo-145-240-240,22.25,0.833333,1.43197,1.4321,4,1
hermes_uni_open,uo-145-240-240,22.75,1.04167,1.31755,1.31971,5,1
hermes_uni_open,uo-145-240-240,23.25,1.25,1.35954,1.37599,6,1
hermes_uni_open,uo-145-240-240,23.75,1.25,1.36219,1.37108,6,1
hermes_uni_open,uo-145-240-240,24.25,0.833333,1.38863,1.39212,4,1
hermes_uni_open,uo-145-240-240,24.75,0.833333,1.39997,1.40214,4,1
hermes_uni_open,uo-145-240-240,25.25,0.833333,1.39165,1.39299,4,1
hermes_uni_open,uo-145-240-240,25.75,0.833333,1.36402,1.36623,4,1
hermes_uni_open,uo-145-240-240,26.25,0.833333,1.29553,1.29881,4,1
hermes_uni_open,uo-145-240-240,26.75,0.833333,1.28144,1.2824,4,1
hermes_uni_open,uo-145-240-240,27.25,1.25,1.26073,1.26111,6,1
hermes_uni_open,uo-145-240-240,27.75,0.833333,1.26182,1.26238,4,1
hermes_uni_open,uo-145-240-240,28.25,0.833333,1.24495,1.24582,4,1
hermes_uni_open,uo-145-240-240,28.75,0.625,1.31564,1.31607,3,1
hermes_uni_open,uo-145-240-240,29.25,0.833333,1.37591,1.38146,4,1
hermes_uni_open,uo-145-240-240,29.75,0.833333,1.40318,1.40539,4,1
hermes_uni_open,uo-145-240-240,30.25,0.833333,1.27676,1.2776,4,1
hermes_uni_open,uo-145-240-240,30.75,1.04167,1.29116,1.29293,5,1
hermes_uni_open,uo-145-240-240,31.25,1.45833,1.31293,1.31395,7,1
hermes_uni_open,uo-145-240-240,31.75,1.04167,1.34754,1.34827,5,1
hermes_uni_open,uo-145-240-240,32.25,1.04167,1.33016,1.33074,5,1
hermes_uni_open,uo-145-240-240,32.75,1.25,1.32305,1.32351,6,1
hermes_uni_open,uo-145-240-240,33.25,1.45833,1.32691,1.32744,7,1
hermes_uni_open,uo-145-240-240,33.75,1.45833,1.29967,1.30095,7,1
hermes_uni_open,uo-145-240-240,34.25,1.25,1.32541,1.32617,6,1
hermes_uni_open,uo-145-240-240,34.75,1.25,1.3584,1.35947,6,1
hermes_uni_open,uo-145-240-240,35.25,1.04167,1.34158,1.34375,5,1
hermes_uni_open,uo-145-240-240,35.75,1.04167,1.37689,1.37799,5,1
hermes_uni_open,uo-145-240-240,36.25,1.04167,1.3641,1.36613,5,1
hermes_uni_open,uo-145-240-240,36.75,1.25,1.3023,1.30326,6,1
hermes_uni_open,uo-145-240-240,37.25,1.04167,1.32606,1.32753,5,1
hermes_uni_open,uo-145-240-240,37.75,1.25,1.33846,1.34052,6,1
hermes_uni_open,uo-145-240-240,38.25,1.04167,1.33624,1.33727,5,1
hermes_uni_open,uo-145-240-240,38.75,1.45833,1.32883,1.33028,7,1
hermes_uni_open,uo-145-240-240,39.25,1.25,1.38441,1.38551,6,1
hermes_uni_open,uo-145-240-240,39.75,1.04167,1.38305,1.38493,5,1
hermes_uni_open,uo-145-240-240,40.25,0.833333,1.37768,1.37995,4,1
hermes_uni_open,uo-145-240-240,40.75,0.833333,1.36982,1.37029,4,1
hermes_uni_open,uo-145-240-240,41.25,0.833333,1.38176,1.38217,4,1
hermes_uni_open,uo-145-240-240,41.75,1.25,1.33383,1.33425,6,1
hermes_uni_open,uo-145-240-240,42.25,1.04167,1.31107,1.31237,5,1
hermes_uni_open,uo-145-240-240,42.75,1.25,1.29303,1.2947,6,1
hermes_uni_open,uo-145-240-240,43.25,0.625,1.29151,1.2937,3,1
hermes_uni_open,uo-145-240-240,43.75,0.625,1.25766,1.26109,3,1
hermes_uni_open,uo-145-240-240,44.25,0.625,1.30711,1.31283,3,1
hermes_uni_open,uo-145-240-240,44.75,0.833333,1.25271,1.25499,4,1
hermes_uni_open,uo-145-240-240,45.25,1.25,1.31054,1.31111,6,1
hermes_uni_open,uo-145-240-240,45.75,0.833333,1.33827,1.33922,4,1
hermes_uni_open,uo-145-240-240,46.25,1.25,1.27585,1.27707,6,1
hermes_uni_open,uo-145-240-240,46.75,1.25,1.23772,1.23841,6,1
hermes_uni_open,uo-145-240-240,47.25,1.25,1.24373,1.2446,6,1
hermes_uni_open,uo-145-240-240,47.75,1.04167,1.2308,1.23116,5,1
hermes_uni_open,uo-145-240-240,48.25,1.25,1.24384,1.24689,6,1
hermes_uni_open,uo-145-240-240,48.75,1.04167,1.28643,1.2919,5,1
hermes_uni_open,uo-145-240-240,49.25,1.45833,1.35068,1.35499,7,1
hermes_uni_open,uo-145-240-240,49.75,1.25,1.41475,1.41639,6,1
hermes_uni_open,uo-145-240-240,50.25,1.04167,1.3516,1.35405,5,1
hermes_uni_open,uo-145-240-240,50.75,0.833333,1.38166,1.38581,4,1
hermes_uni_open,uo-145-240-240,51.25,0.208333,1.34762,1.34775,1,1
hermes_uni_open,uo-145-240-240,51.75,0.416667,1.33432,1.33507,2,1
hermes_uni_open,uo-145-240-240,52.25,0.625,1.3851,1.38834,3,1
hermes_uni_open,uo-145-240-240,52.75,1.25,1.24272,1.24798,6,1
hermes_uni_open,uo-145-240-240,53.25,1.04167,1.16029,1.16368,5,1
hermes_uni_open,uo-145-240-240,53.75,1.25,1.20377,1.2073,6,1
hermes_uni_open,uo-145-240-240,54.25,1.25,1.24683,1.24968,6,1
hermes_uni_open,uo-145-240-240,54.75,1.25,1.26555,1.26698,6,1
hermes_uni_open,uo-145-240-240,55.25,1.04167,1.19664,1.20637,5,1
hermes_uni_open,uo-145-240-240,55.75,1.04167,1.1741,1.17686,5,1
hermes_uni_open,uo-145-240-240,56.25,1.25,1.18872,1.19202,6,1
hermes_uni_open,uo-145-240-240,56.75,1.45833,1.22375,1.2356,7,1
hermes_uni_open,uo-145-240-240,57.25,1.04167,1.18614,1.19445,5,1
hermes_uni_open,uo-145-240-240,57.75,0.833333,1.12482,1.1274,4,1
hermes_uni_open,uo-145-240-240,58.25,1.04167,1.11665,1.1181,5,1
hermes_uni_open,uo-145-240-240,58.75,1.25,1.14411,1.14477,6,0
hermes_uni_open,uo-145-240-240,59.25,1.45833,1.19576,1.19754,7,0
hermes_uni_open,uo-145-240-240,59.75,0.833333,1.13089,1.13471,4,0
hermes_uni_open,uo-145-240-240,60.25,1.04167,1.08449,1.08875,5,0
hermes_uni_open,uo-145-240-240,60.75,0.833333,1.07936,1.08075,4,0
hermes_uni_open,uo-145-240-240,61.25,0.625,1.13976,1.1412,3,0
hermes_uni_open,uo-145-240-240,61.75,0.625,1.0897,1.09186,3,0
hermes_uni_open,uo-145-240-240,62.25,0.208333,1.29508,1.29614,1,0
hermes_uni_open,uo-145-240-240,62.75,0.208333,1.23501,1.24235,1,0
hermes_uni_open,uo-145-240-240,63.25,0.208333,1.15385,1.15398,1,0
hermes_uni_open,uo-180-180-070,16.938,0.277778,2.20908,2.2227,1,0
hermes_uni_open,uo-180-180-070,17.438,0.833333,2.11445,2.13369,3,0
hermes_uni_open,uo-180-180-070,17.938,0.555556,2.04485,2.07194,2,0
hermes_uni_open,uo-180-180-070,18.938,0.277778,1.51552,1.5184,1,0
hermes_uni_open,uo-180-180-070,19.438,0.277778,1.55103,1.55678,1,0
hermes_uni_open,uo-180-180-070,19.938,0.833333,1.46825,1.46862,3,0
hermes_uni_open,uo-180-180-070,20.438,1.38889,1.5454,1.5465,5,0
hermes_uni_open,uo-180-180-070,20.938,0.833333,1.45748,1.46074,3,0
hermes_uni_open,uo-180-180-070,21.438,1.11111,1.48961,1.49344,4,0
hermes_uni_open,uo-180-180-070,21.938,1.11111,1.43498,1.43607,4,0
hermes_uni_open,uo-180-180-070,22.438,1.66667,1.41101,1.41165,6,0
hermes_uni_open,uo-180-180-070,22.938,1.66667,1.31808,1.31817,6,0
hermes_uni_open,uo-180-180-070,23.438,1.66667,1.28388,1.28418,6,0
hermes_uni_open,uo-180-180-070,23.938,1.38889,1.2308,1.23183,5,0
hermes_uni_open,uo-180-180-070,24.438,1.94444,1.16719,1.16784,7,0
hermes_uni_open,uo-180-180-070,24.938,1.38889,1.14429,1.14593,5,0
hermes_uni_open,uo-180-180-070,25.438,1.66667,1.08771,1.0882,6,1
hermes_uni_open,uo-180-180-070,25.938,1.94444,1.06215,1.06275,7,1
hermes_uni_open,uo-180-180-070,26.438,1.94444,1.02648,1.02781,7,1
hermes_uni_open,uo-180-180-070,26.938,1.66667,0.950093,0.950931,6,1
hermes_uni_open,uo-180-180-070,27.438,1.94444,0.947562,0.948237,7,1
hermes_uni_open,uo-180-180-070,27.938,1.94444,0.963618,0.965324,7,1
hermes_uni_open,uo-180-180-070,28.438,1.66667,0.925675,0.92825,6,1
hermes_uni_open,uo-180-180-070,28.938,2.22222,0.862469,0.864662,8,1
hermes_uni_open,uo-180-180-070,29.438,1.66667,0.812373,0.813875,6,1
hermes_uni_open,uo-180-180-070,29.938,1.94444,0.772888,0.774936,7,1
hermes_uni_open,uo-180-180-070,30.438,1.66667,0.687213,0.690852,6,1
hermes_uni_open,uo-180-180-070,30.938,1.94444,0.603445,0.60963,7,1
hermes_uni_open,uo-180-180-070,31.438,2.22222,0.546164,0.547565,8,1
hermes_uni_open,uo-180-180-070,31.938,1.94444,0.503723,0.520405,7,1
hermes_uni_open,uo-180-180-070,32.438,2.5,0.458444,0.467654,9,1
hermes_uni_open,uo-180-180-070,32.938,2.77778,0.422376,0.444499,10,1
hermes_uni_open,uo-180-180-070,33.438,2.77778,0.40478,0.417165,10,1
hermes_uni_open,uo-180-180-070,33.938,3.05556,0.41681,0.436333,11,1
hermes_uni_open,uo-180-180-070,34.438,2.77778,0.44149,0.450479,10,1
hermes_uni_open,uo-180-180-070,34.938,2.77778,0.443399,0.453707,10,1
hermes_uni_open,uo-180-180-070,35.438,3.33333,0.400386,0.414803,12,1
hermes_uni_open,uo-180-180-070,35.938,3.33333,0.401416,0.410621,12,1
hermes_uni_open,uo-180-180-070,36.438,3.05556,0.361605,0.382071,11,1
hermes_uni_open,uo-180-180-070,36.938,3.33333,0.356051,0.369712,12,1
hermes_uni_open,uo-180-180-070,37.438,3.61111,0.35724,0.372962,13,1
hermes_uni_open,uo-180-180-070,37.938,2.77778,0.32472,0.339142,10,1
hermes_uni_open,uo-180-180-070,38.438,3.61111,0.318222,0.32938,13,1
hermes_uni_open,uo-180-180-070,38.938,3.88889,0.307472,0.317927,14,1
hermes_uni_open,uo-180-180-070,39.438,3.61111,0.315447,0.329102,13,1
hermes_uni_open,uo-180-180-070,39.938,3.33333,0.324264,0.342478,12,1
hermes_uni_open,uo-180-180-070,40.438,3.05556,0.306213,0.311505,11,1
hermes_uni_open,uo-180-180-070,40.938,3.33333,0.288149,0.320606,12,1
hermes_uni_open,uo-180-180-070,41.438,3.05556,0.306744,0.311964,11,1
hermes_uni_open,uo-180-180-070,41.938,3.05556,0.278462,0.310961,11,1
hermes_uni_open,uo-180-180-070,42.438,3.05556,0.230435,0.242311,11,1
hermes_uni_open,uo-180-180-070,42.938,3.33333,0.221289,0.267755,12,1
hermes_uni_open,uo-180-180-070,43.438,3.33333,0.23931,0.258562,12,1
hermes_uni_open,uo-180-180-070,43.938,2.77778,0.230018,0.262383,10,1
hermes_uni_open,uo-180-180-070,44.438,3.05556,0.239607,0.272469,11,1
hermes_uni_open,uo-180-180-070,44.938,3.05556,0.259466,0.28187,11,1
hermes_uni_open,uo-180-180-070,45.438,2.77778,0.29556,0.31797,10,1
hermes_uni_open,uo-180-180-070,45.938,2.77778,0.305802,0.326028,10,1
hermes_uni_open,uo-180-180-070,46.438,3.33333,0.272478,0.28658,12,1
hermes_uni_open,uo-180-180-070,46.938,3.33333,0.271451,0.296425,12,1
hermes_uni_open,uo-180-180-070,47.438,2.77778,0.275389,0.302008,10,1
hermes_uni_open,uo-180-180-070,47.938,2.77778,0.300425,0.315601,10,1
hermes_uni_open,uo-180-180-070,48.438,3.05556,0.320163,0.337089,11,1
hermes_uni_open,uo-180-180-070,48.938,3.33333,0.324956,0.351903,12,1
hermes_uni_open,uo-180-180-070,49.438,2.77778,0.319939,0.334641,10,1
hermes_uni_open,uo-180-180-070,49.938,3.33333,0.316952,0.333964,12,1
hermes_uni_open,uo-180-180-070,50.438,3.33333,0.310068,0.329278,12,1
hermes_uni_open,uo-180-180-070,50.938,2.77778,0.304484,0.316415,10,1
hermes_uni_open,uo-180-180-070,51.438,3.05556,0.317562,0.332207,11,1
hermes_uni_open,uo-180-180-070,51.938,3.33333,0.318606,0.330854,12,1
hermes_uni_open,uo-180-180-070,52.438,3.05556,0.283181,0.298888,11,1
hermes_uni_open,uo-180-180-070,52.938,2.77778,0.308246,0.32238,10,1
hermes_uni_open,uo-180-180-070,53.438,3.05556,0.300989,0.319715,11,1
hermes_uni_open,uo-180-180-070,53.938,2.77778,0.270964,0.288798,10,1
hermes_uni_open,uo-180-180-070,54.438,2.77778,0.284979,0.306744,10,1
hermes_uni_open,uo-180-180-070,54.938,3.33333,0.328164,0.345856,12,1
hermes_uni_open,uo-180-180-070,55.438,3.05556,0.301684,0.318899,11,1
hermes_uni_open,uo-180-180-070,55.938,3.05556,0.258189,0.282168,11,1
hermes_uni_open,uo-180-180-070,56.438,3.33333,0.276543,0.293147,12,1
hermes_uni_open,uo-180-180-070,56.938,3.33333,0.306352,0.323682,12,1
hermes_uni_open,uo-180-180-070,57.438,3.33333,0.274062,0.292962,12,1
hermes_uni_open,uo-180-180-070,57.938,3.05556,0.300944,0.315665,11,1
hermes_uni_open,uo-180-180-070,58.438,3.33333,0.312811,0.330669,12,1
hermes_uni_open,uo-180-180-070,58.938,2.77778,0.304028,0.320353,10,1
hermes_uni_open,uo-180-180-070,59.438,2.77778,0.281377,0.311809,10,1
hermes_uni_open,uo-180-180-070,59.938,3.33333,0.28404,0.311033,12,1
hermes_uni_open,uo-180-180-070,60.438,3.05556,0.27497,0.304582,11,1
hermes_uni_open,uo-180-180-070,60.938,3.05556,0.278798,0.312066,11,1
hermes_uni_open,uo-180-180-070,61.438,3.05556,0.30416,0.318002,11,1
hermes_uni_open,uo-180-180-070,61.938,2.77778,0.293931,0.3204,10,1
hermes_uni_open,uo-180-180-070,62.438,2.5,0.276133,0.29629,9,1
hermes_uni_open,uo-180-180-070,62.938,2.77778,0.269394,0.28886,10,1
hermes_uni_open,uo-180-180-070,63.438,2.77778,0.276488,0.299097,10,1
hermes_uni_open,uo-180-180-070,63.938,2.5,0.259387,0.285402,9,1
hermes_uni_open,uo-180-180-070,64.438,2.77778,0.246289,0.266176,10,1
hermes_uni_open,uo-180-180-070,64.938,2.77778,0.235558,0.26402,10,1
hermes_uni_open,uo-180-180-070,65.438,2.77778,0.254823,0.262675,10,1
hermes_uni_open,uo-180-180-070,65.938,2.77778,0.27131,0.294644,10,1
hermes_uni_open,uo-180-180-070,66.438,3.05556,0.27493,0.282055,11,1
hermes_uni_open,uo-180-180-070,66.938,3.33333,0.279419,0.30282,12,1
hermes_uni_open,uo-180-180-070,67.438,2.5,0.283614,0.29067,9,1
hermes_uni_open,uo-180-180-070,67.938,2.77778,0.268242,0.28485,10,1
hermes_uni_open,uo-180-180-070,68.438,2.77778,0.264376,0.272192,10,1
hermes_uni_open,uo-180-180-070,68.938,3.05556,0.278361,0.30104,11,1
hermes_uni_open,uo-180-180-070,69.438,3.05556,0.288662,0.311852,11,1
hermes_uni_open,uo-180-180-070,69.938,3.05556,0.298111,0.311284,11,1
hermes_uni_open,uo-180-180-070,70.438,2.77778,0.300674,0.329645,10,1
hermes_uni_open,uo-180-180-070,70.938,3.33333,0.305984,0.317589,12,1
hermes_uni_open,uo-180-180-070,71.438,3.05556,0.280173,0.301869,11,1
hermes_uni_open,uo-180-180-070,71.938,3.05556,0.265825,0.28683,11,1
hermes_uni_open,uo-180-180-070,72.438,3.33333,0.306946,0.322919,12,1
hermes_uni_open,uo-180-180-070,72.938,3.33333,0.323553,0.343838,12,1
hermes_uni_open,uo-180-180-070,73.438,2.77778,0.31914,0.342857,10,1
hermes_uni_open,uo-180-180-070,73.938,2.77778,0.328781,0.347417,10,1
hermes_uni_open,uo-180-180-070,74.438,3.05556,0.321837,0.340826,11,1
hermes_uni_open,uo-180-180-070,74.938,2.77778,0.326388,0.356726,10,1
hermes_uni_open,uo-180-180-070,75.438,2.77778,0.317893,0.324887,10,1
hermes_uni_open,uo-180-180-070,75.938,2.77778,0.309211,0.325403,10,1
hermes_uni_open,uo-180-180-070,76.438,2.77778,0.303531,0.320117,10,1
hermes_uni_open,uo-180-180-070,76.938,3.33333,0.317683,0.340636,12,1
hermes_uni_open,uo-180-180-070,77.438,3.05556,0.337899,0.347566,11,1
hermes_uni_open,uo-180-180-070,77.938,2.77778,0.349814,0.36812,10,1
hermes_uni_open,uo-180-180-070,78.438,2.22222,0.319976,0.338305,8,1
hermes_uni_open,uo-180-180-070,78.938,3.05556,0.310406,0.325204,11,1
hermes_uni_open,uo-180-180-070,79.438,3.33333,0.31482,0.327638,12,1
hermes_uni_open,uo-180-180-070,79.938,3.33333,0.327563,0.339054,12,1
hermes_uni_open,uo-180-180-070,80.438,3.88889,0.339838,0.356029,14,1
hermes_uni_open,uo-180-180-070,80.938,3.61111,0.324807,0.337259,13,1
hermes_uni_open,uo-180-180-070,81.438,3.88889,0.327626,0.343444,14,1
hermes_uni_open,uo-180-180-070,81.938,3.33333,0.320178,0.327466,12,1
hermes_uni_open,uo-180-180-070,82.438,3.61111,0.307996,0.317162,13,1
hermes_uni_open,uo-180-180-070,82.938,3.33333,0.306425,0.317964,12,1
hermes_uni_open,uo-180-180-070,83.438,3.33333,0.331772,0.349285,12,1
hermes_uni_open,uo-180-180-070,83.938,3.61111,0.345539,0.363761,13,1
hermes_uni_open,uo-180-180-070,84.438,3.88889,0.334539,0.347666,14,1
hermes_uni_open,uo-180-180-070,84.938,3.05556,0.325535,0.334677,11,1
hermes_uni_open,uo-180-180-070,85.438,3.33333,0.321975,0.336,12,1
hermes_uni_open,uo-180-180-070,85.938,3.33333,0.306698,0.320305,12,1
hermes_uni_open,uo-180-180-070,86.438,3.33333,0.290506,0.307861,12,1
hermes_uni_open,uo-180-180-070,86.938,3.33333,0.295855,0.306839,12,1
hermes_uni_open,uo-180-180-070,87.438,3.33333,0.293912,0.319597,12,1
hermes_uni_open,uo-180-180-070,87.938,3.05556,0.30528,0.321122,11,1
hermes_uni_open,uo-180-180-070,88.438,3.05556,0.303561,0.310269,11,1
hermes_uni_open,uo-180-180-070,88.938,2.5,0.289294,0.311417,9,1
hermes_uni_open,uo-180-180-070,89.438,2.5,0.305376,0.313074,9,1
hermes_uni_open,uo-180-180-070,89.938,2.22222,0.327403,0.341975,8,1
hermes_uni_open,uo-180-180-070,90.438,2.77778,0.361056,0.370697,10,1
hermes_uni_open,uo-180-180-070,90.938,2.5,0.344899,0.359328,9,1
hermes_uni_open,uo-180-180-070,91.438,2.5,0.301733,0.318748,9,1
hermes_uni_open,uo-180-180-070,91.938,2.5,0.303447,0.316848,9,0
hermes_uni_open,uo-180-180-070,92.438,2.77778,0.282272,0.305,10,0
hermes_uni_open,uo-180-180-070,92.938,2.5,0.259874,0.282197,9,0
hermes_uni_open,uo-180-180-070,93.438,2.5,0.26778,0.282808,9,0
hermes_uni_open,uo-180-180-070,93.938,2.22222,0.258974,0.301946,8,0
hermes_uni_open,uo-180-180-070,94.438,1.94444,0.238416,0.254826,7,0
hermes_uni_open,uo-180-180-070,94.938,1.66667,0.263048,0.29595,6,0
hermes_uni_open,uo-180-180-070,95.438,1.66667,0.240679,0.270286,6,0
hermes_uni_open,uo-180-180-070,95.938,1.66667,0.240926,0.294852,6,0
hermes_uni_open,uo-180-180-070,96.438,1.38889,0.242397,0.269476,5,0
hermes_uni_open,uo-180-180-070,96.938,1.11111,0.231972,0.292643,4,0
hermes_uni_open,uo-180-180-070,97.438,1.11111,0.255599,0.30944,4,0
hermes_uni_open,uo-180-180-070,97.938,0.833333,0.31488,0.342275,3,0
hermes_uni_open,uo-180-180-070,98.438,0.833333,0.388619,0.393123,3,0
hermes_uni_open,uo-180-180-070,98.938,0.555556,0.302045,0.308348,2,0
hermes_uni_open,uo-180-180-070,99.438,0.555556,0.108642,0.158615,2,0
hermes_uni_open,uo-180-180-070,99.938,0.277778,0.098733,0.0994988,1,0
hermes_uni_open,uo-180-180-095,11,0.277778,1.63646,1.64081,1,0
hermes_uni_open,uo-180-180-095,11.5,0.833333,1.61574,1.61612,3,0
hermes_uni_open,uo-180-180-095,12,0.833333,1.62551,1.62689,3,0
hermes_uni_open,uo-180-180-095,12.5,0.555556,1.51351,1.51557,2,0
hermes_uni_open,uo-180-180-095,13,0.555556,1.4607,1.46141,2,0
hermes_uni_open,uo-180-180-095,13.5,0.555556,1.43142,1.4321,2,0
hermes_uni_open,uo-180-180-095,14,1.11111,1.32514,1.32622,4,0
hermes_uni_open,uo-180-180-095,14.5,1.38889,1.30688,1.30796,5,0
hermes_uni_open,uo-180-180-095,15,1.94444,1.29073,1.2916,7,0
hermes_uni_open,uo-180-180-095,15.5,1.38889,1.26054,1.26078,5,0
hermes_uni_open,uo-180-180-095,16,1.11111,1.22202,1.22209,4,0
hermes_uni_open,uo-180-180-095,16.5,1.11111,1.20879,1.21003,4,0
hermes_uni_open,uo-180-180-095,17,1.11111,1.12687,1.12713,4,0
hermes_uni_open,uo-180-180-095,17.5,1.66667,1.12189,1.12228,6,0
hermes_uni_open,uo-180-180-095,18,1.66667,1.13853,1.14218,6,0
hermes_uni_open,uo-180-180-095,18.5,1.66667,1.07443,1.07611,6,0
hermes_uni_open,uo-180-180-095,19,1.66667,1.06627,1.0678,6,0
hermes_uni_open,uo-180-180-095,19.5,1.38889,1.00082,1.00123,5,0
hermes_uni_open,uo-180-180-095,20,1.66667,0.979209,0.979802,6,1
hermes_uni_open,uo-180-180-095,20.5,1.66667,0.931583,0.933594,6,1
hermes_uni_open,uo-180-180-095,21,1.38889,0.899367,0.90131,5,1
hermes_uni_open,uo-180-180-095,21.5,1.66667,0.839839,0.841188,6,1
hermes_uni_open,uo-180-180-095,22,1.11111,0.823114,0.829129,4,1
hermes_uni_open,uo-180-180-095,22.5,1.38889,0.811574,0.813278,5,1
hermes_uni_open,uo-180-180-095,23,1.94444,0.756413,0.75945,7,1
hermes_uni_open,uo-180-180-095,23.5,1.66667,0.683841,0.692121,6,1
hermes_uni_open,uo-180-180-095,24,1.66667,0.651432,0.652592,6,1
hermes_uni_open,uo-180-180-095,24.5,1.94444,0.614762,0.620997,7,1
hermes_uni_open,uo-180-180-095,25,1.94444,0.594824,0.603175,7,1
hermes_uni_open,uo-180-180-095,25.5,1.38889,0.572095,0.584845,5,1
hermes_uni_open,uo-180-180-095,26,1.66667,0.619986,0.625705,6,1
hermes_uni_open,uo-180-180-095,26.5,1.94444,0.602176,0.608899,7,1
hermes_uni_open,uo-180-180-095,27,1.66667,0.568561,0.576406,6,1
hermes_uni_open,uo-180-180-095,27.5,1.94444,0.56632,0.575232,7,1
hermes_uni_open,uo-180-180-095,28,1.94444,0.550289,0.565902,7,1
hermes_uni_open,uo-180-180-095,28.5,2.22222,0.509393,0.513708,8,1
hermes_uni_open,uo-180-180-095,29,2.22222,0.496872,0.504626,8,1
hermes_uni_open,uo-180-180-095,29.5,2.77778,0.504166,0.512829,10,1
hermes_uni_open,uo-180-180-095,30,2.22222,0.505759,0.514172,8,1
hermes_uni_open,uo-180-180-095,30.5,2.22222,0.484077,0.499661,8,1
hermes_uni_open,uo-180-180-095,31,2.5,0.465414,0.471448,9,1
hermes_uni_open,uo-180-180-095,31.5,1.94444,0.479179,0.487207,7,1
hermes_uni_open,uo-180-180-095,32,1.94444,0.475646,0.489818,7,1
hermes_uni_open,uo-180-180-095,32.5,1.94444,0.436641,0.442342,7,1
hermes_uni_open,uo-180-180-095,33,2.22222,0.431158,0.442756,8,1
hermes_uni_open,uo-180-180-095,33.5,2.5,0.422573,0.431269,9,1
hermes_uni_open,uo-180-180-095,34,1.94444,0.401824,0.413192,7,1
hermes_uni_open,uo-180-180-095,34.5,2.22222,0.407482,0.420825,8,1
hermes_uni_open,uo-180-180-095,35,2.5,0.364639,0.374149,9,1
hermes_uni_open,uo-180-180-095,35.5,2.5,0.341483,0.356773,9,1
hermes_uni_open,uo-180-180-095,36,2.22222,0.327225,0.340816,8,1
hermes_uni_open,uo-180-180-095,36.5,2.5,0.318627,0.327608,9,1
hermes_uni_open,uo-180-180-095,37,2.5,0.317094,0.331129,9,1
hermes_uni_open,uo-180-180-095,37.5,2.77778,0.344409,0.360466,10,1
hermes_uni_open,uo-180-180-095,38,2.22222,0.33866,0.352852,8,1
hermes_uni_open,uo-180-180-095,38.5,2.5,0.33045,0.352427,9,1
hermes_uni_open,uo-180-180-095,39,2.5,0.340663,0.354803,9,1
hermes_uni_open,uo-180-180-095,39.5,2.22222,0.352509,0.36697,8,1
hermes_uni_open,uo-180-180-095,40,2.22222,0.389194,0.408734,8,1
hermes_uni_open,uo-180-180-095,40.5,2.22222,0.400335,0.413159,8,1
hermes_uni_open,uo-180-180-095,41,2.22222,0.372009,0.38565,8,1
hermes_uni_open,uo-180-180-095,41.5,2.5,0.398932,0.408756,9,1
hermes_uni_open,uo-180-180-095,42,2.5,0.420348,0.427918,9,1
hermes_uni_open,uo-180-180-095,42.5,2.22222,0.45942,0.470155,8,1
hermes_uni_open,uo-180-180-095,43,2.5,0.463961,0.472524,9,1
hermes_uni_open,uo-180-180-095,43.5,2.5,0.444133,0.460333,9,1
hermes_uni_open,uo-180-180-095,44,1.94444,0.399698,0.403944,7,1
hermes_uni_open,uo-180-180-095,44.5,2.5,0.41462,0.427491,9,1
hermes_uni_open,uo-180-180-095,45,2.5,0.453407,0.460486,9,1
hermes_uni_open,uo-180-180-095,45.5,2.5,0.430244,0.440607,9,1
hermes_uni_open,uo-180-180-095,46,2.5,0.434864,0.44009,9,1
hermes_uni_open,uo-180-180-095,46.5,2.22222,0.41715,0.429565,8,1
hermes_uni_open,uo-180-180-095,47,2.77778,0.437614,0.445909,10,1
hermes_uni_open,uo-180-180-095,47.5,2.77778,0.444676,0.453946,10,1
hermes_uni_open,uo-180-180-095,48,2.22222,0.433447,0.439602,8,1
hermes_uni_open,uo-180-180-095,48.5,2.5,0.440563,0.452755,9,1
hermes_uni_open,uo-180-180-095,49,2.5,0.453707,0.46342,9,1
hermes_uni_open,uo-180-180-095,49.5,2.5,0.471246,0.48345,9,1
hermes_uni_open,uo-180-180-095,50,2.5,0.474951,0.480759,9,1
hermes_uni_open,uo-180-180-095,50.5,2.5,0.46505,0.471348,9,1
hermes_uni_open,uo-180-180-095,51,2.5,0.413213,0.423853,9,1
hermes_uni_open,uo-180-180-095,51.5,2.5,0.39292,0.407579,9,1
hermes_uni_open,uo-180-180-095,52,2.22222,0.399491,0.411887,8,1
hermes_uni_open,uo-180-180-095,52.5,2.5,0.409599,0.417839,9,1
hermes_uni_open,uo-180-180-095,53,2.5,0.418816,0.43643,9,1
hermes_uni_open,uo-180-180-095,53.5,2.22222,0.403281,0.421665,8,1
hermes_uni_open,uo-180-180-095,54,2.22222,0.413052,0.425822,8,1
hermes_uni_open,uo-180-180-095,54.5,2.22222,0.436521,0.457293,8,1
hermes_uni_open,uo-180-180-095,55,2.5,0.438772,0.454346,9,1
hermes_uni_open,uo-180-180-095,55.5,2.22222,0.424341,0.433612,8,1
hermes_uni_open,uo-180-180-095,56,2.22222,0.444655,0.465026,8,1
hermes_uni_open,uo-180-180-095,56.5,1.94444,0.465514,0.48105,7,1
hermes_uni_open,uo-180-180-095,57,2.5,0.478662,0.488398,9,1
hermes_uni_open,uo-180-180-095,57.5,2.22222,0.448993,0.464651,8,1
hermes_uni_open,uo-180-180-095,58,2.22222,0.4493,0.466303,8,1
hermes_uni_open,uo-180-180-095,58.5,1.94444,0.437698,0.45873,7,1
hermes_uni_open,uo-180-180-095,59,2.22222,0.432522,0.444466,8,1
hermes_uni_open,uo-180-180-095,59.5,2.22222,0.402856,0.437188,8,1
hermes_uni_open,uo-180-180-095,60,1.94444,0.41969,0.428177,7,1
hermes_uni_open,uo-180-180-095,60.5,2.5,0.441459,0.463254,9,1
hermes_uni_open,uo-180-180-095,61,2.22222,0.429171,0.435377,8,1
hermes_uni_open,uo-180-180-095,61.5,2.22222,0.415975,0.430314,8,1
hermes_uni_open,uo-180-180-095,62,2.22222,0.442367,0.457177,8,1
hermes_uni_open,uo-180-180-095,62.5,2.5,0.429745,0.441686,9,1
hermes_uni_open,uo-180-180-095,63,2.5,0.418177,0.424133,9,1
hermes_uni_open,uo-180-180-095,63.5,1.94444,0.400617,0.426841,7,1
hermes_uni_open,uo-180-180-095,64,2.22222,0.422826,0.438846,8,1
hermes_uni_open,uo-180-180-095,64.5,2.5,0.408133,0.419378,9,1
hermes_uni_open,uo-180-180-095,65,1.94444,0.409272,0.435492,7,1
hermes_uni_open,uo-180-180-095,65.5,2.77778,0.409456,0.426949,10,1
hermes_uni_open,uo-180-180-095,66,2.77778,0.403318,0.408334,10,1
hermes_uni_open,uo-180-180-095,66.5,2.22222,0.423516,0.435565,8,1
hermes_uni_open,uo-180-180-095,67,2.22222,0.400107,0.406053,8,1
hermes_uni_open,uo-180-180-095,67.5,2.5,0.407042,0.418869,9,1
hermes_uni_open,uo-180-180-095,68,2.5,0.429811,0.436969,9,1
hermes_uni_open,uo-180-180-095,68.5,2.77778,0.400587,0.409484,10,1
hermes_uni_open,uo-180-180-095,69,2.5,0.396935,0.40803,9,1
hermes_uni_open,uo-180-180-095,69.5,2.77778,0.399404,0.41313,10,1
hermes_uni_open,uo-180-180-095,70,2.77778,0.407972,0.415154,10,1
hermes_uni_open,uo-180-180-095,70.5,2.5,0.425734,0.434918,9,1
hermes_uni_open,uo-180-180-095,71,2.5,0.426688,0.434182,9,1
hermes_uni_open,uo-180-180-095,71.5,2.77778,0.414746,0.426181,10,1
hermes_uni_open,uo-180-180-095,72,3.05556,0.422087,0.427043,11,1
hermes_uni_open,uo-180-180-095,72.5,2.5,0.441357,0.450778,9,1
hermes_uni_open,uo-180-180-095,73,3.05556,0.400539,0.403984,11,1
hermes_uni_open,uo-180-180-095,73.5,2.77778,0.366641,0.374199,10,1
hermes_uni_open,uo-180-180-095,74,2.5,0.379107,0.386684,9,1
hermes_uni_open,uo-180-180-095,74.5,2.77778,0.347447,0.357805,10,1
hermes_uni_open,uo-180-180-095,75,3.05556,0.356751,0.367014,11,1
hermes_uni_open,uo-180-180-095,75.5,2.77778,0.366562,0.375511,10,1
hermes_uni_open,uo-180-180-095,76,3.33333,0.385779,0.393542,12,1
hermes_uni_open,uo-180-180-095,76.5,3.05556,0.385546,0.400973,11,1
hermes_uni_open,uo-180-180-095,77,3.05556,0.410132,0.414923,11,1
hermes_uni_open,uo-180-180-095,77.5,3.05556,0.395983,0.402044,11,1
hermes_uni_open,uo-180-180-095,78,2.77778,0.41713,0.424686,10,1
hermes_uni_open,uo-180-180-095,78.5,2.5,0.439689,0.449681,9,1
hermes_uni_open,uo-180-180-095,79,3.05556,0.428666,0.436296,11,1
hermes_uni_open,uo-180-180-095,79.5,3.05556,0.426536,0.433324,11,1
hermes_uni_open,uo-180-180-095,80,3.05556,0.423587,0.431017,11,1
hermes_uni_open,uo-180-180-095,80.5,2.77778,0.429045,0.433987,10,1
hermes_uni_open,uo-180-180-095,81,2.77778,0.415813,0.420679,10,1
hermes_uni_open,uo-180-180-095,81.5,2.77778,0.391656,0.401126,10,1
hermes_uni_open,uo-180-180-095,82,2.77778,0.336417,0.350005,10,1
hermes_uni_open,uo-180-180-095,82.5,2.5,0.313011,0.318631,9,1
hermes_uni_open,uo-180-180-095,83,3.05556,0.310808,0.34187,11,1
hermes_uni_open,uo-180-180-095,83.5,3.05556,0.327525,0.339975,11,1
hermes_uni_open,uo-180-180-095,84,2.77778,0.33311,0.346058,10,1
hermes_uni_open,uo-180-180-095,84.5,2.5,0.348883,0.370612,9,1
hermes_uni_open,uo-180-180-095,85,2.22222,0.343021,0.372954,8,1
hermes_uni_open,uo-180-180-095,85.5,2.5,0.307568,0.325825,9,1
hermes_uni_open,uo-180-180-095,86,2.5,0.317338,0.338859,9,1
hermes_uni_open,uo-180-180-095,86.5,2.5,0.323736,0.336341,9,1
hermes_uni_open,uo-180-180-095,87,2.77778,0.3212,0.33511,10,1
hermes_uni_open,uo-180-180-095,87.5,2.5,0.334441,0.355757,9,1
hermes_uni_open,uo-180-180-095,88,2.77778,0.318899,0.332197,10,1
hermes_uni_open,uo-180-180-095,88.5,2.5,0.306488,0.341051,9,1
hermes_uni_open,uo-180-180-095,89,2.5,0.321722,0.338546,9,0
hermes_uni_open,uo-180-180-095,89.5,1.94444,0.323334,0.350883,7,0
hermes_uni_open,uo-180-180-095,90,2.22222,0.321966,0.341655,8,0
hermes_uni_open,uo-180-180-095,90.5,2.22222,0.360222,0.385577,8,0
hermes_uni_open,uo-180-180-095,91,1.66667,0.387869,0.402559,6,0
hermes_uni_open,uo-180-180-095,91.5,2.22222,0.353183,0.371892,8,0
hermes_uni_open,uo-180-180-095,92,2.22222,0.308447,0.328147,8,0
hermes_uni_open,uo-180-180-095,92.5,1.94444,0.336281,0.361882,7,0
hermes_uni_open,uo-180-180-095,93,1.38889,0.380457,0.412114,5,0
hermes_uni_open,uo-180-180-095,93.5,1.66667,0.390743,0.404488,6,0
hermes_uni_open,uo-180-180-095,94,1.66667,0.376366,0.410977,6,0
hermes_uni_open,uo-180-180-095,94.5,1.38889,0.391789,0.408134,5,0
hermes_uni_open,uo-180-180-095,95,1.38889,0.407626,0.423998,5,0
hermes_uni_open,uo-180-180-095,95.5,0.833333,0.398344,0.436918,3,0
hermes_uni_open,uo-180-180-095,96,0.833333,0.389511,0.412991,3,0
hermes_uni_open,uo-180-180-095,96.5,0.833333,0.346925,0.404002,3,0
hermes_uni_open,uo-180-180-095,97,0.277778,0.285072,0.285916,1,0
hermes_uni_open,uo-180-180-095,97.5,0.277778,0.377028,0.391161,1,0
hermes_uni_open,uo-180-180-120,7.188,0.277778,1.91956,1.91976,1,0
hermes_uni_open,uo-180-180-120,7.688,0.277778,2.00258,2.00276,1,0
hermes_uni_open,uo-180-180-120,8.188,0.277778,1.76553,1.76621,1,0
hermes_uni_open,uo-180-180-120,8.688,0.277778,1.78782,1.79022,1,0
hermes_uni_open,uo-180-180-120,9.188,0.555556,1.72237,1.72786,2,0
hermes_uni_open,uo-180-180-120,9.688,0.555556,1.61356,1.61478,2,0
hermes_uni_open,uo-180-180-120,10.188,1.11111,1.55494,1.55521,4,0
hermes_uni_open,uo-180-180-120,10.688,0.833333,1.55381,1.55432,3,0
hermes_uni_open,uo-180-180-120,11.188,0.833333,1.60404,1.60411,3,0
hermes_uni_open,uo-180-180-120,11.688,1.11111,1.46906,1.46986,4,0
hermes_uni_open,uo-180-180-120,12.188,1.11111,1.43906,1.43972,4,0
hermes_uni_open,uo-180-180-120,12.688,1.94444,1.43291,1.43352,7,0
hermes_uni_open,uo-180-180-120,13.188,1.11111,1.39158,1.3925,4,0
hermes_uni_open,uo-180-180-120,13.688,1.38889,1.34984,1.35051,5,0
hermes_uni_open,uo-180-180-120,14.188,1.38889,1.3103,1.31061,5,0
hermes_uni_open,uo-180-180-120,14.688,1.66667,1.31385,1.31453,6,1
hermes_uni_open,uo-180-180-120,15.188,1.66667,1.28545,1.28728,6,1
hermes_uni_open,uo-180-180-120,15.688,1.66667,1.27917,1.2798,6,1
hermes_uni_open,uo-180-180-120,16.188,1.38889,1.24932,1.25164,5,1
hermes_uni_open,uo-180-180-120,16.688,1.11111,1.2106,1.21265,4,1
hermes_uni_open,uo-180-180-120,17.188,1.38889,1.17118,1.17204,5,1
hermes_uni_open,uo-180-180-120,17.688,1.66667,1.14962,1.14974,6,1
hermes_uni_open,uo-180-180-120,18.188,1.66667,1.17076,1.1721,6,1
hermes_uni_open,uo-180-180-120,18.688,1.38889,1.14835,1.14856,5,1
hermes_uni_open,uo-180-180-120,19.188,1.66667,1.14603,1.14733,6,1
hermes_uni_open,uo-180-180-120,19.688,1.66667,1.07495,1.07576,6,1
hermes_uni_open,uo-180-180-120,20.188,1.38889,1.08746,1.08784,5,1
hermes_uni_open,uo-180-180-120,20.688,1.38889,1.08618,1.08696,5,1
hermes_uni_open,uo-180-180-120,21.188,1.94444,1.06725,1.06852,7,1
hermes_uni_open,uo-180-180-120,21.688,1.94444,1.00561,1.0067,7,1
hermes_uni_open,uo-180-180-120,22.188,1.94444,0.989607,0.99067,7,1
hermes_uni_open,uo-180-180-120,22.688,1.66667,0.961404,0.962836,6,1
hermes_uni_open,uo-180-180-120,23.188,1.38889,0.917124,0.918003,5,1
hermes_uni_open,uo-180-180-120,23.688,1.66667,0.88755,0.888043,6,1
hermes_uni_open,uo-180-180-120,24.188,1.66667,0.83263,0.832949,6,1
hermes_uni_open,uo-180-180-120,24.688,1.66667,0.789371,0.791022,6,1
hermes_uni_open,uo-180-180-120,25.188,2.22222,0.801884,0.804926,8,1
hermes_uni_open,uo-180-180-120,25.688,1.94444,0.747083,0.748503,7,1
hermes_uni_open,uo-180-180-120,26.188,2.5,0.71794,0.72023,9,1
hermes_uni_open,uo-180-180-120,26.688,1.94444,0.673572,0.6742,7,1
hermes_uni_open,uo-180-180-120,27.188,2.22222,0.66664,0.670452,8,1
hermes_uni_open,uo-180-180-120,27.688,1.66667,0.693582,0.697684,6,1
hermes_uni_open,uo-180-180-120,28.188,1.94444,0.686103,0.690491,7,1
hermes_uni_open,uo-180-180-120,28.688,1.94444,0.656323,0.659332,7,1
hermes_uni_open,uo-180-180-120,29.188,1.66667,0.625399,0.630729,6,1
hermes_uni_open,uo-180-180-120,29.688,2.22222,0.655141,0.659608,8,1
hermes_uni_open,uo-180-180-120,30.188,1.94444,0.63781,0.641949,7,1
hermes_uni_open,uo-180-180-120,30.688,1.94444,0.641253,0.641777,7,1
hermes_uni_open,uo-180-180-120,31.188,2.5,0.644621,0.64732,9,1
hermes_uni_open,uo-180-180-120,31.688,2.22222,0.651212,0.654323,8,1
hermes_uni_open,uo-180-180-120,32.188,2.22222,0.641549,0.644463,8,1
hermes_uni_open,uo-180-180-120,32.688,1.94444,0.6451,0.648328,7,1
hermes_uni_open,uo-180-180-120,33.188,2.22222,0.665739,0.667319,8,1
hermes_uni_open,uo-180-180-120,33.688,2.22222,0.653012,0.654977,8,1
hermes_uni_open,uo-180-180-120,34.188,2.22222,0.613961,0.617708,8,1
hermes_uni_open,uo-180-180-120,34.688,1.66667,0.613309,0.618785,6,1
hermes_uni_open,uo-180-180-120,35.188,2.22222,0.642727,0.647776,8,1
hermes_uni_open,uo-180-180-120,35.688,2.22222,0.66532,0.668782,8,1
hermes_uni_open,uo-180-180-120,36.188,2.22222,0.667407,0.670609,8,1
hermes_uni_open,uo-180-180-120,36.688,1.94444,0.68336,0.686766,7,1
hermes_uni_open,uo-180-180-120,37.188,1.94444,0.6923,0.695844,7,1
hermes_uni_open,uo-180-180-120,37.688,2.5,0.695722,0.696838,9,1
hermes_uni_open,uo-180-180-120,38.188,2.22222,0.648355,0.652982,8,1
hermes_uni_open,uo-180-180-120,38.688,1.66667,0.602496,0.603309,6,1
hermes_uni_open,uo-180-180-120,39.188,2.22222,0.611836,0.619124,8,1
hermes_uni_open,uo-180-180-120,39.688,1.94444,0.583255,0.591487,7,1
hermes_uni_open,uo-180-180-120,40.188,1.94444,0.572532,0.577303,7,1
hermes_uni_open,uo-180-180-120,40.688,2.22222,0.571206,0.575432,8,1
hermes_uni_open,uo-180-180-120,41.188,2.22222,0.574812,0.580902,8,1
hermes_uni_open,uo-180-180-120,41.688,2.22222,0.595492,0.602188,8,1
hermes_uni_open,uo-180-180-120,42.188,1.94444,0.585135,0.589672,7,1
hermes_uni_open,uo-180-180-120,42.688,2.22222,0.59008,0.598867,8,1
hermes_uni_open,uo-180-180-120,43.188,2.22222,0.626283,0.632011,8,1
hermes_uni_open,uo-180-180-120,43.688,1.94444,0.649417,0.652115,7,1
hermes_uni_open,uo-180-180-120,44.188,1.94444,0.597359,0.607914,7,1
hermes_uni_open,uo-180-180-120,44.688,1.66667,0.624789,0.627607,6,1
hermes_uni_open,uo-180-180-120,45.188,1.94444,0.631566,0.637765,7,1
hermes_uni_open,uo-180-180-120,45.688,2.22222,0.610176,0.617276,8,1
hermes_uni_open,uo-180-180-120,46.188,1.94444,0.628171,0.629329,7,1
hermes_uni_open,uo-180-180-120,46.688,2.22222,0.608046,0.612129,8,1
hermes_uni_open,uo-180-180-120,47.188,1.66667,0.587835,0.590583,6,1
hermes_uni_open,uo-180-180-120,47.688,1.66667,0.560575,0.562302,6,1
hermes_uni_open,uo-180-180-120,48.188,1.94444,0.566222,0.573424,7,1
hermes_uni_open,uo-180-180-120,48.688,1.38889,0.560355,0.56644,5,1
hermes_uni_open,uo-180-180-120,49.188,1.94444,0.566126,0.574596,7,1
hermes_uni_open,uo-180-180-120,49.688,1.66667,0.56209,0.569487,6,1
hermes_uni_open,uo-180-180-120,50.188,1.94444,0.535186,0.540549,7,1
hermes_uni_open,uo-180-180-120,50.688,2.22222,0.503729,0.513068,8,1
hermes_uni_open,uo-180-180-120,51.188,2.5,0.527772,0.538457,9,1
hermes_uni_open,uo-180-180-120,51.688,2.5,0.526633,0.53274,9,1
hermes_uni_open,uo-180-180-120,52.188,2.5,0.534854,0.550762,9,1
hermes_uni_open,uo-180-180-120,52.688,2.5,0.543547,0.545959,9,1
hermes_uni_open,uo-180-180-120,53.188,2.5,0.544559,0.548589,9,1
hermes_uni_open,uo-180-180-120,53.688,2.5,0.536981,0.542327,9,1
hermes_uni_open,uo-180-180-120,54.188,1.66667,0.526416,0.529438,6,1
hermes_uni_open,uo-180-180-120,54.688,1.94444,0.572714,0.575223,7,1
hermes_uni_open,uo-180-180-120,55.188,1.94444,0.566253,0.579355,7,1
hermes_uni_open,uo-180-180-120,55.688,1.66667,0.5477,0.551113,6,1
hermes_uni_open,uo-180-180-120,56.188,1.94444,0.5953,0.598689,7,1
hermes_uni_open,uo-180-180-120,56.688,1.94444,0.585994,0.594054,7,1
hermes_uni_open,uo-180-180-120,57.188,1.94444,0.602747,0.607954,7,1
hermes_uni_open,uo-180-180-120,57.688,1.94444,0.600598,0.606388,7,1
hermes_uni_open,uo-180-180-120,58.188,2.22222,0.613133,0.623957,8,1
hermes_uni_open,uo-180-180-120,58.688,2.22222,0.63435,0.637056,8,1
hermes_uni_open,uo-180-180-120,59.188,1.94444,0.615173,0.618944,7,1
hermes_uni_open,uo-180-180-120,59.688,1.94444,0.624634,0.634248,7,1
hermes_uni_open,uo-180-180-120,60.188,1.94444,0.652857,0.659968,7,1
hermes_uni_open,uo-180-180-120,60.688,2.22222,0.628329,0.633536,8,1
hermes_uni_open,uo-180-180-120,61.188,1.94444,0.595266,0.600907,7,1
hermes_uni_open,uo-180-180-120,61.688,1.94444,0.618746,0.625194,7,1
hermes_uni_open,uo-180-180-120,62.188,2.22222,0.586217,0.593767,8,1
hermes_uni_open,uo-180-180-120,62.688,1.94444,0.5814,0.58341,7,1
hermes_uni_open,uo-180-180-120,63.188,2.22222,0.552686,0.560181,8,1
hermes_uni_open,uo-180-180-120,63.688,2.5,0.56981,0.579367,9,1
hermes_uni_open,uo-180-180-120,64.188,2.22222,0.612554,0.615855,8,1
hermes_uni_open,uo-180-180-120,64.688,2.5,0.583035,0.5875,9,1
hermes_uni_open,uo-180-180-120,65.188,2.5,0.57774,0.58112,9,1
hermes_uni_open,uo-180-180-120,65.688,2.22222,0.544313,0.549488,8,1
hermes_uni_open,uo-180-180-120,66.188,2.5,0.50669,0.512376,9,1
hermes_uni_open,uo-180-180-120,66.688,2.77778,0.524532,0.528095,10,1
hermes_uni_open,uo-180-180-120,67.188,2.22222,0.511578,0.520165,8,1
hermes_uni_open,uo-180-180-120,67.688,1.94444,0.488857,0.501625,7,1
hermes_uni_open,uo-180-180-120,68.188,2.5,0.505982,0.511552,9,1
hermes_uni_open,uo-180-180-120,68.688,1.94444,0.568461,0.575574,7,1
hermes_uni_open,uo-180-180-120,69.188,2.5,0.566328,0.569536,9,1
hermes_uni_open,uo-180-180-120,69.688,2.77778,0.559703,0.563157,10,1
hermes_uni_open,uo-180-180-120,70.188,2.22222,0.53449,0.548039,8,1
hermes_uni_open,uo-180-180-120,70.688,2.77778,0.542747,0.550307,10,1
hermes_uni_open,uo-180-180-120,71.188,2.77778,0.552121,0.559565,10,1
hermes_uni_open,uo-180-180-120,71.688,1.94444,0.571698,0.579484,7,0
hermes_uni_open,uo-180-180-120,72.188,1.94444,0.584492,0.589169,7,0
hermes_uni_open,uo-180-180-120,72.688,1.38889,0.576324,0.580776,5,0
hermes_uni_open,uo-180-180-120,73.188,1.66667,0.588334,0.594462,6,0
hermes_uni_open,uo-180-180-120,73.688,1.66667,0.590252,0.600854,6,0
hermes_uni_open,uo-180-180-120,74.188,1.38889,0.618355,0.624277,5,0
hermes_uni_open,uo-180-180-120,74.688,1.66667,0.647573,0.655218,6,0
hermes_uni_open,uo-180-180-120,75.188,1.38889,0.626682,0.630506,5,0
hermes_uni_open,uo-180-180-120,75.688,1.38889,0.622377,0.635604,5,0
hermes_uni_open,uo-180-180-120,76.188,1.38889,0.652463,0.658046,5,0
hermes_uni_open,uo-180-180-120,76.688,1.11111,0.650853,0.661268,4,0
hermes_uni_open,uo-180-180-120,77.188,0.833333,0.611796,0.627056,3,0
hermes_uni_open,uo-180-180-120,77.688,0.833333,0.634454,0.648363,3,0
hermes_uni_open,uo-180-180-120,78.188,0.555556,0.634252,0.643571,2,0
hermes_uni_open,uo-180-180-120,78.688,0.277778,0.575002,0.584439,1,0
hermes_uni_open,uo-180-180-180,5.312,0.277778,1.94564,1.94579,1,0
hermes_uni_open,uo-180-180-180,5.812,0.833333,1.85297,1.85373,3,0
hermes_uni_open,uo-180-180-180,6.312,0.555556,1.78921,1.78971,2,0
hermes_uni_open,uo-180-180-180,6.812,0.277778,1.5564,1.55707,1,0
hermes_uni_open,uo-180-180-180,8.312,0.555556,1.47065,1.47102,2,0
hermes_uni_open,uo-180-180-180,8.812,0.833333,1.47319,1.47402,3,0
hermes_uni_open,uo-180-180-180,9.312,0.833333,1.51276,1.51416,3,0
hermes_uni_open,uo-180-180-180,9.812,0.277778,1.57959,1.57975,1,0
hermes_uni_open,uo-180-180-180,10.312,0.555556,1.4081,1.41404,2,0
hermes_uni_open,uo-180-180-180,10.812,0.555556,1.41398,1.41484,2,0
hermes_uni_open,uo-180-180-180,11.312,1.11111,1.4174,1.41817,4,0
hermes_uni_open,uo-180-180-180,11.812,1.38889,1.36592,1.36791,5,0
hermes_uni_open,uo-180-180-180,12.312,1.38889,1.30036,1.30333,5,0
hermes_uni_open,uo-180-180-180,12.812,1.38889,1.28123,1.2857,5,0
hermes_uni_open,uo-180-180-180,13.312,1.11111,1.30798,1.31661,4,0
hermes_uni_open,uo-180-180-180,13.812,1.11111,1.32566,1.33285,4,1
hermes_uni_open,uo-180-180-180,14.312,0.833333,1.37251,1.37925,3,1
hermes_uni_open,uo-180-180-180,14.812,0.833333,1.46925,1.47842,3,1
hermes_uni_open,uo-180-180-180,15.312,0.555556,1.50362,1.50928,2,1
hermes_uni_open,uo-180-180-180,15.812,0.833333,1.17426,1.17608,3,1
hermes_uni_open,uo-180-180-180,16.312,1.38889,1.2184,1.22091,5,1
hermes_uni_open,uo-180-180-180,16.812,1.38889,1.23312,1.23637,5,1
hermes_uni_open,uo-180-180-180,17.312,1.66667,1.14697,1.15084,6,1
hermes_uni_open,uo-180-180-180,17.812,1.38889,1.17471,1.17716,5,1
hermes_uni_open,uo-180-180-180,18.312,1.38889,1.12246,1.1245,5,1
hermes_uni_open,uo-180-180-180,18.812,1.38889,1.12074,1.12249,5,1
hermes_uni_open,uo-180-180-180,19.312,1.38889,1.13933,1.14169,5,1
hermes_uni_open,uo-180-180-180,19.812,1.38889,1.13663,1.13807,5,1
hermes_uni_open,uo-180-180-180,20.312,1.11111,1.13385,1.13583,4,1
hermes_uni_open,uo-180-180-180,20.812,1.38889,1.11148,1.11202,5,1
hermes_uni_open,uo-180-180-180,21.312,1.38889,1.09878,1.10037,5,1
hermes_uni_open,uo-180-180-180,21.812,1.38889,1.10124,1.10162,5,1
hermes_uni_open,uo-180-180-180,22.312,1.66667,1.09475,1.09546,6,1
hermes_uni_open,uo-180-180-180,22.812,1.38889,1.12053,1.12163,5,1
hermes_uni_open,uo-180-180-180,23.312,1.66667,1.08106,1.08178,6,1
hermes_uni_open,uo-180-180-180,23.812,1.66667,1.11111,1.11169,6,1
hermes_uni_open,uo-180-180-180,24.312,1.66667,1.0978,1.09851,6,1
hermes_uni_open,uo-180-180-180,24.812,1.38889,1.06667,1.06886,5,1
hermes_uni_open,uo-180-180-180,25.312,1.66667,1.01459,1.01528,6,1
hermes_uni_open,uo-180-180-180,25.812,1.66667,1.02168,1.02266,6,1
hermes_uni_open,uo-180-180-180,26.312,1.38889,1.03686,1.03835,5,1
hermes_uni_open,uo-180-180-180,26.812,1.94444,1.02172,1.02239,7,1
hermes_uni_open,uo-180-180-180,27.312,1.38889,1.02057,1.02093,5,1
hermes_uni_open,uo-180-180-180,27.812,1.66667,1.03615,1.03778,6,1
hermes_uni_open,uo-180-180-180,28.312,1.94444,1.01997,1.02225,7,1
hermes_uni_open,uo-180-180-180,28.812,1.66667,1.03333,1.03498,6,1
hermes_uni_open,uo-180-180-180,29.312,1.94444,1.04393,1.0452,7,1
hermes_uni_open,uo-180-180-180,29.812,2.22222,1.07423,1.07551,8,1
hermes_uni_open,uo-180-180-180,30.312,1.38889,1.09707,1.09768,5,1
hermes_uni_open,uo-180-180-180,30.812,1.66667,1.09922,1.10133,6,1
hermes_uni_open,uo-180-180-180,31.312,1.38889,1.05287,1.05435,5,1
hermes_uni_open,uo-180-180-180,31.812,1.38889,1.03389,1.03544,5,1
hermes_uni_open,uo-180-180-180,32.312,1.38889,1.03497,1.03621,5,1
hermes_uni_open,uo-180-180-180,32.812,1.38889,1.04403,1.04493,5,1
hermes_uni_open,uo-180-180-180,33.312,1.94444,1.03312,1.03341,7,1
hermes_uni_open,uo-180-180-180,33.812,1.66667,1.00649,1.00772,6,1
hermes_uni_open,uo-180-180-180,34.312,1.66667,1.00413,1.00529,6,1
hermes_uni_open,uo-180-180-180,34.812,1.66667,1.02933,1.03172,6,1
hermes_uni_open,uo-180-180-180,35.312,1.38889,1.05063,1.06031,5,1
hermes_uni_open,uo-180-180-180,35.812,1.66667,1.03501,1.0423,6,1
hermes_uni_open,uo-180-180-180,36.312,1.38889,0.99775,1.00008,5,1
hermes_uni_open,uo-180-180-180,36.812,1.94444,0.99018,0.99139,7,1
hermes_uni_open,uo-180-180-180,37.312,1.38889,0.952989,0.954293,5,1
hermes_uni_open,uo-180-180-180,37.812,1.66667,0.949253,0.95098,6,1
hermes_uni_open,uo-180-180-180,38.312,1.94444,0.92609,0.930217,7,1
hermes_uni_open,uo-180-180-180,38.812,1.38889,0.931878,0.935145,5,1
hermes_uni_open,uo-180-180-180,39.312,1.38889,0.951342,0.952982,5,1
hermes_uni_open,uo-180-180-180,39.812,1.38889,0.993321,0.994884,5,1
hermes_uni_open,uo-180-180-180,40.312,1.66667,0.994406,0.9953,6,1
hermes_uni_open,uo-180-180-180,40.812,1.66667,0.989774,0.991047,6,1
hermes_uni_open,uo-180-180-180,41.312,1.94444,0.980759,0.982721,7,1
hermes_uni_open,uo-180-180-180,41.812,1.38889,0.98864,0.990902,5,1
hermes_uni_open,uo-180-180-180,42.312,1.38889,1.00373,1.00784,5,1
hermes_uni_open,uo-180-180-180,42.812,1.66667,0.991293,0.993072,6,1
hermes_uni_open,uo-180-180-180,43.312,1.38889,0.996034,0.99676,5,1
hermes_uni_open,uo-180-180-180,43.812,1.94444,0.977882,0.98102,7,1
hermes_uni_open,uo-180-180-180,44.312,1.94444,1.00194,1.00306,7,1
hermes_uni_open,uo-180-180-180,44.812,1.66667,0.991402,0.992216,6,1
hermes_uni_open,uo-180-180-180,45.312,1.94444,0.971246,0.972244,7,1
hermes_uni_open,uo-180-180-180,45.812,1.94444,0.98007,0.981122,7,1
hermes_uni_open,uo-180-180-180,46.312,1.38889,0.988607,0.990323,5,1
hermes_uni_open,uo-180-180-180,46.812,1.94444,1.01094,1.01212,7,1
hermes_uni_open,uo-180-180-180,47.312,1.66667,1.01287,1.01302,6,1
hermes_uni_open,uo-180-180-180,47.812,1.66667,1.00354,1.0062,6,1
hermes_uni_open,uo-180-180-180,48.312,1.94444,0.989078,0.991115,7,1
hermes_uni_open,uo-180-180-180,48.812,1.38889,1.00385,1.00573,5,1
hermes_uni_open,uo-180-180-180,49.312,1.66667,0.988557,0.990435,6,1
hermes_uni_open,uo-180-180-180,49.812,1.66667,0.99662,1.00026,6,1
hermes_uni_open,uo-180-180-180,50.312,1.66667,1.02003,1.02136,6,1
hermes_uni_open,uo-180-180-180,50.812,1.94444,1.02102,1.02165,7,1
hermes_uni_open,uo-180-180-180,51.312,1.66667,1.01867,1.02032,6,1
hermes_uni_open,uo-180-180-180,51.812,1.38889,1.02342,1.02407,5,1
hermes_uni_open,uo-180-180-180,52.312,1.11111,1.00687,1.01375,4,1
hermes_uni_open,uo-180-180-180,52.812,1.11111,1.03681,1.04025,4,1
hermes_uni_open,uo-180-180-180,53.312,1.38889,1.04198,1.04293,5,1
hermes_uni_open,uo-180-180-180,53.812,1.38889,1.01517,1.01526,5,1
hermes_uni_open,uo-180-180-180,54.312,1.38889,0.963583,0.969811,5,1
hermes_uni_open,uo-180-180-180,54.812,1.38889,0.973175,0.975213,5,1
hermes_uni_open,uo-180-180-180,55.312,1.38889,0.961985,0.964056,5,1
hermes_uni_open,uo-180-180-180,55.812,1.38889,0.969818,0.970364,5,1
hermes_uni_open,uo-180-180-180,56.312,1.66667,0.967005,0.9676,6,1
hermes_uni_open,uo-180-180-180,56.812,1.38889,1.01974,1.02364,5,1
hermes_uni_open,uo-180-180-180,57.312,1.66667,1.01913,1.02383,6,1
hermes_uni_open,uo-180-180-180,57.812,1.66667,0.981393,0.985045,6,1
hermes_uni_open,uo-180-180-180,58.312,1.66667,0.948664,0.950014,6,1
hermes_uni_open,uo-180-180-180,58.812,1.66667,0.931219,0.932446,6,1
hermes_uni_open,uo-180-180-180,59.312,1.38889,0.971385,0.974041,5,1
hermes_uni_open,uo-180-180-180,59.812,1.38889,1.00054,1.00139,5,1
hermes_uni_open,uo-180-180-180,60.312,1.94444,0.93584,0.93787,7,1
hermes_uni_open,uo-180-180-180,60.812,1.66667,0.944774,0.946501,6,1
hermes_uni_open,uo-180-180-180,61.312,1.66667,0.912308,0.913143,6,1
hermes_uni_open,uo-180-180-180,61.812,1.38889,0.958861,0.962359,5,1
hermes_uni_open,uo-180-180-180,62.312,1.38889,0.894106,0.895986,5,1
hermes_uni_open,uo-180-180-180,62.812,1.11111,0.895783,0.896195,4,1
hermes_uni_open,uo-180-180-180,63.312,1.66667,0.905262,0.908375,6,1
hermes_uni_open,uo-180-180-180,63.812,1.38889,0.87852,0.879559,5,1
hermes_uni_open,uo-180-180-180,64.312,1.66667,0.907503,0.909246,6,1
hermes_uni_open,uo-180-180-180,64.812,1.94444,0.894866,0.895323,7,1
hermes_uni_open,uo-180-180-180,65.312,1.94444,0.894794,0.896781,7,1
hermes_uni_open,uo-180-180-180,65.812,1.66667,0.9129,0.913658,6,1
hermes_uni_open,uo-180-180-180,66.312,1.94444,0.904223,0.906497,7,1
hermes_uni_open,uo-180-180-180,66.812,1.94444,0.849737,0.851831,7,1
hermes_uni_open,uo-180-180-180,67.312,1.66667,0.836628,0.840264,6,1
hermes_uni_open,uo-180-180-180,67.812,1.94444,0.868116,0.869551,7,1
hermes_uni_open,uo-180-180-180,68.312,1.94444,0.870218,0.870693,7,1
hermes_uni_open,uo-180-180-180,68.812,2.22222,0.861147,0.862264,8,1
hermes_uni_open,uo-180-180-180,69.312,1.94444,0.827386,0.831641,7,1
hermes_uni_open,uo-180-180-180,69.812,2.22222,0.833792,0.837345,8,1
hermes_uni_open,uo-180-180-180,70.312,1.66667,0.879281,0.879605,6,1
hermes_uni_open,uo-180-180-180,70.812,1.66667,0.889644,0.89263,6,1
hermes_uni_open,uo-180-180-180,71.312,1.66667,0.874137,0.878984,6,1
hermes_uni_open,uo-180-180-180,71.812,1.94444,0.87898,0.885481,7,1
hermes_uni_open,uo-180-180-180,72.312,1.66667,0.870699,0.871382,6,1
hermes_uni_open,uo-180-180-180,72.812,2.22222,0.889569,0.890507,8,1
hermes_uni_open,uo-180-180-180,73.312,1.94444,0.909642,0.910926,7,1
hermes_uni_open,uo-180-180-180,73.812,2.22222,0.919674,0.920598,8,1
hermes_uni_open,uo-180-180-180,74.312,1.94444,0.86535,0.866933,7,1
hermes_uni_open,uo-180-180-180,74.812,1.66667,0.847745,0.849512,6,1
hermes_uni_open,uo-180-180-180,75.312,1.94444,0.874057,0.87556,7,1
hermes_uni_open,uo-180-180-180,75.812,1.66667,0.866057,0.867351,6,1
hermes_uni_open,uo-180-180-180,76.312,1.66667,0.885724,0.886982,6,1
hermes_uni_open,uo-180-180-180,76.812,1.66667,0.866567,0.868031,6,1
hermes_uni_open,uo-180-180-180,77.312,1.66667,0.90158,0.902981,6,1
hermes_uni_open,uo-180-180-180,77.812,1.94444,0.885629,0.888694,7,1
hermes_uni_open,uo-180-180-180,78.312,1.38889,0.868436,0.870941,5,0
hermes_uni_open,uo-180-180-180,78.812,1.94444,0.860435,0.865486,7,0
hermes_uni_open,uo-180-180-180,79.312,1.38889,0.856138,0.863601,5,0
hermes_uni_open,uo-180-180-180,79.812,1.38889,0.888875,0.889463,5,0
hermes_uni_open,uo-180-180-180,80.312,1.38889,0.914948,0.917837,5,0
hermes_uni_open,uo-180-180-180,80.812,1.66667,0.952621,0.954861,6,0
hermes_uni_open,uo-180-180-180,81.312,1.38889,0.953353,0.954997,5,0
hermes_uni_open,uo-180-180-180,81.812,1.66667,0.93338,0.934663,6,0
hermes_uni_open,uo-180-180-180,82.312,1.38889,0.910865,0.913911,5,0
hermes_uni_open,uo-180-180-180,82.812,1.38889,0.927755,0.933174,5,0
hermes_uni_open,uo-180-180-180,83.312,1.38889,0.926846,0.93129,5,0
hermes_uni_open,uo-180-180-180,83.812,1.11111,0.955754,0.957065,4,0
hermes_uni_open,uo-180-180-180,84.312,1.11111,0.955067,0.956586,4,0
hermes_uni_open,uo-180-180-180,84.812,1.11111,0.95695,0.960319,4,0
hermes_uni_open,uo-180-180-180,85.312,0.833333,0.992069,0.995303,3,0
hermes_uni_open,uo-180-180-180,85.812,0.555556,0.960236,0.963953,2,0
hermes_uni_open,uo-180-180-180,86.312,0.555556,0.949422,0.952307,2,0
hermes_uni_open,uo-180-300-300,8.25,0.166667,1.69144,1.69147,1,0
hermes_uni_open,uo-180-300-300,8.75,0.333333,1.70436,1.70532,2,0
hermes_uni_open,uo-180-300-300,9.25,0.666667,1.6715,1.67209,4,0
hermes_uni_open,uo-180-300-300,9.75,0.5,1.59925,1.60212,3,0
hermes_uni_open,uo-180-300-300,10.25,0.666667,1.55025,1.55203,4,0
hermes_uni_open,uo-180-300-300,10.75,0.666667,1.49964,1.50148,4,0
hermes_uni_open,uo-180-300-300,11.25,0.666667,1.40163,1.40177,4,0
hermes_uni_open,uo-180-300-300,11.75,0.666667,1.41348,1.41443,4,0
hermes_uni_open,uo-180-300-300,12.25,0.833333,1.38336,1.38575,5,0
hermes_uni_open,uo-180-300-300,12.75,0.333333,1.27733,1.27851,2,0
hermes_uni_open,uo-180-300-300,13.25,0.833333,1.40498,1.40768,5,0
hermes_uni_open,uo-180-300-300,13.75,1,1.45806,1.45992,6,1
hermes_uni_open,uo-180-300-300,14.25,0.666667,1.40876,1.40915,4,1
hermes_uni_open,uo-180-300-300,14.75,0.833333,1.38226,1.38287,5,1
hermes_uni_open,uo-180-300-300,15.25,0.833333,1.32017,1.32081,5,1
hermes_uni_open,uo-180-300-300,15.75,1,1.32626,1.32816,6,1
hermes_uni_open,uo-180-300-300,16.25,1,1.34531,1.34746,6,1
hermes_uni_open,uo-180-300-300,16.75,0.833333,1.32137,1.32269,5,1
hermes_uni_open,uo-180-300-300,17.25,0.833333,1.29948,1.30269,5,1
hermes_uni_open,uo-180-300-300,17.75,1,1.215,1.21581,6,1
hermes_uni_open,uo-180-300-300,18.25,0.833333,1.19335,1.19629,5,1
hermes_uni_open,uo-180-300-300,18.75,1.33333,1.23321,1.23491,8,1
hermes_uni_open,uo-180-300-300,19.25,1.16667,1.1864,1.18804,7,1
hermes_uni_open,uo-180-300-300,19.75,1.33333,1.16725,1.16876,8,1
hermes_uni_open,uo-180-300-300,20.25,1.16667,1.16024,1.16187,7,1
hermes_uni_open,uo-180-300-300,20.75,1.33333,1.26358,1.26411,8,1
hermes_uni_open,uo-180-300-300,21.25,0.833333,1.24668,1.24949,5,1
hermes_uni_open,uo-180-300-300,21.75,1.33333,1.22742,1.22836,8,1
hermes_uni_open,uo-180-300-300,22.25,0.833333,1.21731,1.21865,5,1
hermes_uni_open,uo-180-300-300,22.75,1.33333,1.1961,1.19744,8,1
hermes_uni_open,uo-180-300-300,23.25,1.66667,1.1836,1.18468,10,1
hermes_uni_open,uo-180-300-300,23.75,1.33333,1.24715,1.2494,8,1
hermes_uni_open,uo-180-300-300,24.25,1.16667,1.19708,1.19795,7,1
hermes_uni_open,uo-180-300-300,24.75,1,1.2179,1.21971,6,1
hermes_uni_open,uo-180-300-300,25.25,1,1.26545,1.26644,6,1
hermes_uni_open,uo-180-300-300,25.75,1,1.19388,1.19515,6,1
hermes_uni_open,uo-180-300-300,26.25,1.16667,1.24094,1.24392,7,1
hermes_uni_open,uo-180-300-300,26.75,0.833333,1.2121,1.21731,5,1
hermes_uni_open,uo-180-300-300,27.25,1.16667,1.2573,1.25833,7,1
hermes_uni_open,uo-180-300-300,27.75,1.33333,1.24235,1.24438,8,1
hermes_uni_open,uo-180-300-300,28.25,1.5,1.19185,1.19431,9,1
hermes_uni_open,uo-180-300-300,28.75,1.5,1.17256,1.17494,9,1
hermes_uni_open,uo-180-300-300,29.25,1.5,1.18828,1.18903,9,1
hermes_uni_open,uo-180-300-300,29.75,1.33333,1.17297,1.17432,8,1
hermes_uni_open,uo-180-300-300,30.25,1.5,1.20781,1.20868,9,1
hermes_uni_open,uo-180-300-300,30.75,1.33333,1.19671,1.19822,8,1
hermes_uni_open,uo-180-300-300,31.25,1.33333,1.15306,1.15442,8,1
hermes_uni_open,uo-180-300-300,31.75,0.666667,1.13861,1.13939,4,1
hermes_uni_open,uo-180-300-300,32.25,0.833333,1.23764,1.2402,5,1
hermes_uni_open,uo-180-300-300,32.75,0.666667,1.22038,1.22122,4,1
hermes_uni_open,uo-180-300-300,33.25,1,1.21468,1.21497,6,1
hermes_uni_open,uo-180-300-300,33.75,1,1.21351,1.21398,6,1
hermes_uni_open,uo-180-300-300,34.25,1.5,1.2061,1.20693,9,1
hermes_uni_open,uo-180-300-300,34.75,1.16667,1.22706,1.22746,7,1
hermes_uni_open,uo-180-300-300,35.25,1.5,1.21465,1.21521,9,1
hermes_uni_open,uo-180-300-300,35.75,1.5,1.19095,1.1915,9,1
hermes_uni_open,uo-180-300-300,36.25,1.16667,1.22874,1.22962,7,1
hermes_uni_open,uo-180-300-300,36.75,1.16667,1.20674,1.20934,7,1
hermes_uni_open,uo-180-300-300,37.25,1.16667,1.21869,1.21943,7,1
hermes_uni_open,uo-180-300-300,37.75,1.16667,1.19892,1.20153,7,1
hermes_uni_open,uo-180-300-300,38.25,0.666667,1.21377,1.21526,4,1
hermes_uni_open,uo-180-300-300,38.75,0.833333,1.20316,1.20604,5,1
hermes_uni_open,uo-180-300-300,39.25,1.16667,1.24964,1.25043,7,1
hermes_uni_open,uo-180-300-300,39.75,1.33333,1.27114,1.27344,8,1
hermes_uni_open,uo-180-300-300,40.25,1.33333,1.22345,1.22477,8,1
hermes_uni_open,uo-180-300-300,40.75,1.16667,1.21882,1.22025,7,1
hermes_uni_open,uo-180-300-300,41.25,1.16667,1.22145,1.22299,7,1
hermes_uni_open,uo-180-300-300,41.75,0.666667,1.30021,1.30432,4,1
hermes_uni_open,uo-180-300-300,42.25,0.833333,1.23045,1.23235,5,1
hermes_uni_open,uo-180-300-300,42.75,0.833333,1.16415,1.16497,5,1
hermes_uni_open,uo-180-300-300,43.25,1.33333,1.11183,1.11431,8,1
hermes_uni_open,uo-180-300-300,43.75,1.16667,1.09505,1.09878,7,1
hermes_uni_open,uo-180-300-300,44.25,1.33333,1.11872,1.12261,8,1
hermes_uni_open,uo-180-300-300,44.75,0.833333,1.15171,1.15238,5,1
hermes_uni_open,uo-180-300-300,45.25,1.33333,1.17856,1.17915,8,1
hermes_uni_open,uo-180-300-300,45.75,1.33333,1.16509,1.16577,8,1
hermes_uni_open,uo-180-300-300,46.25,1.33333,1.15786,1.15822,8,1
hermes_uni_open,uo-180-300-300,46.75,1.16667,1.14227,1.14354,7,1
hermes_uni_open,uo-180-300-300,47.25,1.16667,1.16208,1.16353,7,1
hermes_uni_open,uo-180-300-300,47.75,1.33333,1.17171,1.17496,8,1
hermes_uni_open,uo-180-300-300,48.25,1.16667,1.17334,1.17544,7,1
hermes_uni_open,uo-180-300-300,48.75,1.33333,1.17588,1.17819,8,1
hermes_uni_open,uo-180-300-300,49.25,1,1.20096,1.20283,6,1
hermes_uni_open,uo-180-300-300,49.75,1,1.16282,1.1645,6,1
hermes_uni_open,uo-180-300-300,50.25,1.16667,1.15539,1.15729,7,1
hermes_uni_open,uo-180-300-300,50.75,1.33333,1.16337,1.16573,8,1
hermes_uni_open,uo-180-300-300,51.25,1.5,1.16331,1.16986,9,1
hermes_uni_open,uo-180-300-300,51.75,1.16667,1.18599,1.19033,7,1
hermes_uni_open,uo-180-300-300,52.25,1,1.17166,1.17397,6,1
hermes_uni_open,uo-180-300-300,52.75,1.33333,1.17001,1.17108,8,1
hermes_uni_open,uo-180-300-300,53.25,1.16667,1.16626,1.1675,7,1
hermes_uni_open,uo-180-300-300,53.75,1.16667,1.2001,1.20104,7,1
hermes_uni_open,uo-180-300-300,54.25,1.5,1.16142,1.16942,9,1
hermes_uni_open,uo-180-300-300,54.75,1,1.17888,1.19196,6,1
hermes_uni_open,uo-180-300-300,55.25,0.833333,1.16384,1.19324,5,1
hermes_uni_open,uo-180-300-300,55.75,0.833333,1.19541,1.23401,5,0
hermes_uni_open,uo-180-300-300,56.25,1.16667,1.15936,1.16078,7,0
hermes_uni_open,uo-180-300-300,56.75,1.16667,1.15139,1.15294,7,0
hermes_uni_open,uo-180-300-300,57.25,1.33333,1.15437,1.15546,8,0
hermes_uni_open,uo-180-300-300,57.75,1.16667,1.11623,1.11723,7,0
hermes_uni_open,uo-180-300-300,58.25,1.33333,1.16523,1.16587,8,0
hermes_uni_open,uo-180-300-300,58.75,1.16667,1.1626,1.16348,7,0
hermes_uni_open,uo-180-300-300,59.25,1,1.16267,1.16335,6,0
hermes_uni_open,uo-180-300-300,59.75,0.666667,1.20509,1.21282,4,0
hermes_uni_open,uo-180-300-300,60.25,0.5,1.17454,1.18195,3,0
hermes_uni_open,uo-180-300-300,60.75,0.166667,1.13398,1.15066,1,0
hermes_uni_open,uo-190-240-240,8,0.208333,1.64091,1.64092,1,0
hermes_uni_open,uo-190-240-240,8.5,0.208333,1.63312,1.63312,1,0
hermes_uni_open,uo-190-240-240,9,0.625,1.62228,1.62321,3,0
hermes_uni_open,uo-190-240-240,9.5,0.416667,1.54612,1.54718,2,0
hermes_uni_open,uo-190-240-240,10,0.833333,1.49108,1.49156,4,0
hermes_uni_open,uo-190-240-240,10.5,0.625,1.46861,1.46962,3,0
hermes_uni_open,uo-190-240-240,11,0.416667,1.44311,1.44575,2,0
hermes_uni_open,uo-190-240-240,11.5,0.625,1.33879,1.34334,3,0
hermes_uni_open,uo-190-240-240,12,1.04167,1.31574,1.31747,5,0
hermes_uni_open,uo-190-240-240,12.5,1.25,1.35648,1.35725,6,0
hermes_uni_open,uo-190-240-240,13,1.04167,1.3061,1.30719,5,0
hermes_uni_open,uo-190-240-240,13.5,1.04167,1.27496,1.27864,5,0
hermes_uni_open,uo-190-240-240,14,1.25,1.22423,1.22458,6,0
hermes_uni_open,uo-190-240-240,14.5,1.66667,1.25778,1.2594,8,1
hermes_uni_open,uo-190-240-240,15,1.25,1.25242,1.2528,6,1
hermes_uni_open,uo-190-240-240,15.5,1.25,1.24918,1.25036,6,1
hermes_uni_open,uo-190-240-240,16,1.25,1.20734,1.20879,6,1
hermes_uni_open,uo-190-240-240,16.5,1.25,1.2075,1.20888,6,1
hermes_uni_open,uo-190-240-240,17,1.25,1.20694,1.21191,6,1
hermes_uni_open,uo-190-240-240,17.5,1.25,1.19607,1.19773,6,1
hermes_uni_open,uo-190-240-240,18,1.04167,1.20748,1.21206,5,1
hermes_uni_open,uo-190-240-240,18.5,1.04167,1.23965,1.24086,5,1
hermes_uni_open,uo-190-240-240,19,1.04167,1.16354,1.16684,5,1
hermes_uni_open,uo-190-240-240,19.5,1.45833,1.12741,1.13084,7,1
hermes_uni_open,uo-190-240-240,20,1.25,1.08628,1.08909,6,1
hermes_uni_open,uo-190-240-240,20.5,1.66667,1.07513,1.07955,8,1
hermes_uni_open,uo-190-240-240,21,1.04167,1.07134,1.07523,5,1
hermes_uni_open,uo-190-240-240,21.5,1.25,1.06462,1.06629,6,1
hermes_uni_open,uo-190-240-240,22,1.25,1.08414,1.08481,6,1
hermes_uni_open,uo-190-240-240,22.5,1.25,1.09646,1.09809,6,1
hermes_uni_open,uo-190-240-240,23,1.45833,1.06012,1.06275,7,1
hermes_uni_open,uo-190-240-240,23.5,1.66667,1.05235,1.05504,8,1
hermes_uni_open,uo-190-240-240,24,1.25,1.06175,1.06368,6,1
hermes_uni_open,uo-190-240-240,24.5,1.45833,1.02518,1.02736,7,1
hermes_uni_open,uo-190-240-240,25,1.45833,1.04766,1.04856,7,1
hermes_uni_open,uo-190-240-240,25.5,1.66667,1.01579,1.01715,8,1
hermes_uni_open,uo-190-240-240,26,1.45833,1.01283,1.01425,7,1
hermes_uni_open,uo-190-240-240,26.5,1.875,1.05815,1.05878,9,1
hermes_uni_open,uo-190-240-240,27,1.66667,1.05583,1.0561,8,1
hermes_uni_open,uo-190-240-240,27.5,1.25,1.04525,1.04605,6,1
hermes_uni_open,uo-190-240-240,28,1.45833,1.08364,1.08532,7,1
hermes_uni_open,uo-190-240-240,28.5,1.66667,1.10173,1.10263,8,1
hermes_uni_open,uo-190-240-240,29,1.66667,1.06817,1.06995,8,1
hermes_uni_open,uo-190-240-240,29.5,1.66667,1.04588,1.047,8,1
hermes_uni_open,uo-190-240-240,30,1.66667,1.0057,1.00736,8,1
hermes_uni_open,uo-190-240-240,30.5,1.45833,1.0166,1.01695,7,1
hermes_uni_open,uo-190-240-240,31,1.875,1.08227,1.08358,9,1
hermes_uni_open,uo-190-240-240,31.5,1.25,1.1165,1.11756,6,1
hermes_uni_open,uo-190-240-240,32,1.25,1.10582,1.10747,6,1
hermes_uni_open,uo-190-240-240,32.5,1.45833,0.998351,0.999893,7,1
hermes_uni_open,uo-190-240-240,33,1.45833,0.963916,0.965446,7,1
hermes_uni_open,uo-190-240-240,33.5,2.08333,0.970309,0.973341,10,1
hermes_uni_open,uo-190-240-240,34,2.29167,0.985011,0.987071,11,1
hermes_uni_open,uo-190-240-240,34.5,1.66667,0.932621,0.933203,8,1
hermes_uni_open,uo-190-240-240,35,1.45833,0.963145,0.963753,7,1
hermes_uni_open,uo-190-240-240,35.5,1.66667,0.975665,0.977273,8,1
hermes_uni_open,uo-190-240-240,36,1.45833,1.01848,1.01986,7,1
hermes_uni_open,uo-190-240-240,36.5,0.833333,1.03239,1.03321,4,1
hermes_uni_open,uo-190-240-240,37,1.45833,1.03219,1.03392,7,1
hermes_uni_open,uo-190-240-240,37.5,1.25,1.00266,1.00346,6,1
hermes_uni_open,uo-190-240-240,38,1.45833,0.952152,0.955355,7,1
hermes_uni_open,uo-190-240-240,38.5,1.66667,0.963371,0.966728,8,1
hermes_uni_open,uo-190-240-240,39,1.66667,0.96734,0.970004,8,1
hermes_uni_open,uo-190-240-240,39.5,1.45833,0.956003,0.957676,7,1
hermes_uni_open,uo-190-240-240,40,1.45833,0.996158,0.996961,7,1
hermes_uni_open,uo-190-240-240,40.5,1.45833,0.998831,1.00312,7,1
hermes_uni_open,uo-190-240-240,41,1.04167,1.02011,1.02297,5,1
hermes_uni_open,uo-190-240-240,41.5,1.66667,0.935713,0.937205,8,1
hermes_uni_open,uo-190-240-240,42,1.45833,0.950257,0.952028,7,1
hermes_uni_open,uo-190-240-240,42.5,1.45833,0.942906,0.943965,7,1
hermes_uni_open,uo-190-240-240,43,1.875,0.927712,0.929465,9,1
hermes_uni_open,uo-190-240-240,43.5,1.45833,0.9485,0.951316,7,1
hermes_uni_open,uo-190-240-240,44,1.66667,0.917288,0.917827,8,1
hermes_uni_open,uo-190-240-240,44.5,1.66667,0.919912,0.922636,8,1
hermes_uni_open,uo-190-240-240,45,1.875,0.936481,0.938157,9,1
hermes_uni_open,uo-190-240-240,45.5,1.875,0.924353,0.926691,9,1
hermes_uni_open,uo-190-240-240,46,1.45833,0.905665,0.907325,7,1
hermes_uni_open,uo-190-240-240,46.5,2.08333,0.929654,0.933239,10,1
hermes_uni_open,uo-190-240-240,47,1.45833,0.947712,0.94823,7,1
hermes_uni_open,uo-190-240-240,47.5,1.66667,0.972133,0.974039,8,1
hermes_uni_open,uo-190-240-240,48,2.08333,0.959189,0.960668,10,1
hermes_uni_open,uo-190-240-240,48.5,1.66667,0.959389,0.960062,8,1
hermes_uni_open,uo-190-240-240,49,1.66667,0.943701,0.946179,8,1
hermes_uni_open,uo-190-240-240,49.5,1.66667,0.952241,0.95355,8,1
hermes_uni_open,uo-190-240-240,50,1.66667,0.92942,0.93211,8,1
hermes_uni_open,uo-190-240-240,50.5,1.66667,0.946242,0.947996,8,1
hermes_uni_open,uo-190-240-240,51,2.08333,0.939744,0.941198,10,1
hermes_uni_open,uo-190-240-240,51.5,1.875,0.917955,0.918927,9,1
hermes_uni_open,uo-190-240-240,52,2.08333,0.915276,0.918091,10,1
hermes_uni_open,uo-190-240-240,52.5,1.875,0.942038,0.943973,9,1
hermes_uni_open,uo-190-240-240,53,2.08333,0.975754,0.977303,10,1
hermes_uni_open,uo-190-240-240,53.5,1.66667,0.980737,0.981695,8,1
hermes_uni_open,uo-190-240-240,54,1.66667,0.950815,0.952489,8,1
hermes_uni_open,uo-190-240-240,54.5,1.875,0.924621,0.9253,9,1
hermes_uni_open,uo-190-240-240,55,1.66667,0.898304,0.899167,8,1
hermes_uni_open,uo-190-240-240,55.5,1.66667,0.88237,0.885848,8,1
hermes_uni_open,uo-190-240-240,56,1.66667,0.877541,0.88042,8,1
hermes_uni_open,uo-190-240-240,56.5,2.08333,0.881734,0.883597,10,1
hermes_uni_open,uo-190-240-240,57,2.08333,0.865944,0.867987,10,1
hermes_uni_open,uo-190-240-240,57.5,2.08333,0.807516,0.811372,10,1
hermes_uni_open,uo-190-240-240,58,1.875,0.856774,0.860546,9,1
hermes_uni_open,uo-190-240-240,58.5,1.66667,0.892799,0.894392,8,1
hermes_uni_open,uo-190-240-240,59,1.45833,0.914292,0.916749,7,1
hermes_uni_open,uo-190-240-240,59.5,1.875,0.877776,0.878971,9,1
hermes_uni_open,uo-190-240-240,60,1.45833,0.832881,0.837009,7,1
hermes_uni_open,uo-190-240-240,60.5,2.08333,0.82926,0.833328,10,1
hermes_uni_open,uo-190-240-240,61,1.66667,0.858194,0.862513,8,1
hermes_uni_open,uo-190-240-240,61.5,1.875,0.842543,0.844782,9,1
hermes_uni_open,uo-190-240-240,62,1.875,0.845229,0.84659,9,1
hermes_uni_open,uo-190-240-240,62.5,1.875,0.839978,0.842498,9,1
hermes_uni_open,uo-190-240-240,63,1.66667,0.839342,0.841034,8,1
hermes_uni_open,uo-190-240-240,63.5,2.08333,0.835349,0.83628,10,1
hermes_uni_open,uo-190-240-240,64,2.08333,0.832611,0.834013,10,0
hermes_uni_open,uo-190-240-240,64.5,2.08333,0.823979,0.826041,10,0
hermes_uni_open,uo-190-240-240,65,1.875,0.837235,0.839013,9,0
hermes_uni_open,uo-190-240-240,65.5,1.875,0.837264,0.838796,9,0
hermes_uni_open,uo-190-240-240,66,1.25,0.800123,0.804812,6,0
hermes_uni_open,uo-190-240-240,66.5,1.04167,0.805904,0.80782,5,0
hermes_uni_open,uo-190-240-240,67,1.25,0.79619,0.800646,6,0
hermes_uni_open,uo-190-240-240,67.5,1.04167,0.785278,0.788232,5,0
hermes_uni_open,uo-190-240-240,68,1.45833,0.768272,0.775884,7,0
hermes_uni_open,uo-190-240-240,68.5,1.25,0.803626,0.80575,6,0
hermes_uni_open,uo-190-240-240,69,1.04167,0.829522,0.832706,5,0
hermes_uni_open,uo-190-240-240,69.5,0.416667,0.826141,0.830037,2,0
hermes_uni_open,uo-190-240-240,70,0.416667,0.85514,0.8563,2,0
hermes_uni_open,uo-240-240-100,4.812,0.208333,1.91191,1.91471,1,0
hermes_uni_open,uo-240-240-100,5.312,0.208333,1.85667,1.85783,1,0
hermes_uni_open,uo-240-240-100,5.812,0.416667,1.76615,1.76794,2,0
hermes_uni_open,uo-240-240-100,6.312,0.416667,1.75767,1.75878,2,0
hermes_uni_open,uo-240-240-100,6.812,0.625,1.71656,1.71836,3,0
hermes_uni_open,uo-240-240-100,7.312,0.625,1.59643,1.59828,3,0
hermes_uni_open,uo-240-240-100,7.812,0.833333,1.52551,1.52872,4,0
hermes_uni_open,uo-240-240-100,8.312,1.04167,1.51885,1.5208,5,0
hermes_uni_open,uo-240-240-100,8.812,0.833333,1.48349,1.48739,4,0
hermes_uni_open,uo-240-240-100,9.312,1.04167,1.42164,1.42204,5,0
hermes_uni_open,uo-240-240-100,9.812,1.25,1.38891,1.38968,6,0
hermes_uni_open,uo-240-240-100,10.312,1.45833,1.36486,1.36659,7,0
hermes_uni_open,uo-240-240-100,10.812,1.66667,1.28434,1.28542,8,0
hermes_uni_open,uo-240-240-100,11.312,1.25,1.23461,1.23764,6,0
hermes_uni_open,uo-240-240-100,11.812,1.25,1.18192,1.18633,6,0
hermes_uni_open,uo-240-240-100,12.312,1.66667,1.165,1.16688,8,0
hermes_uni_open,uo-240-240-100,12.812,1.45833,1.14885,1.14973,7,0
hermes_uni_open,uo-240-240-100,13.312,1.45833,1.11805,1.1186,7,0
hermes_uni_open,uo-240-240-100,13.812,1.45833,1.0959,1.0962,7,0
hermes_uni_open,uo-240-240-100,14.312,1.66667,1.05405,1.05578,8,0
hermes_uni_open,uo-240-240-100,14.812,1.25,1.04967,1.05143,6,0
hermes_uni_open,uo-240-240-100,15.312,1.875,1.03858,1.03906,9,0
hermes_uni_open,uo-240-240-100,15.812,1.875,1.0098,1.01035,9,0
hermes_uni_open,uo-240-240-100,16.312,1.66667,0.965185,0.965807,8,1
hermes_uni_open,uo-240-240-100,16.812,1.25,0.908662,0.909708,6,1
hermes_uni_open,uo-240-240-100,17.312,1.66667,0.903261,0.905651,8,1
hermes_uni_open,uo-240-240-100,17.812,1.66667,0.792931,0.794684,8,1
hermes_uni_open,uo-240-240-100,18.312,1.45833,0.777909,0.78047,7,1
hermes_uni_open,uo-240-240-100,18.812,2.08333,0.735298,0.738683,10,1
hermes_uni_open,uo-240-240-100,19.312,1.875,0.687778,0.691761,9,1
hermes_uni_open,uo-240-240-100,19.812,2.08333,0.678695,0.679991,10,1
hermes_uni_open,uo-240-240-100,20.312,2.08333,0.615575,0.620377,10,1
hermes_uni_open,uo-240-240-100,20.812,2.5,0.57328,0.580494,12,1
hermes_uni_open,uo-240-240-100,21.312,2.5,0.520602,0.526087,12,1
hermes_uni_open,uo-240-240-100,21.812,2.5,0.474868,0.47735,12,1
hermes_uni_open,uo-240-240-100,22.312,2.70833,0.446947,0.460487,13,1
hermes_uni_open,uo-240-240-100,22.812,2.70833,0.418134,0.424246,13,1
hermes_uni_open,uo-240-240-100,23.312,2.70833,0.418399,0.424682,13,1
hermes_uni_open,uo-240-240-100,23.812,2.29167,0.408019,0.415738,11,1
hermes_uni_open,uo-240-240-100,24.312,2.29167,0.405002,0.413851,11,1
hermes_uni_open,uo-240-240-100,24.812,2.5,0.406736,0.41571,12,1
hermes_uni_open,uo-240-240-100,25.312,2.29167,0.404036,0.418648,11,1
hermes_uni_open,uo-240-240-100,25.812,2.5,0.395136,0.410574,12,1
hermes_uni_open,uo-240-240-100,26.312,2.70833,0.416725,0.425408,13,1
hermes_uni_open,uo-240-240-100,26.812,2.5,0.432296,0.448141,12,1
hermes_uni_open,uo-240-240-100,27.312,2.70833,0.39618,0.407523,13,1
hermes_uni_open,uo-240-240-100,27.812,2.5,0.377189,0.391079,12,1
hermes_uni_open,uo-240-240-100,28.312,2.70833,0.369787,0.378512,13,1
hermes_uni_open,uo-240-240-100,28.812,3.125,0.384424,0.393872,15,1
hermes_uni_open,uo-240-240-100,29.312,2.70833,0.392951,0.410111,13,1
hermes_uni_open,uo-240-240-100,29.812,2.91667,0.369682,0.375626,14,1
hermes_uni_open,uo-240-240-100,30.312,2.91667,0.325722,0.348993,14,1
hermes_uni_open,uo-240-240-100,30.812,2.91667,0.328823,0.339639,14,1
hermes_uni_open,uo-240-240-100,31.312,2.70833,0.335015,0.362445,13,1
hermes_uni_open,uo-240-240-100,31.812,2.70833,0.31977,0.340265,13,1
hermes_uni_open,uo-240-240-100,32.312,2.29167,0.295074,0.318023,11,1
hermes_uni_open,uo-240-240-100,32.812,2.08333,0.300665,0.31885,10,1
hermes_uni_open,uo-240-240-100,33.312,2.5,0.316733,0.342874,12,1
hermes_uni_open,uo-240-240-100,33.812,2.5,0.345638,0.360617,12,1
hermes_uni_open,uo-240-240-100,34.312,1.66667,0.373492,0.393253,8,1
hermes_uni_open,uo-240-240-100,34.812,2.29167,0.397415,0.4066,11,1
hermes_uni_open,uo-240-240-100,35.312,2.29167,0.403338,0.423658,11,1
hermes_uni_open,uo-240-240-100,35.812,2.08333,0.398532,0.40755,10,1
hermes_uni_open,uo-240-240-100,36.312,2.08333,0.407701,0.420002,10,1
hermes_uni_open,uo-240-240-100,36.812,2.29167,0.393738,0.407252,11,1
hermes_uni_open,uo-240-240-100,37.312,2.70833,0.376988,0.388815,13,1
hermes_uni_open,uo-240-240-100,37.812,2.5,0.386675,0.409142,12,1
hermes_uni_open,uo-240-240-100,38.312,2.5,0.397314,0.403691,12,1
hermes_uni_open,uo-240-240-100,38.812,2.5,0.444737,0.453824,12,1
hermes_uni_open,uo-240-240-100,39.312,2.5,0.452033,0.464145,12,1
hermes_uni_open,uo-240-240-100,39.812,2.5,0.45133,0.460826,12,1
hermes_uni_open,uo-240-240-100,40.312,2.70833,0.428758,0.447639,13,1
hermes_uni_open,uo-240-240-100,40.812,2.70833,0.430031,0.439455,13,1
hermes_uni_open,uo-240-240-100,41.312,2.5,0.434508,0.445032,12,1
hermes_uni_open,uo-240-240-100,41.812,2.5,0.420052,0.43723,12,1
hermes_uni_open,uo-240-240-100,42.312,2.29167,0.389068,0.403184,11,1
hermes_uni_open,uo-240-240-100,42.812,2.70833,0.37262,0.400934,13,1
hermes_uni_open,uo-240-240-100,43.312,2.5,0.355147,0.369522,12,1
hermes_uni_open,uo-240-240-100,43.812,2.70833,0.343476,0.370112,13,1
hermes_uni_open,uo-240-240-100,44.312,2.5,0.321891,0.336407,12,1
hermes_uni_open,uo-240-240-100,44.812,2.70833,0.3401,0.355723,13,1
hermes_uni_open,uo-240-240-100,45.312,2.91667,0.337099,0.351478,14,1
hermes_uni_open,uo-240-240-100,45.812,2.5,0.317953,0.341581,12,1
hermes_uni_open,uo-240-240-100,46.312,2.5,0.327079,0.35103,12,1
hermes_uni_open,uo-240-240-100,46.812,2.5,0.323985,0.346112,12,1
hermes_uni_open,uo-240-240-100,47.312,2.5,0.34524,0.36165,12,1
hermes_uni_open,uo-240-240-100,47.812,3.125,0.350724,0.367595,15,1
hermes_uni_open,uo-240-240-100,48.312,2.5,0.356631,0.374717,12,1
hermes_uni_open,uo-240-240-100,48.812,2.70833,0.321241,0.333928,13,1
hermes_uni_open,uo-240-240-100,49.312,2.70833,0.29954,0.310175,13,1
hermes_uni_open,uo-240-240-100,49.812,2.91667,0.287275,0.307395,14,1
hermes_uni_open,uo-240-240-100,50.312,2.70833,0.303072,0.323294,13,1
hermes_uni_open,uo-240-240-100,50.812,2.91667,0.322089,0.341422,14,1
hermes_uni_open,uo-240-240-100,51.312,2.70833,0.295206,0.313071,13,1
hermes_uni_open,uo-240-240-100,51.812,2.70833,0.306699,0.332219,13,1
hermes_uni_open,uo-240-240-100,52.312,2.70833,0.300846,0.314642,13,1
hermes_uni_open,uo-240-240-100,52.812,2.5,0.287185,0.318163,12,1
hermes_uni_open,uo-240-240-100,53.312,2.70833,0.273718,0.286928,13,1
hermes_uni_open,uo-240-240-100,53.812,2.70833,0.271559,0.307765,13,1
hermes_uni_open,uo-240-240-100,54.312,2.29167,0.279175,0.302269,11,1
hermes_uni_open,uo-240-240-100,54.812,2.5,0.277315,0.311634,12,1
hermes_uni_open,uo-240-240-100,55.312,2.70833,0.298371,0.329594,13,1
hermes_uni_open,uo-240-240-100,55.812,2.91667,0.293849,0.315985,14,1
hermes_uni_open,uo-240-240-100,56.312,2.5,0.295071,0.335495,12,1
hermes_uni_open,uo-240-240-100,56.812,2.91667,0.303323,0.331855,14,1
hermes_uni_open,uo-240-240-100,57.312,2.70833,0.308884,0.336852,13,1
hermes_uni_open,uo-240-240-100,57.812,2.5,0.324275,0.349054,12,1
hermes_uni_open,uo-240-240-100,58.312,2.5,0.305626,0.320509,12,1
hermes_uni_open,uo-240-240-100,58.812,2.91667,0.305984,0.328853,14,1
hermes_uni_open,uo-240-240-100,59.312,2.70833,0.338533,0.348495,13,1
hermes_uni_open,uo-240-240-100,59.812,2.70833,0.371344,0.387243,13,1
hermes_uni_open,uo-240-240-100,60.312,2.70833,0.370258,0.377313,13,1
hermes_uni_open,uo-240-240-100,60.812,2.91667,0.341935,0.356909,14,1
hermes_uni_open,uo-240-240-100,61.312,3.125,0.34456,0.354605,15,1
hermes_uni_open,uo-240-240-100,61.812,3.125,0.351324,0.360506,15,1
hermes_uni_open,uo-240-240-100,62.312,2.91667,0.353284,0.36209,14,1
hermes_uni_open,uo-240-240-100,62.812,2.70833,0.349472,0.35993,13,1
hermes_uni_open,uo-240-240-100,63.312,2.70833,0.331158,0.345732,13,1
hermes_uni_open,uo-240-240-100,63.812,3.33333,0.319336,0.338399,16,1
hermes_uni_open,uo-240-240-100,64.312,3.125,0.317921,0.32957,15,1
hermes_uni_open,uo-240-240-100,64.812,3.125,0.318919,0.329093,15,1
hermes_uni_open,uo-240-240-100,65.312,2.70833,0.293955,0.306511,13,1
hermes_uni_open,uo-240-240-100,65.812,2.91667,0.304773,0.323474,14,1
hermes_uni_open,uo-240-240-100,66.312,2.70833,0.32542,0.335388,13,1
hermes_uni_open,uo-240-240-100,66.812,2.5,0.307156,0.328389,12,1
hermes_uni_open,uo-240-240-100,67.312,2.29167,0.316333,0.335867,11,1
hermes_uni_open,uo-240-240-100,67.812,2.70833,0.346664,0.370544,13,1
hermes_uni_open,uo-240-240-100,68.312,2.29167,0.339678,0.357455,11,1
hermes_uni_open,uo-240-240-100,68.812,2.70833,0.357998,0.381211,13,1
hermes_uni_open,uo-240-240-100,69.312,2.5,0.339821,0.352163,12,1
hermes_uni_open,uo-240-240-100,69.812,2.5,0.35829,0.383017,12,1
hermes_uni_open,uo-240-240-100,70.312,2.5,0.354641,0.370127,12,1
hermes_uni_open,uo-240-240-100,70.812,2.5,0.358067,0.368955,12,1
hermes_uni_open,uo-240-240-100,71.312,2.5,0.372742,0.389,12,1
hermes_uni_open,uo-240-240-100,71.812,2.91667,0.356636,0.373393,14,1
hermes_uni_open,uo-240-240-100,72.312,2.5,0.353638,0.373524,12,1
hermes_uni_open,uo-240-240-100,72.812,2.70833,0.350036,0.365197,13,1
hermes_uni_open,uo-240-240-100,73.312,2.91667,0.341937,0.354515,14,1
hermes_uni_open,uo-240-240-100,73.812,2.91667,0.331227,0.346506,14,1
hermes_uni_open,uo-240-240-100,74.312,2.70833,0.319064,0.347346,13,1
hermes_uni_open,uo-240-240-100,74.812,3.33333,0.350661,0.364862,16,1
hermes_uni_open,uo-240-240-100,75.312,3.54167,0.352122,0.364135,17,1
hermes_uni_open,uo-240-240-100,75.812,3.125,0.355599,0.364125,15,1
hermes_uni_open,uo-240-240-100,76.312,3.125,0.352487,0.363627,15,1
hermes_uni_open,uo-240-240-100,76.812,3.125,0.347818,0.356575,15,1
hermes_uni_open,uo-240-240-100,77.312,3.33333,0.345439,0.358127,16,1
hermes_uni_open,uo-240-240-100,77.812,2.91667,0.349614,0.366953,14,1
hermes_uni_open,uo-240-240-100,78.312,2.5,0.348687,0.357151,12,1
hermes_uni_open,uo-240-240-100,78.812,3.125,0.348352,0.35802,15,1
hermes_uni_open,uo-240-240-100,79.312,3.54167,0.352186,0.360037,17,1
hermes_uni_open,uo-240-240-100,79.812,3.125,0.341854,0.350571,15,1
hermes_uni_open,uo-240-240-100,80.312,3.125,0.3286,0.340968,15,1
hermes_uni_open,uo-240-240-100,80.812,3.125,0.314427,0.330297,15,1
hermes_uni_open,uo-240-240-100,81.312,2.70833,0.315681,0.326836,13,1
hermes_uni_open,uo-240-240-100,81.812,3.33333,0.325263,0.343852,16,1
hermes_uni_open,uo-240-240-100,82.312,3.33333,0.323823,0.348639,16,1
hermes_uni_open,uo-240-240-100,82.812,3.33333,0.340525,0.348481,16,1
hermes_uni_open,uo-240-240-100,83.312,3.125,0.341678,0.362546,15,1
hermes_uni_open,uo-240-240-100,83.812,3.54167,0.329936,0.33985,17,1
hermes_uni_open,uo-240-240-100,84.312,3.125,0.33427,0.356883,15,1
hermes_uni_open,uo-240-240-100,84.812,3.54167,0.331862,0.350062,17,1
hermes_uni_open,uo-240-240-100,85.312,3.125,0.326549,0.349224,15,1
hermes_uni_open,uo-240-240-100,85.812,2.70833,0.326234,0.338082,13,1
hermes_uni_open,uo-240-240-100,86.312,2.91667,0.327976,0.340829,14,1
hermes_uni_open,uo-240-240-100,86.812,2.70833,0.316984,0.337124,13,1
hermes_uni_open,uo-240-240-100,87.312,2.70833,0.345849,0.366714,13,1
hermes_uni_open,uo-240-240-100,87.812,2.70833,0.341647,0.34836,13,1
hermes_uni_open,uo-240-240-100,88.312,2.70833,0.329675,0.345084,13,1
hermes_uni_open,uo-240-240-100,88.812,2.70833,0.343421,0.351526,13,1
hermes_uni_open,uo-240-240-100,89.312,2.70833,0.362071,0.373382,13,1
hermes_uni_open,uo-240-240-100,89.812,2.5,0.335802,0.344933,12,1
hermes_uni_open,uo-240-240-100,90.312,2.5,0.301115,0.315949,12,1
hermes_uni_open,uo-240-240-100,90.812,2.5,0.296689,0.311675,12,1
hermes_uni_open,uo-240-240-100,91.312,2.70833,0.312737,0.327822,13,1
hermes_uni_open,uo-240-240-100,91.812,2.91667,0.286541,0.299034,14,1
hermes_uni_open,uo-240-240-100,92.312,2.91667,0.276875,0.303294,14,1
hermes_uni_open,uo-240-240-100,92.812,2.70833,0.272497,0.290919,13,1
hermes_uni_open,uo-240-240-100,93.312,2.70833,0.266211,0.295601,13,1
hermes_uni_open,uo-240-240-100,93.812,2.70833,0.278896,0.29043,13,1
hermes_uni_open,uo-240-240-100,94.312,2.70833,0.280255,0.308382,13,1
hermes_uni_open,uo-240-240-100,94.812,2.5,0.278451,0.296611,12,1
hermes_uni_open,uo-240-240-100,95.312,2.70833,0.29897,0.336014,13,1
hermes_uni_open,uo-240-240-100,95.812,2.5,0.289022,0.306294,12,1
hermes_uni_open,uo-240-240-100,96.312,2.5,0.284419,0.319847,12,1
hermes_uni_open,uo-240-240-100,96.812,2.70833,0.285337,0.305639,13,1
hermes_uni_open,uo-240-240-100,97.312,2.70833,0.275279,0.295668,13,1
hermes_uni_open,uo-240-240-100,97.812,2.91667,0.281105,0.310967,14,1
hermes_uni_open,uo-240-240-100,98.312,2.70833,0.280225,0.298242,13,1
hermes_uni_open,uo-240-240-100,98.812,2.70833,0.265863,0.309843,13,1
hermes_uni_open,uo-240-240-100,99.312,2.70833,0.270603,0.294194,13,1
hermes_uni_open,uo-240-240-100,99.812,2.91667,0.274544,0.301118,14,1
hermes_uni_open,uo-240-240-100,100.312,3.125,0.280943,0.298253,15,1
hermes_uni_open,uo-240-240-100,100.812,2.91667,0.24572,0.268019,14,1
hermes_uni_open,uo-240-240-100,101.312,2.91667,0.248292,0.269493,14,1
hermes_uni_open,uo-240-240-100,101.812,2.91667,0.266904,0.295657,14,1
hermes_uni_open,uo-240-240-100,102.312,3.33333,0.255403,0.284087,16,1
hermes_uni_open,uo-240-240-100,102.812,3.125,0.248375,0.268493,15,1
hermes_uni_open,uo-240-240-100,103.312,2.70833,0.261561,0.288231,13,1
hermes_uni_open,uo-240-240-100,103.812,2.70833,0.264874,0.282663,13,1
hermes_uni_open,uo-240-240-100,104.312,2.91667,0.270978,0.308978,14,1
hermes_uni_open,uo-240-240-100,104.812,2.5,0.282642,0.294194,12,0
hermes_uni_open,uo-240-240-100,105.312,2.70833,0.262317,0.302512,13,0
hermes_uni_open,uo-240-240-100,105.812,2.5,0.251013,0.276454,12,0
hermes_uni_open,uo-240-240-100,106.312,2.29167,0.263867,0.306162,11,0
hermes_uni_open,uo-240-240-100,106.812,2.5,0.272146,0.307534,12,0
hermes_uni_open,uo-240-240-100,107.312,2.29167,0.243733,0.267923,11,0
hermes_uni_open,uo-240-240-100,107.812,2.29167,0.220895,0.266865,11,0
hermes_uni_open,uo-240-240-100,108.312,2.5,0.240521,0.287115,12,0
hermes_uni_open,uo-240-240-100,108.812,2.29167,0.26916,0.316021,11,0
hermes_uni_open,uo-240-240-100,109.312,2.08333,0.274527,0.309609,10,0
hermes_uni_open,uo-240-240-100,109.812,2.08333,0.28694,0.335855,10,0
hermes_uni_open,uo-240-240-100,110.312,2.08333,0.280921,0.326386,10,0
hermes_uni_open,uo-240-240-100,110.812,2.08333,0.277981,0.333698,10,0
hermes_uni_open,uo-240-240-100,111.312,1.875,0.297608,0.337346,9,0
hermes_uni_open,uo-240-240-100,111.812,1.875,0.302866,0.353945,9,0
hermes_uni_open,uo-240-240-100,112.312,1.45833,0.279078,0.315157,7,0
hermes_uni_open,uo-240-240-100,112.812,1.25,0.314158,0.354208,6,0
hermes_uni_open,uo-240-240-100,113.312,1.25,0.344994,0.405062,6,0
hermes_uni_open,uo-240-240-100,113.812,1.04167,0.372276,0.390563,5,0
hermes_uni_open,uo-240-240-100,114.312,0.833333,0.391188,0.437432,4,0
hermes_uni_open,uo-240-240-100,114.812,0.833333,0.3584,0.385855,4,0
hermes_uni_open,uo-240-240-100,115.312,0.416667,0.367606,0.397338,2,0
hermes_uni_open,uo-240-240-100,115.812,0.208333,0.407252,0.417108,1,0
hermes_uni_open,uo-240-240-130,6.938,0.208333,1.72116,1.72216,1,0
hermes_uni_open,uo-240-240-130,7.438,0.416667,1.98542,1.98737,2,0
hermes_uni_open,uo-240-240-130,7.938,0.416667,1.6331,1.63361,2,0
hermes_uni_open,uo-240-240-130,8.438,0.833333,1.4196,1.42073,4,0
hermes_uni_open,uo-240-240-130,8.938,1.25,1.41345,1.41438,6,0
hermes_uni_open,uo-240-240-130,9.438,1.45833,1.37805,1.37887,7,0
hermes_uni_open,uo-240-240-130,9.938,1.66667,1.32561,1.32664,8,0
hermes_uni_open,uo-240-240-130,10.438,1.66667,1.30834,1.31091,8,0
hermes_uni_open,uo-240-240-130,10.938,1.45833,1.30178,1.30368,7,0
hermes_uni_open,uo-240-240-130,11.438,1.25,1.26805,1.26917,6,0
hermes_uni_open,uo-240-240-130,11.938,1.25,1.27416,1.27653,6,0
hermes_uni_open,uo-240-240-130,12.438,0.833333,1.26693,1.26855,4,0
hermes_uni_open,uo-240-240-130,12.938,1.04167,1.25677,1.25691,5,0
hermes_uni_open,uo-240-240-130,13.438,1.04167,1.25673,1.25887,5,0
hermes_uni_open,uo-240-240-130,13.938,1.45833,1.2111,1.21221,7,0
hermes_uni_open,uo-240-240-130,14.438,1.25,1.17165,1.17362,6,0
hermes_uni_open,uo-240-240-130,14.938,1.875,1.14702,1.14837,9,0
hermes_uni_open,uo-240-240-130,15.438,1.875,1.12548,1.12706,9,0
hermes_uni_open,uo-240-240-130,15.938,1.875,1.11847,1.12143,9,1
hermes_uni_open,uo-240-240-130,16.438,1.875,1.07852,1.08201,9,1
hermes_uni_open,uo-240-240-130,16.938,1.66667,1.00571,1.00653,8,1
hermes_uni_open,uo-240-240-130,17.438,1.66667,1.01508,1.0168,8,1
hermes_uni_open,uo-240-240-130,17.938,2.08333,0.964051,0.965315,10,1
hermes_uni_open,uo-240-240-130,18.438,1.875,0.950255,0.952283,9,1
hermes_uni_open,uo-240-240-130,18.938,2.08333,0.906106,0.911312,10,1
hermes_uni_open,uo-240-240-130,19.438,1.875,0.889529,0.893644,9,1
hermes_uni_open,uo-240-240-130,19.938,2.08333,0.823904,0.827846,10,1
hermes_uni_open,uo-240-240-130,20.438,1.875,0.826068,0.827096,9,1
hermes_uni_open,uo-240-240-130,20.938,2.5,0.773409,0.775505,12,1
hermes_uni_open,uo-240-240-130,21.438,2.29167,0.724343,0.729765,11,1
hermes_uni_open,uo-240-240-130,21.938,2.08333,0.679413,0.68279,10,1
hermes_uni_open,uo-240-240-130,22.438,2.5,0.656931,0.661505,12,1
hermes_uni_open,uo-240-240-130,22.938,2.70833,0.634358,0.640406,13,1
hermes_uni_open,uo-240-240-130,23.438,2.29167,0.611076,0.617352,11,1
hermes_uni_open,uo-240-240-130,23.938,2.29167,0.556855,0.569814,11,1
hermes_uni_open,uo-240-240-130,24.438,2.5,0.515044,0.536112,12,1
hermes_uni_open,uo-240-240-130,24.938,2.70833,0.487012,0.513543,13,1
hermes_uni_open,uo-240-240-130,25.438,2.91667,0.468485,0.483465,14,1
hermes_uni_open,uo-240-240-130,25.938,2.91667,0.428348,0.443404,14,1
hermes_uni_open,uo-240-240-130,26.438,3.125,0.431061,0.437621,15,1
hermes_uni_open,uo-240-240-130,26.938,2.91667,0.440711,0.447422,14,1
hermes_uni_open,uo-240-240-130,27.438,2.91667,0.433812,0.438977,14,1
hermes_uni_open,uo-240-240-130,27.938,2.91667,0.432806,0.443041,14,1
hermes_uni_open,uo-240-240-130,28.438,2.70833,0.40449,0.408069,13,1
hermes_uni_open,uo-240-240-130,28.938,2.70833,0.417483,0.433458,13,1
hermes_uni_open,uo-240-240-130,29.438,2.5,0.419579,0.42826,12,1
hermes_uni_open,uo-240-240-130,29.938,2.5,0.434969,0.443591,12,1
hermes_uni_open,uo-240-240-130,30.438,2.70833,0.451674,0.467959,13,1
hermes_uni_open,uo-240-240-130,30.938,2.5,0.459101,0.470296,12,1
hermes_uni_open,uo-240-240-130,31.438,2.29167,0.445279,0.451313,11,1
hermes_uni_open,uo-240-240-130,31.938,2.29167,0.441176,0.453808,11,1
hermes_uni_open,uo-240-240-130,32.438,2.29167,0.438436,0.457487,11,1
hermes_uni_open,uo-240-240-130,32.938,2.29167,0.463935,0.46801,11,1
hermes_uni_open,uo-240-240-130,33.438,2.5,0.480588,0.493877,12,1
hermes_uni_open,uo-240-240-130,33.938,2.5,0.461235,0.470779,12,1
hermes_uni_open,uo-240-240-130,34.438,2.29167,0.425907,0.435148,11,1
hermes_uni_open,uo-240-240-130,34.938,2.29167,0.460955,0.469114,11,1
hermes_uni_open,uo-240-240-130,35.438,2.29167,0.477474,0.480628,11,1
hermes_uni_open,uo-240-240-130,35.938,2.29167,0.449053,0.454263,11,1
hermes_uni_open,uo-240-240-130,36.438,2.29167,0.419216,0.431896,11,1
hermes_uni_open,uo-240-240-130,36.938,2.29167,0.425582,0.430351,11,1
hermes_uni_open,uo-240-240-130,37.438,1.875,0.444893,0.452533,9,1
hermes_uni_open,uo-240-240-130,37.938,2.29167,0.460878,0.465734,11,1
hermes_uni_open,uo-240-240-130,38.438,2.08333,0.440068,0.450232,10,1
hermes_uni_open,uo-240-240-130,38.938,2.08333,0.461964,0.471956,10,1
hermes_uni_open,uo-240-240-130,39.438,2.29167,0.489153,0.493258,11,1
hermes_uni_open,uo-240-240-130,39.938,2.5,0.493742,0.498433,12,1
hermes_uni_open,uo-240-240-130,40.438,2.29167,0.510823,0.516016,11,1
hermes_uni_open,uo-240-240-130,40.938,2.08333,0.524043,0.532361,10,1
hermes_uni_open,uo-240-240-130,41.438,1.875,0.498155,0.509502,9,1
hermes_uni_open,uo-240-240-130,41.938,2.29167,0.476696,0.485824,11,1
hermes_uni_open,uo-240-240-130,42.438,2.29167,0.4804,0.48898,11,1
hermes_uni_open,uo-240-240-130,42.938,2.08333,0.470671,0.48743,10,1
hermes_uni_open,uo-240-240-130,43.438,2.5,0.471512,0.478031,12,1
hermes_uni_open,uo-240-240-130,43.938,2.29167,0.45481,0.472633,11,1
hermes_uni_open,uo-240-240-130,44.438,2.29167,0.457534,0.462799,11,1
hermes_uni_open,uo-240-240-130,44.938,2.5,0.47865,0.491831,12,1
hermes_uni_open,uo-240-240-130,45.438,2.08333,0.458149,0.470903,10,1
hermes_uni_open,uo-240-240-130,45.938,2.08333,0.469721,0.489358,10,1
hermes_uni_open,uo-240-240-130,46.438,2.29167,0.485423,0.494264,11,1
hermes_uni_open,uo-240-240-130,46.938,1.875,0.459081,0.471031,9,1
hermes_uni_open,uo-240-240-130,47.438,1.45833,0.452157,0.460036,7,1
hermes_uni_open,uo-240-240-130,47.938,1.66667,0.466474,0.486824,8,1
hermes_uni_open,uo-240-240-130,48.438,2.08333,0.452329,0.465891,10,1
hermes_uni_open,uo-240-240-130,48.938,2.08333,0.484981,0.50094,10,1
hermes_uni_open,uo-240-240-130,49.438,2.08333,0.475604,0.49183,10,1
hermes_uni_open,uo-240-240-130,49.938,2.08333,0.493854,0.50897,10,1
hermes_uni_open,uo-240-240-130,50.438,1.875,0.464412,0.47822,9,1
hermes_uni_open,uo-240-240-130,50.938,2.5,0.473058,0.490261,12,1
hermes_uni_open,uo-240-240-130,51.438,2.29167,0.496398,0.504291,11,1
hermes_uni_open,uo-240-240-130,51.938,2.29167,0.476893,0.506441,11,1
hermes_uni_open,uo-240-240-130,52.438,2.5,0.490445,0.49774,12,1
hermes_uni_open,uo-240-240-130,52.938,2.08333,0.496937,0.507856,10,1
hermes_uni_open,uo-240-240-130,53.438,2.5,0.495689,0.500167,12,1
hermes_uni_open,uo-240-240-130,53.938,2.5,0.504402,0.517413,12,1
hermes_uni_open,uo-240-240-130,54.438,2.5,0.512061,0.525624,12,1
hermes_uni_open,uo-240-240-130,54.938,2.91667,0.528679,0.533617,14,1
hermes_uni_open,uo-240-240-130,55.438,2.70833,0.540222,0.551138,13,1
hermes_uni_open,uo-240-240-130,55.938,2.5,0.563891,0.572296,12,1
hermes_uni_open,uo-240-240-130,56.438,2.29167,0.541564,0.549823,11,1
hermes_uni_open,uo-240-240-130,56.938,2.29167,0.52071,0.528734,11,1
hermes_uni_open,uo-240-240-130,57.438,2.5,0.525813,0.532938,12,1
hermes_uni_open,uo-240-240-130,57.938,2.70833,0.53991,0.544978,13,1
hermes_uni_open,uo-240-240-130,58.438,2.29167,0.540931,0.549083,11,1
hermes_uni_open,uo-240-240-130,58.938,2.29167,0.530664,0.535153,11,1
hermes_uni_open,uo-240-240-130,59.438,2.29167,0.497497,0.507405,11,1
hermes_uni_open,uo-240-240-130,59.938,2.70833,0.477527,0.486598,13,1
hermes_uni_open,uo-240-240-130,60.438,2.5,0.458293,0.47312,12,1
hermes_uni_open,uo-240-240-130,60.938,2.70833,0.44369,0.454894,13,1
hermes_uni_open,uo-240-240-130,61.438,2.91667,0.463823,0.475907,14,1
hermes_uni_open,uo-240-240-130,61.938,2.29167,0.474414,0.479704,11,1
hermes_uni_open,uo-240-240-130,62.438,2.70833,0.480161,0.488089,13,1
hermes_uni_open,uo-240-240-130,62.938,2.70833,0.500025,0.505695,13,1
hermes_uni_open,uo-240-240-130,63.438,2.70833,0.482454,0.49103,13,1
hermes_uni_open,uo-240-240-130,63.938,2.5,0.464989,0.471329,12,1
hermes_uni_open,uo-240-240-130,64.438,2.70833,0.481059,0.488732,13,1
hermes_uni_open,uo-240-240-130,64.938,2.5,0.475399,0.480978,12,1
hermes_uni_open,uo-240-240-130,65.438,2.29167,0.455604,0.471499,11,1
hermes_uni_open,uo-240-240-130,65.938,2.5,0.457335,0.466634,12,1
hermes_uni_open,uo-240-240-130,66.438,2.91667,0.450637,0.465129,14,1
hermes_uni_open,uo-240-240-130,66.938,2.5,0.444509,0.454756,12,1
hermes_uni_open,uo-240-240-130,67.438,2.29167,0.45294,0.460926,11,1
hermes_uni_open,uo-240-240-130,67.938,2.70833,0.439004,0.449255,13,1
hermes_uni_open,uo-240-240-130,68.438,2.5,0.427919,0.435692,12,1
hermes_uni_open,uo-240-240-130,68.938,2.70833,0.406631,0.413441,13,1
hermes_uni_open,uo-240-240-130,69.438,2.70833,0.432125,0.442554,13,1
hermes_uni_open,uo-240-240-130,69.938,2.91667,0.438689,0.447536,14,1
hermes_uni_open,uo-240-240-130,70.438,2.70833,0.425694,0.434419,13,1
hermes_uni_open,uo-240-240-130,70.938,2.5,0.420296,0.428652,12,1
hermes_uni_open,uo-240-240-130,71.438,2.70833,0.40411,0.418513,13,1
hermes_uni_open,uo-240-240-130,71.938,3.125,0.381603,0.387548,15,1
hermes_uni_open,uo-240-240-130,72.438,2.70833,0.365948,0.382613,13,1
hermes_uni_open,uo-240-240-130,72.938,2.70833,0.365651,0.377093,13,1
hermes_uni_open,uo-240-240-130,73.438,2.70833,0.376151,0.385695,13,1
hermes_uni_open,uo-240-240-130,73.938,2.91667,0.369369,0.3867,14,1
hermes_uni_open,uo-240-240-130,74.438,2.91667,0.354638,0.363928,14,1
hermes_uni_open,uo-240-240-130,74.938,2.5,0.372429,0.392141,12,1
hermes_uni_open,uo-240-240-130,75.438,2.29167,0.383411,0.394589,11,1
hermes_uni_open,uo-240-240-130,75.938,2.5,0.398858,0.409684,12,1
hermes_uni_open,uo-240-240-130,76.438,2.08333,0.389252,0.400252,10,1
hermes_uni_open,uo-240-240-130,76.938,2.29167,0.368859,0.382594,11,1
hermes_uni_open,uo-240-240-130,77.438,2.29167,0.389749,0.409099,11,1
hermes_uni_open,uo-240-240-130,77.938,2.5,0.417428,0.433457,12,1
hermes_uni_open,uo-240-240-130,78.438,2.5,0.430792,0.442272,12,1
hermes_uni_open,uo-240-240-130,78.938,2.5,0.433255,0.446265,12,1
hermes_uni_open,uo-240-240-130,79.438,2.70833,0.419994,0.428139,13,1
hermes_uni_open,uo-240-240-130,79.938,2.91667,0.401274,0.414596,14,1
hermes_uni_open,uo-240-240-130,80.438,2.91667,0.394589,0.406411,14,1
hermes_uni_open,uo-240-240-130,80.938,2.70833,0.410536,0.417388,13,1
hermes_uni_open,uo-240-240-130,81.438,2.91667,0.432532,0.444402,14,1
hermes_uni_open,uo-240-240-130,81.938,3.125,0.416459,0.42735,15,1
hermes_uni_open,uo-240-240-130,82.438,2.70833,0.410488,0.415316,13,1
hermes_uni_open,uo-240-240-130,82.938,3.33333,0.430917,0.444321,16,1
hermes_uni_open,uo-240-240-130,83.438,2.91667,0.427053,0.436391,14,1
hermes_uni_open,uo-240-240-130,83.938,3.125,0.422284,0.433457,15,1
hermes_uni_open,uo-240-240-130,84.438,2.91667,0.450937,0.45658,14,1
hermes_uni_open,uo-240-240-130,84.938,2.70833,0.450792,0.459571,13,1
hermes_uni_open,uo-240-240-130,85.438,3.125,0.461005,0.475068,15,1
hermes_uni_open,uo-240-240-130,85.938,2.70833,0.453455,0.460631,13,1
hermes_uni_open,uo-240-240-130,86.438,2.5,0.430095,0.44769,12,0
hermes_uni_open,uo-240-240-130,86.938,2.5,0.413409,0.426096,12,0
hermes_uni_open,uo-240-240-130,87.438,2.08333,0.396242,0.411922,10,0
hermes_uni_open,uo-240-240-130,87.938,1.875,0.390821,0.40853,9,0
hermes_uni_open,uo-240-240-130,88.438,1.875,0.390682,0.403742,9,0
hermes_uni_open,uo-240-240-130,88.938,1.45833,0.411725,0.426988,7,0
hermes_uni_open,uo-240-240-130,89.438,1.875,0.44191,0.475038,9,0
hermes_uni_open,uo-240-240-130,89.938,1.45833,0.458731,0.490279,7,0
hermes_uni_open,uo-240-240-130,90.438,1.04167,0.445707,0.499937,5,0
hermes_uni_open,uo-240-240-130,90.938,1.25,0.471163,0.491148,6,0
hermes_uni_open,uo-240-240-130,91.438,1.25,0.43944,0.451689,6,0
hermes_uni_open,uo-240-240-130,91.938,1.25,0.428355,0.442317,6,0
hermes_uni_open,uo-240-240-130,92.438,1.25,0.478154,0.485529,6,0
hermes_uni_open,uo-240-240-130,92.938,0.833333,0.46206,0.49056,4,0
hermes_uni_open,uo-240-240-130,93.438,0.625,0.425904,0.432337,3,0
hermes_uni_open,uo-240-240-130,93.938,0.416667,0.428363,0.433943,2,0
hermes_uni_open,uo-240-240-130,94.438,0.416667,0.433822,0.509262,2,0
hermes_uni_open,uo-240-240-130,94.938,0.208333,0.468705,0.469038,1,0
hermes_uni_open,uo-240-240-160,26.438,0.208333,1.77258,1.77333,1,0
hermes_uni_open,uo-240-240-160,26.938,0.208333,1.77824,1.779,1,0
hermes_uni_open,uo-240-240-160,27.438,0.625,1.67145,1.67178,3,0
hermes_uni_open,uo-240-240-160,27.938,1.04167,1.61384,1.61441,5,0
hermes_uni_open,uo-240-240-160,28.438,0.833333,1.58796,1.5888,4,0
hermes_uni_open,uo-240-240-160,28.938,1.04167,1.54233,1.54377,5,0
hermes_uni_open,uo-240-240-160,29.438,1.04167,1.50473,1.50591,5,0
hermes_uni_open,uo-240-240-160,29.938,1.25,1.43262,1.43408,6,0
hermes_uni_open,uo-240-240-160,30.438,1.45833,1.41121,1.41213,7,0
hermes_uni_open,uo-240-240-160,30.938,1.45833,1.36855,1.36984,7,0
hermes_uni_open,uo-240-240-160,31.438,1.04167,1.29092,1.29394,5,0
hermes_uni_open,uo-240-240-160,31.938,0.833333,1.2012,1.20321,4,0
hermes_uni_open,uo-240-240-160,32.438,1.25,1.27427,1.27862,6,0
hermes_uni_open,uo-240-240-160,32.938,1.25,1.26527,1.26806,6,0
hermes_uni_open,uo-240-240-160,33.438,1.45833,1.25013,1.25281,7,0
hermes_uni_open,uo-240-240-160,33.938,1.45833,1.2554,1.25901,7,0
hermes_uni_open,uo-240-240-160,34.438,1.25,1.23459,1.24016,6,0
hermes_uni_open,uo-240-240-160,34.938,1.66667,1.20903,1.21299,8,0
hermes_uni_open,uo-240-240-160,35.438,1.66667,1.20545,1.20675,8,1
hermes_uni_open,uo-240-240-160,35.938,1.45833,1.15834,1.16006,7,1
hermes_uni_open,uo-240-240-160,36.438,1.45833,1.11134,1.11177,7,1
hermes_uni_open,uo-240-240-160,36.938,1.45833,1.09302,1.09414,7,1
hermes_uni_open,uo-240-240-160,37.438,1.66667,1.07031,1.0712,8,1
hermes_uni_open,uo-240-240-160,37.938,1.66667,1.02615,1.02924,8,1
hermes_uni_open,uo-240-240-160,38.438,1.45833,1.03555,1.03722,7,1
hermes_uni_open,uo-240-240-160,38.938,1.45833,1.05154,1.05295,7,1
hermes_uni_open,uo-240-240-160,39.438,1.66667,1.03881,1.04257,8,1
hermes_uni_open,uo-240-240-160,39.938,1.66667,1.01229,1.01413,8,1
hermes_uni_open,uo-240-240-160,40.438,1.45833,1.00113,1.00235,7,1
hermes_uni_open,uo-240-240-160,40.938,1.45833,0.987216,0.988559,7,1
hermes_uni_open,uo-240-240-160,41.438,1.875,0.954674,0.956101,9,1
hermes_uni_open,uo-240-240-160,41.938,1.875,0.965106,0.966766,9,1
hermes_uni_open,uo-240-240-160,42.438,1.45833,0.96422,0.965324,7,1
hermes_uni_open,uo-240-240-160,42.938,1.875,0.935463,0.935701,9,1
hermes_uni_open,uo-240-240-160,43.438,1.66667,0.873651,0.874708,8,1
hermes_uni_open,uo-240-240-160,43.938,1.875,0.871652,0.873311,9,1
hermes_uni_open,uo-240-240-160,44.438,1.875,0.863252,0.86685,9,1
hermes_uni_open,uo-240-240-160,44.938,2.29167,0.844402,0.847001,11,1
hermes_uni_open,uo-240-240-160,45.438,1.875,0.827268,0.829402,9,1
hermes_uni_open,uo-240-240-160,45.938,2.08333,0.820914,0.822298,10,1
hermes_uni_open,uo-240-240-160,46.438,1.875,0.808032,0.8106,9,1
hermes_uni_open,uo-240-240-160,46.938,2.08333,0.779978,0.782398,10,1
hermes_uni_open,uo-240-240-160,47.438,1.66667,0.78373,0.785589,8,1
hermes_uni_open,uo-240-240-160,47.938,2.29167,0.731919,0.733544,11,1
hermes_uni_open,uo-240-240-160,48.438,1.875,0.678573,0.682905,9,1
hermes_uni_open,uo-240-240-160,48.938,1.875,0.667409,0.669307,9,1
hermes_uni_open,uo-240-240-160,49.438,1.875,0.640526,0.645309,9,1
hermes_uni_open,uo-240-240-160,49.938,1.875,0.627879,0.638887,9,1
hermes_uni_open,uo-240-240-160,50.438,2.08333,0.595663,0.599451,10,1
hermes_uni_open,uo-240-240-160,50.938,1.66667,0.584566,0.593432,8,1
hermes_uni_open,uo-240-240-160,51.438,2.29167,0.585438,0.58876,11,1
hermes_uni_open,uo-240-240-160,51.938,2.08333,0.56512,0.572146,10,1
hermes_uni_open,uo-240-240-160,52.438,2.29167,0.550167,0.556079,11,1
hermes_uni_open,uo-240-240-160,52.938,2.29167,0.550837,0.562547,11,1
hermes_uni_open,uo-240-240-160,53.438,2.08333,0.55122,0.556447,10,1
hermes_uni_open,uo-240-240-160,53.938,2.5,0.548683,0.557289,12,1
hermes_uni_open,uo-240-240-160,54.438,2.5,0.566016,0.572379,12,1
hermes_uni_open,uo-240-240-160,54.938,2.29167,0.583775,0.58804,11,1
hermes_uni_open,uo-240-240-160,55.438,2.70833,0.608991,0.613495,13,1
hermes_uni_open,uo-240-240-160,55.938,2.70833,0.604046,0.610054,13,1
hermes_uni_open,uo-240-240-160,56.438,2.70833,0.608676,0.612231,13,1
hermes_uni_open,uo-240-240-160,56.938,2.70833,0.614219,0.616756,13,1
hermes_uni_open,uo-240-240-160,57.438,2.29167,0.624805,0.626564,11,1
hermes_uni_open,uo-240-240-160,57.938,2.29167,0.626988,0.634962,11,1
hermes_uni_open,uo-240-240-160,58.438,2.29167,0.651107,0.656918,11,1
hermes_uni_open,uo-240-240-160,58.938,2.08333,0.652166,0.65836,10,1
hermes_uni_open,uo-240-240-160,59.438,1.875,0.665545,0.668039,9,1
hermes_uni_open,uo-240-240-160,59.938,1.45833,0.631786,0.641074,7,1
hermes_uni_open,uo-240-240-160,60.438,1.66667,0.66123,0.665157,8,1
hermes_uni_open,uo-240-240-160,60.938,1.66667,0.67943,0.689432,8,1
hermes_uni_open,uo-240-240-160,61.438,1.875,0.694066,0.697537,9,1
hermes_uni_open,uo-240-240-160,61.938,1.66667,0.675729,0.682471,8,1
hermes_uni_open,uo-240-240-160,62.438,1.875,0.651399,0.659894,9,1
hermes_uni_open,uo-240-240-160,62.938,1.66667,0.653986,0.661053,8,1
hermes_uni_open,uo-240-240-160,63.438,1.875,0.646483,0.649797,9,1
hermes_uni_open,uo-240-240-160,63.938,2.08333,0.664515,0.671827,10,1
hermes_uni_open,uo-240-240-160,64.438,1.875,0.67916,0.682134,9,1
hermes_uni_open,uo-240-240-160,64.938,2.08333,0.677379,0.67891,10,1
hermes_uni_open,uo-240-240-160,65.438,2.29167,0.692848,0.696542,11,1
hermes_uni_open,uo-240-240-160,65.938,2.5,0.678369,0.681864,12,1
hermes_uni_open,uo-240-240-160,66.438,2.5,0.665006,0.670649,12,1
hermes_uni_open,uo-240-240-160,66.938,2.29167,0.635965,0.641959,11,1
hermes_uni_open,uo-240-240-160,67.438,2.5,0.635875,0.641952,12,1
hermes_uni_open,uo-240-240-160,67.938,2.70833,0.597562,0.603186,13,1
hermes_uni_open,uo-240-240-160,68.438,2.29167,0.603285,0.608057,11,1
hermes_uni_open,uo-240-240-160,68.938,2.5,0.618677,0.621405,12,1
hermes_uni_open,uo-240-240-160,69.438,2.29167,0.587462,0.590834,11,1
hermes_uni_open,uo-240-240-160,69.938,1.875,0.568407,0.570723,9,1
hermes_uni_open,uo-240-240-160,70.438,2.08333,0.570583,0.572576,10,1
hermes_uni_open,uo-240-240-160,70.938,2.08333,0.558137,0.563584,10,1
hermes_uni_open,uo-240-240-160,71.438,1.875,0.589859,0.592781,9,1
hermes_uni_open,uo-240-240-160,71.938,1.66667,0.586008,0.587758,8,1
hermes_uni_open,uo-240-240-160,72.438,1.66667,0.565468,0.578138,8,1
hermes_uni_open,uo-240-240-160,72.938,2.29167,0.540083,0.549445,11,1
hermes_uni_open,uo-240-240-160,73.438,2.29167,0.546349,0.561157,11,1
hermes_uni_open,uo-240-240-160,73.938,1.875,0.548486,0.564482,9,1
hermes_uni_open,uo-240-240-160,74.438,2.08333,0.556048,0.565031,10,1
hermes_uni_open,uo-240-240-160,74.938,2.29167,0.548099,0.557561,11,1
hermes_uni_open,uo-240-240-160,75.438,2.29167,0.556652,0.566836,11,1
hermes_uni_open,uo-240-240-160,75.938,2.08333,0.568957,0.572129,10,1
hermes_uni_open,uo-240-240-160,76.438,2.5,0.569519,0.575383,12,1
hermes_uni_open,uo-240-240-160,76.938,1.875,0.557745,0.5652,9,1
hermes_uni_open,uo-240-240-160,77.438,2.70833,0.563363,0.567876,13,1
hermes_uni_open,uo-240-240-160,77.938,2.70833,0.559988,0.567659,13,1
hermes_uni_open,uo-240-240-160,78.438,2.29167,0.556091,0.560412,11,1
hermes_uni_open,uo-240-240-160,78.938,2.29167,0.557878,0.562673,11,1
hermes_uni_open,uo-240-240-160,79.438,2.5,0.541865,0.543894,12,1
hermes_uni_open,uo-240-240-160,79.938,2.08333,0.573225,0.57607,10,1
hermes_uni_open,uo-240-240-160,80.438,2.70833,0.622656,0.624713,13,1
hermes_uni_open,uo-240-240-160,80.938,2.5,0.635325,0.638817,12,1
hermes_uni_open,uo-240-240-160,81.438,2.29167,0.607993,0.613682,11,1
hermes_uni_open,uo-240-240-160,81.938,2.5,0.618394,0.62068,12,1
hermes_uni_open,uo-240-240-160,82.438,2.08333,0.595075,0.601499,10,1
hermes_uni_open,uo-240-240-160,82.938,2.29167,0.621252,0.628201,11,1
hermes_uni_open,uo-240-240-160,83.438,2.29167,0.619099,0.621308,11,1
hermes_uni_open,uo-240-240-160,83.938,2.5,0.595615,0.597806,12,1
hermes_uni_open,uo-240-240-160,84.438,2.5,0.574036,0.582188,12,1
hermes_uni_open,uo-240-240-160,84.938,2.08333,0.568148,0.572948,10,1
hermes_uni_open,uo-240-240-160,85.438,2.5,0.587722,0.590477,12,1
hermes_uni_open,uo-240-240-160,85.938,2.29167,0.579547,0.585513,11,1
hermes_uni_open,uo-240-240-160,86.438,1.875,0.571485,0.575817,9,1
hermes_uni_open,uo-240-240-160,86.938,2.29167,0.570668,0.575831,11,1
hermes_uni_open,uo-240-240-160,87.438,2.29167,0.554363,0.558318,11,1
hermes_uni_open,uo-240-240-160,87.938,2.08333,0.560558,0.568332,10,1
hermes_uni_open,uo-240-240-160,88.438,2.08333,0.573698,0.58082,10,1
hermes_uni_open,uo-240-240-160,88.938,1.875,0.530652,0.536735,9,1
hermes_uni_open,uo-240-240-160,89.438,1.875,0.537184,0.542392,9,1
hermes_uni_open,uo-240-240-160,89.938,2.29167,0.563665,0.571516,11,1
hermes_uni_open,uo-240-240-160,90.438,2.29167,0.563883,0.570305,11,1
hermes_uni_open,uo-240-240-160,90.938,1.875,0.571872,0.577298,9,1
hermes_uni_open,uo-240-240-160,91.438,2.29167,0.554383,0.561392,11,1
hermes_uni_open,uo-240-240-160,91.938,2.08333,0.551973,0.560898,10,1
hermes_uni_open,uo-240-240-160,92.438,1.875,0.509254,0.522808,9,1
hermes_uni_open,uo-240-240-160,92.938,2.08333,0.500726,0.50869,10,1
hermes_uni_open,uo-240-240-160,93.438,1.875,0.504199,0.510339,9,1
hermes_uni_open,uo-240-240-160,93.938,2.08333,0.52951,0.53791,10,1
hermes_uni_open,uo-240-240-160,94.438,2.08333,0.513033,0.526308,10,1
hermes_uni_open,uo-240-240-160,94.938,1.875,0.530117,0.537012,9,1
hermes_uni_open,uo-240-240-160,95.438,2.5,0.560899,0.564889,12,1
hermes_uni_open,uo-240-240-160,95.938,2.08333,0.541115,0.551685,10,1
hermes_uni_open,uo-240-240-160,96.438,2.08333,0.54784,0.551618,10,1
hermes_uni_open,uo-240-240-160,96.938,2.08333,0.520233,0.527816,10,1
hermes_uni_open,uo-240-240-160,97.438,2.29167,0.526677,0.529455,11,1
hermes_uni_open,uo-240-240-160,97.938,2.29167,0.523851,0.528953,11,1
hermes_uni_open,uo-240-240-160,98.438,2.5,0.552888,0.560267,12,1
hermes_uni_open,uo-240-240-160,98.938,2.29167,0.541312,0.560204,11,1
hermes_uni_open,uo-240-240-160,99.438,2.08333,0.55035,0.558165,10,1
hermes_uni_open,uo-240-240-160,99.938,2.5,0.564477,0.57317,12,1
hermes_uni_open,uo-240-240-160,100.438,2.29167,0.536527,0.546071,11,1
hermes_uni_open,uo-240-240-160,100.938,2.08333,0.537579,0.545326,10,1
hermes_uni_open,uo-240-240-160,101.438,2.29167,0.586143,0.596022,11,1
hermes_uni_open,uo-240-240-160,101.938,2.08333,0.592322,0.600549,10,1
hermes_uni_open,uo-240-240-160,102.438,1.875,0.580035,0.586851,9,1
hermes_uni_open,uo-240-240-160,102.938,1.875,0.577363,0.581478,9,1
hermes_uni_open,uo-240-240-160,103.438,1.45833,0.574571,0.582203,7,1
hermes_uni_open,uo-240-240-160,103.938,1.66667,0.592083,0.596974,8,1
hermes_uni_open,uo-240-240-160,104.438,1.66667,0.59026,0.597892,8,1
hermes_uni_open,uo-240-240-160,104.938,1.25,0.586302,0.592549,6,1
hermes_uni_open,uo-240-240-160,105.438,1.875,0.595182,0.602942,9,1
hermes_uni_open,uo-240-240-160,105.938,1.875,0.558865,0.565499,9,1
hermes_uni_open,uo-240-240-160,106.438,1.875,0.566459,0.574383,9,1
hermes_uni_open,uo-240-240-160,106.938,1.875,0.592773,0.599349,9,0
hermes_uni_open,uo-240-240-160,107.438,2.08333,0.556453,0.570397,10,0
hermes_uni_open,uo-240-240-160,107.938,2.08333,0.587866,0.592141,10,0
hermes_uni_open,uo-240-240-160,108.438,1.66667,0.595481,0.601611,8,0
hermes_uni_open,uo-240-240-160,108.938,1.66667,0.574725,0.582157,8,0
hermes_uni_open,uo-240-240-160,109.438,1.875,0.552157,0.561399,9,0
hermes_uni_open,uo-240-240-160,109.938,1.66667,0.56959,0.574111,8,0
hermes_uni_open,uo-240-240-160,110.438,1.66667,0.592676,0.596126,8,0
hermes_uni_open,uo-240-240-160,110.938,1.66667,0.58926,0.599928,8,0
hermes_uni_open,uo-240-240-160,111.438,1.66667,0.570691,0.573939,8,0
hermes_uni_open,uo-240-240-160,111.938,1.45833,0.578134,0.589555,7,0
hermes_uni_open,uo-240-240-160,112.438,1.25,0.589879,0.594597,6,0
hermes_uni_open,uo-240-240-160,112.938,1.04167,0.590882,0.595452,5,0
hermes_uni_open,uo-240-240-160,113.438,1.25,0.615398,0.617954,6,0
hermes_uni_open,uo-240-240-160,113.938,1.04167,0.622865,0.631005,5,0
hermes_uni_open,uo-240-240-160,114.438,0.625,0.631697,0.633119,3,0
hermes_uni_open,uo-240-240-160,114.938,0.416667,0.657295,0.659138,2,0
hermes_uni_open,uo-240-240-160,115.438,0.416667,0.669227,0.675421,2,0
hermes_uni_open,uo-240-240-240,11.375,0.208333,1.65391,1.65392,1,0
hermes_uni_open,uo-240-240-240,11.875,0.416667,1.69526,1.69552,2,0
hermes_uni_open,uo-240-240-240,12.375,0.625,1.67297,1.67356,3,0
hermes_uni_open,uo-240-240-240,12.875,0.416667,1.57524,1.57623,2,0
hermes_uni_open,uo-240-240-240,13.375,1.25,1.49738,1.49752,6,0
hermes_uni_open,uo-240-240-240,13.875,1.25,1.41269,1.4133,6,0
hermes_uni_open,uo-240-240-240,14.375,1.45833,1.35519,1.35617,7,0
hermes_uni_open,uo-240-240-240,14.875,1.45833,1.36635,1.36756,7,0
hermes_uni_open,uo-240-240-240,15.375,1.45833,1.36155,1.36367,7,0
hermes_uni_open,uo-240-240-240,15.875,1.04167,1.35192,1.35285,5,0
hermes_uni_open,uo-240-240-240,16.375,1.25,1.38413,1.38784,6,0
hermes_uni_open,uo-240-240-240,16.875,1.25,1.2911,1.29436,6,0
hermes_uni_open,uo-240-240-240,17.375,1.45833,1.30378,1.30547,7,0
hermes_uni_open,uo-240-240-240,17.875,1.66667,1.26239,1.26374,8,0
hermes_uni_open,uo-240-240-240,18.375,1.45833,1.28635,1.2876,7,1
hermes_uni_open,uo-240-240-240,18.875,1.45833,1.27401,1.27487,7,1
hermes_uni_open,uo-240-240-240,19.375,0.833333,1.284,1.28426,4,1
hermes_uni_open,uo-240-240-240,19.875,1.04167,1.24342,1.24431,5,1
hermes_uni_open,uo-240-240-240,20.375,1.04167,1.21916,1.21981,5,1
hermes_uni_open,uo-240-240-240,20.875,1.66667,1.23317,1.23396,8,1
hermes_uni_open,uo-240-240-240,21.375,1.45833,1.2147,1.21529,7,1
hermes_uni_open,uo-240-240-240,21.875,1.66667,1.1771,1.17753,8,1
hermes_uni_open,uo-240-240-240,22.375,1.875,1.16596,1.16694,9,1
hermes_uni_open,uo-240-240-240,22.875,1.875,1.17248,1.17324,9,1
hermes_uni_open,uo-240-240-240,23.375,1.875,1.16898,1.16958,9,1
hermes_uni_open,uo-240-240-240,23.875,1.875,1.14355,1.14479,9,1
hermes_uni_open,uo-240-240-240,24.375,1.66667,1.17643,1.17843,8,1
hermes_uni_open,uo-240-240-240,24.875,1.45833,1.16984,1.17029,7,1
hermes_uni_open,uo-240-240-240,25.375,1.25,1.1302,1.13216,6,1
hermes_uni_open,uo-240-240-240,25.875,1.45833,1.0884,1.08976,7,1
hermes_uni_open,uo-240-240-240,26.375,1.45833,1.10813,1.10947,7,1
hermes_uni_open,uo-240-240-240,26.875,1.875,1.08995,1.09104,9,1
hermes_uni_open,uo-240-240-240,27.375,1.45833,1.06615,1.06996,7,1
hermes_uni_open,uo-240-240-240,27.875,1.875,1.081,1.08332,9,1
hermes_uni_open,uo-240-240-240,28.375,1.66667,1.08027,1.08257,8,1
hermes_uni_open,uo-240-240-240,28.875,1.45833,1.10209,1.10415,7,1
hermes_uni_open,uo-240-240-240,29.375,1.45833,1.08436,1.08661,7,1
hermes_uni_open,uo-240-240-240,29.875,1.04167,1.01976,1.02153,5,1
hermes_uni_open,uo-240-240-240,30.375,1.45833,1.00588,1.00681,7,1
hermes_uni_open,uo-240-240-240,30.875,1.66667,0.989428,0.98982,8,1
hermes_uni_open,uo-240-240-240,31.375,1.875,0.998899,1.00014,9,1
hermes_uni_open,uo-240-240-240,31.875,1.66667,1.01867,1.01914,8,1
hermes_uni_open,uo-240-240-240,32.375,1.66667,1.0185,1.01977,8,1
hermes_uni_open,uo-240-240-240,32.875,1.66667,1.01114,1.01305,8,1
hermes_uni_open,uo-240-240-240,33.375,1.66667,0.987122,0.989283,8,1
hermes_uni_open,uo-240-240-240,33.875,2.08333,1.0036,1.00454,10,1
hermes_uni_open,uo-240-240-240,34.375,1.66667,1.01253,1.01373,8,1
hermes_uni_open,uo-240-240-240,34.875,2.08333,0.972359,0.973647,10,1
hermes_uni_open,uo-240-240-240,35.375,1.875,0.971132,0.972775,9,1
hermes_uni_open,uo-240-240-240,35.875,1.875,0.929708,0.930829,9,1
hermes_uni_open,uo-240-240-240,36.375,1.875,0.925195,0.927221,9,1
hermes_uni_open,uo-240-240-240,36.875,1.875,0.910235,0.910807,9,1
hermes_uni_open,uo-240-240-240,37.375,2.08333,0.910086,0.912015,10,1
hermes_uni_open,uo-240-240-240,37.875,1.875,0.902909,0.9045,9,1
hermes_uni_open,uo-240-240-240,38.375,1.875,0.919315,0.920369,9,1
hermes_uni_open,uo-240-240-240,38.875,1.66667,0.909607,0.91368,8,1
hermes_uni_open,uo-240-240-240,39.375,1.66667,0.868097,0.870533,8,1
hermes_uni_open,uo-240-240-240,39.875,2.08333,0.872137,0.876354,10,1
hermes_uni_open,uo-240-240-240,40.375,1.875,0.855131,0.856422,9,1
hermes_uni_open,uo-240-240-240,40.875,2.08333,0.903447,0.905193,10,1
hermes_uni_open,uo-240-240-240,41.375,2.08333,0.884976,0.886659,10,1
hermes_uni_open,uo-240-240-240,41.875,2.08333,0.905896,0.908691,10,1
hermes_uni_open,uo-240-240-240,42.375,2.08333,0.90978,0.910974,10,1
hermes_uni_open,uo-240-240-240,42.875,1.66667,0.898658,0.901966,8,1
hermes_uni_open,uo-240-240-240,43.375,1.875,0.87139,0.875811,9,1
hermes_uni_open,uo-240-240-240,43.875,1.66667,0.87045,0.874822,8,1
hermes_uni_open,uo-240-240-240,44.375,1.45833,0.886355,0.887913,7,1
hermes_uni_open,uo-240-240-240,44.875,1.25,0.858407,0.862997,6,1
hermes_uni_open,uo-240-240-240,45.375,1.66667,0.845809,0.849661,8,1
hermes_uni_open,uo-240-240-240,45.875,1.875,0.866013,0.869633,9,1
hermes_uni_open,uo-240-240-240,46.375,2.08333,0.845616,0.84808,10,1
hermes_uni_open,uo-240-240-240,46.875,2.29167,0.839148,0.840891,11,1
hermes_uni_open,uo-240-240-240,47.375,1.875,0.833011,0.834542,9,1
hermes_uni_open,uo-240-240-240,47.875,2.08333,0.830577,0.831935,10,1
hermes_uni_open,uo-240-240-240,48.375,1.875,0.807829,0.809415,9,1
hermes_uni_open,uo-240-240-240,48.875,1.875,0.814447,0.816829,9,1
hermes_uni_open,uo-240-240-240,49.375,1.875,0.837781,0.839543,9,1
hermes_uni_open,uo-240-240-240,49.875,2.08333,0.821687,0.824603,10,1
hermes_uni_open,uo-240-240-240,50.375,1.875,0.831872,0.83325,9,1
hermes_uni_open,uo-240-240-240,50.875,2.08333,0.823285,0.824259,10,1
hermes_uni_open,uo-240-240-240,51.375,1.875,0.792778,0.794972,9,1
hermes_uni_open,uo-240-240-240,51.875,2.29167,0.789766,0.793412,11,1
hermes_uni_open,uo-240-240-240,52.375,1.875,0.798083,0.801086,9,1
hermes_uni_open,uo-240-240-240,52.875,2.08333,0.79328,0.797025,10,1
hermes_uni_open,uo-240-240-240,53.375,2.08333,0.795584,0.799102,10,1
hermes_uni_open,uo-240-240-240,53.875,2.08333,0.806673,0.809425,10,1
hermes_uni_open,uo-240-240-240,54.375,1.875,0.797617,0.802121,9,1
hermes_uni_open,uo-240-240-240,54.875,1.875,0.793569,0.796956,9,1
hermes_uni_open,uo-240-240-240,55.375,2.08333,0.801588,0.805101,10,1
hermes_uni_open,uo-240-240-240,55.875,2.29167,0.784913,0.787702,11,1
hermes_uni_open,uo-240-240-240,56.375,1.66667,0.758265,0.761817,8,1
hermes_uni_open,uo-240-240-240,56.875,1.45833,0.747462,0.750145,7,1
hermes_uni_open,uo-240-240-240,57.375,2.08333,0.754844,0.759826,10,1
hermes_uni_open,uo-240-240-240,57.875,1.875,0.770932,0.774213,9,1
hermes_uni_open,uo-240-240-240,58.375,1.875,0.739502,0.744708,9,1
hermes_uni_open,uo-240-240-240,58.875,2.08333,0.744458,0.751011,10,1
hermes_uni_open,uo-240-240-240,59.375,2.5,0.762971,0.766345,12,1
hermes_uni_open,uo-240-240-240,59.875,2.08333,0.746601,0.751156,10,1
hermes_uni_open,uo-240-240-240,60.375,2.08333,0.721459,0.728117,10,1
hermes_uni_open,uo-240-240-240,60.875,2.29167,0.750345,0.751901,11,1
hermes_uni_open,uo-240-240-240,61.375,1.66667,0.789158,0.793122,8,1
hermes_uni_open,uo-240-240-240,61.875,1.875,0.797925,0.798956,9,1
hermes_uni_open,uo-240-240-240,62.375,1.875,0.799479,0.80256,9,1
hermes_uni_open,uo-240-240-240,62.875,2.08333,0.754554,0.757216,10,1
hermes_uni_open,uo-240-240-240,63.375,1.875,0.761754,0.764464,9,1
hermes_uni_open,uo-240-240-240,63.875,2.08333,0.771241,0.774536,10,1
hermes_uni_open,uo-240-240-240,64.375,1.875,0.730085,0.733534,9,1
hermes_uni_open,uo-240-240-240,64.875,2.08333,0.731732,0.735467,10,1
hermes_uni_open,uo-240-240-240,65.375,1.875,0.706168,0.706997,9,1
hermes_uni_open,uo-240-240-240,65.875,2.29167,0.707851,0.710564,11,1
hermes_uni_open,uo-240-240-240,66.375,2.29167,0.689762,0.692726,11,1
hermes_uni_open,uo-240-240-240,66.875,2.08333,0.686722,0.689547,10,1
hermes_uni_open,uo-240-240-240,67.375,2.5,0.721624,0.726914,12,1
hermes_uni_open,uo-240-240-240,67.875,2.29167,0.730417,0.738243,11,1
hermes_uni_open,uo-240-240-240,68.375,2.5,0.739489,0.742246,12,1
hermes_uni_open,uo-240-240-240,68.875,2.08333,0.765523,0.768168,10,1
hermes_uni_open,uo-240-240-240,69.375,2.5,0.761686,0.762676,12,1
hermes_uni_open,uo-240-240-240,69.875,2.08333,0.77628,0.780332,10,1
hermes_uni_open,uo-240-240-240,70.375,2.08333,0.811259,0.812275,10,0
hermes_uni_open,uo-240-240-240,70.875,1.875,0.791141,0.794109,9,0
hermes_uni_open,uo-240-240-240,71.375,2.08333,0.785767,0.789254,10,0
hermes_uni_open,uo-240-240-240,71.875,1.66667,0.800554,0.805199,8,0
hermes_uni_open,uo-240-240-240,72.375,1.04167,0.804776,0.807027,5,0
hermes_uni_open,uo-240-240-240,72.875,1.25,0.790844,0.792411,6,0
hermes_uni_open,uo-240-240-240,73.375,1.25,0.76279,0.777373,6,0
hermes_uni_open,uo-240-240-240,73.875,0.625,0.736855,0.747055,3,0
hermes_uni_open,uo-240-240-240,74.375,0.833333,0.759632,0.771044,4,0
hermes_uni_open,uo-240-240-240,74.875,1.04167,0.78272,0.785554,5,0
hermes_uni_open,uo-240-240-240,75.375,0.833333,0.816147,0.826705,4,0
hermes_uni_open,uo-240-240-240,75.875,0.416667,0.848371,0.850071,2,0
hermes_uni_open,uo-240-240-240,76.375,0.416667,0.935549,0.936502,2,0
hermes_uni_open,uo-240-240-240,76.875,0.208333,0.927549,0.930679,1,0
hermes_uni_open,uo-240-300-300,11.125,0.166667,1.75105,1.75127,1,0
hermes_uni_open,uo-240-300-300,11.625,0.5,1.73709,1.73738,3,0
hermes_uni_open,uo-240-300-300,12.125,0.833333,1.67232,1.67432,5,0
hermes_uni_open,uo-240-300-300,12.625,0.833333,1.44542,1.45249,5,0
hermes_uni_open,uo-240-300-300,13.125,1,1.37453,1.37524,6,0
hermes_uni_open,uo-240-300-300,13.625,1.33333,1.30617,1.31298,8,0
hermes_uni_open,uo-240-300-300,14.125,1.16667,1.37955,1.38255,7,0
hermes_uni_open,uo-240-300-300,14.625,1.66667,1.46948,1.47071,10,0
hermes_uni_open,uo-240-300-300,15.125,1.5,1.4323,1.43399,9,0
hermes_uni_open,uo-240-300-300,15.625,1.16667,1.42483,1.42612,7,0
hermes_uni_open,uo-240-300-300,16.125,1.16667,1.4709,1.47212,7,0
hermes_uni_open,uo-240-300-300,16.625,1.33333,1.42383,1.4246,8,0
hermes_uni_open,uo-240-300-300,17.125,1.33333,1.41251,1.41386,8,1
hermes_uni_open,uo-240-300-300,17.625,1.33333,1.43044,1.43081,8,1
hermes_uni_open,uo-240-300-300,18.125,1.33333,1.43126,1.4327,8,1
hermes_uni_open,uo-240-300-300,18.625,1,1.4345,1.4347,6,1
hermes_uni_open,uo-240-300-300,19.125,1,1.41138,1.41168,6,1
hermes_uni_open,uo-240-300-300,19.625,1,1.38647,1.38688,6,1
hermes_uni_open,uo-240-300-300,20.125,0.666667,1.39987,1.40056,4,1
hermes_uni_open,uo-240-300-300,20.625,1.33333,1.42537,1.42751,8,1
hermes_uni_open,uo-240-300-300,21.125,0.833333,1.42501,1.42654,5,1
hermes_uni_open,uo-240-300-300,21.625,1.16667,1.35371,1.35413,7,1
hermes_uni_open,uo-240-300-300,22.125,1.33333,1.30931,1.31243,8,1
hermes_uni_open,uo-240-300-300,22.625,1.5,1.2861,1.28928,9,1
hermes_uni_open,uo-240-300-300,23.125,1.33333,1.27402,1.27538,8,1
hermes_uni_open,uo-240-300-300,23.625,1.5,1.30319,1.30556,9,1
hermes_uni_open,uo-240-300-300,24.125,1.66667,1.27995,1.28331,10,1
hermes_uni_open,uo-240-300-300,24.625,1.66667,1.27328,1.27648,10,1
hermes_uni_open,uo-240-300-300,25.125,1.33333,1.26317,1.26467,8,1
hermes_uni_open,uo-240-300-300,25.625,1.66667,1.25009,1.25135,10,1
hermes_uni_open,uo-240-300-300,26.125,1.5,1.23288,1.23381,9,1
hermes_uni_open,uo-240-300-300,26.625,1.83333,1.21185,1.21373,11,1
hermes_uni_open,uo-240-300-300,27.125,1.33333,1.23545,1.23608,8,1
hermes_uni_open,uo-240-300-300,27.625,1,1.23049,1.23233,6,1
hermes_uni_open,uo-240-300-300,28.125,1.16667,1.20661,1.20773,7,1
hermes_uni_open,uo-240-300-300,28.625,1.33333,1.22306,1.22491,8,1
hermes_uni_open,uo-240-300-300,29.125,1.16667,1.24003,1.24116,7,1
hermes_uni_open,uo-240-300-300,29.625,1.33333,1.26591,1.26653,8,1
hermes_uni_open,uo-240-300-300,30.125,1,1.24996,1.25033,6,1
hermes_uni_open,uo-240-300-300,30.625,1.33333,1.25638,1.25744,8,1
hermes_uni_open,uo-240-300-300,31.125,1.5,1.26912,1.27028,9,1
hermes_uni_open,uo-240-300-300,31.625,1.83333,1.31182,1.31442,11,1
hermes_uni_open,uo-240-300-300,32.125,1.5,1.3135,1.31813,9,1
hermes_uni_open,uo-240-300-300,32.625,1.5,1.28181,1.2839,9,1
hermes_uni_open,uo-240-300-300,33.125,1.33333,1.27234,1.27539,8,1
hermes_uni_open,uo-240-300-300,33.625,1.16667,1.30434,1.30478,7,1
hermes_uni_open,uo-240-300-300,34.125,1,1.23693,1.23814,6,1
hermes_uni_open,uo-240-300-300,34.625,1,1.20017,1.20109,6,1
hermes_uni_open,uo-240-300-300,35.125,1,1.20704,1.20853,6,1
hermes_uni_open,uo-240-300-300,35.625,1.5,1.22228,1.22445,9,1
hermes_uni_open,uo-240-300-300,36.125,1.33333,1.23094,1.23552,8,1
hermes_uni_open,uo-240-300-300,36.625,1.5,1.20589,1.20874,9,1
hermes_uni_open,uo-240-300-300,37.125,1,1.17569,1.17853,6,1
hermes_uni_open,uo-240-300-300,37.625,1.5,1.18189,1.18376,9,1
hermes_uni_open,uo-240-300-300,38.125,1.33333,1.18734,1.1879,8,1
hermes_uni_open,uo-240-300-300,38.625,1.83333,1.1617,1.1628,11,1
hermes_uni_open,uo-240-300-300,39.125,1.83333,1.11638,1.1179,11,1
hermes_uni_open,uo-240-300-300,39.625,1.5,1.09556,1.09611,9,1
hermes_uni_open,uo-240-300-300,40.125,1.66667,1.04522,1.04723,10,1
hermes_uni_open,uo-240-300-300,40.625,1.66667,1.09127,1.09424,10,1
hermes_uni_open,uo-240-300-300,41.125,1.66667,1.05349,1.0618,10,1
hermes_uni_open,uo-240-300-300,41.625,1.5,1.0998,1.10675,9,1
hermes_uni_open,uo-240-300-300,42.125,1.5,1.09993,1.10133,9,1
hermes_uni_open,uo-240-300-300,42.625,1.66667,1.12535,1.12883,10,1
hermes_uni_open,uo-240-300-300,43.125,1.33333,1.12201,1.12679,8,1
hermes_uni_open,uo-240-300-300,43.625,1.33333,1.11624,1.121,8,1
hermes_uni_open,uo-240-300-300,44.125,1.5,1.1455,1.14681,9,1
hermes_uni_open,uo-240-300-300,44.625,1.66667,1.13431,1.13498,10,1
hermes_uni_open,uo-240-300-300,45.125,1.66667,1.12899,1.13102,10,1
hermes_uni_open,uo-240-300-300,45.625,1.16667,1.16675,1.16951,7,1
hermes_uni_open,uo-240-300-300,46.125,1.66667,1.1359,1.13834,10,1
hermes_uni_open,uo-240-300-300,46.625,1.33333,1.16228,1.16446,8,1
hermes_uni_open,uo-240-300-300,47.125,1.83333,1.12286,1.12481,11,1
hermes_uni_open,uo-240-300-300,47.625,1.5,1.09702,1.09906,9,1
hermes_uni_open,uo-240-300-300,48.125,1.5,1.10018,1.10224,9,1
hermes_uni_open,uo-240-300-300,48.625,1.5,1.10458,1.10551,9,1
hermes_uni_open,uo-240-300-300,49.125,1.5,1.10474,1.10666,9,1
hermes_uni_open,uo-240-300-300,49.625,1.16667,1.12925,1.13133,7,1
hermes_uni_open,uo-240-300-300,50.125,1.5,1.13339,1.13421,9,1
hermes_uni_open,uo-240-300-300,50.625,1.33333,1.13537,1.13564,8,1
hermes_uni_open,uo-240-300-300,51.125,1.5,1.10752,1.10788,9,1
hermes_uni_open,uo-240-300-300,51.625,1.66667,1.06907,1.07042,10,1
hermes_uni_open,uo-240-300-300,52.125,1.5,1.06416,1.06489,9,1
hermes_uni_open,uo-240-300-300,52.625,1.33333,1.03686,1.04068,8,1
hermes_uni_open,uo-240-300-300,53.125,2,1.00621,1.01209,12,1
hermes_uni_open,uo-240-300-300,53.625,1.83333,1.04599,1.058,11,1
hermes_uni_open,uo-240-300-300,54.125,1.66667,1.03871,1.0404,10,1
hermes_uni_open,uo-240-300-300,54.625,1.5,1.0258,1.02897,9,1
hermes_uni_open,uo-240-300-300,55.125,1.33333,1.06341,1.06706,8,1
hermes_uni_open,uo-240-300-300,55.625,1.16667,1.034,1.03528,7,1
hermes_uni_open,uo-240-300-300,56.125,1.66667,1.02461,1.02662,10,1
hermes_uni_open,uo-240-300-300,56.625,1.5,1.06316,1.06423,9,1
hermes_uni_open,uo-240-300-300,57.125,1.33333,1.08219,1.08511,8,1
hermes_uni_open,uo-240-300-300,57.625,1.33333,1.05291,1.05349,8,1
hermes_uni_open,uo-240-300-300,58.125,1.66667,1.05081,1.05124,10,1
hermes_uni_open,uo-240-300-300,58.625,1.66667,1.05637,1.05809,10,1
hermes_uni_open,uo-240-300-300,59.125,2.16667,1.06054,1.06141,13,1
hermes_uni_open,uo-240-300-300,59.625,1.5,1.06082,1.06115,9,1
hermes_uni_open,uo-240-300-300,60.125,1.5,1.07152,1.07213,9,1
hermes_uni_open,uo-240-300-300,60.625,1.5,1.04447,1.04565,9,1
hermes_uni_open,uo-240-300-300,61.125,1.5,1.01543,1.01624,9,1
hermes_uni_open,uo-240-300-300,61.625,1.66667,1.03853,1.03941,10,1
hermes_uni_open,uo-240-300-300,62.125,1.33333,1.05504,1.05565,8,1
hermes_uni_open,uo-240-300-300,62.625,1.5,1.06195,1.06349,9,1
hermes_uni_open,uo-240-300-300,63.125,1.66667,1.05897,1.06021,10,1
hermes_uni_open,uo-240-300-300,63.625,1.66667,1.11561,1.11749,10,1
hermes_uni_open,uo-240-300-300,64.125,1.66667,1.12504,1.12648,10,1
hermes_uni_open,uo-240-300-300,64.625,1.5,1.1565,1.15754,9,1
hermes_uni_open,uo-240-300-300,65.125,1.5,1.10802,1.11092,9,1
hermes_uni_open,uo-240-300-300,65.625,1.66667,1.07459,1.07689,10,0
hermes_uni_open,uo-240-300-300,66.125,1.5,1.03838,1.04002,9,0
hermes_uni_open,uo-240-300-300,66.625,1.66667,1.05496,1.05868,10,0
hermes_uni_open,uo-240-300-300,67.125,1,1.06127,1.06373,6,0
hermes_uni_open,uo-240-300-300,67.625,1,1.09121,1.09431,6,0
hermes_uni_open,uo-240-300-300,68.125,1.5,1.06916,1.07146,9,0
hermes_uni_open,uo-240-300-300,68.625,1.66667,1.03607,1.03845,10,0
hermes_uni_open,uo-240-300-300,69.125,1.5,1.00451,1.00711,9,0
hermes_uni_open,uo-240-300-300,69.625,1.33333,1.00501,1.00693,8,0
hermes_uni_open,uo-240-300-300,70.125,0.833333,1.00984,1.0111,5,0
hermes_uni_open,uo-240-300-300,70.625,0.333333,1.02517,1.02787,2,0
hermes_uni_open,uo-240-300-300,71.125,0.166667,1.01697,1.01978,1,0
hermes_uni_open,uo-300-300-080,7.812,0.167224,1.78293,1.78834,1,0
hermes_uni_open,uo-300-300-080,8.312,0.334448,1.98441,2.0125,2,0
hermes_uni_open,uo-300-300-080,8.812,1.00334,1.65857,1.67476,6,0
hermes_uni_open,uo-300-300-080,9.312,0.83612,1.4858,1.48794,5,0
hermes_uni_open,uo-300-300-080,9.812,1.00334,1.47715,1.47923,6,0
hermes_uni_open,uo-300-300-080,10.312,1.17057,1.42187,1.42475,7,0
hermes_uni_open,uo-300-300-080,10.812,1.33779,1.3597,1.3618,8,0
hermes_uni_open,uo-300-300-080,11.312,1.33779,1.3247,1.32882,8,0
hermes_uni_open,uo-300-300-080,11.812,1.17057,1.23532,1.23819,7,0
hermes_uni_open,uo-300-300-080,12.312,1.00334,1.14988,1.1519,6,0
hermes_uni_open,uo-300-300-080,12.812,1.17057,1.10897,1.11058,7,0
hermes_uni_open,uo-300-300-080,13.312,1.50502,1.04826,1.04979,9,0
hermes_uni_open,uo-300-300-080,13.812,1.33779,0.986805,0.987997,8,0
hermes_uni_open,uo-300-300-080,14.312,1.50502,0.941883,0.945679,9,0
hermes_uni_open,uo-300-300-080,14.812,1.83946,0.913577,0.918008,11,0
hermes_uni_open,uo-300-300-080,15.312,2.17391,0.846177,0.848398,13,0
hermes_uni_open,uo-300-300-080,15.812,2.17391,0.768905,0.771412,13,0
hermes_uni_open,uo-300-300-080,16.312,2.17391,0.728928,0.731942,13,0
hermes_uni_open,uo-300-300-080,16.812,2.17391,0.659785,0.662418,13,0
hermes_uni_open,uo-300-300-080,17.312,2.17391,0.589269,0.596281,13,0
hermes_uni_open,uo-300-300-080,17.812,2.34114,0.553316,0.557894,14,0
hermes_uni_open,uo-300-300-080,18.312,2.17391,0.457699,0.468199,13,0
hermes_uni_open,uo-300-300-080,18.812,2.67559,0.383562,0.391845,16,0
hermes_uni_open,uo-300-300-080,19.312,2.50836,0.328106,0.338607,15,0
hermes_uni_open,uo-300-300-080,19.812,2.67559,0.331627,0.343111,16,0
hermes_uni_open,uo-300-300-080,20.312,2.50836,0.323249,0.342258,15,0
hermes_uni_open,uo-300-300-080,20.812,2.67559,0.320177,0.33853,16,0
hermes_uni_open,uo-300-300-080,21.312,2.67559,0.342746,0.371489,16,0
hermes_uni_open,uo-300-300-080,21.812,2.67559,0.350796,0.368244,16,0
hermes_uni_open,uo-300-300-080,22.312,2.50836,0.342328,0.362109,15,0
hermes_uni_open,uo-300-300-080,22.812,2.50836,0.303223,0.328624,15,1
hermes_uni_open,uo-300-300-080,23.312,3.01003,0.31952,0.340125,18,1
hermes_uni_open,uo-300-300-080,23.812,3.17726,0.322889,0.349833,19,1
hermes_uni_open,uo-300-300-080,24.312,2.50836,0.312548,0.331416,15,1
hermes_uni_open,uo-300-300-080,24.812,2.84281,0.331015,0.35652,17,1
hermes_uni_open,uo-300-300-080,25.312,2.84281,0.326231,0.354711,17,1
hermes_uni_open,uo-300-300-080,25.812,2.67559,0.318517,0.341723,16,1
hermes_uni_open,uo-300-300-080,26.312,2.84281,0.322667,0.343242,17,1
hermes_uni_open,uo-300-300-080,26.812,2.67559,0.269451,0.290585,16,1
hermes_uni_open,uo-300-300-080,27.312,3.01003,0.261295,0.288248,18,1
hermes_uni_open,uo-300-300-080,27.812,3.01003,0.258972,0.278891,18,1
hermes_uni_open,uo-300-300-080,28.312,3.01003,0.265138,0.28687,18,1
hermes_uni_open,uo-300-300-080,28.812,2.84281,0.248386,0.269823,17,1
hermes_uni_open,uo-300-300-080,29.312,3.17726,0.210987,0.237966,19,1
hermes_uni_open,uo-300-300-080,29.812,3.17726,0.190981,0.236442,19,1
hermes_uni_open,uo-300-300-080,30.312,3.17726,0.167267,0.189673,19,1
hermes_uni_open,uo-300-300-080,30.812,3.17726,0.132828,0.167795,19,1
hermes_uni_open,uo-300-300-080,31.312,3.51171,0.118908,0.183041,21,1
hermes_uni_open,uo-300-300-080,31.812,3.17726,0.12293,0.157624,19,1
hermes_uni_open,uo-300-300-080,32.312,3.34448,0.13534,0.200527,20,1
hermes_uni_open,uo-300-300-080,32.812,3.17726,0.130938,0.179916,19,1
hermes_uni_open,uo-300-300-080,33.312,3.17726,0.141021,0.18312,19,1
hermes_uni_open,uo-300-300-080,33.812,3.17726,0.169533,0.218647,19,1
hermes_uni_open,uo-300-300-080,34.312,3.17726,0.18018,0.211451,19,1
hermes_uni_open,uo-300-300-080,34.812,3.01003,0.179121,0.223798,18,1
hermes_uni_open,uo-300-300-080,35.312,3.17726,0.176564,0.213744,19,1
hermes_uni_open,uo-300-300-080,35.812,3.17726,0.168614,0.190636,19,1
hermes_uni_open,uo-300-300-080,36.312,3.01003,0.185915,0.224692,18,1
hermes_uni_open,uo-300-300-080,36.812,3.01003,0.19728,0.227386,18,1
hermes_uni_open,uo-300-300-080,37.312,3.01003,0.190423,0.215949,18,1
hermes_uni_open,uo-300-300-080,37.812,3.01003,0.19105,0.218127,18,1
hermes_uni_open,uo-300-300-080,38.312,3.01003,0.181712,0.215485,18,1
hermes_uni_open,uo-300-300-080,38.812,3.17726,0.175989,0.219204,19,1
hermes_uni_open,uo-300-300-080,39.312,3.01003,0.177808,0.214779,18,1
hermes_uni_open,uo-300-300-080,39.812,3.17726,0.176717,0.20809,19,1
hermes_uni_open,uo-300-300-080,40.312,3.01003,0.168729,0.202794,18,1
hermes_uni_open,uo-300-300-080,40.812,3.01003,0.186778,0.228219,18,1
hermes_uni_open,uo-300-300-080,41.312,3.01003,0.177093,0.196526,18,1
hermes_uni_open,uo-300-300-080,41.812,3.01003,0.170123,0.214116,18,1
hermes_uni_open,uo-300-300-080,42.312,3.17726,0.181327,0.216366,19,1
hermes_uni_open,uo-300-300-080,42.812,3.17726,0.171879,0.21047,19,1
hermes_uni_open,uo-300-300-080,43.312,3.51171,0.171169,0.205597,21,1
hermes_uni_open,uo-300-300-080,43.812,3.17726,0.171974,0.205325,19,1
hermes_uni_open,uo-300-300-080,44.312,3.17726,0.173536,0.195217,19,1
hermes_uni_open,uo-300-300-080,44.812,3.17726,0.174537,0.206685,19,1
hermes_uni_open,uo-300-300-080,45.312,3.51171,0.185276,0.207186,21,1
hermes_uni_open,uo-300-300-080,45.812,3.67893,0.202165,0.234294,22,1
hermes_uni_open,uo-300-300-080,46.312,3.67893,0.202128,0.226891,22,1
hermes_uni_open,uo-300-300-080,46.812,3.34448,0.209786,0.24525,20,1
hermes_uni_open,uo-300-300-080,47.312,3.01003,0.206588,0.228718,18,1
hermes_uni_open,uo-300-300-080,47.812,3.17726,0.200959,0.231266,19,1
hermes_uni_open,uo-300-300-080,48.312,3.01003,0.20436,0.231905,18,1
hermes_uni_open,uo-300-300-080,48.812,3.17726,0.2236,0.254929,19,1
hermes_uni_open,uo-300-300-080,49.312,3.01003,0.227661,0.251024,18,1
hermes_uni_open,uo-300-300-080,49.812,3.01003,0.205945,0.241894,18,1
hermes_uni_open,uo-300-300-080,50.312,3.01003,0.217519,0.249174,18,1
hermes_uni_open,uo-300-300-080,50.812,3.01003,0.232125,0.257292,18,1
hermes_uni_open,uo-300-300-080,51.312,3.01003,0.220149,0.249608,18,1
hermes_uni_open,uo-300-300-080,51.812,3.17726,0.218706,0.259588,19,1
hermes_uni_open,uo-300-300-080,52.312,3.17726,0.221311,0.250698,19,1
hermes_uni_open,uo-300-300-080,52.812,3.01003,0.198903,0.236171,18,1
hermes_uni_open,uo-300-300-080,53.312,3.01003,0.179073,0.216456,18,1
hermes_uni_open,uo-300-300-080,53.812,3.01003,0.18472,0.216299,18,1
hermes_uni_open,uo-300-300-080,54.312,2.84281,0.209918,0.243568,17,1
hermes_uni_open,uo-300-300-080,54.812,3.01003,0.197874,0.237678,18,1
hermes_uni_open,uo-300-300-080,55.312,2.84281,0.183453,0.23087,17,1
hermes_uni_open,uo-300-300-080,55.812,2.84281,0.193346,0.218176,17,1
hermes_uni_open,uo-300-300-080,56.312,2.84281,0.191552,0.237992,17,1
hermes_uni_open,uo-300-300-080,56.812,2.84281,0.187052,0.213618,17,1
hermes_uni_open,uo-300-300-080,57.312,2.84281,0.189523,0.221132,17,1
hermes_uni_open,uo-300-300-080,57.812,2.84281,0.193531,0.213783,17,1
hermes_uni_open,uo-300-300-080,58.312,2.50836,0.194699,0.23976,15,1
hermes_uni_open,uo-300-300-080,58.812,2.84281,0.170263,0.201903,17,1
hermes_uni_open,uo-300-300-080,59.312,3.01003,0.137691,0.210473,18,1
hermes_uni_open,uo-300-300-080,59.812,3.34448,0.160812,0.195384,20,1
hermes_uni_open,uo-300-300-080,60.312,3.34448,0.186328,0.218911,20,1
hermes_uni_open,uo-300-300-080,60.812,3.17726,0.17907,0.212677,19,1
hermes_uni_open,uo-300-300-080,61.312,3.51171,0.180171,0.203124,21,1
hermes_uni_open,uo-300-300-080,61.812,3.67893,0.185332,0.222784,22,1
hermes_uni_open,uo-300-300-080,62.312,3.67893,0.166719,0.193432,22,1
hermes_uni_open,uo-300-300-080,62.812,3.51171,0.164209,0.208818,21,1
hermes_uni_open,uo-300-300-080,63.312,3.67893,0.173909,0.204508,22,1
hermes_uni_open,uo-300-300-080,63.812,3.34448,0.176126,0.212391,20,1
hermes_uni_open,uo-300-300-080,64.312,3.34448,0.183854,0.225382,20,1
hermes_uni_open,uo-300-300-080,64.812,3.01003,0.193069,0.217752,18,1
hermes_uni_open,uo-300-300-080,65.312,3.17726,0.204908,0.229926,19,1
hermes_uni_open,uo-300-300-080,65.812,3.17726,0.22727,0.250164,19,1
hermes_uni_open,uo-300-300-080,66.312,3.01003,0.215804,0.246555,18,1
hermes_uni_open,uo-300-300-080,66.812,3.17726,0.205121,0.223699,19,1
hermes_uni_open,uo-300-300-080,67.312,3.34448,0.207626,0.233196,20,1
hermes_uni_open,uo-300-300-080,67.812,3.34448,0.198456,0.222252,20,1
hermes_uni_open,uo-300-300-080,68.312,3.67893,0.194741,0.217832,22,1
hermes_uni_open,uo-300-300-080,68.812,3.67893,0.176298,0.207336,22,1
hermes_uni_open,uo-300-300-080,69.312,3.67893,0.16237,0.193299,22,1
hermes_uni_open,uo-300-300-080,69.812,3.67893,0.169525,0.189249,22,1
hermes_uni_open,uo-300-300-080,70.312,3.34448,0.165619,0.199747,20,1
hermes_uni_open,uo-300-300-080,70.812,3.34448,0.152543,0.180894,20,1
hermes_uni_open,uo-300-300-080,71.312,3.51171,0.163769,0.204447,21,1
hermes_uni_open,uo-300-300-080,71.812,3.67893,0.177169,0.203953,22,1
hermes_uni_open,uo-300-300-080,72.312,3.67893,0.193827,0.221802,22,1
hermes_uni_open,uo-300-300-080,72.812,3.17726,0.179877,0.216455,19,1
hermes_uni_open,uo-300-300-080,73.312,3.34448,0.174106,0.196847,20,1
hermes_uni_open,uo-300-300-080,73.812,3.51171,0.182957,0.218024,21,1
hermes_uni_open,uo-300-300-080,74.312,3.51171,0.174569,0.193476,21,1
hermes_uni_open,uo-300-300-080,74.812,4.01338,0.16947,0.211958,24,1
hermes_uni_open,uo-300-300-080,75.312,3.84615,0.166868,0.188371,23,1
hermes_uni_open,uo-300-300-080,75.812,3.67893,0.179215,0.207448,22,1
hermes_uni_open,uo-300-300-080,76.312,3.67893,0.172461,0.198698,22,1
hermes_uni_open,uo-300-300-080,76.812,3.84615,0.165335,0.187341,23,1
hermes_uni_open,uo-300-300-080,77.312,3.67893,0.165411,0.19726,22,1
hermes_uni_open,uo-300-300-080,77.812,3.84615,0.1515,0.169288,23,1
hermes_uni_open,uo-300-300-080,78.312,4.01338,0.15447,0.203045,24,1
hermes_uni_open,uo-300-300-080,78.812,3.51171,0.150094,0.185472,21,1
hermes_uni_open,uo-300-300-080,79.312,3.67893,0.160819,0.189776,22,1
hermes_uni_open,uo-300-300-080,79.812,3.84615,0.168694,0.192137,23,1
hermes_uni_open,uo-300-300-080,80.312,4.01338,0.159625,0.184686,24,1
hermes_uni_open,uo-300-300-080,80.812,3.67893,0.153611,0.194794,22,1
hermes_uni_open,uo-300-300-080,81.312,3.67893,0.177809,0.19851,22,1
hermes_uni_open,uo-300-300-080,81.812,3.34448,0.194672,0.227183,20,1
hermes_uni_open,uo-300-300-080,82.312,3.67893,0.157461,0.184562,22,1
hermes_uni_open,uo-300-300-080,82.812,3.51171,0.126055,0.177847,21,1
hermes_uni_open,uo-300-300-080,83.312,3.67893,0.145739,0.19121,22,1
hermes_uni_open,uo-300-300-080,83.812,3.67893,0.156465,0.189816,22,1
hermes_uni_open,uo-300-300-080,84.312,3.34448,0.160884,0.200017,20,1
hermes_uni_open,uo-300-300-080,84.812,3.34448,0.171793,0.216179,20,1
hermes_uni_open,uo-300-300-080,85.312,3.67893,0.181862,0.205201,22,1
hermes_uni_open,uo-300-300-080,85.812,3.67893,0.183014,0.218469,22,1
hermes_uni_open,uo-300-300-080,86.312,3.51171,0.184925,0.2111,21,1
hermes_uni_open,uo-300-300-080,86.812,3.34448,0.195763,0.228022,20,1
hermes_uni_open,uo-300-300-080,87.312,3.34448,0.189284,0.215932,20,1
hermes_uni_open,uo-300-300-080,87.812,3.01003,0.180232,0.206691,18,1
hermes_uni_open,uo-300-300-080,88.312,3.17726,0.173273,0.209145,19,1
hermes_uni_open,uo-300-300-080,88.812,3.51171,0.162459,0.201172,21,1
hermes_uni_open,uo-300-300-080,89.312,3.34448,0.163589,0.203473,20,1
hermes_uni_open,uo-300-300-080,89.812,3.67893,0.173962,0.204975,22,1
hermes_uni_open,uo-300-300-080,90.312,3.34448,0.165642,0.208322,20,1
hermes_uni_open,uo-300-300-080,90.812,3.34448,0.17831,0.22075,20,1
hermes_uni_open,uo-300-300-080,91.312,3.51171,0.184469,0.217961,21,1
hermes_uni_open,uo-300-300-080,91.812,3.51171,0.187192,0.236365,21,1
hermes_uni_open,uo-300-300-080,92.312,3.17726,0.191914,0.210166,19,1
hermes_uni_open,uo-300-300-080,92.812,3.34448,0.179182,0.225988,20,1
hermes_uni_open,uo-300-300-080,93.312,3.17726,0.190567,0.227892,19,1
hermes_uni_open,uo-300-300-080,93.812,3.17726,0.202458,0.231173,19,1
hermes_uni_open,uo-300-300-080,94.312,3.17726,0.199561,0.233979,19,1
hermes_uni_open,uo-300-300-080,94.812,3.67893,0.191243,0.223723,22,1
hermes_uni_open,uo-300-300-080,95.312,3.67893,0.161803,0.211579,22,1
hermes_uni_open,uo-300-300-080,95.812,3.51171,0.15124,0.208766,21,1
hermes_uni_open,uo-300-300-080,96.312,3.51171,0.157429,0.191823,21,1
hermes_uni_open,uo-300-300-080,96.812,3.34448,0.147355,0.191,20,1
hermes_uni_open,uo-300-300-080,97.312,3.51171,0.130273,0.170506,21,1
hermes_uni_open,uo-300-300-080,97.812,3.51171,0.117761,0.155393,21,1
hermes_uni_open,uo-300-300-080,98.312,3.34448,0.10093,0.166987,20,1
hermes_uni_open,uo-300-300-080,98.812,3.84615,0.119855,0.171305,23,1
hermes_uni_open,uo-300-300-080,99.312,3.84615,0.131313,0.176608,23,1
hermes_uni_open,uo-300-300-080,99.812,4.01338,0.13032,0.186741,24,1
hermes_uni_open,uo-300-300-080,100.312,3.84615,0.118961,0.171533,23,1
hermes_uni_open,uo-300-300-080,100.812,3.34448,0.120877,0.172372,20,1
hermes_uni_open,uo-300-300-080,101.312,3.17726,0.138824,0.192188,19,1
hermes_uni_open,uo-300-300-080,101.812,3.34448,0.162554,0.208504,20,1
hermes_uni_open,uo-300-300-080,102.312,3.51171,0.154645,0.201451,21,1
hermes_uni_open,uo-300-300-080,102.812,3.51171,0.140254,0.199913,21,1
hermes_uni_open,uo-300-300-080,103.312,3.67893,0.151551,0.184262,22,1
hermes_uni_open,uo-300-300-080,103.812,3.67893,0.161671,0.210287,22,1
hermes_uni_open,uo-300-300-080,104.312,3.34448,0.147128,0.195477,20,1
hermes_uni_open,uo-300-300-080,104.812,3.51171,0.150594,0.18303,21,1
hermes_uni_open,uo-300-300-080,105.312,3.67893,0.16153,0.198353,22,1
hermes_uni_open,uo-300-300-080,105.812,3.51171,0.164151,0.213237,21,1
hermes_uni_open,uo-300-300-080,106.312,3.67893,0.170066,0.206244,22,1
hermes_uni_open,uo-300-300-080,106.812,3.84615,0.182805,0.219309,23,1
hermes_uni_open,uo-300-300-080,107.312,3.51171,0.186856,0.21509,21,1
hermes_uni_open,uo-300-300-080,107.812,3.67893,0.183276,0.207437,22,1
hermes_uni_open,uo-300-300-080,108.312,3.84615,0.163733,0.200942,23,1
hermes_uni_open,uo-300-300-080,108.812,3.51171,0.158251,0.182134,21,1
hermes_uni_open,uo-300-300-080,109.312,3.51171,0.166814,0.193543,21,1
hermes_uni_open,uo-300-300-080,109.812,3.67893,0.171562,0.194574,22,1
hermes_uni_open,uo-300-300-080,110.312,3.67893,0.160317,0.186215,22,1
hermes_uni_open,uo-300-300-080,110.812,4.01338,0.169092,0.194576,24,1
hermes_uni_open,uo-300-300-080,111.312,3.84615,0.172772,0.189698,23,1
hermes_uni_open,uo-300-300-080,111.812,3.84615,0.149918,0.176289,23,1
hermes_uni_open,uo-300-300-080,112.312,3.84615,0.156437,0.177445,23,1
hermes_uni_open,uo-300-300-080,112.812,3.67893,0.174264,0.19978,22,1
hermes_uni_open,uo-300-300-080,113.312,3.84615,0.164764,0.190071,23,1
hermes_uni_open,uo-300-300-080,113.812,3.84615,0.146805,0.188744,23,1
hermes_uni_open,uo-300-300-080,114.312,3.67893,0.155545,0.175239,22,1
hermes_uni_open,uo-300-300-080,114.812,3.51171,0.171233,0.202817,21,1
hermes_uni_open,uo-300-300-080,115.312,3.34448,0.175118,0.197972,20,1
hermes_uni_open,uo-300-300-080,115.812,3.51171,0.157112,0.187156,21,1
hermes_uni_open,uo-300-300-080,116.312,3.67893,0.162751,0.199349,22,1
hermes_uni_open,uo-300-300-080,116.812,3.67893,0.182142,0.214535,22,1
hermes_uni_open,uo-300-300-080,117.312,3.51171,0.180006,0.205188,21,1
hermes_uni_open,uo-300-300-080,117.812,3.51171,0.173152,0.197362,21,1
hermes_uni_open,uo-300-300-080,118.312,3.17726,0.162356,0.189798,19,1
hermes_uni_open,uo-300-300-080,118.812,3.34448,0.179702,0.213673,20,1
hermes_uni_open,uo-300-300-080,119.312,3.17726,0.195241,0.221671,19,1
hermes_uni_open,uo-300-300-080,119.812,3.17726,0.179421,0.216374,19,1
hermes_uni_open,uo-300-300-080,120.312,3.01003,0.187594,0.226525,18,1
hermes_uni_open,uo-300-300-080,120.812,3.17726,0.203296,0.233949,19,1
hermes_uni_open,uo-300-300-080,121.312,3.01003,0.184839,0.223466,18,1
hermes_uni_open,uo-300-300-080,121.812,3.01003,0.179895,0.222401,18,1
hermes_uni_open,uo-300-300-080,122.312,2.84281,0.192164,0.226786,17,1
hermes_uni_open,uo-300-300-080,122.812,2.67559,0.192406,0.242358,16,1
hermes_uni_open,uo-300-300-080,123.312,3.01003,0.173887,0.207849,18,1
hermes_uni_open,uo-300-300-080,123.812,3.01003,0.163577,0.219522,18,1
hermes_uni_open,uo-300-300-080,124.312,3.01003,0.169269,0.202818,18,1
hermes_uni_open,uo-300-300-080,124.812,3.01003,0.178748,0.216056,18,1
hermes_uni_open,uo-300-300-080,125.312,2.84281,0.176082,0.214799,17,1
hermes_uni_open,uo-300-300-080,125.812,3.17726,0.177418,0.215821,19,1
hermes_uni_open,uo-300-300-080,126.312,3.34448,0.173458,0.220095,20,1
hermes_uni_open,uo-300-300-080,126.812,3.17726,0.172218,0.210666,19,1
hermes_uni_open,uo-300-300-080,127.312,2.67559,0.160402,0.205447,16,1
hermes_uni_open,uo-300-300-080,127.812,2.84281,0.161205,0.205636,17,1
hermes_uni_open,uo-300-300-080,128.312,3.01003,0.169243,0.201881,18,1
hermes_uni_open,uo-300-300-080,128.812,2.84281,0.159894,0.200315,17,1
hermes_uni_open,uo-300-300-080,129.312,2.84281,0.155499,0.214946,17,1
hermes_uni_open,uo-300-300-080,129.812,2.67559,0.16794,0.201623,16,1
hermes_uni_open,uo-300-300-080,130.312,2.84281,0.163258,0.21441,17,1
hermes_uni_open,uo-300-300-080,130.812,2.84281,0.169421,0.202801,17,1
hermes_uni_open,uo-300-300-080,131.312,2.67559,0.177345,0.215345,16,1
hermes_uni_open,uo-300-300-080,131.812,2.67559,0.167581,0.191923,16,1
hermes_uni_open,uo-300-300-080,132.312,3.01003,0.169242,0.211468,18,1
hermes_uni_open,uo-300-300-080,132.812,3.17726,0.170233,0.211228,19,1
hermes_uni_open,uo-300-300-080,133.312,2.84281,0.165859,0.225454,17,1
hermes_uni_open,uo-300-300-080,133.812,2.84281,0.142817,0.186674,17,1
hermes_uni_open,uo-300-300-080,134.312,3.01003,0.155962,0.225191,18,1
hermes_uni_open,uo-300-300-080,134.812,2.84281,0.169987,0.19548,17,1
hermes_uni_open,uo-300-300-080,135.312,3.01003,0.18524,0.229642,18,1
hermes_uni_open,uo-300-300-080,135.812,3.01003,0.181982,0.214672,18,1
hermes_uni_open,uo-300-300-080,136.312,2.67559,0.162684,0.199001,16,1
hermes_uni_open,uo-300-300-080,136.812,2.84281,0.182683,0.235991,17,1
hermes_uni_open,uo-300-300-080,137.312,2.84281,0.190262,0.221614,17,1
hermes_uni_open,uo-300-300-080,137.812,2.84281,0.181256,0.232252,17,1
hermes_uni_open,uo-300-300-080,138.312,2.67559,0.174739,0.209456,16,1
hermes_uni_open,uo-300-300-080,138.812,2.67559,0.174894,0.22979,16,1
hermes_uni_open,uo-300-300-080,139.312,2.67559,0.180867,0.22184,16,1
hermes_uni_open,uo-300-300-080,139.812,2.67559,0.196894,0.241009,16,1
hermes_uni_open,uo-300-300-080,140.312,2.67559,0.184587,0.22587,16,1
hermes_uni_open,uo-300-300-080,140.812,2.17391,0.154605,0.209653,13,1
hermes_uni_open,uo-300-300-080,141.312,2.00669,0.150751,0.199231,12,1
hermes_uni_open,uo-300-300-080,141.812,1.83946,0.184003,0.22382,11,0
hermes_uni_open,uo-300-300-080,142.312,1.83946,0.191304,0.235671,11,0
hermes_uni_open,uo-300-300-080,142.812,1.83946,0.177036,0.217848,11,0
hermes_uni_open,uo-300-300-080,143.312,1.83946,0.178863,0.220596,11,0
hermes_uni_open,uo-300-300-080,143.812,1.50502,0.165027,0.194509,9,0
hermes_uni_open,uo-300-300-080,144.312,1.50502,0.217449,0.228726,9,0
hermes_uni_open,uo-300-300-080,144.812,1.33779,0.197236,0.236929,8,0
hermes_uni_open,uo-300-300-080,145.312,1.17057,0.141157,0.182898,7,0
hermes_uni_open,uo-300-300-080,145.812,1.17057,0.149494,0.215703,7,0
hermes_uni_open,uo-300-300-080,146.312,1.00334,0.160698,0.200193,6,0
hermes_uni_open,uo-300-300-080,146.812,1.00334,0.187453,0.20801,6,0
hermes_uni_open,uo-300-300-080,147.312,0.83612,0.188961,0.242678,5,0
hermes_uni_open,uo-300-300-080,147.812,0.83612,0.168801,0.180377,5,0
hermes_uni_open,uo-300-300-080,148.312,0.83612,0.220111,0.261904,5,0
hermes_uni_open,uo-300-300-080,148.812,0.83612,0.293757,0.300756,5,0
hermes_uni_open,uo-300-300-080,149.312,0.501672,0.189606,0.206222,3,0
hermes_uni_open,uo-300-300-080,149.812,0.334448,-0.029658,0.221036,2,0
hermes_uni_open,uo-300-300-080,150.312,0.334448,-0.0296945,0.261982,2,0
hermes_uni_open,uo-300-300-080,150.812,0.167224,-0.046824,0.0598024,1,0
hermes_uni_open,uo-300-300-080,151.312,0.167224,0.024206,0.0485021,1,0
hermes_uni_open,uo-300-300-080,151.812,0.167224,-0.027388,0.0286065,1,0
hermes_uni_open,uo-300-300-080,152.312,0.167224,-0.03994,0.0403293,1,0
hermes_uni_open,uo-300-300-080,152.812,0.167224,-0.008022,0.0117972,1,0
hermes_uni_open,uo-300-300-080,153.312,0.167224,-0.004845,0.0110579,1,0
hermes_uni_open,uo-300-300-080,153.812,0.167224,0.017133,0.0306216,1,0
hermes_uni_open,uo-300-300-080,154.312,0.167224,0.130583,0.155576,1,0
hermes_uni_open,uo-300-300-080,154.812,0.167224,0.201591,0.207369,1,0
hermes_uni_open,uo-300-300-080,155.312,0.167224,0.210252,0.405608,1,0
hermes_uni_open,uo-300-300-080,155.812,0.167224,0.359231,0.487697,1,0
hermes_uni_open,uo-300-300-080,156.312,0.167224,0.508403,0.51853,1,0
hermes_uni_open,uo-300-300-120,20.125,0.166667,1.92187,1.92752,1,0
hermes_uni_open,uo-300-300-120,20.625,0.666667,1.82812,1.82968,4,0
hermes_uni_open,uo-300-300-120,21.125,0.833333,1.76699,1.77038,5,0
hermes_uni_open,uo-300-300-120,21.625,1.16667,1.70503,1.71003,7,0
hermes_uni_open,uo-300-300-120,22.125,1.16667,1.68015,1.68311,7,0
hermes_uni_open,uo-300-300-120,22.625,1.16667,1.57178,1.57483,7,0
hermes_uni_open,uo-300-300-120,23.125,1.5,1.51508,1.51713,9,0
hermes_uni_open,uo-300-300-120,23.625,1.16667,1.48332,1.48455,7,0
hermes_uni_open,uo-300-300-120,24.125,1,1.45676,1.45847,6,0
hermes_uni_open,uo-300-300-120,24.625,0.833333,1.4191,1.42106,5,0
hermes_uni_open,uo-300-300-120,25.125,1.16667,1.40106,1.40286,7,0
hermes_uni_open,uo-300-300-120,25.625,1,1.31314,1.31558,6,0
hermes_uni_open,uo-300-300-120,26.125,1,1.22987,1.23221,6,0
hermes_uni_open,uo-300-300-120,26.625,1.33333,1.17089,1.17397,8,0
hermes_uni_open,uo-300-300-120,27.125,1.16667,1.13543,1.13687,7,0
hermes_uni_open,uo-300-300-120,27.625,1.5,1.17189,1.17334,9,0
hermes_uni_open,uo-300-300-120,28.125,1.5,1.15216,1.15307,9,0
hermes_uni_open,uo-300-300-120,28.625,1.66667,1.10188,1.10366,10,0
hermes_uni_open,uo-300-300-120,29.125,1.66667,1.06026,1.06295,10,0
hermes_uni_open,uo-300-300-120,29.625,1.83333,1.03252,1.03642,11,0
hermes_uni_open,uo-300-300-120,30.125,2,1.00443,1.00707,12,0
hermes_uni_open,uo-300-300-120,30.625,1.83333,0.961965,0.963834,11,0
hermes_uni_open,uo-300-300-120,31.125,2.16667,0.942147,0.943789,13,0
hermes_uni_open,uo-300-300-120,31.625,2.16667,0.89185,0.892881,13,0
hermes_uni_open,uo-300-300-120,32.125,2,0.850176,0.85189,12,1
hermes_uni_open,uo-300-300-120,32.625,2.33333,0.797005,0.799096,14,1
hermes_uni_open,uo-300-300-120,33.125,2.5,0.705554,0.709785,15,1
hermes_uni_open,uo-300-300-120,33.625,2.16667,0.698688,0.702208,13,1
hermes_uni_open,uo-300-300-120,34.125,2.16667,0.599695,0.602568,13,1
hermes_uni_open,uo-300-300-120,34.625,2.5,0.549041,0.557371,15,1
hermes_uni_open,uo-300-300-120,35.125,2.33333,0.462188,0.467267,14,1
hermes_uni_open,uo-300-300-120,35.625,2.66667,0.407953,0.412125,16,1
hermes_uni_open,uo-300-300-120,36.125,2.5,0.346824,0.360784,15,1
hermes_uni_open,uo-300-300-120,36.625,2.66667,0.335772,0.349301,16,1
hermes_uni_open,uo-300-300-120,37.125,3,0.324527,0.351344,18,1
hermes_uni_open,uo-300-300-120,37.625,3,0.328909,0.335425,18,1
hermes_uni_open,uo-300-300-120,38.125,2.83333,0.321434,0.339484,17,1
hermes_uni_open,uo-300-300-120,38.625,3.16667,0.29349,0.306154,19,1
hermes_uni_open,uo-300-300-120,39.125,3.5,0.284985,0.307478,21,1
hermes_uni_open,uo-300-300-120,39.625,3.33333,0.296877,0.307791,20,1
hermes_uni_open,uo-300-300-120,40.125,3.33333,0.306703,0.317025,20,1
hermes_uni_open,uo-300-300-120,40.625,3.16667,0.288329,0.305485,19,1
hermes_uni_open,uo-300-300-120,41.125,2.83333,0.271017,0.287927,17,1
hermes_uni_open,uo-300-300-120,41.625,3,0.28914,0.307489,18,1
hermes_uni_open,uo-300-300-120,42.125,3.16667,0.321099,0.340408,19,1
hermes_uni_open,uo-300-300-120,42.625,3,0.320871,0.336088,18,1
hermes_uni_open,uo-300-300-120,43.125,2.83333,0.310793,0.324394,17,1
hermes_uni_open,uo-300-300-120,43.625,2.83333,0.304963,0.322968,17,1
hermes_uni_open,uo-300-300-120,44.125,2.66667,0.287314,0.300539,16,1
hermes_uni_open,uo-300-300-120,44.625,3,0.287813,0.312842,18,1
hermes_uni_open,uo-300-300-120,45.125,2.83333,0.285496,0.306387,17,1
hermes_uni_open,uo-300-300-120,45.625,2.83333,0.28524,0.318602,17,1
hermes_uni_open,uo-300-300-120,46.125,2.83333,0.278253,0.300978,17,1
hermes_uni_open,uo-300-300-120,46.625,2.5,0.281641,0.313191,15,1
hermes_uni_open,uo-300-300-120,47.125,2.66667,0.302124,0.321843,16,1
hermes_uni_open,uo-300-300-120,47.625,2.5,0.273185,0.305594,15,1
hermes_uni_open,uo-300-300-120,48.125,2.5,0.27846,0.303875,15,1
hermes_uni_open,uo-300-300-120,48.625,2.5,0.294529,0.324115,15,1
hermes_uni_open,uo-300-300-120,49.125,2.16667,0.305784,0.330814,13,1
hermes_uni_open,uo-300-300-120,49.625,2,0.321291,0.358292,12,1
hermes_uni_open,uo-300-300-120,50.125,2.16667,0.338014,0.365082,13,1
hermes_uni_open,uo-300-300-120,50.625,2.33333,0.320979,0.349026,14,1
hermes_uni_open,uo-300-300-120,51.125,2.5,0.326182,0.352083,15,1
hermes_uni_open,uo-300-300-120,51.625,2.33333,0.317281,0.338687,14,1
hermes_uni_open,uo-300-300-120,52.125,2.66667,0.326185,0.353592,16,1
hermes_uni_open,uo-300-300-120,52.625,2.5,0.334261,0.357899,15,1
hermes_uni_open,uo-300-300-120,53.125,2.33333,0.339743,0.363584,14,1
hermes_uni_open,uo-300-300-120,53.625,2.33333,0.35143,0.36664,14,1
hermes_uni_open,uo-300-300-120,54.125,2.66667,0.352695,0.375716,16,1
hermes_uni_open,uo-300-300-120,54.625,3,0.340484,0.354884,18,1
hermes_uni_open,uo-300-300-120,55.125,3.16667,0.330856,0.345122,19,1
hermes_uni_open,uo-300-300-120,55.625,3.16667,0.314078,0.329877,19,1
hermes_uni_open,uo-300-300-120,56.125,3,0.30785,0.31814,18,1
hermes_uni_open,uo-300-300-120,56.625,3.16667,0.30704,0.317563,19,1
hermes_uni_open,uo-300-300-120,57.125,3.16667,0.320308,0.335652,19,1
hermes_uni_open,uo-300-300-120,57.625,3,0.350493,0.362515,18,1
hermes_uni_open,uo-300-300-120,58.125,2.83333,0.345499,0.365744,17,1
hermes_uni_open,uo-300-300-120,58.625,3,0.341986,0.351691,18,1
hermes_uni_open,uo-300-300-120,59.125,3,0.351238,0.362392,18,1
hermes_uni_open,uo-300-300-120,59.625,3,0.330729,0.349134,18,1
hermes_uni_open,uo-300-300-120,60.125,3.16667,0.339224,0.348509,19,1
hermes_uni_open,uo-300-300-120,60.625,3,0.355981,0.370147,18,1
hermes_uni_open,uo-300-300-120,61.125,2.83333,0.353888,0.366188,17,1
hermes_uni_open,uo-300-300-120,61.625,3,0.372366,0.378911,18,1
hermes_uni_open,uo-300-300-120,62.125,3,0.413066,0.422275,18,1
hermes_uni_open,uo-300-300-120,62.625,3.16667,0.415183,0.429012,19,1
hermes_uni_open,uo-300-300-120,63.125,2.66667,0.410209,0.420047,16,1
hermes_uni_open,uo-300-300-120,63.625,2.83333,0.411577,0.42403,17,1
hermes_uni_open,uo-300-300-120,64.125,2.66667,0.399648,0.411606,16,1
hermes_uni_open,uo-300-300-120,64.625,2.66667,0.402177,0.411652,16,1
hermes_uni_open,uo-300-300-120,65.125,2.5,0.402377,0.410343,15,1
hermes_uni_open,uo-300-300-120,65.625,2.5,0.379297,0.390561,15,1
hermes_uni_open,uo-300-300-120,66.125,2.66667,0.369936,0.381928,16,1
hermes_uni_open,uo-300-300-120,66.625,2.83333,0.354391,0.367917,17,1
hermes_uni_open,uo-300-300-120,67.125,2.83333,0.338813,0.36112,17,1
hermes_uni_open,uo-300-300-120,67.625,2.33333,0.335727,0.350919,14,1
hermes_uni_open,uo-300-300-120,68.125,2.66667,0.33911,0.35724,16,1
hermes_uni_open,uo-300-300-120,68.625,3,0.345376,0.359121,18,1
hermes_uni_open,uo-300-300-120,69.125,2.83333,0.352604,0.371406,17,1
hermes_uni_open,uo-300-300-120,69.625,3,0.376063,0.386142,18,1
hermes_uni_open,uo-300-300-120,70.125,2.83333,0.368863,0.382882,17,1
hermes_uni_open,uo-300-300-120,70.625,2.83333,0.349967,0.366215,17,1
hermes_uni_open,uo-300-300-120,71.125,2.66667,0.342866,0.35586,16,1
hermes_uni_open,uo-300-300-120,71.625,2.5,0.356528,0.374343,15,1
hermes_uni_open,uo-300-300-120,72.125,2.33333,0.349953,0.365254,14,1
hermes_uni_open,uo-300-300-120,72.625,2.66667,0.350496,0.36424,16,1
hermes_uni_open,uo-300-300-120,73.125,2.5,0.343797,0.351119,15,1
hermes_uni_open,uo-300-300-120,73.625,2.5,0.354402,0.367265,15,1
hermes_uni_open,uo-300-300-120,74.125,2.5,0.358918,0.371327,15,1
hermes_uni_open,uo-300-300-120,74.625,2.33333,0.328363,0.344844,14,1
hermes_uni_open,uo-300-300-120,75.125,2.5,0.327732,0.347639,15,1
hermes_uni_open,uo-300-300-120,75.625,2.5,0.346568,0.370038,15,1
hermes_uni_open,uo-300-300-120,76.125,2.5,0.37547,0.389306,15,1
hermes_uni_open,uo-300-300-120,76.625,2.33333,0.373112,0.393704,14,1
hermes_uni_open,uo-300-300-120,77.125,2.16667,0.359751,0.377261,13,1
hermes_uni_open,uo-300-300-120,77.625,2.83333,0.353633,0.365071,17,1
hermes_uni_open,uo-300-300-120,78.125,2.33333,0.358542,0.372971,14,1
hermes_uni_open,uo-300-300-120,78.625,2.5,0.344666,0.357955,15,1
hermes_uni_open,uo-300-300-120,79.125,2.33333,0.349606,0.358541,14,1
hermes_uni_open,uo-300-300-120,79.625,2.5,0.358282,0.372237,15,1
hermes_uni_open,uo-300-300-120,80.125,2.5,0.352398,0.363954,15,1
hermes_uni_open,uo-300-300-120,80.625,2.33333,0.321214,0.340191,14,1
hermes_uni_open,uo-300-300-120,81.125,2.66667,0.33513,0.344635,16,1
hermes_uni_open,uo-300-300-120,81.625,2.33333,0.34,0.354308,14,1
hermes_uni_open,uo-300-300-120,82.125,2.5,0.322823,0.330338,15,1
hermes_uni_open,uo-300-300-120,82.625,2.66667,0.329867,0.349837,16,1
hermes_uni_open,uo-300-300-120,83.125,2.83333,0.338118,0.353475,17,1
hermes_uni_open,uo-300-300-120,83.625,2.5,0.335716,0.347242,15,1
hermes_uni_open,uo-300-300-120,84.125,2.5,0.355467,0.364404,15,1
hermes_uni_open,uo-300-300-120,84.625,3,0.349629,0.358351,18,1
hermes_uni_open,uo-300-300-120,85.125,2.83333,0.346154,0.354939,17,1
hermes_uni_open,uo-300-300-120,85.625,3,0.339834,0.352435,18,1
hermes_uni_open,uo-300-300-120,86.125,3,0.325559,0.338278,18,1
hermes_uni_open,uo-300-300-120,86.625,3,0.32462,0.33505,18,1
hermes_uni_open,uo-300-300-120,87.125,3,0.347956,0.356137,18,1
hermes_uni_open,uo-300-300-120,87.625,3.16667,0.354676,0.367452,19,1
hermes_uni_open,uo-300-300-120,88.125,3,0.359234,0.372492,18,1
hermes_uni_open,uo-300-300-120,88.625,3.16667,0.348902,0.361461,19,1
hermes_uni_open,uo-300-300-120,89.125,3.16667,0.348833,0.365075,19,1
hermes_uni_open,uo-300-300-120,89.625,3,0.325347,0.345898,18,1
hermes_uni_open,uo-300-300-120,90.125,3.33333,0.314113,0.33422,20,1
hermes_uni_open,uo-300-300-120,90.625,2.83333,0.317574,0.340117,17,1
hermes_uni_open,uo-300-300-120,91.125,3,0.299254,0.316443,18,1
hermes_uni_open,uo-300-300-120,91.625,3,0.309451,0.330486,18,1
hermes_uni_open,uo-300-300-120,92.125,3.16667,0.313129,0.336601,19,1
hermes_uni_open,uo-300-300-120,92.625,3.16667,0.304351,0.331263,19,1
hermes_uni_open,uo-300-300-120,93.125,3.33333,0.301635,0.323744,20,1
hermes_uni_open,uo-300-300-120,93.625,3.16667,0.294565,0.308422,19,1
hermes_uni_open,uo-300-300-120,94.125,3,0.297624,0.318592,18,1
hermes_uni_open,uo-300-300-120,94.625,3,0.299939,0.318362,18,1
hermes_uni_open,uo-300-300-120,95.125,2.83333,0.31325,0.329217,17,1
hermes_uni_open,uo-300-300-120,95.625,3,0.308466,0.322182,18,1
hermes_uni_open,uo-300-300-120,96.125,2.83333,0.296286,0.309118,17,1
hermes_uni_open,uo-300-300-120,96.625,3.16667,0.305451,0.318729,19,1
hermes_uni_open,uo-300-300-120,97.125,2.83333,0.307071,0.318329,17,1
hermes_uni_open,uo-300-300-120,97.625,2.83333,0.30293,0.321088,17,1
hermes_uni_open,uo-300-300-120,98.125,3.16667,0.29577,0.313426,19,1
hermes_uni_open,uo-300-300-120,98.625,3.33333,0.302456,0.317783,20,1
hermes_uni_open,uo-300-300-120,99.125,2.83333,0.306504,0.321937,17,1
hermes_uni_open,uo-300-300-120,99.625,2.66667,0.307439,0.333414,16,1
hermes_uni_open,uo-300-300-120,100.125,3,0.305368,0.326671,18,1
hermes_uni_open,uo-300-300-120,100.625,3.16667,0.328297,0.348245,19,1
hermes_uni_open,uo-300-300-120,101.125,2.83333,0.338983,0.353225,17,1
hermes_uni_open,uo-300-300-120,101.625,3.16667,0.325372,0.344762,19,1
hermes_uni_open,uo-300-300-120,102.125,2.83333,0.329721,0.347003,17,1
hermes_uni_open,uo-300-300-120,102.625,3.16667,0.313558,0.342224,19,1
hermes_uni_open,uo-300-300-120,103.125,3,0.313912,0.327075,18,1
hermes_uni_open,uo-300-300-120,103.625,3,0.341743,0.364046,18,1
hermes_uni_open,uo-300-300-120,104.125,3.16667,0.332111,0.338386,19,1
hermes_uni_open,uo-300-300-120,104.625,2.83333,0.306024,0.326144,17,1
hermes_uni_open,uo-300-300-120,105.125,2.5,0.303323,0.315734,15,1
hermes_uni_open,uo-300-300-120,105.625,3,0.323987,0.346914,18,1
hermes_uni_open,uo-300-300-120,106.125,2.83333,0.330905,0.346127,17,1
hermes_uni_open,uo-300-300-120,106.625,2.66667,0.324944,0.349108,16,1
hermes_uni_open,uo-300-300-120,107.125,2.5,0.311746,0.328593,15,1
hermes_uni_open,uo-300-300-120,107.625,2.83333,0.309451,0.330911,17,1
hermes_uni_open,uo-300-300-120,108.125,2.5,0.324051,0.338806,15,1
hermes_uni_open,uo-300-300-120,108.625,2.33333,0.328269,0.344513,14,1
hermes_uni_open,uo-300-300-120,109.125,2.33333,0.343125,0.353344,14,1
hermes_uni_open,uo-300-300-120,109.625,2.66667,0.347409,0.366728,16,1
hermes_uni_open,uo-300-300-120,110.125,2.66667,0.328422,0.341673,16,1
hermes_uni_open,uo-300-300-120,110.625,2.33333,0.325401,0.353819,14,1
hermes_uni_open,uo-300-300-120,111.125,2.66667,0.349553,0.364842,16,1
hermes_uni_open,uo-300-300-120,111.625,2.33333,0.350285,0.367533,14,1
hermes_uni_open,uo-300-300-120,112.125,2.66667,0.334632,0.357273,16,1
hermes_uni_open,uo-300-300-120,112.625,2.66667,0.339049,0.356146,16,1
hermes_uni_open,uo-300-300-120,113.125,2.5,0.363426,0.380644,15,1
hermes_uni_open,uo-300-300-120,113.625,2.5,0.362923,0.372733,15,1
hermes_uni_open,uo-300-300-120,114.125,2.83333,0.349249,0.368906,17,1
hermes_uni_open,uo-300-300-120,114.625,2.83333,0.329532,0.343551,17,1
hermes_uni_open,uo-300-300-120,115.125,2.66667,0.337359,0.352424,16,1
hermes_uni_open,uo-300-300-120,115.625,2.66667,0.323074,0.335381,16,1
hermes_uni_open,uo-300-300-120,116.125,2.66667,0.314582,0.332066,16,1
hermes_uni_open,uo-300-300-120,116.625,2.83333,0.294637,0.312715,17,1
hermes_uni_open,uo-300-300-120,117.125,3.16667,0.299736,0.314751,19,1
hermes_uni_open,uo-300-300-120,117.625,3,0.300685,0.319349,18,1
hermes_uni_open,uo-300-300-120,118.125,3,0.294099,0.307513,18,1
hermes_uni_open,uo-300-300-120,118.625,3,0.289939,0.305456,18,1
hermes_uni_open,uo-300-300-120,119.125,3,0.312401,0.323334,18,1
hermes_uni_open,uo-300-300-120,119.625,3.16667,0.299232,0.316066,19,1
hermes_uni_open,uo-300-300-120,120.125,3,0.285567,0.301641,18,1
hermes_uni_open,uo-300-300-120,120.625,3,0.291193,0.309468,18,1
hermes_uni_open,uo-300-300-120,121.125,3,0.2842,0.29794,18,1
hermes_uni_open,uo-300-300-120,121.625,3,0.283887,0.298695,18,1
hermes_uni_open,uo-300-300-120,122.125,3,0.284787,0.297778,18,1
hermes_uni_open,uo-300-300-120,122.625,2.66667,0.294515,0.312975,16,1
hermes_uni_open,uo-300-300-120,123.125,3,0.295939,0.311841,18,1
hermes_uni_open,uo-300-300-120,123.625,2.66667,0.283426,0.306423,16,1
hermes_uni_open,uo-300-300-120,124.125,2.83333,0.29514,0.31229,17,1
hermes_uni_open,uo-300-300-120,124.625,2.66667,0.306382,0.326844,16,1
hermes_uni_open,uo-300-300-120,125.125,2.66667,0.313487,0.323064,16,1
hermes_uni_open,uo-300-300-120,125.625,2.66667,0.315042,0.340967,16,1
hermes_uni_open,uo-300-300-120,126.125,2.5,0.304734,0.32868,15,1
hermes_uni_open,uo-300-300-120,126.625,2.5,0.321098,0.332866,15,1
hermes_uni_open,uo-300-300-120,127.125,2.66667,0.320232,0.344539,16,1
hermes_uni_open,uo-300-300-120,127.625,2.33333,0.349605,0.362145,14,1
hermes_uni_open,uo-300-300-120,128.125,2.5,0.343846,0.354585,15,1
hermes_uni_open,uo-300-300-120,128.625,2.16667,0.329766,0.340807,13,0
hermes_uni_open,uo-300-300-120,129.125,2.5,0.327269,0.343265,15,0
hermes_uni_open,uo-300-300-120,129.625,2.33333,0.337501,0.344436,14,0
hermes_uni_open,uo-300-300-120,130.125,2.33333,0.3435,0.363472,14,0
hermes_uni_open,uo-300-300-120,130.625,2.16667,0.342332,0.353819,13,0
hermes_uni_open,uo-300-300-120,131.125,2.16667,0.340109,0.355435,13,0
hermes_uni_open,uo-300-300-120,131.625,1.83333,0.343444,0.353403,11,0
hermes_uni_open,uo-300-300-120,132.125,2.33333,0.339771,0.35495,14,0
hermes_uni_open,uo-300-300-120,132.625,2.16667,0.330099,0.349446,13,0
hermes_uni_open,uo-300-300-120,133.125,2.5,0.344239,0.360626,15,0
hermes_uni_open,uo-300-300-120,133.625,2.33333,0.36865,0.389866,14,0
hermes_uni_open,uo-300-300-120,134.125,2.16667,0.366975,0.38691,13,0
hermes_uni_open,uo-300-300-120,134.625,1.83333,0.34311,0.36704,11,0
hermes_uni_open,uo-300-300-120,135.125,1.66667,0.336534,0.36003,10,0
hermes_uni_open,uo-300-300-120,135.625,1.5,0.321962,0.347912,9,0
hermes_uni_open,uo-300-300-120,136.125,1.33333,0.319698,0.344237,8,0
hermes_uni_open,uo-300-300-120,136.625,1.33333,0.302161,0.344888,8,0
hermes_uni_open,uo-300-300-120,137.125,1,0.291639,0.32961,6,0
hermes_uni_open,uo-300-300-120,137.625,0.833333,0.336142,0.365162,5,0
hermes_uni_open,uo-300-300-120,138.125,0.5,0.347444,0.384486,3,0
hermes_uni_open,uo-300-300-120,138.625,0.333333,0.254256,0.290546,2,0
hermes_uni_open,uo-300-300-120,139.125,0.333333,0.184541,0.200815,2,0
hermes_uni_open,uo-300-300-120,139.625,0.333333,0.247088,0.29005,2,0
hermes_uni_open,uo-300-300-120,140.125,0.166667,0.340037,0.353908,1,0
hermes_uni_open,uo-300-300-160,11,0.166667,1.74853,1.749,1,0
hermes_uni_open,uo-300-300-160,11.5,0.5,1.72955,1.732,3,0
hermes_uni_open,uo-300-300-160,12,0.833333,1.68141,1.68338,5,0
hermes_uni_open,uo-300-300-160,12.5,1,1.66322,1.66531,6,0
hermes_uni_open,uo-300-300-160,13,1.16667,1.61379,1.61813,7,0
hermes_uni_open,uo-300-300-160,13.5,0.666667,1.55636,1.56397,4,0
hermes_uni_open,uo-300-300-160,14,1,1.50376,1.50603,6,0
hermes_uni_open,uo-300-300-160,14.5,1.33333,1.47643,1.478,8,0
hermes_uni_open,uo-300-300-160,15,1.16667,1.44017,1.44151,7,0
hermes_uni_open,uo-300-300-160,15.5,1.16667,1.41412,1.41591,7,0
hermes_uni_open,uo-300-300-160,16,1.5,1.35812,1.35975,9,0
hermes_uni_open,uo-300-300-160,16.5,1.5,1.28473,1.28796,9,0
hermes_uni_open,uo-300-300-160,17,1.66667,1.26739,1.26954,10,0
hermes_uni_open,uo-300-300-160,17.5,1.5,1.26129,1.26322,9,0
hermes_uni_open,uo-300-300-160,18,1.33333,1.25011,1.25082,8,0
hermes_uni_open,uo-300-300-160,18.5,1.16667,1.22526,1.22579,7,0
hermes_uni_open,uo-300-300-160,19,1.33333,1.19496,1.19579,8,0
hermes_uni_open,uo-300-300-160,19.5,1.33333,1.16177,1.16423,8,1
hermes_uni_open,uo-300-300-160,20,1.33333,1.13423,1.13633,8,1
hermes_uni_open,uo-300-300-160,20.5,1.33333,1.10612,1.10918,8,1
hermes_uni_open,uo-300-300-160,21,1.66667,1.10437,1.10612,10,1
hermes_uni_open,uo-300-300-160,21.5,1.83333,1.06408,1.06548,11,1
hermes_uni_open,uo-300-300-160,22,1.66667,1.04352,1.04565,10,1
hermes_uni_open,uo-300-300-160,22.5,1.66667,1.01198,1.014,10,1
hermes_uni_open,uo-300-300-160,23,1.5,0.965469,0.966831,9,1
hermes_uni_open,uo-300-300-160,23.5,1.66667,0.908197,0.91031,10,1
hermes_uni_open,uo-300-300-160,24,1.5,0.859088,0.863309,9,1
hermes_uni_open,uo-300-300-160,24.5,1.83333,0.836166,0.840836,11,1
hermes_uni_open,uo-300-300-160,25,1.66667,0.843583,0.849335,10,1
hermes_uni_open,uo-300-300-160,25.5,1.5,0.786975,0.792998,9,1
hermes_uni_open,uo-300-300-160,26,1.83333,0.794085,0.797149,11,1
hermes_uni_open,uo-300-300-160,26.5,1.83333,0.728189,0.730923,11,1
hermes_uni_open,uo-300-300-160,27,1.83333,0.703181,0.707975,11,1
hermes_uni_open,uo-300-300-160,27.5,1.83333,0.669998,0.675711,11,1
hermes_uni_open,uo-300-300-160,28,1.83333,0.637918,0.641923,11,1
hermes_uni_open,uo-300-300-160,28.5,1.66667,0.612163,0.620491,10,1
hermes_uni_open,uo-300-300-160,29,1.66667,0.616425,0.62216,10,1
hermes_uni_open,uo-300-300-160,29.5,2.33333,0.588883,0.601751,14,1
hermes_uni_open,uo-300-300-160,30,1.83333,0.570099,0.577992,11,1
hermes_uni_open,uo-300-300-160,30.5,2,0.581502,0.584802,12,1
hermes_uni_open,uo-300-300-160,31,2.16667,0.57542,0.580338,13,1
hermes_uni_open,uo-300-300-160,31.5,2,0.573398,0.583153,12,1
hermes_uni_open,uo-300-300-160,32,2,0.581715,0.585354,12,1
hermes_uni_open,uo-300-300-160,32.5,2.16667,0.601407,0.605817,13,1
hermes_uni_open,uo-300-300-160,33,2.16667,0.555132,0.560046,13,1
hermes_uni_open,uo-300-300-160,33.5,2.16667,0.511626,0.520847,13,1
hermes_uni_open,uo-300-300-160,34,2.33333,0.521335,0.526089,14,1
hermes_uni_open,uo-300-300-160,34.5,2.16667,0.509363,0.514262,13,1
hermes_uni_open,uo-300-300-160,35,2.16667,0.498119,0.503179,13,1
hermes_uni_open,uo-300-300-160,35.5,2,0.482577,0.486919,12,1
hermes_uni_open,uo-300-300-160,36,2.5,0.522745,0.534781,15,1
hermes_uni_open,uo-300-300-160,36.5,1.83333,0.514546,0.522743,11,1
hermes_uni_open,uo-300-300-160,37,1.83333,0.46316,0.475526,11,1
hermes_uni_open,uo-300-300-160,37.5,2.33333,0.464726,0.477839,14,1
hermes_uni_open,uo-300-300-160,38,2.16667,0.477927,0.496399,13,1
hermes_uni_open,uo-300-300-160,38.5,2,0.476186,0.48782,12,1
hermes_uni_open,uo-300-300-160,39,2.16667,0.489698,0.503104,13,1
hermes_uni_open,uo-300-300-160,39.5,2.5,0.495701,0.505265,15,1
hermes_uni_open,uo-300-300-160,40,2.5,0.505201,0.512963,15,1
hermes_uni_open,uo-300-300-160,40.5,2,0.493884,0.508501,12,1
hermes_uni_open,uo-300-300-160,41,2.66667,0.474277,0.479904,16,1
hermes_uni_open,uo-300-300-160,41.5,2.16667,0.471804,0.483549,13,1
hermes_uni_open,uo-300-300-160,42,2.66667,0.478666,0.486347,16,1
hermes_uni_open,uo-300-300-160,42.5,2.16667,0.475479,0.482468,13,1
hermes_uni_open,uo-300-300-160,43,2.66667,0.463323,0.475377,16,1
hermes_uni_open,uo-300-300-160,43.5,2.5,0.467645,0.484341,15,1
hermes_uni_open,uo-300-300-160,44,2.66667,0.490753,0.500411,16,1
hermes_uni_open,uo-300-300-160,44.5,2.83333,0.481385,0.492253,17,1
hermes_uni_open,uo-300-300-160,45,2.5,0.445877,0.461124,15,1
hermes_uni_open,uo-300-300-160,45.5,2.33333,0.481595,0.495846,14,1
hermes_uni_open,uo-300-300-160,46,2.33333,0.478664,0.485845,14,1
hermes_uni_open,uo-300-300-160,46.5,2.66667,0.455915,0.46532,16,1
hermes_uni_open,uo-300-300-160,47,2.5,0.447893,0.464281,15,1
hermes_uni_open,uo-300-300-160,47.5,2.66667,0.435438,0.440819,16,1
hermes_uni_open,uo-300-300-160,48,2.16667,0.42119,0.431373,13,1
hermes_uni_open,uo-300-300-160,48.5,2.33333,0.424201,0.430482,14,1
hermes_uni_open,uo-300-300-160,49,2.33333,0.411533,0.421824,14,1
hermes_uni_open,uo-300-300-160,49.5,2.33333,0.390863,0.398283,14,1
hermes_uni_open,uo-300-300-160,50,2.83333,0.393027,0.404031,17,1
hermes_uni_open,uo-300-300-160,50.5,2.83333,0.364764,0.373288,17,1
hermes_uni_open,uo-300-300-160,51,2.83333,0.344371,0.358143,17,1
hermes_uni_open,uo-300-300-160,51.5,2.66667,0.392421,0.404196,16,1
hermes_uni_open,uo-300-300-160,52,3,0.379694,0.394083,18,1
hermes_uni_open,uo-300-300-160,52.5,2.66667,0.359062,0.373534,16,1
hermes_uni_open,uo-300-300-160,53,3,0.375893,0.385723,18,1
hermes_uni_open,uo-300-300-160,53.5,3.33333,0.375799,0.382824,20,1
hermes_uni_open,uo-300-300-160,54,2.66667,0.36737,0.378547,16,1
hermes_uni_open,uo-300-300-160,54.5,2.33333,0.381236,0.390231,14,1
hermes_uni_open,uo-300-300-160,55,2.5,0.378276,0.386734,15,1
hermes_uni_open,uo-300-300-160,55.5,3,0.380696,0.38911,18,1
hermes_uni_open,uo-300-300-160,56,3,0.377821,0.390911,18,1
hermes_uni_open,uo-300-300-160,56.5,2.66667,0.379504,0.386235,16,1
hermes_uni_open,uo-300-300-160,57,2.66667,0.390642,0.407977,16,1
hermes_uni_open,uo-300-300-160,57.5,2.66667,0.387121,0.394596,16,1
hermes_uni_open,uo-300-300-160,58,2.16667,0.403173,0.418355,13,1
hermes_uni_open,uo-300-300-160,58.5,2,0.435782,0.446121,12,1
hermes_uni_open,uo-300-300-160,59,2,0.449949,0.456375,12,1
hermes_uni_open,uo-300-300-160,59.5,2.33333,0.432833,0.446096,14,1
hermes_uni_open,uo-300-300-160,60,2,0.424572,0.437944,12,1
hermes_uni_open,uo-300-300-160,60.5,1.83333,0.43618,0.446998,11,1
hermes_uni_open,uo-300-300-160,61,1.66667,0.462204,0.466672,10,1
hermes_uni_open,uo-300-300-160,61.5,2,0.490602,0.504186,12,1
hermes_uni_open,uo-300-300-160,62,1.83333,0.497762,0.502487,11,1
hermes_uni_open,uo-300-300-160,62.5,1.83333,0.490064,0.504521,11,1
hermes_uni_open,uo-300-300-160,63,1.83333,0.470466,0.476231,11,1
hermes_uni_open,uo-300-300-160,63.5,2,0.473931,0.481489,12,1
hermes_uni_open,uo-300-300-160,64,2.16667,0.492256,0.503483,13,1
hermes_uni_open,uo-300-300-160,64.5,2,0.49324,0.500243,12,1
hermes_uni_open,uo-300-300-160,65,2.16667,0.506559,0.511725,13,1
hermes_uni_open,uo-300-300-160,65.5,2,0.504945,0.508966,12,1
hermes_uni_open,uo-300-300-160,66,2.16667,0.504823,0.519169,13,1
hermes_uni_open,uo-300-300-160,66.5,2.33333,0.495192,0.502363,14,1
hermes_uni_open,uo-300-300-160,67,2.5,0.472729,0.492353,15,1
hermes_uni_open,uo-300-300-160,67.5,1.83333,0.470585,0.477282,11,1
hermes_uni_open,uo-300-300-160,68,2,0.458893,0.47304,12,1
hermes_uni_open,uo-300-300-160,68.5,1.66667,0.453599,0.465368,10,1
hermes_uni_open,uo-300-300-160,69,1.83333,0.48648,0.497622,11,1
hermes_uni_open,uo-300-300-160,69.5,1.83333,0.477477,0.4882,11,1
hermes_uni_open,uo-300-300-160,70,2,0.444272,0.456991,12,1
hermes_uni_open,uo-300-300-160,70.5,2,0.436461,0.448739,12,1
hermes_uni_open,uo-300-300-160,71,2.33333,0.452384,0.459019,14,1
hermes_uni_open,uo-300-300-160,71.5,2.33333,0.455072,0.467358,14,1
hermes_uni_open,uo-300-300-160,72,2.83333,0.450557,0.455343,17,1
hermes_uni_open,uo-300-300-160,72.5,2.5,0.453349,0.458968,15,1
hermes_uni_open,uo-300-300-160,73,3,0.446624,0.453682,18,1
hermes_uni_open,uo-300-300-160,73.5,2.66667,0.443973,0.448985,16,1
hermes_uni_open,uo-300-300-160,74,2.5,0.455556,0.45932,15,1
hermes_uni_open,uo-300-300-160,74.5,2.5,0.464568,0.468995,15,1
hermes_uni_open,uo-300-300-160,75,2.5,0.453022,0.458078,15,1
hermes_uni_open,uo-300-300-160,75.5,2.5,0.457886,0.470032,15,1
hermes_uni_open,uo-300-300-160,76,2.66667,0.445591,0.450549,16,1
hermes_uni_open,uo-300-300-160,76.5,2.33333,0.46292,0.470021,14,1
hermes_uni_open,uo-300-300-160,77,2.5,0.437395,0.447882,15,1
hermes_uni_open,uo-300-300-160,77.5,2.83333,0.411534,0.421081,17,1
hermes_uni_open,uo-300-300-160,78,2.66667,0.42163,0.431988,16,1
hermes_uni_open,uo-300-300-160,78.5,2.5,0.399098,0.412503,15,1
hermes_uni_open,uo-300-300-160,79,2.33333,0.393812,0.409739,14,1
hermes_uni_open,uo-300-300-160,79.5,2.66667,0.391641,0.404461,16,1
hermes_uni_open,uo-300-300-160,80,2.5,0.393383,0.403519,15,1
hermes_uni_open,uo-300-300-160,80.5,2.5,0.396193,0.410609,15,1
hermes_uni_open,uo-300-300-160,81,2.5,0.412687,0.429558,15,1
hermes_uni_open,uo-300-300-160,81.5,2.33333,0.415092,0.429059,14,1
hermes_uni_open,uo-300-300-160,82,2.16667,0.421281,0.428608,13,1
hermes_uni_open,uo-300-300-160,82.5,2.66667,0.412934,0.426484,16,1
hermes_uni_open,uo-300-300-160,83,2.33333,0.413298,0.419948,14,1
hermes_uni_open,uo-300-300-160,83.5,2.5,0.426007,0.4354,15,1
hermes_uni_open,uo-300-300-160,84,2.5,0.43015,0.43788,15,1
hermes_uni_open,uo-300-300-160,84.5,2.5,0.42647,0.432913,15,1
hermes_uni_open,uo-300-300-160,85,2.33333,0.407889,0.424146,14,1
hermes_uni_open,uo-300-300-160,85.5,2.5,0.401869,0.413113,15,1
hermes_uni_open,uo-300-300-160,86,2.5,0.414846,0.428527,15,1
hermes_uni_open,uo-300-300-160,86.5,2.83333,0.441103,0.451165,17,1
hermes_uni_open,uo-300-300-160,87,2.5,0.452551,0.46287,15,1
hermes_uni_open,uo-300-300-160,87.5,2.5,0.436621,0.448349,15,1
hermes_uni_open,uo-300-300-160,88,2.5,0.451258,0.459914,15,0
hermes_uni_open,uo-300-300-160,88.5,2.5,0.43624,0.454611,15,0
hermes_uni_open,uo-300-300-160,89,2.16667,0.408022,0.415797,13,0
hermes_uni_open,uo-300-300-160,89.5,2.16667,0.431327,0.449745,13,0
hermes_uni_open,uo-300-300-160,90,1.66667,0.461429,0.474334,10,0
hermes_uni_open,uo-300-300-160,90.5,2,0.456308,0.464599,12,0
hermes_uni_open,uo-300-300-160,91,2,0.480086,0.492817,12,0
hermes_uni_open,uo-300-300-160,91.5,1.83333,0.472106,0.48103,11,0
hermes_uni_open,uo-300-300-160,92,1.66667,0.47266,0.483552,10,0
hermes_uni_open,uo-300-300-160,92.5,1.66667,0.453638,0.466898,10,0
hermes_uni_open,uo-300-300-160,93,1.5,0.473111,0.477176,9,0
hermes_uni_open,uo-300-300-160,93.5,1.5,0.447101,0.469121,9,0
hermes_uni_open,uo-300-300-160,94,1.16667,0.447852,0.452154,7,0
hermes_uni_open,uo-300-300-160,94.5,0.833333,0.448401,0.459307,5,0
hermes_uni_open,uo-300-300-160,95,0.833333,0.447681,0.464912,5,0
hermes_uni_open,uo-300-300-160,95.5,0.166667,0.419719,0.42174,1,0
hermes_uni_open,uo-300-300-160,96,0.166667,0.400085,0.440576,1,0
hermes_uni_open,uo-300-300-200,12.438,0.166667,1.6566,1.65868,1,0
hermes_uni_open,uo-300-300-200,12.938,0.5,1.64442,1.6455,3,0
hermes_uni_open,uo-300-300-200,13.438,0.666667,1.60862,1.60973,4,0
hermes_uni_open,uo-300-300-200,13.938,0.833333,1.52664,1.52839,5,0
hermes_uni_open,uo-300-300-200,14.438,1,1.46031,1.46188,6,0
hermes_uni_open,uo-300-300-200,14.938,1.33333,1.44087,1.44173,8,0
hermes_uni_open,uo-300-300-200,15.438,1.66667,1.41513,1.41673,10,0
hermes_uni_open,uo-300-300-200,15.938,1.5,1.36253,1.36442,9,0
hermes_uni_open,uo-300-300-200,16.438,1.66667,1.33928,1.34032,10,0
hermes_uni_open,uo-300-300-200,16.938,1.66667,1.31534,1.31707,10,0
hermes_uni_open,uo-300-300-200,17.438,1.66667,1.29809,1.3,10,0
hermes_uni_open,uo-300-300-200,17.938,1.66667,1.2855,1.28741,10,0
hermes_uni_open,uo-300-300-200,18.438,1.66667,1.23474,1.23645,10,0
hermes_uni_open,uo-300-300-200,18.938,1.66667,1.23054,1.2341,10,0
hermes_uni_open,uo-300-300-200,19.438,1.5,1.23753,1.24112,9,0
hermes_uni_open,uo-300-300-200,19.938,1.5,1.19521,1.19762,9,0
hermes_uni_open,uo-300-300-200,20.438,1.5,1.1572,1.15911,9,0
hermes_uni_open,uo-300-300-200,20.938,1.5,1.15205,1.15307,9,0
hermes_uni_open,uo-300-300-200,21.438,1.66667,1.12127,1.12335,10,1
hermes_uni_open,uo-300-300-200,21.938,1.5,1.11276,1.11517,9,1
hermes_uni_open,uo-300-300-200,22.438,1,1.15407,1.15575,6,1
hermes_uni_open,uo-300-300-200,22.938,1.16667,1.08144,1.08183,7,1
hermes_uni_open,uo-300-300-200,23.438,1.16667,1.03452,1.03644,7,1
hermes_uni_open,uo-300-300-200,23.938,1.33333,1.01726,1.01969,8,1
hermes_uni_open,uo-300-300-200,24.438,1.5,0.958223,0.959441,9,1
hermes_uni_open,uo-300-300-200,24.938,1.66667,0.954493,0.956305,10,1
hermes_uni_open,uo-300-300-200,25.438,1.66667,0.945665,0.947554,10,1
hermes_uni_open,uo-300-300-200,25.938,2,0.926271,0.929795,12,1
hermes_uni_open,uo-300-300-200,26.438,2,0.865872,0.867315,12,1
hermes_uni_open,uo-300-300-200,26.938,1.66667,0.840884,0.842385,10,1
hermes_uni_open,uo-300-300-200,27.438,1.66667,0.849254,0.850716,10,1
hermes_uni_open,uo-300-300-200,27.938,2,0.799971,0.803553,12,1
hermes_uni_open,uo-300-300-200,28.438,1.83333,0.783418,0.786621,11,1
hermes_uni_open,uo-300-300-200,28.938,1.83333,0.758901,0.761056,11,1
hermes_uni_open,uo-300-300-200,29.438,2,0.754778,0.758271,12,1
hermes_uni_open,uo-300-300-200,29.938,2,0.73468,0.740167,12,1
hermes_uni_open,uo-300-300-200,30.438,2.16667,0.711536,0.714131,13,1
hermes_uni_open,uo-300-300-200,30.938,2.33333,0.695639,0.700083,14,1
hermes_uni_open,uo-300-300-200,31.438,2.16667,0.656656,0.660219,13,1
hermes_uni_open,uo-300-300-200,31.938,2.33333,0.618723,0.622576,14,1
hermes_uni_open,uo-300-300-200,32.438,2,0.611324,0.613202,12,1
hermes_uni_open,uo-300-300-200,32.938,2.16667,0.61017,0.614517,13,1
hermes_uni_open,uo-300-300-200,33.438,2.16667,0.564856,0.571747,13,1
hermes_uni_open,uo-300-300-200,33.938,2.16667,0.568303,0.572777,13,1
hermes_uni_open,uo-300-300-200,34.438,2.5,0.564581,0.571127,15,1
hermes_uni_open,uo-300-300-200,34.938,2.33333,0.578608,0.581353,14,1
hermes_uni_open,uo-300-300-200,35.438,2,0.578124,0.584816,12,1
hermes_uni_open,uo-300-300-200,35.938,2,0.580882,0.585581,12,1
hermes_uni_open,uo-300-300-200,36.438,2,0.581267,0.585856,12,1
hermes_uni_open,uo-300-300-200,36.938,2,0.575055,0.578766,12,1
hermes_uni_open,uo-300-300-200,37.438,2.16667,0.564988,0.57375,13,1
hermes_uni_open,uo-300-300-200,37.938,2.16667,0.568553,0.571692,13,1
hermes_uni_open,uo-300-300-200,38.438,2.16667,0.586679,0.589573,13,1
hermes_uni_open,uo-300-300-200,38.938,2.16667,0.575751,0.580162,13,1
hermes_uni_open,uo-300-300-200,39.438,2.33333,0.567813,0.577653,14,1
hermes_uni_open,uo-300-300-200,39.938,2.16667,0.579083,0.587943,13,1
hermes_uni_open,uo-300-300-200,40.438,2.66667,0.558629,0.563511,16,1
hermes_uni_open,uo-300-300-200,40.938,2.16667,0.539564,0.54872,13,1
hermes_uni_open,uo-300-300-200,41.438,2.16667,0.526185,0.531442,13,1
hermes_uni_open,uo-300-300-200,41.938,2.33333,0.538752,0.553384,14,1
hermes_uni_open,uo-300-300-200,42.438,2,0.503508,0.50943,12,1
hermes_uni_open,uo-300-300-200,42.938,1.83333,0.507511,0.515109,11,1
hermes_uni_open,uo-300-300-200,43.438,2.33333,0.533814,0.544355,14,1
hermes_uni_open,uo-300-300-200,43.938,2.16667,0.522448,0.533249,13,1
hermes_uni_open,uo-300-300-200,44.438,2.33333,0.509206,0.514452,14,1
hermes_uni_open,uo-300-300-200,44.938,2.5,0.535316,0.545076,15,1
hermes_uni_open,uo-300-300-200,45.438,2,0.524114,0.533693,12,1
hermes_uni_open,uo-300-300-200,45.938,2.16667,0.528364,0.531756,13,1
hermes_uni_open,uo-300-300-200,46.438,2.33333,0.535339,0.544266,14,1
hermes_uni_open,uo-300-300-200,46.938,2.5,0.563932,0.567058,15,1
hermes_uni_open,uo-300-300-200,47.438,2.33333,0.567826,0.570346,14,1
hermes_uni_open,uo-300-300-200,47.938,3,0.553015,0.559447,18,1
hermes_uni_open,uo-300-300-200,48.438,2.5,0.540514,0.546894,15,1
hermes_uni_open,uo-300-300-200,48.938,2.66667,0.516742,0.524761,16,1
hermes_uni_open,uo-300-300-200,49.438,2.5,0.527207,0.535346,15,1
hermes_uni_open,uo-300-300-200,49.938,2.83333,0.526666,0.53268,17,1
hermes_uni_open,uo-300-300-200,50.438,2.5,0.51921,0.523657,15,1
hermes_uni_open,uo-300-300-200,50.938,2.5,0.495841,0.504484,15,1
hermes_uni_open,uo-300-300-200,51.438,2.16667,0.491344,0.497173,13,1
hermes_uni_open,uo-300-300-200,51.938,2.33333,0.504978,0.511179,14,1
hermes_uni_open,uo-300-300-200,52.438,2.5,0.524705,0.532274,15,1
hermes_uni_open,uo-300-300-200,52.938,2.5,0.525326,0.528545,15,1
hermes_uni_open,uo-300-300-200,53.438,2.33333,0.536002,0.541749,14,1
hermes_uni_open,uo-300-300-200,53.938,2.5,0.513799,0.521175,15,1
hermes_uni_open,uo-300-300-200,54.438,2.5,0.526945,0.536685,15,1
hermes_uni_open,uo-300-300-200,54.938,2.16667,0.531001,0.539351,13,1
hermes_uni_open,uo-300-300-200,55.438,2.33333,0.537785,0.544802,14,1
hermes_uni_open,uo-300-300-200,55.938,2.5,0.55762,0.570181,15,1
hermes_uni_open,uo-300-300-200,56.438,2.33333,0.560966,0.569216,14,1
hermes_uni_open,uo-300-300-200,56.938,2.5,0.56026,0.566678,15,1
hermes_uni_open,uo-300-300-200,57.438,2.33333,0.549546,0.557928,14,1
hermes_uni_open,uo-300-300-200,57.938,2.33333,0.55271,0.562088,14,1
hermes_uni_open,uo-300-300-200,58.438,2.33333,0.557455,0.565864,14,1
hermes_uni_open,uo-300-300-200,58.938,2.5,0.557116,0.567796,15,1
hermes_uni_open,uo-300-300-200,59.438,2.66667,0.564575,0.571293,16,1
hermes_uni_open,uo-300-300-200,59.938,2.33333,0.558336,0.563437,14,1
hermes_uni_open,uo-300-300-200,60.438,2.33333,0.533305,0.540049,14,1
hermes_uni_open,uo-300-300-200,60.938,2.33333,0.549149,0.553966,14,1
hermes_uni_open,uo-300-300-200,61.438,2.16667,0.543096,0.548643,13,1
hermes_uni_open,uo-300-300-200,61.938,2.5,0.543046,0.550702,15,1
hermes_uni_open,uo-300-300-200,62.438,2.33333,0.561423,0.567611,14,1
hermes_uni_open,uo-300-300-200,62.938,2,0.570246,0.573132,12,1
hermes_uni_open,uo-300-300-200,63.438,2.16667,0.573548,0.578276,13,1
hermes_uni_open,uo-300-300-200,63.938,2,0.571146,0.576112,12,1
hermes_uni_open,uo-300-300-200,64.438,2,0.560154,0.567301,12,1
hermes_uni_open,uo-300-300-200,64.938,2,0.565515,0.574181,12,1
hermes_uni_open,uo-300-300-200,65.438,1.83333,0.577752,0.586572,11,1
hermes_uni_open,uo-300-300-200,65.938,2,0.573529,0.586505,12,1
hermes_uni_open,uo-300-300-200,66.438,2.33333,0.556497,0.569379,14,1
hermes_uni_open,uo-300-300-200,66.938,2.16667,0.561971,0.577681,13,1
hermes_uni_open,uo-300-300-200,67.438,2.33333,0.555113,0.563924,14,1
hermes_uni_open,uo-300-300-200,67.938,2.5,0.54359,0.550024,15,1
hermes_uni_open,uo-300-300-200,68.438,2.5,0.559909,0.565713,15,1
hermes_uni_open,uo-300-300-200,68.938,2.5,0.576164,0.582755,15,1
hermes_uni_open,uo-300-300-200,69.438,2,0.556723,0.561555,12,1
hermes_uni_open,uo-300-300-200,69.938,2,0.595954,0.602404,12,1
hermes_uni_open,uo-300-300-200,70.438,2.16667,0.556803,0.563739,13,1
hermes_uni_open,uo-300-300-200,70.938,2,0.570417,0.583599,12,1
hermes_uni_open,uo-300-300-200,71.438,2,0.605364,0.618463,12,1
hermes_uni_open,uo-300-300-200,71.938,2,0.607516,0.614359,12,1
hermes_uni_open,uo-300-300-200,72.438,2.16667,0.597041,0.607504,13,1
hermes_uni_open,uo-300-300-200,72.938,2.33333,0.603561,0.607616,14,1
hermes_uni_open,uo-300-300-200,73.438,2.5,0.601719,0.610466,15,1
hermes_uni_open,uo-300-300-200,73.938,2.33333,0.580198,0.585677,14,1
hermes_uni_open,uo-300-300-200,74.438,2.33333,0.560635,0.567399,14,1
hermes_uni_open,uo-300-300-200,74.938,2.16667,0.565219,0.570483,13,1
hermes_uni_open,uo-300-300-200,75.438,2.16667,0.555586,0.560481,13,1
hermes_uni_open,uo-300-300-200,75.938,2.16667,0.554706,0.558754,13,1
hermes_uni_open,uo-300-300-200,76.438,2.16667,0.544589,0.547081,13,1
hermes_uni_open,uo-300-300-200,76.938,2.16667,0.536514,0.546674,13,1
hermes_uni_open,uo-300-300-200,77.438,2.16667,0.549752,0.554171,13,1
hermes_uni_open,uo-300-300-200,77.938,2.5,0.553958,0.561355,15,1
hermes_uni_open,uo-300-300-200,78.438,2.16667,0.575574,0.579122,13,1
hermes_uni_open,uo-300-300-200,78.938,2.5,0.566306,0.570086,15,1
hermes_uni_open,uo-300-300-200,79.438,2.66667,0.56584,0.572124,16,1
hermes_uni_open,uo-300-300-200,79.938,2.33333,0.57983,0.584005,14,1
hermes_uni_open,uo-300-300-200,80.438,2.5,0.585918,0.59105,15,1
hermes_uni_open,uo-300-300-200,80.938,2.5,0.564097,0.567653,15,1
hermes_uni_open,uo-300-300-200,81.438,2.5,0.57384,0.581395,15,1
hermes_uni_open,uo-300-300-200,81.938,2.33333,0.573229,0.57727,14,1
hermes_uni_open,uo-300-300-200,82.438,2,0.552814,0.556536,12,1
hermes_uni_open,uo-300-300-200,82.938,2,0.580138,0.590355,12,1
hermes_uni_open,uo-300-300-200,83.438,2.16667,0.601631,0.605914,13,1
hermes_uni_open,uo-300-300-200,83.938,2.16667,0.599893,0.606336,13,1
hermes_uni_open,uo-300-300-200,84.438,2,0.605802,0.609667,12,1
hermes_uni_open,uo-300-300-200,84.938,2.16667,0.6269,0.63344,13,1
hermes_uni_open,uo-300-300-200,85.438,2.66667,0.622768,0.627543,16,1
hermes_uni_open,uo-300-300-200,85.938,2.5,0.653539,0.657416,15,1
hermes_uni_open,uo-300-300-200,86.438,2.33333,0.625773,0.630631,14,1
hermes_uni_open,uo-300-300-200,86.938,2.66667,0.60792,0.612109,16,1
hermes_uni_open,uo-300-300-200,87.438,2.5,0.579702,0.583162,15,1
hermes_uni_open,uo-300-300-200,87.938,2.33333,0.541638,0.545838,14,1
hermes_uni_open,uo-300-300-200,88.438,2.5,0.558523,0.560642,15,1
hermes_uni_open,uo-300-300-200,88.938,1.83333,0.540233,0.54549,11,1
hermes_uni_open,uo-300-300-200,89.438,2.33333,0.542465,0.547156,14,1
hermes_uni_open,uo-300-300-200,89.938,2.33333,0.532537,0.540717,14,1
hermes_uni_open,uo-300-300-200,90.438,2,0.500114,0.505597,12,1
hermes_uni_open,uo-300-300-200,90.938,2.33333,0.491904,0.497747,14,1
hermes_uni_open,uo-300-300-200,91.438,2.66667,0.505676,0.511004,16,1
hermes_uni_open,uo-300-300-200,91.938,2.66667,0.515966,0.519182,16,1
hermes_uni_open,uo-300-300-200,92.438,2.33333,0.508381,0.516144,14,0
hermes_uni_open,uo-300-300-200,92.938,2.66667,0.510847,0.514729,16,0
hermes_uni_open,uo-300-300-200,93.438,2.5,0.495135,0.498921,15,0
hermes_uni_open,uo-300-300-200,93.938,2.66667,0.505476,0.511997,16,0
hermes_uni_open,uo-300-300-200,94.438,2.83333,0.519016,0.525116,17,0
hermes_uni_open,uo-300-300-200,94.938,2.5,0.524558,0.533229,15,0
hermes_uni_open,uo-300-300-200,95.438,2.5,0.523413,0.52905,15,0
hermes_uni_open,uo-300-300-200,95.938,2.33333,0.511851,0.527229,14,0
hermes_uni_open,uo-300-300-200,96.438,2.16667,0.524393,0.532344,13,0
hermes_uni_open,uo-300-300-200,96.938,2,0.533272,0.544992,12,0
hermes_uni_open,uo-300-300-200,97.438,2.16667,0.539623,0.550158,13,0
hermes_uni_open,uo-300-300-200,97.938,1.83333,0.558584,0.562627,11,0
hermes_uni_open,uo-300-300-200,98.438,1.66667,0.539539,0.544104,10,0
hermes_uni_open,uo-300-300-200,98.938,1,0.527772,0.537681,6,0
hermes_uni_open,uo-300-300-200,99.438,0.833333,0.535733,0.537112,5,0
hermes_uni_open,uo-300-300-200,99.938,0.666667,0.560081,0.569644,4,0
hermes_uni_open,uo-300-300-200,100.438,0.666667,0.551365,0.554729,4,0
hermes_uni_open,uo-300-300-200,100.938,0.166667,0.570048,0.57177,1,0
hermes_uni_open,uo-300-300-300,11.375,0.166667,1.68915,1.68971,1,0
hermes_uni_open,uo-300-300-300,11.875,0.666667,1.65248,1.65258,4,0
hermes_uni_open,uo-300-300-300,12.375,0.833333,1.61132,1.61168,5,0
hermes_uni_open,uo-300-300-300,12.875,1.16667,1.52081,1.52134,7,0
hermes_uni_open,uo-300-300-300,13.375,1,1.49543,1.49586,6,0
hermes_uni_open,uo-300-300-300,13.875,1.66667,1.50005,1.5012,10,0
hermes_uni_open,uo-300-300-300,14.375,1.5,1.46268,1.46324,9,0
hermes_uni_open,uo-300-300-300,14.875,1.66667,1.42843,1.42935,10,0
hermes_uni_open,uo-300-300-300,15.375,1.5,1.45306,1.45358,9,0
hermes_uni_open,uo-300-300-300,15.875,1.33333,1.45773,1.45841,8,0
hermes_uni_open,uo-300-300-300,16.375,1.83333,1.40356,1.40438,11,0
hermes_uni_open,uo-300-300-300,16.875,1.16667,1.37571,1.37655,7,0
hermes_uni_open,uo-300-300-300,17.375,1.5,1.39492,1.39578,9,0
hermes_uni_open,uo-300-300-300,17.875,1.16667,1.42878,1.43037,7,0
hermes_uni_open,uo-300-300-300,18.375,1.83333,1.36733,1.37077,11,0
hermes_uni_open,uo-300-300-300,18.875,1.5,1.36463,1.36737,9,1
hermes_uni_open,uo-300-300-300,19.375,1.5,1.29437,1.29623,9,1
hermes_uni_open,uo-300-300-300,19.875,1.33333,1.30972,1.31191,8,1
hermes_uni_open,uo-300-300-300,20.375,1.66667,1.28712,1.28848,10,1
hermes_uni_open,uo-300-300-300,20.875,1.66667,1.28529,1.28653,10,1
hermes_uni_open,uo-300-300-300,21.375,1.16667,1.23678,1.23954,7,1
hermes_uni_open,uo-300-300-300,21.875,1,1.17848,1.17937,6,1
hermes_uni_open,uo-300-300-300,22.375,1.33333,1.15276,1.1532,8,1
hermes_uni_open,uo-300-300-300,22.875,1.5,1.16592,1.16669,9,1
hermes_uni_open,uo-300-300-300,23.375,1.66667,1.17677,1.18019,10,1
hermes_uni_open,uo-300-300-300,23.875,1.66667,1.13638,1.13911,10,1
hermes_uni_open,uo-300-300-300,24.375,2,1.06623,1.07443,12,1
hermes_uni_open,uo-300-300-300,24.875,1.66667,1.02489,1.03781,10,1
hermes_uni_open,uo-300-300-300,25.375,1.5,1.08276,1.08783,9,1
hermes_uni_open,uo-300-300-300,25.875,1.16667,1.09946,1.10303,7,1
hermes_uni_open,uo-300-300-300,26.375,1.5,1.12467,1.1256,9,1
hermes_uni_open,uo-300-300-300,26.875,1.5,1.14372,1.14435,9,1
hermes_uni_open,uo-300-300-300,27.375,1.5,1.16683,1.16787,9,1
hermes_uni_open,uo-300-300-300,27.875,1.5,1.14046,1.14201,9,1
hermes_uni_open,uo-300-300-300,28.375,1.5,1.10231,1.1037,9,1
hermes_uni_open,uo-300-300-300,28.875,1.66667,1.06538,1.06815,10,1
hermes_uni_open,uo-300-300-300,29.375,1.5,1.08546,1.08858,9,1
hermes_uni_open,uo-300-300-300,29.875,2,1.08894,1.09109,12,1
hermes_uni_open,uo-300-300-300,30.375,1.5,1.08188,1.08313,9,1
hermes_uni_open,uo-300-300-300,30.875,1.66667,1.05976,1.06099,10,1
hermes_uni_open,uo-300-300-300,31.375,1.66667,1.08295,1.08449,10,1
hermes_uni_open,uo-300-300-300,31.875,1.33333,1.06995,1.07091,8,1
hermes_uni_open,uo-300-300-300,32.375,1.5,1.04709,1.04785,9,1
hermes_uni_open,uo-300-300-300,32.875,1.83333,1.05174,1.05272,11,1
hermes_uni_open,uo-300-300-300,33.375,1.66667,1.02301,1.0245,10,1
hermes_uni_open,uo-300-300-300,33.875,1.33333,1.01932,1.02147,8,1
hermes_uni_open,uo-300-300-300,34.375,1.66667,1.05029,1.05319,10,1
hermes_uni_open,uo-300-300-300,34.875,1.5,1.04186,1.04313,9,1
hermes_uni_open,uo-300-300-300,35.375,2,1.04984,1.05181,12,1
hermes_uni_open,uo-300-300-300,35.875,1.83333,1.03557,1.03659,11,1
hermes_uni_open,uo-300-300-300,36.375,2,1.01744,1.02035,12,1
hermes_uni_open,uo-300-300-300,36.875,1.5,1.03356,1.03709,9,1
hermes_uni_open,uo-300-300-300,37.375,1.66667,1.04758,1.04973,10,1
hermes_uni_open,uo-300-300-300,37.875,1.83333,1.0241,1.02643,11,1
hermes_uni_open,uo-300-300-300,38.375,1.66667,1.05651,1.05834,10,1
hermes_uni_open,uo-300-300-300,38.875,1.83333,1.10105,1.10349,11,1
hermes_uni_open,uo-300-300-300,39.375,2,1.0775,1.07904,12,1
hermes_uni_open,uo-300-300-300,39.875,1.83333,1.03892,1.03974,11,1
hermes_uni_open,uo-300-300-300,40.375,2,1.03688,1.03839,12,1
hermes_uni_open,uo-300-300-300,40.875,1.83333,1.04194,1.04266,11,1
hermes_uni_open,uo-300-300-300,41.375,1.83333,0.974822,0.976992,11,1
hermes_uni_open,uo-300-300-300,41.875,1.66667,0.986908,0.988142,10,1
hermes_uni_open,uo-300-300-300,42.375,1.33333,0.98544,0.986825,8,1
hermes_uni_open,uo-300-300-300,42.875,1.5,0.963437,0.965478,9,1
hermes_uni_open,uo-300-300-300,43.375,2.33333,0.959838,0.962619,14,1
hermes_uni_open,uo-300-300-300,43.875,2,0.973444,0.97426,12,1
hermes_uni_open,uo-300-300-300,44.375,2.16667,0.969543,0.970829,13,1
hermes_uni_open,uo-300-300-300,44.875,2.33333,0.951321,0.9527,14,1
hermes_uni_open,uo-300-300-300,45.375,2.33333,0.96329,0.963945,14,1
hermes_uni_open,uo-300-300-300,45.875,1.83333,0.962018,0.96252,11,1
hermes_uni_open,uo-300-300-300,46.375,1.83333,0.951193,0.952998,11,1
hermes_uni_open,uo-300-300-300,46.875,2.16667,0.942295,0.944857,13,1
hermes_uni_open,uo-300-300-300,47.375,1.66667,0.937117,0.940078,10,1
hermes_uni_open,uo-300-300-300,47.875,1.66667,0.918131,0.919522,10,1
hermes_uni_open,uo-300-300-300,48.375,1.5,0.932589,0.933344,9,1
hermes_uni_open,uo-300-300-300,48.875,1.83333,0.903156,0.905576,11,1
hermes_uni_open,uo-300-300-300,49.375,1.66667,0.945122,0.945698,10,1
hermes_uni_open,uo-300-300-300,49.875,2,0.908644,0.909687,12,1
hermes_uni_open,uo-300-300-300,50.375,1.83333,0.914205,0.91525,11,1
hermes_uni_open,uo-300-300-300,50.875,1.83333,0.888246,0.890891,11,1
hermes_uni_open,uo-300-300-300,51.375,2,0.869228,0.871086,12,1
hermes_uni_open,uo-300-300-300,51.875,1.83333,0.861831,0.863393,11,1
hermes_uni_open,uo-300-300-300,52.375,1.83333,0.875413,0.876465,11,1
hermes_uni_open,uo-300-300-300,52.875,2.16667,0.865836,0.867866,13,1
hermes_uni_open,uo-300-300-300,53.375,2.33333,0.862624,0.86373,14,1
hermes_uni_open,uo-300-300-300,53.875,2.16667,0.856706,0.857272,13,1
hermes_uni_open,uo-300-300-300,54.375,1.83333,0.844858,0.846742,11,1
hermes_uni_open,uo-300-300-300,54.875,2.33333,0.8647,0.865903,14,1
hermes_uni_open,uo-300-300-300,55.375,2.16667,0.869913,0.871506,13,1
hermes_uni_open,uo-300-300-300,55.875,1.83333,0.879968,0.882303,11,1
hermes_uni_open,uo-300-300-300,56.375,1.83333,0.852207,0.85652,11,1
hermes_uni_open,uo-300-300-300,56.875,2.33333,0.856099,0.858673,14,1
hermes_uni_open,uo-300-300-300,57.375,2.16667,0.847642,0.849626,13,1
hermes_uni_open,uo-300-300-300,57.875,1.66667,0.844079,0.849683,10,1
hermes_uni_open,uo-300-300-300,58.375,1.5,0.836358,0.842426,9,1
hermes_uni_open,uo-300-300-300,58.875,1.83333,0.82015,0.823343,11,1
hermes_uni_open,uo-300-300-300,59.375,1.5,0.829845,0.831105,9,1
hermes_uni_open,uo-300-300-300,59.875,1.66667,0.834766,0.836767,10,1
hermes_uni_open,uo-300-300-300,60.375,1.83333,0.826363,0.830056,11,1
hermes_uni_open,uo-300-300-300,60.875,2.16667,0.81191,0.813402,13,1
hermes_uni_open,uo-300-300-300,61.375,2.16667,0.828262,0.829219,13,1
hermes_uni_open,uo-300-300-300,61.875,2.33333,0.822993,0.824932,14,1
hermes_uni_open,uo-300-300-300,62.375,2.16667,0.810948,0.812643,13,1
hermes_uni_open,uo-300-300-300,62.875,2.16667,0.819842,0.821583,13,1
hermes_uni_open,uo-300-300-300,63.375,2.16667,0.835204,0.837391,13,1
hermes_uni_open,uo-300-300-300,63.875,2.16667,0.789561,0.793957,13,1
hermes_uni_open,uo-300-300-300,64.375,2.16667,0.810084,0.811702,13,1
hermes_uni_open,uo-300-300-300,64.875,1.83333,0.818261,0.821114,11,1
hermes_uni_open,uo-300-300-300,65.375,1.83333,0.815613,0.818857,11,1
hermes_uni_open,uo-300-300-300,65.875,1.66667,0.799481,0.800621,10,1
hermes_uni_open,uo-300-300-300,66.375,1.83333,0.79355,0.795667,11,1
hermes_uni_open,uo-300-300-300,66.875,2,0.788581,0.790078,12,1
hermes_uni_open,uo-300-300-300,67.375,2,0.769545,0.772275,12,1
hermes_uni_open,uo-300-300-300,67.875,2,0.768223,0.770488,12,1
hermes_uni_open,uo-300-300-300,68.375,2.5,0.783449,0.785225,15,1
hermes_uni_open,uo-300-300-300,68.875,1.83333,0.753769,0.75511,11,1
hermes_uni_open,uo-300-300-300,69.375,1.83333,0.751684,0.752522,11,1
hermes_uni_open,uo-300-300-300,69.875,1.83333,0.731903,0.737562,11,1
hermes_uni_open,uo-300-300-300,70.375,1.66667,0.761596,0.76436,10,1
hermes_uni_open,uo-300-300-300,70.875,1.66667,0.76093,0.766535,10,1
hermes_uni_open,uo-300-300-300,71.375,2.16667,0.760638,0.762557,13,1
hermes_uni_open,uo-300-300-300,71.875,1.66667,0.772529,0.778318,10,1
hermes_uni_open,uo-300-300-300,72.375,1.83333,0.75641,0.76055,11,1
hermes_uni_open,uo-300-300-300,72.875,2,0.728066,0.730281,12,1
hermes_uni_open,uo-300-300-300,73.375,1.66667,0.760598,0.76196,10,1
hermes_uni_open,uo-300-300-300,73.875,1.66667,0.753085,0.755416,10,1
hermes_uni_open,uo-300-300-300,74.375,1.83333,0.733969,0.738611,11,1
hermes_uni_open,uo-300-300-300,74.875,2.16667,0.722997,0.728343,13,1
hermes_uni_open,uo-300-300-300,75.375,1.83333,0.682368,0.688556,11,1
hermes_uni_open,uo-300-300-300,75.875,1.66667,0.664905,0.67121,10,0
hermes_uni_open,uo-300-300-300,76.375,1.83333,0.675902,0.682816,11,0
hermes_uni_open,uo-300-300-300,76.875,1.66667,0.692346,0.697045,10,0
hermes_uni_open,uo-300-300-300,77.375,1.66667,0.661224,0.665818,10,0
hermes_uni_open,uo-300-300-300,77.875,1.66667,0.672818,0.67866,10,0
hermes_uni_open,uo-300-300-300,78.375,1.5,0.655445,0.660166,9,0
hermes_uni_open,uo-300-300-300,78.875,1.5,0.629504,0.641185,9,0
hermes_uni_open,uo-300-300-300,79.375,1.16667,0.676843,0.684309,7,0
hermes_uni_open,uo-300-300-300,79.875,1.5,0.695797,0.698908,9,0
hermes_uni_open,uo-300-300-300,80.375,1.33333,0.649781,0.658577,8,0
hermes_uni_open,uo-300-300-300,80.875,1.33333,0.651328,0.666108,8,0
hermes_uni_open,uo-300-300-300,81.375,1.16667,0.681953,0.692339,7,0
hermes_uni_open,uo-300-300-300,81.875,0.666667,0.703772,0.706801,4,0
hermes_uni_open,uo-300-300-300,82.375,0.666667,0.712862,0.721411,4,0
hermes_uni_open,uo-300-300-300,82.875,0.166667,0.688311,0.696509,1,0
basigo_uni_corr,uni_corr_500_01,6.938,0.1,1.40887,1.41094,1,0
basigo_uni_corr,uni_corr_500_01,7.438,0.3,1.44667,1.44745,3,0
basigo_uni_corr,uni_corr_500_01,7.938,0.5,1.44601,1.44638,5,0
basigo_uni_corr,uni_corr_500_01,8.438,0.4,1.48153,1.48248,4,0
basigo_uni_corr,uni_corr_500_01,8.938,0.7,1.58256,1.58689,7,0
basigo_uni_corr,uni_corr_500_01,9.438,0.6,1.63846,1.6465,6,0
basigo_uni_corr,uni_corr_500_01,9.938,0.4,1.53372,1.53515,4,0
basigo_uni_corr,uni_corr_500_01,10.438,0.3,1.84406,1.84959,3,0
basigo_uni_corr,uni_corr_500_01,10.938,0.4,1.99243,1.99743,4,0
basigo_uni_corr,uni_corr_500_01,11.438,0.5,1.96323,1.9668,5,0
basigo_uni_corr,uni_corr_500_01,11.938,0.3,1.99023,1.99292,3,0
basigo_uni_corr,uni_corr_500_01,12.438,0.1,1.85633,1.86531,1,0
basigo_uni_corr,uni_corr_500_01,12.938,0.1,1.8792,1.88263,1,0
basigo_uni_corr,uni_corr_500_01,13.438,0.1,1.94934,1.95903,1,0
basigo_uni_corr,uni_corr_500_01,13.938,0.2,1.56801,1.56835,2,0
basigo_uni_corr,uni_corr_500_01,14.438,0.3,1.56265,1.56297,3,1
basigo_uni_corr,uni_corr_500_01,14.938,0.3,1.55435,1.55437,3,1
basigo_uni_corr,uni_corr_500_01,15.938,0.3,1.4747,1.47991,3,1
basigo_uni_corr,uni_corr_500_01,16.438,0.5,1.55653,1.57477,5,1
basigo_uni_corr,uni_corr_500_01,16.938,0.6,1.55212,1.56135,6,1
basigo_uni_corr,uni_corr_500_01,17.438,0.2,1.50885,1.51154,2,1
basigo_uni_corr,uni_corr_500_01,17.938,0.1,1.75019,1.75345,1,1
basigo_uni_corr,uni_corr_500_01,18.438,0.1,1.69121,1.69554,1,1
basigo_uni_corr,uni_corr_500_01,18.938,0.3,1.54737,1.54816,3,1
basigo_uni_corr,uni_corr_500_01,19.438,0.2,1.52556,1.52757,2,1
basigo_uni_corr,uni_corr_500_01,19.938,0.3,1.56128,1.56172,3,1
basigo_uni_corr,uni_corr_500_01,20.438,0.3,1.63405,1.63906,3,1
basigo_uni_corr,uni_corr_500_01,20.938,0.3,1.61937,1.62147,3,1
basigo_uni_corr,uni_corr_500_01,21.438,0.3,1.59456,1.59846,3,1
basigo_uni_corr,uni_corr_500_01,21.938,0.3,1.56264,1.56399,3,1
basigo_uni_corr,uni_corr_500_01,22.438,0.2,1.42002,1.42069,2,1
basigo_uni_corr,uni_corr_500_01,22.938,0.2,1.44456,1.44495,2,1
basigo_uni_corr,uni_corr_500_01,23.438,0.2,1.40943,1.41028,2,1
basigo_uni_corr,uni_corr_500_01,23.938,0.3,1.40801,1.40807,3,1
basigo_uni_corr,uni_corr_500_01,24.438,0.3,1.51366,1.51378,3,1
basigo_uni_corr,uni_corr_500_01,24.938,0.3,1.51567,1.51586,3,1
basigo_uni_corr,uni_corr_500_01,25.438,0.3,1.54362,1.54528,3,1
basigo_uni_corr,uni_corr_500_01,25.938,0.2,1.61796,1.62031,2,1
basigo_uni_corr,uni_corr_500_01,26.438,0.2,1.56896,1.57338,2,1
basigo_uni_corr,uni_corr_500_01,26.938,0.2,1.46629,1.48005,2,1
basigo_uni_corr,uni_corr_500_01,27.438,0.3,1.5072,1.51284,3,1
basigo_uni_corr,uni_corr_500_01,27.938,0.4,1.49663,1.50562,4,1
basigo_uni_corr,uni_corr_500_01,28.438,0.3,1.53667,1.56278,3,1
basigo_uni_corr,uni_corr_500_01,28.938,0.1,1.49111,1.49229,1,1
basigo_uni_corr,uni_corr_500_01,29.438,0.2,1.56148,1.56183,2,1
basigo_uni_corr,uni_corr_500_01,29.938,0.2,1.58193,1.58366,2,1
basigo_uni_corr,uni_corr_500_01,30.438,0.1,1.49311,1.4945,1,1
basigo_uni_corr,uni_corr_500_01,30.938,0.4,1.3988,1.4009,4,1
basigo_uni_corr,uni_corr_500_01,31.438,0.3,1.4047,1.40722,3,1
basigo_uni_corr,uni_corr_500_01,31.938,0.3,1.41263,1.41361,3,1
basigo_uni_corr,uni_corr_500_01,32.438,0.2,1.41281,1.41741,2,1
basigo_uni_corr,uni_corr_500_01,32.938,0.2,1.43376,1.44062,2,1
basigo_uni_corr,uni_corr_500_01,33.438,0.2,1.2249,1.22674,2,1
basigo_uni_corr,uni_corr_500_01,33.938,0.2,1.72307,1.72978,2,1
basigo_uni_corr,uni_corr_500_01,34.438,0.4,1.52989,1.53414,4,1
basigo_uni_corr,uni_corr_500_01,34.938,0.4,1.44539,1.44868,4,1
basigo_uni_corr,uni_corr_500_01,35.438,0.4,1.41065,1.41336,4,1
basigo_uni_corr,uni_corr_500_01,35.938,0.3,1.47063,1.47338,3,1
basigo_uni_corr,uni_corr_500_01,36.438,0.1,1.66507,1.6655,1,1
basigo_uni_corr,uni_corr_500_01,37.438,0.1,1.62301,1.62302,1,1
basigo_uni_corr,uni_corr_500_01,37.938,0.2,1.81004,1.81087,2,1
basigo_uni_corr,uni_corr_500_01,38.438,0.3,1.35394,1.35541,3,1
basigo_uni_corr,uni_corr_500_01,38.938,0.4,1.45657,1.45815,4,1
basigo_uni_corr,uni_corr_500_01,39.438,0.6,1.47391,1.47618,6,1
basigo_uni_corr,uni_corr_500_01,39.938,0.6,1.45284,1.45354,6,1
basigo_uni_corr,uni_corr_500_01,40.438,0.3,1.49232,1.49263,3,1
basigo_uni_corr,uni_corr_500_01,40.938,0.2,1.42837,1.43056,2,1
basigo_uni_corr,uni_corr_500_01,41.438,0.2,1.51146,1.51277,2,1
basigo_uni_corr,uni_corr_500_01,41.938,0.3,1.53964,1.54042,3,1
basigo_uni_corr,uni_corr_500_01,42.438,0.1,1.51401,1.51401,1,1
basigo_uni_corr,uni_corr_500_01,42.938,0.1,1.49697,1.49707,1,1
basigo_uni_corr,uni_corr_500_01,43.938,0.1,1.41805,1.41845,1,1
basigo_uni_corr,uni_corr_500_01,44.438,0.1,1.43505,1.43532,1,1
basigo_uni_corr,uni_corr_500_01,44.938,0.3,1.42896,1.431,3,1
basigo_uni_corr,uni_corr_500_01,45.438,0.4,1.53982,1.5423,4,1
basigo_uni_corr,uni_corr_500_01,45.938,0.3,1.48779,1.49002,3,1
basigo_uni_corr,uni_corr_500_01,46.438,0.2,1.48852,1.48919,2,1
basigo_uni_corr,uni_corr_500_01,46.938,0.3,1.3616,1.36265,3,1
basigo_uni_corr,uni_corr_500_01,47.438,0.2,1.39284,1.39823,2,1
basigo_uni_corr,uni_corr_500_01,47.938,0.2,1.47629,1.48194,2,1
basigo_uni_corr,uni_corr_500_01,48.438,0.1,1.38608,1.38683,1,1
basigo_uni_corr,uni_corr_500_01,48.938,0.3,1.215,1.21571,3,1
basigo_uni_corr,uni_corr_500_01,49.438,0.5,1.29831,1.30195,5,1
basigo_uni_corr,uni_corr_500_01,49.938,0.4,1.33683,1.33856,4,1
basigo_uni_corr,uni_corr_500_01,50.438,0.6,1.40769,1.4087,6,1
basigo_uni_corr,uni_corr_500_01,50.938,0.3,1.42169,1.42301,3,1
basigo_uni_corr,uni_corr_500_01,51.438,0.3,1.46063,1.46209,3,1
basigo_uni_corr,uni_corr_500_01,52.438,0.3,1.46243,1.47139,3,1
basigo_uni_corr,uni_corr_500_01,52.938,0.3,1.53041,1.53975,3,1
basigo_uni_corr,uni_corr_500_01,53.438,0.6,1.51178,1.51404,6,1
basigo_uni_corr,uni_corr_500_01,53.938,0.5,1.55703,1.55787,5,1
basigo_uni_corr,uni_corr_500_01,54.438,0.3,1.49968,1.49998,3,1
basigo_uni_corr,uni_corr_500_01,54.938,0.2,1.36749,1.36759,2,1
basigo_uni_corr,uni_corr_500_01,55.438,0.2,1.46781,1.47216,2,1
basigo_uni_corr,uni_corr_500_01,55.938,0.2,1.45147,1.45181,2,1
basigo_uni_corr,uni_corr_500_01,56.438,0.2,1.50212,1.50458,2,1
basigo_uni_corr,uni_corr_500_01,56.938,0.1,1.78084,1.78307,1,1
basigo_uni_corr,uni_corr_500_01,57.438,0.5,1.37608,1.37958,5,1
basigo_uni_corr,uni_corr_500_01,57.938,0.6,1.24272,1.26258,6,1
basigo_uni_corr,uni_corr_500_01,58.438,0.5,1.08405,1.08791,5,1
basigo_uni_corr,uni_corr_500_01,58.938,0.3,0.815319,0.815492,3,1
basigo_uni_corr,uni_corr_500_01,59.438,0.5,1.14977,1.15816,5,1
basigo_uni_corr,uni_corr_500_01,59.938,0.5,1.35401,1.36328,5,1
basigo_uni_corr,uni_corr_500_01,60.438,0.3,1.37646,1.38511,3,1
basigo_uni_corr,uni_corr_500_01,60.938,0.3,1.42211,1.43442,3,1
basigo_uni_corr,uni_corr_500_01,61.438,0.4,1.52417,1.52546,4,1
basigo_uni_corr,uni_corr_500_01,61.938,0.4,1.51863,1.52038,4,1
basigo_uni_corr,uni_corr_500_01,62.438,0.4,1.55639,1.55952,4,1
basigo_uni_corr,uni_corr_500_01,62.938,0.1,1.72612,1.7275,1,1
basigo_uni_corr,uni_corr_500_01,63.438,0.2,1.56237,1.56727,2,1
basigo_uni_corr,uni_corr_500_01,63.938,0.3,1.46621,1.46927,3,1
basigo_uni_corr,uni_corr_500_01,64.438,0.1,1.21595,1.21635,1,1
basigo_uni_corr,uni_corr_500_01,64.938,0.3,1.31602,1.32001,3,1
basigo_uni_corr,uni_corr_500_01,65.438,0.4,1.37404,1.37802,4,1
basigo_uni_corr,uni_corr_500_01,65.938,0.4,1.49005,1.49243,4,1
basigo_uni_corr,uni_corr_500_01,66.438,0.2,1.56237,1.56415,2,1
basigo_uni_corr,uni_corr_500_01,66.938,0.2,1.57383,1.57689,2,1
basigo_uni_corr,uni_corr_500_01,67.438,0.1,1.36803,1.36808,1,1
basigo_uni_corr,uni_corr_500_01,67.938,0.2,1.29731,1.30728,2,1
basigo_uni_corr,uni_corr_500_01,68.438,0.5,1.2769,1.28241,5,1
basigo_uni_corr,uni_corr_500_01,68.938,0.4,1.35476,1.3582,4,1
basigo_uni_corr,uni_corr_500_01,69.438,0.3,1.42516,1.43032,3,1
basigo_uni_corr,uni_corr_500_01,69.938,0.1,1.36201,1.36202,1,1
basigo_uni_corr,uni_corr_500_01,70.438,0.1,1.34899,1.34901,1,0
basigo_uni_corr,uni_corr_500_01,70.938,0.3,1.45428,1.45569,3,0
basigo_uni_corr,uni_corr_500_01,71.438,0.4,1.4255,1.42634,4,0
basigo_uni_corr,uni_corr_500_01,71.938,0.3,1.39661,1.39726,3,0
basigo_uni_corr,uni_corr_500_01,72.438,0.2,1.28641,1.28743,2,0
basigo_uni_corr,uni_corr_500_01,73.938,0.2,1.66056,1.66089,2,0
basigo_uni_corr,uni_corr_500_01,74.438,0.2,1.6471,1.64797,2,0
basigo_uni_corr,uni_corr_500_01,74.938,0.2,1.61958,1.62027,2,0
basigo_uni_corr,uni_corr_500_01,76.438,0.2,1.88,1.88034,2,0
basigo_uni_corr,uni_corr_500_01,76.938,0.3,1.87076,1.87561,3,0
basigo_uni_corr,uni_corr_500_01,77.438,0.1,2.17742,2.19008,1,0
basigo_uni_corr,uni_corr_500_02,5.48,0.1,1.62063,1.62289,1,0
basigo_uni_corr,uni_corr_500_02,5.96,0.2,1.71625,1.71632,2,0
basigo_uni_corr,uni_corr_500_02,6.44,0.2,1.68667,1.68753,2,0
basigo_uni_corr,uni_corr_500_02,6.92,0.2,1.33536,1.33741,2,0
basigo_uni_corr,uni_corr_500_02,7.4,0.6,1.36898,1.36957,6,0
basigo_uni_corr,uni_corr_500_02,7.88,0.6,1.36352,1.36435,6,0
basigo_uni_corr,uni_corr_500_02,8.36,0.6,1.37865,1.38044,6,0
basigo_uni_corr,uni_corr_500_02,8.84,0.6,1.34774,1.34934,6,0
basigo_uni_corr,uni_corr_500_02,9.32,0.7,1.34382,1.34776,7,0
basigo_uni_corr,uni_corr_500_02,9.8,0.7,1.3839,1.38585,7,0
basigo_uni_corr,uni_corr_500_02,10.28,0.6,1.34917,1.35091,6,0
basigo_uni_corr,uni_corr_500_02,10.76,0.8,1.3228,1.32397,8,0
basigo_uni_corr,uni_corr_500_02,11.24,0.9,1.34466,1.34894,9,0
basigo_uni_corr,uni_corr_500_02,11.72,0.9,1.33456,1.33798,9,0
basigo_uni_corr,uni_corr_500_02,12.2,0.9,1.35216,1.35545,9,0
basigo_uni_corr,uni_corr_500_02,12.68,0.7,1.30091,1.30456,7,0
basigo_uni_corr,uni_corr_500_02,13.16,0.7,1.26812,1.27068,7,0
basigo_uni_corr,uni_corr_500_02,13.64,0.8,1.33979,1.34242,8,0
basigo_uni_corr,uni_corr_500_02,14.12,1,1.37961,1.38206,10,0
basigo_uni_corr,uni_corr_500_02,14.6,0.8,1.30624,1.30914,8,0
basigo_uni_corr,uni_corr_500_02,15.08,0.6,1.3305,1.33426,6,0
basigo_uni_corr,uni_corr_500_02,15.56,0.7,1.30735,1.30939,7,0
basigo_uni_corr,uni_corr_500_02,16.04,0.6,1.30663,1.30751,6,0
basigo_uni_corr,uni_corr_500_02,16.52,0.9,1.29346,1.29583,9,0
basigo_uni_corr,uni_corr_500_02,17,0.8,1.25556,1.25856,8,0
basigo_uni_corr,uni_corr_500_02,17.48,0.9,1.2197,1.22366,9,0
basigo_uni_corr,uni_corr_500_02,17.96,0.9,1.24473,1.24691,9,0
basigo_uni_corr,uni_corr_500_02,18.44,0.9,1.26632,1.2695,9,0
basigo_uni_corr,uni_corr_500_02,18.92,0.8,1.24141,1.24362,8,0
basigo_uni_corr,uni_corr_500_02,19.4,0.7,1.34673,1.34942,7,0
basigo_uni_corr,uni_corr_500_02,19.88,0.9,1.32789,1.33062,9,0
basigo_uni_corr,uni_corr_500_02,20.36,0.6,1.27639,1.28373,6,0
basigo_uni_corr,uni_corr_500_02,20.84,0.9,1.25983,1.26482,9,0
basigo_uni_corr,uni_corr_500_02,21.32,0.8,1.23655,1.23989,8,0
basigo_uni_corr,uni_corr_500_02,21.8,0.9,1.19587,1.19941,9,0
basigo_uni_corr,uni_corr_500_02,22.28,0.5,1.10744,1.10827,5,0
basigo_uni_corr,uni_corr_500_02,22.76,0.8,1.14923,1.1501,8,0
basigo_uni_corr,uni_corr_500_02,23.24,0.8,1.22005,1.22109,8,0
basigo_uni_corr,uni_corr_500_02,23.72,0.8,1.22793,1.22941,8,0
basigo_uni_corr,uni_corr_500_02,24.2,0.6,1.20917,1.21173,6,1
basigo_uni_corr,uni_corr_500_02,24.68,0.7,1.23213,1.23428,7,1
basigo_uni_corr,uni_corr_500_02,25.16,0.9,1.21406,1.21624,9,1
basigo_uni_corr,uni_corr_500_02,25.64,0.9,1.25277,1.25535,9,1
basigo_uni_corr,uni_corr_500_02,26.12,1.3,1.24782,1.24882,13,1
basigo_uni_corr,uni_corr_500_02,26.6,1.1,1.21299,1.21473,11,1
basigo_uni_corr,uni_corr_500_02,27.08,1.2,1.22596,1.2282,12,1
basigo_uni_corr,uni_corr_500_02,27.56,1.2,1.22715,1.2282,12,1
basigo_uni_corr,uni_corr_500_02,28.04,0.9,1.25406,1.2559,9,1
basigo_uni_corr,uni_corr_500_02,28.52,0.8,1.25292,1.25475,8,1
basigo_uni_corr,uni_corr_500_02,29,0.8,1.27891,1.28276,8,1
basigo_uni_corr,uni_corr_500_02,29.48,0.8,1.29475,1.29694,8,1
basigo_uni_corr,uni_corr_500_02,29.96,0.8,1.33176,1.338,8,1
basigo_uni_corr,uni_corr_500_02,30.44,0.9,1.37723,1.39293,9,1
basigo_uni_corr,uni_corr_500_02,30.92,0.9,1.32237,1.33831,9,1
basigo_uni_corr,uni_corr_500_02,31.4,0.6,1.17203,1.17492,6,1
basigo_uni_corr,uni_corr_500_02,31.88,0.6,1.17465,1.17738,6,1
basigo_uni_corr,uni_corr_500_02,32.36,0.6,1.23245,1.23322,6,1
basigo_uni_corr,uni_corr_500_02,32.84,0.6,1.2253,1.22584,6,1
basigo_uni_corr,uni_corr_500_02,33.32,1,1.24565,1.2465,10,1
basigo_uni_corr,uni_corr_500_02,33.8,0.8,1.21271,1.21372,8,1
basigo_uni_corr,uni_corr_500_02,34.28,1.1,1.22383,1.22521,11,1
basigo_uni_corr,uni_corr_500_02,34.76,1,1.21975,1.22095,10,1
basigo_uni_corr,uni_corr_500_02,35.24,0.7,1.26955,1.2732,7,1
basigo_uni_corr,uni_corr_500_02,35.72,0.8,1.22615,1.22762,8,1
basigo_uni_corr,uni_corr_500_02,36.2,0.5,1.20127,1.20372,5,1
basigo_uni_corr,uni_corr_500_02,36.68,0.5,1.166,1.1679,5,1
basigo_uni_corr,uni_corr_500_02,37.16,0.9,1.25929,1.263,9,1
basigo_uni_corr,uni_corr_500_02,37.64,0.8,1.28855,1.29046,8,1
basigo_uni_corr,uni_corr_500_02,38.12,0.6,1.26906,1.27072,6,1
basigo_uni_corr,uni_corr_500_02,38.6,0.7,1.20365,1.20521,7,1
basigo_uni_corr,uni_corr_500_02,39.08,0.6,1.22516,1.22831,6,1
basigo_uni_corr,uni_corr_500_02,39.56,0.8,1.25961,1.26288,8,1
basigo_uni_corr,uni_corr_500_02,40.04,0.8,1.24236,1.24423,8,1
basigo_uni_corr,uni_corr_500_02,40.52,0.9,1.31672,1.32091,9,1
basigo_uni_corr,uni_corr_500_02,41,0.9,1.28692,1.29067,9,1
basigo_uni_corr,uni_corr_500_02,41.48,1,1.25802,1.26103,10,1
basigo_uni_corr,uni_corr_500_02,41.96,0.8,1.29609,1.30002,8,1
basigo_uni_corr,uni_corr_500_02,42.44,1.1,1.29405,1.29643,11,1
basigo_uni_corr,uni_corr_500_02,42.92,0.8,1.28241,1.28276,8,1
basigo_uni_corr,uni_corr_500_02,43.4,0.7,1.35899,1.36238,7,1
basigo_uni_corr,uni_corr_500_02,43.88,0.7,1.31821,1.32228,7,1
basigo_uni_corr,uni_corr_500_02,44.36,0.7,1.25298,1.25648,7,1
basigo_uni_corr,uni_corr_500_02,44.84,0.9,1.27986,1.28189,9,1
basigo_uni_corr,uni_corr_500_02,45.32,0.8,1.25848,1.25958,8,1
basigo_uni_corr,uni_corr_500_02,45.8,0.8,1.27908,1.28099,8,1
basigo_uni_corr,uni_corr_500_02,46.28,0.8,1.2265,1.22932,8,1
basigo_uni_corr,uni_corr_500_02,46.76,1,1.29195,1.29368,10,1
basigo_uni_corr,uni_corr_500_02,47.24,1,1.25992,1.26235,10,1
basigo_uni_corr,uni_corr_500_02,47.72,0.8,1.26126,1.26415,8,1
basigo_uni_corr,uni_corr_500_02,48.2,0.7,1.19365,1.19524,7,1
basigo_uni_corr,uni_corr_500_02,48.68,0.7,1.21885,1.22093,7,1
basigo_uni_corr,uni_corr_500_02,49.16,0.8,1.24704,1.24931,8,1
basigo_uni_corr,uni_corr_500_02,49.64,0.8,1.23116,1.23683,8,1
basigo_uni_corr,uni_corr_500_02,50.12,0.8,1.14977,1.15769,8,1
basigo_uni_corr,uni_corr_500_02,50.6,0.6,1.18408,1.18501,6,1
basigo_uni_corr,uni_corr_500_02,51.08,0.7,1.23028,1.23166,7,1
basigo_uni_corr,uni_corr_500_02,51.56,0.6,1.27392,1.27464,6,1
basigo_uni_corr,uni_corr_500_02,52.04,0.6,1.26792,1.2693,6,1
basigo_uni_corr,uni_corr_500_02,52.52,0.3,1.23267,1.23276,3,1
basigo_uni_corr,uni_corr_500_02,53,0.4,1.22682,1.22769,4,1
basigo_uni_corr,uni_corr_500_02,53.48,0.3,0.917847,0.922298,3,1
basigo_uni_corr,uni_corr_500_02,53.96,0.4,0.941745,0.950152,4,1
basigo_uni_corr,uni_corr_500_02,54.44,0.5,0.969875,0.971555,5,1
basigo_uni_corr,uni_corr_500_02,54.92,0.6,1.01113,1.01965,6,1
basigo_uni_corr,uni_corr_500_02,55.4,1,1.07504,1.08023,10,1
basigo_uni_corr,uni_corr_500_02,55.88,1,1.09527,1.09801,10,1
basigo_uni_corr,uni_corr_500_02,56.36,1.1,1.11467,1.11651,11,1
basigo_uni_corr,uni_corr_500_02,56.84,1,1.12957,1.13289,10,1
basigo_uni_corr,uni_corr_500_02,57.32,1.1,1.12158,1.12418,11,1
basigo_uni_corr,uni_corr_500_02,57.8,1,1.14398,1.14539,10,1
basigo_uni_corr,uni_corr_500_02,58.28,0.9,1.16166,1.16471,9,1
basigo_uni_corr,uni_corr_500_02,58.76,1.2,1.13965,1.14373,12,1
basigo_uni_corr,uni_corr_500_02,59.24,1.1,1.11606,1.1211,11,1
basigo_uni_corr,uni_corr_500_02,59.72,0.8,1.09355,1.09669,8,1
basigo_uni_corr,uni_corr_500_02,60.2,0.9,1.10061,1.1026,9,1
basigo_uni_corr,uni_corr_500_02,60.68,0.8,1.15122,1.15506,8,1
basigo_uni_corr,uni_corr_500_02,61.16,0.6,1.17915,1.18131,6,1
basigo_uni_corr,uni_corr_500_02,61.64,0.4,1.12169,1.12401,4,1
basigo_uni_corr,uni_corr_500_02,62.12,0.3,1.15677,1.15788,3,1
basigo_uni_corr,uni_corr_500_02,62.6,0.3,1.11969,1.12244,3,1
basigo_uni_corr,uni_corr_500_02,63.08,0.5,1.09606,1.09883,5,1
basigo_uni_corr,uni_corr_500_02,63.56,0.5,1.0746,1.07687,5,1
basigo_uni_corr,uni_corr_500_02,64.04,0.4,1.02888,1.03064,4,1
basigo_uni_corr,uni_corr_500_02,64.52,0.8,1.14397,1.14514,8,1
basigo_uni_corr,uni_corr_500_02,65,0.7,1.16396,1.1684,7,1
basigo_uni_corr,uni_corr_500_02,65.48,1,1.10723,1.10826,10,1
basigo_uni_corr,uni_corr_500_02,65.96,1.1,1.09259,1.09567,11,1
basigo_uni_corr,uni_corr_500_02,66.44,0.9,1.06029,1.06265,9,1
basigo_uni_corr,uni_corr_500_02,66.92,1.1,1.08395,1.08624,11,1
basigo_uni_corr,uni_corr_500_02,67.4,1,1.14079,1.14279,10,1
basigo_uni_corr,uni_corr_500_02,67.88,0.9,1.1549,1.15864,9,1
basigo_uni_corr,uni_corr_500_02,68.36,0.8,1.14491,1.14758,8,1
basigo_uni_corr,uni_corr_500_02,68.84,0.5,1.12994,1.13139,5,1
basigo_uni_corr,uni_corr_500_02,69.32,0.6,1.12868,1.13034,6,1
basigo_uni_corr,uni_corr_500_02,69.8,1,1.1741,1.17618,10,1
basigo_uni_corr,uni_corr_500_02,70.28,0.7,1.16646,1.16745,7,1
basigo_uni_corr,uni_corr_500_02,70.76,0.7,1.14946,1.15081,7,1
basigo_uni_corr,uni_corr_500_02,71.24,0.8,1.15592,1.15811,8,1
basigo_uni_corr,uni_corr_500_02,71.72,0.7,1.14455,1.14744,7,1
basigo_uni_corr,uni_corr_500_02,72.2,1,1.19541,1.20274,10,1
basigo_uni_corr,uni_corr_500_02,72.68,0.7,1.2279,1.2403,7,1
basigo_uni_corr,uni_corr_500_02,73.16,0.9,1.20319,1.21554,9,1
basigo_uni_corr,uni_corr_500_02,73.64,0.7,1.19772,1.20975,7,1
basigo_uni_corr,uni_corr_500_02,74.12,0.8,1.14263,1.14772,8,1
basigo_uni_corr,uni_corr_500_02,74.6,0.9,1.1394,1.14168,9,1
basigo_uni_corr,uni_corr_500_02,75.08,0.8,1.20562,1.20872,8,1
basigo_uni_corr,uni_corr_500_02,75.56,1,1.21905,1.22232,10,1
basigo_uni_corr,uni_corr_500_02,76.04,0.9,1.26815,1.27257,9,1
basigo_uni_corr,uni_corr_500_02,76.52,1,1.20823,1.2105,10,1
basigo_uni_corr,uni_corr_500_02,77,0.8,1.19724,1.19997,8,1
basigo_uni_corr,uni_corr_500_02,77.48,0.9,1.23782,1.24075,9,1
basigo_uni_corr,uni_corr_500_02,77.96,1.1,1.25312,1.25439,11,1
basigo_uni_corr,uni_corr_500_02,78.44,0.7,1.30711,1.30898,7,1
basigo_uni_corr,uni_corr_500_02,78.92,0.9,1.30755,1.30855,9,1
basigo_uni_corr,uni_corr_500_02,79.4,0.5,1.28788,1.28989,5,1
basigo_uni_corr,uni_corr_500_02,79.88,0.6,1.20637,1.20998,6,1
basigo_uni_corr,uni_corr_500_02,80.36,0.3,1.19497,1.19834,3,1
basigo_uni_corr,uni_corr_500_02,80.84,0.4,1.27487,1.27728,4,1
basigo_uni_corr,uni_corr_500_02,81.32,0.3,1.31563,1.31621,3,1
basigo_uni_corr,uni_corr_500_02,81.8,0.8,1.2719,1.27412,8,1
basigo_uni_corr,uni_corr_500_02,82.28,0.7,1.26689,1.26748,7,1
basigo_uni_corr,uni_corr_500_02,82.76,1,1.2569,1.25945,10,1
basigo_uni_corr,uni_corr_500_02,83.24,0.9,1.25616,1.25828,9,1
basigo_uni_corr,uni_corr_500_02,83.72,0.5,1.24185,1.24535,5,1
basigo_uni_corr,uni_corr_500_02,84.2,0.8,1.24408,1.25111,8,1
basigo_uni_corr,uni_corr_500_02,84.68,0.5,1.2525,1.25333,5,1
basigo_uni_corr,uni_corr_500_02,85.16,0.5,1.24265,1.24335,5,1
basigo_uni_corr,uni_corr_500_02,85.64,0.5,1.25598,1.25672,5,1
basigo_uni_corr,uni_corr_500_02,86.12,0.4,1.28198,1.28396,4,1
basigo_uni_corr,uni_corr_500_02,86.6,0.6,1.23887,1.24097,6,1
basigo_uni_corr,uni_corr_500_02,87.08,0.6,1.21168,1.21249,6,1
basigo_uni_corr,uni_corr_500_02,87.56,0.6,1.21002,1.21065,6,1
basigo_uni_corr,uni_corr_500_02,88.04,0.7,1.18397,1.18807,7,1
basigo_uni_corr,uni_corr_500_02,88.52,0.6,1.18953,1.19022,6,1
basigo_uni_corr,uni_corr_500_02,89,0.9,1.2434,1.24589,9,1
basigo_uni_corr,uni_corr_500_02,89.48,0.9,1.19508,1.19774,9,1
basigo_uni_corr,uni_corr_500_02,89.96,0.6,1.12486,1.132,6,1
basigo_uni_corr,uni_corr_500_02,90.44,0.4,1.10779,1.11019,4,1
basigo_uni_corr,uni_corr_500_02,90.92,0.4,1.15773,1.1596,4,1
basigo_uni_corr,uni_corr_500_02,91.4,0.4,1.13094,1.13541,4,1
basigo_uni_corr,uni_corr_500_02,91.88,0.4,1.15576,1.15996,4,1
basigo_uni_corr,uni_corr_500_02,92.36,0.6,1.14684,1.14976,6,1
basigo_uni_corr,uni_corr_500_02,92.84,0.8,1.17503,1.18033,8,1
basigo_uni_corr,uni_corr_500_02,93.32,1,1.18753,1.19278,10,1
basigo_uni_corr,uni_corr_500_02,93.8,0.8,1.18286,1.18607,8,1
basigo_uni_corr,uni_corr_500_02,94.28,0.5,1.11,1.11145,5,1
basigo_uni_corr,uni_corr_500_02,94.76,0.7,1.16555,1.16668,7,1
basigo_uni_corr,uni_corr_500_02,95.24,0.3,1.11788,1.12191,3,1
basigo_uni_corr,uni_corr_500_02,95.72,0.5,1.13294,1.13566,5,1
basigo_uni_corr,uni_corr_500_02,96.2,0.7,1.18635,1.18731,7,1
basigo_uni_corr,uni_corr_500_02,96.68,0.8,1.17014,1.17155,8,1
basigo_uni_corr,uni_corr_500_02,97.16,0.9,1.18649,1.18785,9,1
basigo_uni_corr,uni_corr_500_02,97.64,0.4,1.2232,1.22397,4,1
basigo_uni_corr,uni_corr_500_02,98.12,0.6,1.07069,1.07436,6,1
basigo_uni_corr,uni_corr_500_02,98.6,0.3,0.91566,0.916786,3,1
basigo_uni_corr,uni_corr_500_02,99.08,0.5,1.03123,1.0359,5,1
basigo_uni_corr,uni_corr_500_02,99.56,0.5,1.0225,1.02561,5,1
basigo_uni_corr,uni_corr_500_02,100.04,0.8,1.0662,1.07318,8,1
basigo_uni_corr,uni_corr_500_02,100.52,0.8,0.980378,0.984729,8,1
basigo_uni_corr,uni_corr_500_02,101,0.9,0.968843,0.970739,9,1
basigo_uni_corr,uni_corr_500_02,101.48,1,0.965542,0.967801,10,1
basigo_uni_corr,uni_corr_500_02,101.96,0.7,0.938601,0.945595,7,1
basigo_uni_corr,uni_corr_500_02,102.44,1,1.00608,1.00796,10,1
basigo_uni_corr,uni_corr_500_02,102.92,1,1.05474,1.06243,10,1
basigo_uni_corr,uni_corr_500_02,103.4,1.1,1.04407,1.04677,11,1
basigo_uni_corr,uni_corr_500_02,103.88,1,0.996281,1.0054,10,1
basigo_uni_corr,uni_corr_500_02,104.36,1,1.03914,1.04418,10,1
basigo_uni_corr,uni_corr_500_02,104.84,1.2,1.08442,1.08733,12,1
basigo_uni_corr,uni_corr_500_02,105.32,1,1.03964,1.04293,10,1
basigo_uni_corr,uni_corr_500_02,105.8,0.9,1.00912,1.01304,9,1
basigo_uni_corr,uni_corr_500_02,106.28,0.8,0.947044,0.955757,8,1
basigo_uni_corr,uni_corr_500_02,106.76,0.7,1.06057,1.06389,7,1
basigo_uni_corr,uni_corr_500_02,107.24,0.8,1.05382,1.05765,8,1
basigo_uni_corr,uni_corr_500_02,107.72,1.1,1.07792,1.08833,11,1
basigo_uni_corr,uni_corr_500_02,108.2,0.9,1.07214,1.07772,9,1
basigo_uni_corr,uni_corr_500_02,108.68,0.9,1.06147,1.06809,9,1
basigo_uni_corr,uni_corr_500_02,109.16,0.8,1.14052,1.1455,8,1
basigo_uni_corr,uni_corr_500_02,109.64,0.9,1.14856,1.15453,9,1
basigo_uni_corr,uni_corr_500_02,110.12,0.9,1.14902,1.1522,9,1
basigo_uni_corr,uni_corr_500_02,110.6,1,1.23846,1.23927,10,1
basigo_uni_corr,uni_corr_500_02,111.08,0.8,1.26999,1.27141,8,1
basigo_uni_corr,uni_corr_500_02,111.56,0.7,1.29174,1.29249,7,1
basigo_uni_corr,uni_corr_500_02,112.04,0.7,1.17301,1.17656,7,1
basigo_uni_corr,uni_corr_500_02,112.52,0.6,1.16359,1.16948,6,1
basigo_uni_corr,uni_corr_500_02,113,1,1.20009,1.20321,10,1
basigo_uni_corr,uni_corr_500_02,113.48,1,1.20771,1.20976,10,1
basigo_uni_corr,uni_corr_500_02,113.96,0.7,1.24126,1.24269,7,1
basigo_uni_corr,uni_corr_500_02,114.44,0.4,1.26674,1.26926,4,1
basigo_uni_corr,uni_corr_500_02,114.92,0.2,1.27177,1.27387,2,1
basigo_uni_corr,uni_corr_500_02,115.4,0.7,1.27202,1.27286,7,1
basigo_uni_corr,uni_corr_500_02,115.88,0.7,1.2349,1.23718,7,1
basigo_uni_corr,uni_corr_500_02,116.36,0.7,1.18292,1.18392,7,1
basigo_uni_corr,uni_corr_500_02,116.84,0.7,1.16954,1.17069,7,1
basigo_uni_corr,uni_corr_500_02,117.32,0.5,1.18373,1.18661,5,1
basigo_uni_corr,uni_corr_500_02,117.8,0.5,1.19304,1.19462,5,1
basigo_uni_corr,uni_corr_500_02,118.28,0.5,1.1034,1.10669,5,1
basigo_uni_corr,uni_corr_500_02,118.76,0.5,1.13806,1.14097,5,1
basigo_uni_corr,uni_corr_500_02,119.24,0.8,1.13896,1.14244,8,1
basigo_uni_corr,uni_corr_500_02,119.72,0.9,1.15359,1.15497,9,1
basigo_uni_corr,uni_corr_500_02,120.2,0.9,1.1567,1.15734,9,1
basigo_uni_corr,uni_corr_500_02,120.68,0.8,1.18335,1.18422,8,1
basigo_uni_corr,uni_corr_500_02,121.16,0.4,1.18797,1.19141,4,1
basigo_uni_corr,uni_corr_500_02,121.64,0.6,1.1547,1.15864,6,1
basigo_uni_corr,uni_corr_500_02,122.12,0.5,1.17583,1.178,5,1
basigo_uni_corr,uni_corr_500_02,122.6,0.5,1.1445,1.14513,5,1
basigo_uni_corr,uni_corr_500_02,123.08,0.7,1.08216,1.08456,7,1
basigo_uni_corr,uni_corr_500_02,123.56,0.4,1.12091,1.12638,4,1
basigo_uni_corr,uni_corr_500_02,124.04,0.8,1.14457,1.14579,8,1
basigo_uni_corr,uni_corr_500_02,124.52,0.8,1.13333,1.13445,8,1
basigo_uni_corr,uni_corr_500_02,125,0.9,1.15622,1.15753,9,1
basigo_uni_corr,uni_corr_500_02,125.48,0.8,1.15311,1.15422,8,1
basigo_uni_corr,uni_corr_500_02,125.96,0.9,1.17139,1.17397,9,1
basigo_uni_corr,uni_corr_500_02,126.44,0.7,1.16558,1.16963,7,1
basigo_uni_corr,uni_corr_500_02,126.92,0.5,1.16235,1.16857,5,1
basigo_uni_corr,uni_corr_500_02,127.4,0.7,1.20692,1.20897,7,1
basigo_uni_corr,uni_corr_500_02,127.88,0.5,1.20429,1.20652,5,1
basigo_uni_corr,uni_corr_500_02,128.36,0.6,1.19755,1.1988,6,1
basigo_uni_corr,uni_corr_500_02,128.84,0.5,1.30396,1.3046,5,1
basigo_uni_corr,uni_corr_500_02,129.32,0.7,1.26769,1.26878,7,1
basigo_uni_corr,uni_corr_500_02,129.8,0.6,1.12724,1.12779,6,1
basigo_uni_corr,uni_corr_500_02,130.28,0.7,1.13054,1.13176,7,1
basigo_uni_corr,uni_corr_500_02,130.76,0.7,1.14801,1.15093,7,1
basigo_uni_corr,uni_corr_500_02,131.24,0.5,1.26342,1.26416,5,1
basigo_uni_corr,uni_corr_500_02,131.72,0.6,1.24399,1.24627,6,1
basigo_uni_corr,uni_corr_500_02,132.2,0.6,1.22564,1.22775,6,1
basigo_uni_corr,uni_corr_500_02,132.68,0.4,1.22536,1.22601,4,1
basigo_uni_corr,uni_corr_500_02,133.16,0.4,1.34107,1.3455,4,1
basigo_uni_corr,uni_corr_500_02,133.64,0.5,1.30527,1.30866,5,1
basigo_uni_corr,uni_corr_500_02,134.12,0.8,1.24628,1.2487,8,1
basigo_uni_corr,uni_corr_500_02,134.6,0.5,1.19854,1.20315,5,1
basigo_uni_corr,uni_corr_500_02,135.08,0.4,1.1726,1.17571,4,1
basigo_uni_corr,uni_corr_500_02,135.56,0.3,1.00552,1.01147,3,1
basigo_uni_corr,uni_corr_500_02,136.04,0.5,1.02621,1.03446,5,1
basigo_uni_corr,uni_corr_500_02,136.52,0.8,1.02531,1.02798,8,1
basigo_uni_corr,uni_corr_500_02,137,1,1.0411,1.0451,10,1
basigo_uni_corr,uni_corr_500_02,137.48,1.1,1.07245,1.07587,11,1
basigo_uni_corr,uni_corr_500_02,137.96,1.2,1.119,1.12558,12,1
basigo_uni_corr,uni_corr_500_02,138.44,1,1.12228,1.12906,10,1
basigo_uni_corr,uni_corr_500_02,138.92,1,1.12912,1.13599,10,1
basigo_uni_corr,uni_corr_500_02,139.4,0.8,1.16888,1.17479,8,1
basigo_uni_corr,uni_corr_500_02,139.88,0.9,1.15045,1.15212,9,1
basigo_uni_corr,uni_corr_500_02,140.36,0.5,1.17694,1.18189,5,1
basigo_uni_corr,uni_corr_500_02,140.84,0.5,1.16758,1.16803,5,1
basigo_uni_corr,uni_corr_500_02,141.32,0.7,1.19921,1.20081,7,1
basigo_uni_corr,uni_corr_500_02,141.8,0.9,1.15089,1.15194,9,1
basigo_uni_corr,uni_corr_500_02,142.28,0.8,1.15892,1.16311,8,1
basigo_uni_corr,uni_corr_500_02,142.76,0.5,1.14683,1.15015,5,1
basigo_uni_corr,uni_corr_500_02,143.24,0.6,1.14401,1.14803,6,1
basigo_uni_corr,uni_corr_500_02,143.72,0.5,1.16454,1.1656,5,1
basigo_uni_corr,uni_corr_500_02,144.2,0.7,1.14637,1.14773,7,1
basigo_uni_corr,uni_corr_500_02,144.68,0.7,1.1246,1.12642,7,1
basigo_uni_corr,uni_corr_500_02,145.16,0.3,1.1559,1.15991,3,1
basigo_uni_corr,uni_corr_500_02,145.64,0.7,1.22961,1.23495,7,1
basigo_uni_corr,uni_corr_500_02,146.12,0.5,1.26119,1.26829,5,1
basigo_uni_corr,uni_corr_500_02,146.6,0.7,1.12644,1.13136,7,1
basigo_uni_corr,uni_corr_500_02,147.08,0.3,0.990799,0.994397,3,1
basigo_uni_corr,uni_corr_500_02,147.56,0.4,1.08299,1.09005,4,1
basigo_uni_corr,uni_corr_500_02,148.04,0.8,1.04664,1.05063,8,1
basigo_uni_corr,uni_corr_500_02,148.52,0.8,1.05988,1.06153,8,1
basigo_uni_corr,uni_corr_500_02,149,0.7,1.05128,1.05269,7,1
basigo_uni_corr,uni_corr_500_02,149.48,0.7,1.08281,1.08485,7,1
basigo_uni_corr,uni_corr_500_02,149.96,0.8,1.13846,1.14115,8,1
basigo_uni_corr,uni_corr_500_02,150.44,0.7,1.13936,1.14121,7,1
basigo_uni_corr,uni_corr_500_02,150.92,0.7,1.14086,1.14441,7,1
basigo_uni_corr,uni_corr_500_02,151.4,0.7,1.11006,1.11048,7,1
basigo_uni_corr,uni_corr_500_02,151.88,0.7,1.14223,1.14345,7,1
basigo_uni_corr,uni_corr_500_02,152.36,1,1.09477,1.09919,10,1
basigo_uni_corr,uni_corr_500_02,152.84,1,1.08982,1.09279,10,1
basigo_uni_corr,uni_corr_500_02,153.32,0.9,1.0711,1.07403,9,1
basigo_uni_corr,uni_corr_500_02,153.8,0.8,1.06158,1.06353,8,1
basigo_uni_corr,uni_corr_500_02,154.28,0.5,1.11833,1.12149,5,1
basigo_uni_corr,uni_corr_500_02,154.76,0.7,1.11561,1.11623,7,1
basigo_uni_corr,uni_corr_500_02,155.24,0.5,1.10027,1.10065,5,1
basigo_uni_corr,uni_corr_500_02,155.72,0.6,1.11455,1.11607,6,1
basigo_uni_corr,uni_corr_500_02,156.2,0.7,1.13033,1.13075,7,1
basigo_uni_corr,uni_corr_500_02,156.68,0.9,1.11561,1.11779,9,1
basigo_uni_corr,uni_corr_500_02,157.16,0.7,1.12616,1.12812,7,1
basigo_uni_corr,uni_corr_500_02,157.64,0.7,1.10201,1.10524,7,1
basigo_uni_corr,uni_corr_500_02,158.12,0.9,1.06473,1.06578,9,1
basigo_uni_corr,uni_corr_500_02,158.6,1,1.10608,1.10779,10,1
basigo_uni_corr,uni_corr_500_02,159.08,0.9,1.10888,1.10955,9,1
basigo_uni_corr,uni_corr_500_02,159.56,0.9,1.06513,1.06619,9,1
basigo_uni_corr,uni_corr_500_02,160.04,0.8,1.00569,1.00661,8,1
basigo_uni_corr,uni_corr_500_02,160.52,0.6,0.94309,0.950026,6,1
basigo_uni_corr,uni_corr_500_02,161,0.4,1.09617,1.10919,4,1
basigo_uni_corr,uni_corr_500_02,161.48,0.6,1.06398,1.06618,6,1
basigo_uni_corr,uni_corr_500_02,161.96,0.6,1.04328,1.0456,6,1
basigo_uni_corr,uni_corr_500_02,162.44,1,1.04235,1.04618,10,1
basigo_uni_corr,uni_corr_500_02,162.92,1.1,1.0208,1.02355,11,1
basigo_uni_corr,uni_corr_500_02,163.4,0.7,1.05579,1.05704,7,1
basigo_uni_corr,uni_corr_500_02,163.88,0.7,1.09509,1.09671,7,1
basigo_uni_corr,uni_corr_500_02,164.36,0.5,1.07029,1.07615,5,1
basigo_uni_corr,uni_corr_500_02,164.84,0.8,1.17486,1.17809,8,1
basigo_uni_corr,uni_corr_500_02,165.32,0.5,1.16848,1.1709,5,1
basigo_uni_corr,uni_corr_500_02,165.8,0.7,1.05997,1.06236,7,1
basigo_uni_corr,uni_corr_500_02,166.28,0.8,1.08168,1.08324,8,1
basigo_uni_corr,uni_corr_500_02,166.76,0.7,1.05789,1.06558,7,1
basigo_uni_corr,uni_corr_500_02,167.24,0.9,0.992963,1.0034,9,1
basigo_uni_corr,uni_corr_500_02,167.72,0.9,0.975012,0.979986,9,1
basigo_uni_corr,uni_corr_500_02,168.2,0.6,0.943142,0.948148,6,1
basigo_uni_corr,uni_corr_500_02,168.68,0.7,0.974687,0.976893,7,1
basigo_uni_corr,uni_corr_500_02,169.16,0.7,1.00479,1.00724,7,1
basigo_uni_corr,uni_corr_500_02,169.64,0.7,1.01634,1.0182,7,1
basigo_uni_corr,uni_corr_500_02,170.12,0.5,1.01294,1.01439,5,1
basigo_uni_corr,uni_corr_500_02,170.6,0.6,1.03073,1.03285,6,1
basigo_uni_corr,uni_corr_500_02,171.08,0.8,1.02217,1.02534,8,1
basigo_uni_corr,uni_corr_500_02,171.56,0.7,0.975714,0.978224,7,1
basigo_uni_corr,uni_corr_500_02,172.04,0.6,0.988976,0.990626,6,0
basigo_uni_corr,uni_corr_500_02,172.52,0.9,1.02943,1.03106,9,0
basigo_uni_corr,uni_corr_500_02,173,0.5,1.07317,1.07382,5,0
basigo_uni_corr,uni_corr_500_02,173.48,0.9,1.08363,1.08586,9,0
basigo_uni_corr,uni_corr_500_02,173.96,0.7,1.07844,1.08202,7,0
basigo_uni_corr,uni_corr_500_02,174.44,0.5,1.07358,1.07646,5,0
basigo_uni_corr,uni_corr_500_02,174.92,0.8,1.0482,1.04913,8,0
basigo_uni_corr,uni_corr_500_02,175.4,0.4,0.939271,0.944454,4,0
basigo_uni_corr,uni_corr_500_02,175.88,0.6,0.972778,0.979948,6,0
basigo_uni_corr,uni_corr_500_02,176.36,0.5,0.950313,0.95471,5,0
basigo_uni_corr,uni_corr_500_02,176.84,0.3,0.992847,0.999086,3,0
basigo_uni_corr,uni_corr_500_02,177.32,0.6,1.07075,1.07886,6,0
basigo_uni_corr,uni_corr_500_02,177.8,0.6,1.03313,1.03783,6,0
basigo_uni_corr,uni_corr_500_02,178.28,0.8,1.04324,1.04897,8,0
basigo_uni_corr,uni_corr_500_02,178.76,0.8,1.01284,1.0186,8,0
basigo_uni_corr,uni_corr_500_02,179.24,1,0.995771,0.999242,10,0
basigo_uni_corr,uni_corr_500_02,179.72,0.7,0.977991,0.980513,7,0
basigo_uni_corr,uni_corr_500_02,180.2,0.6,1.01436,1.02205,6,0
basigo_uni_corr,uni_corr_500_02,180.68,0.6,1.04792,1.05562,6,0
basigo_uni_corr,uni_corr_500_02,181.16,0.5,0.999083,1.00445,5,0
basigo_uni_corr,uni_corr_500_02,181.64,0.4,0.964922,0.966127,4,0
basigo_uni_corr,uni_corr_500_02,182.12,0.5,0.964896,0.969846,5,0
basigo_uni_corr,uni_corr_500_02,182.6,0.6,1.02234,1.03281,6,0
basigo_uni_corr,uni_corr_500_02,183.08,0.7,1.0681,1.07257,7,0
basigo_uni_corr,uni_corr_500_02,183.56,0.8,1.06301,1.06739,8,0
basigo_uni_corr,uni_corr_500_02,184.04,0.9,1.05896,1.05991,9,0
basigo_uni_corr,uni_corr_500_02,184.52,1,1.02909,1.03136,10,0
basigo_uni_corr,uni_corr_500_02,185,0.8,1.02572,1.02831,8,0
basigo_uni_corr,uni_corr_500_02,185.48,0.7,0.995193,0.998965,7,0
basigo_uni_corr,uni_corr_500_02,185.96,0.5,1.00998,1.01068,5,0
basigo_uni_corr,uni_corr_500_02,186.44,0.4,1.02052,1.02157,4,0
basigo_uni_corr,uni_corr_500_02,186.92,0.3,1.02115,1.02225,3,0
basigo_uni_corr,uni_corr_500_02,187.4,0.3,0.979826,0.987025,3,0
basigo_uni_corr,uni_corr_500_02,187.88,0.1,1.0249,1.02658,1,0
basigo_uni_corr,uni_corr_500_02,189.32,0.2,1.39271,1.39897,2,0
basigo_uni_corr,uni_corr_500_02,189.8,0.2,1.30547,1.31444,2,0
basigo_uni_corr,uni_corr_500_02,190.28,0.2,1.24969,1.25541,2,0
basigo_uni_corr,uni_corr_500_03,4.5,0.1,1.62716,1.62738,1,0
basigo_uni_corr,uni_corr_500_03,5,0.1,1.63287,1.63312,1,0
basigo_uni_corr,uni_corr_500_03,5.5,0.2,1.53521,1.53696,2,0
basigo_uni_corr,uni_corr_500_03,6,0.5,1.49471,1.49605,5,0
basigo_uni_corr,uni_corr_500_03,6.5,0.8,1.56279,1.56369,8,0
basigo_uni_corr,uni_corr_500_03,7,1,1.57626,1.57728,10,0
basigo_uni_corr,uni_corr_500_03,7.5,0.9,1.52529,1.52616,9,0
basigo_uni_corr,uni_corr_500_03,8,0.8,1.51302,1.51436,8,0
basigo_uni_corr,uni_corr_500_03,8.5,1,1.52268,1.52398,10,0
basigo_uni_corr,uni_corr_500_03,9,1,1.45682,1.47174,10,0
basigo_uni_corr,uni_corr_500_03,9.5,1.1,1.5108,1.52851,11,0
basigo_uni_corr,uni_corr_500_03,10,0.9,1.41624,1.43144,9,0
basigo_uni_corr,uni_corr_500_03,10.5,0.6,1.28189,1.28498,6,0
basigo_uni_corr,uni_corr_500_03,11,1,1.3221,1.32371,10,0
basigo_uni_corr,uni_corr_500_03,11.5,1,1.2591,1.26115,10,0
basigo_uni_corr,uni_corr_500_03,12,0.9,1.27909,1.2814,9,0
basigo_uni_corr,uni_corr_500_03,12.5,0.9,1.2454,1.24807,9,0
basigo_uni_corr,uni_corr_500_03,13,0.7,1.21378,1.21866,7,0
basigo_uni_corr,uni_corr_500_03,13.5,0.8,1.19621,1.19767,8,0
basigo_uni_corr,uni_corr_500_03,14,0.6,1.1248,1.12626,6,0
basigo_uni_corr,uni_corr_500_03,14.5,0.8,1.08285,1.08674,8,0
basigo_uni_corr,uni_corr_500_03,15,0.8,1.07305,1.07522,8,0
basigo_uni_corr,uni_corr_500_03,15.5,0.8,1.07836,1.07958,8,0
basigo_uni_corr,uni_corr_500_03,16,1.2,1.0768,1.0796,12,0
basigo_uni_corr,uni_corr_500_03,16.5,1.2,1.04099,1.04572,12,0
basigo_uni_corr,uni_corr_500_03,17,1.5,1.05793,1.0617,15,0
basigo_uni_corr,uni_corr_500_03,17.5,1.7,1.06294,1.06478,17,0
basigo_uni_corr,uni_corr_500_03,18,1.5,1.02637,1.02862,15,0
basigo_uni_corr,uni_corr_500_03,18.5,1.4,1.03254,1.03723,14,0
basigo_uni_corr,uni_corr_500_03,19,1.4,1.03383,1.04002,14,0
basigo_uni_corr,uni_corr_500_03,19.5,1.5,1.01741,1.02572,15,0
basigo_uni_corr,uni_corr_500_03,20,1.2,1.00987,1.01548,12,1
basigo_uni_corr,uni_corr_500_03,20.5,1.1,1.04211,1.05667,11,1
basigo_uni_corr,uni_corr_500_03,21,1.5,1.03501,1.04127,15,1
basigo_uni_corr,uni_corr_500_03,21.5,1.3,1.1259,1.13103,13,1
basigo_uni_corr,uni_corr_500_03,22,1.4,1.1073,1.11129,14,1
basigo_uni_corr,uni_corr_500_03,22.5,1.6,1.09911,1.10166,16,1
basigo_uni_corr,uni_corr_500_03,23,1.1,1.02199,1.02528,11,1
basigo_uni_corr,uni_corr_500_03,23.5,1.4,1.0338,1.0357,14,1
basigo_uni_corr,uni_corr_500_03,24,1.3,1.0044,1.00672,13,1
basigo_uni_corr,uni_corr_500_03,24.5,1.2,1.05523,1.05675,12,1
basigo_uni_corr,uni_corr_500_03,25,1.3,1.04612,1.04842,13,1
basigo_uni_corr,uni_corr_500_03,25.5,1.2,1.03674,1.03794,12,1
basigo_uni_corr,uni_corr_500_03,26,1.4,1.02449,1.02532,14,1
basigo_uni_corr,uni_corr_500_03,26.5,1.5,1.01652,1.01876,15,1
basigo_uni_corr,uni_corr_500_03,27,1.8,1.0366,1.03829,18,1
basigo_uni_corr,uni_corr_500_03,27.5,1.9,1.00565,1.00779,19,1
basigo_uni_corr,uni_corr_500_03,28,1.9,1.02564,1.02763,19,1
basigo_uni_corr,uni_corr_500_03,28.5,1.8,1.0259,1.02891,18,1
basigo_uni_corr,uni_corr_500_03,29,1.6,1.02898,1.03172,16,1
basigo_uni_corr,uni_corr_500_03,29.5,1.6,1.00765,1.00986,16,1
basigo_uni_corr,uni_corr_500_03,30,1.3,1.01558,1.01807,13,1
basigo_uni_corr,uni_corr_500_03,30.5,1.3,1.02694,1.02874,13,1
basigo_uni_corr,uni_corr_500_03,31,1.3,1.03346,1.03554,13,1
basigo_uni_corr,uni_corr_500_03,31.5,1,1.03064,1.03145,10,1
basigo_uni_corr,uni_corr_500_03,32,1.2,1.0658,1.06912,12,1
basigo_uni_corr,uni_corr_500_03,32.5,1.3,1.09241,1.0941,13,1
basigo_uni_corr,uni_corr_500_03,33,1.2,1.07023,1.07242,12,1
basigo_uni_corr,uni_corr_500_03,33.5,1.2,1.03489,1.03618,12,1
basigo_uni_corr,uni_corr_500_03,34,1.3,1.05697,1.05817,13,1
basigo_uni_corr,uni_corr_500_03,34.5,1.4,1.05487,1.0584,14,1
basigo_uni_corr,uni_corr_500_03,35,1.4,1.03273,1.03533,14,1
basigo_uni_corr,uni_corr_500_03,35.5,1.4,1.03742,1.03951,14,1
basigo_uni_corr,uni_corr_500_03,36,1.4,1.04093,1.05111,14,1
basigo_uni_corr,uni_corr_500_03,36.5,1.2,1.03839,1.04451,12,1
basigo_uni_corr,uni_corr_500_03,37,1.3,1.0211,1.02261,13,1
basigo_uni_corr,uni_corr_500_03,37.5,1.2,1.00964,1.01023,12,1
basigo_uni_corr,uni_corr_500_03,38,1.1,1.02032,1.02146,11,1
basigo_uni_corr,uni_corr_500_03,38.5,1.3,1.00484,1.00564,13,1
basigo_uni_corr,uni_corr_500_03,39,1.2,0.982615,0.984496,12,1
basigo_uni_corr,uni_corr_500_03,39.5,1.4,1.01472,1.01671,14,1
basigo_uni_corr,uni_corr_500_03,40,1,0.989464,0.991781,10,1
basigo_uni_corr,uni_corr_500_03,40.5,1.4,0.997521,0.999035,14,1
basigo_uni_corr,uni_corr_500_03,41,1.4,1.02984,1.03304,14,1
basigo_uni_corr,uni_corr_500_03,41.5,1.2,1.01053,1.01242,12,1
basigo_uni_corr,uni_corr_500_03,42,1.4,1.00084,1.00243,14,1
basigo_uni_corr,uni_corr_500_03,42.5,1.3,1.0055,1.00988,13,1
basigo_uni_corr,uni_corr_500_03,43,1.3,1.00829,1.01,13,1
basigo_uni_corr,uni_corr_500_03,43.5,0.9,0.97962,0.985676,9,1
basigo_uni_corr,uni_corr_500_03,44,1,0.982898,0.985987,10,1
basigo_uni_corr,uni_corr_500_03,44.5,0.9,0.993628,0.994565,9,1
basigo_uni_corr,uni_corr_500_03,45,0.9,1.03079,1.03334,9,1
basigo_uni_corr,uni_corr_500_03,45.5,1.2,1.07965,1.08101,12,1
basigo_uni_corr,uni_corr_500_03,46,1.1,1.03987,1.04824,11,1
basigo_uni_corr,uni_corr_500_03,46.5,1.2,1.01481,1.0176,12,1
basigo_uni_corr,uni_corr_500_03,47,1.2,1.03876,1.0414,12,1
basigo_uni_corr,uni_corr_500_03,47.5,1.3,0.977375,0.984226,13,1
basigo_uni_corr,uni_corr_500_03,48,1.2,0.985868,0.990556,12,1
basigo_uni_corr,uni_corr_500_03,48.5,1.5,0.978928,0.985031,15,1
basigo_uni_corr,uni_corr_500_03,49,1.1,1.01052,1.01623,11,1
basigo_uni_corr,uni_corr_500_03,49.5,1.2,1.0061,1.00875,12,1
basigo_uni_corr,uni_corr_500_03,50,1.1,1.01139,1.0144,11,1
basigo_uni_corr,uni_corr_500_03,50.5,1.4,0.989037,0.990814,14,1
basigo_uni_corr,uni_corr_500_03,51,1.5,1.02266,1.02648,15,1
basigo_uni_corr,uni_corr_500_03,51.5,1.2,1.04336,1.04532,12,1
basigo_uni_corr,uni_corr_500_03,52,1,0.997153,1.00014,10,1
basigo_uni_corr,uni_corr_500_03,52.5,1.1,0.983555,0.989221,11,1
basigo_uni_corr,uni_corr_500_03,53,0.8,0.985075,0.988536,8,1
basigo_uni_corr,uni_corr_500_03,53.5,1,1.01679,1.02591,10,1
basigo_uni_corr,uni_corr_500_03,54,1.2,1.00008,1.00322,12,1
basigo_uni_corr,uni_corr_500_03,54.5,1.1,1.0302,1.03524,11,1
basigo_uni_corr,uni_corr_500_03,55,1.1,1.05482,1.05716,11,1
basigo_uni_corr,uni_corr_500_03,55.5,1.2,1.02098,1.02374,12,1
basigo_uni_corr,uni_corr_500_03,56,1.1,0.985729,0.987634,11,1
basigo_uni_corr,uni_corr_500_03,56.5,1,0.996018,0.999255,10,1
basigo_uni_corr,uni_corr_500_03,57,1.2,0.993619,0.996098,12,1
basigo_uni_corr,uni_corr_500_03,57.5,1.4,1.02098,1.02248,14,1
basigo_uni_corr,uni_corr_500_03,58,1.4,1.03875,1.03969,14,1
basigo_uni_corr,uni_corr_500_03,58.5,1.5,1.01672,1.02014,15,1
basigo_uni_corr,uni_corr_500_03,59,1.2,0.993155,0.995349,12,1
basigo_uni_corr,uni_corr_500_03,59.5,1.6,0.998353,1.00041,16,1
basigo_uni_corr,uni_corr_500_03,60,1.4,0.98491,0.987674,14,1
basigo_uni_corr,uni_corr_500_03,60.5,1.6,1.01431,1.01659,16,1
basigo_uni_corr,uni_corr_500_03,61,1.5,1.01559,1.01724,15,1
basigo_uni_corr,uni_corr_500_03,61.5,1.4,1.00338,1.00663,14,1
basigo_uni_corr,uni_corr_500_03,62,1.4,1.03026,1.0318,14,1
basigo_uni_corr,uni_corr_500_03,62.5,1.3,1.02068,1.02196,13,1
basigo_uni_corr,uni_corr_500_03,63,1.1,0.975456,0.977151,11,1
basigo_uni_corr,uni_corr_500_03,63.5,0.8,1.02657,1.03081,8,1
basigo_uni_corr,uni_corr_500_03,64,1,1.02109,1.02509,10,1
basigo_uni_corr,uni_corr_500_03,64.5,1.1,1.05121,1.05357,11,1
basigo_uni_corr,uni_corr_500_03,65,1.2,1.02555,1.0279,12,1
basigo_uni_corr,uni_corr_500_03,65.5,1.2,0.996703,0.999115,12,1
basigo_uni_corr,uni_corr_500_03,66,1,1.00553,1.01257,10,1
basigo_uni_corr,uni_corr_500_03,66.5,1.2,1.00761,1.01151,12,1
basigo_uni_corr,uni_corr_500_03,67,1.4,1.01542,1.02041,14,1
basigo_uni_corr,uni_corr_500_03,67.5,1.2,0.987893,0.997152,12,1
basigo_uni_corr,uni_corr_500_03,68,1.4,0.913811,0.924503,14,1
basigo_uni_corr,uni_corr_500_03,68.5,0.9,0.882142,0.88941,9,1
basigo_uni_corr,uni_corr_500_03,69,0.8,0.878876,0.882424,8,1
basigo_uni_corr,uni_corr_500_03,69.5,0.8,0.876784,0.879892,8,1
basigo_uni_corr,uni_corr_500_03,70,1,0.907515,0.910448,10,1
basigo_uni_corr,uni_corr_500_03,70.5,1.2,0.911343,0.912931,12,1
basigo_uni_corr,uni_corr_500_03,71,1.5,0.910339,0.913628,15,1
basigo_uni_corr,uni_corr_500_03,71.5,1.3,0.896301,0.899312,13,1
basigo_uni_corr,uni_corr_500_03,72,1.1,0.906757,0.90972,11,1
basigo_uni_corr,uni_corr_500_03,72.5,1.2,0.955622,0.957181,12,1
basigo_uni_corr,uni_corr_500_03,73,1.2,0.967633,0.970088,12,1
basigo_uni_corr,uni_corr_500_03,73.5,1.3,0.940328,0.943018,13,1
basigo_uni_corr,uni_corr_500_03,74,1.6,0.955163,0.95773,16,1
basigo_uni_corr,uni_corr_500_03,74.5,1.4,0.933809,0.936478,14,1
basigo_uni_corr,uni_corr_500_03,75,1.5,0.877871,0.880101,15,1
basigo_uni_corr,uni_corr_500_03,75.5,1.4,0.896067,0.897913,14,1
basigo_uni_corr,uni_corr_500_03,76,1.5,0.909273,0.912708,15,1
basigo_uni_corr,uni_corr_500_03,76.5,1.2,0.912725,0.915204,12,1
basigo_uni_corr,uni_corr_500_03,77,1.4,0.897855,0.898376,14,1
basigo_uni_corr,uni_corr_500_03,77.5,1.5,0.857029,0.860067,15,1
basigo_uni_corr,uni_corr_500_03,78,1.1,0.929534,0.932617,11,1
basigo_uni_corr,uni_corr_500_03,78.5,1.1,0.927186,0.931151,11,1
basigo_uni_corr,uni_corr_500_03,79,1.3,0.88739,0.890444,13,1
basigo_uni_corr,uni_corr_500_03,79.5,1.4,0.879159,0.881861,14,1
basigo_uni_corr,uni_corr_500_03,80,1.4,0.888856,0.891943,14,1
basigo_uni_corr,uni_corr_500_03,80.5,1.5,0.905878,0.910816,15,1
basigo_uni_corr,uni_corr_500_03,81,1.2,0.878803,0.882265,12,1
basigo_uni_corr,uni_corr_500_03,81.5,1.2,0.91524,0.919178,12,1
basigo_uni_corr,uni_corr_500_03,82,1.1,0.912414,0.914442,11,1
basigo_uni_corr,uni_corr_500_03,82.5,1.2,0.92381,0.926994,12,1
basigo_uni_corr,uni_corr_500_03,83,1.5,0.884076,0.886447,15,1
basigo_uni_corr,uni_corr_500_03,83.5,1.3,0.892577,0.899724,13,1
basigo_uni_corr,uni_corr_500_03,84,1.4,0.84858,0.851553,14,1
basigo_uni_corr,uni_corr_500_03,84.5,1.3,0.846677,0.849292,13,1
basigo_uni_corr,uni_corr_500_03,85,1.5,0.8807,0.885557,15,1
basigo_uni_corr,uni_corr_500_03,85.5,1.5,0.87973,0.88643,15,1
basigo_uni_corr,uni_corr_500_03,86,1.7,0.844855,0.850602,17,1
basigo_uni_corr,uni_corr_500_03,86.5,1.6,0.822277,0.827558,16,1
basigo_uni_corr,uni_corr_500_03,87,1.7,0.830138,0.832592,17,1
basigo_uni_corr,uni_corr_500_03,87.5,1.6,0.815283,0.819098,16,1
basigo_uni_corr,uni_corr_500_03,88,1.7,0.833001,0.837031,17,1
basigo_uni_corr,uni_corr_500_03,88.5,1.6,0.803159,0.804864,16,1
basigo_uni_corr,uni_corr_500_03,89,1.9,0.788031,0.791464,19,1
basigo_uni_corr,uni_corr_500_03,89.5,1.7,0.775304,0.778584,17,1
basigo_uni_corr,uni_corr_500_03,90,2.1,0.814581,0.818657,21,1
basigo_uni_corr,uni_corr_500_03,90.5,1.8,0.800925,0.803398,18,1
basigo_uni_corr,uni_corr_500_03,91,1.6,0.812362,0.81633,16,1
basigo_uni_corr,uni_corr_500_03,91.5,1.6,0.778953,0.783378,16,1
basigo_uni_corr,uni_corr_500_03,92,2,0.792742,0.797556,20,1
basigo_uni_corr,uni_corr_500_03,92.5,1.3,0.809774,0.814979,13,1
basigo_uni_corr,uni_corr_500_03,93,1.7,0.799826,0.804785,17,1
basigo_uni_corr,uni_corr_500_03,93.5,1.8,0.814348,0.817841,18,1
basigo_uni_corr,uni_corr_500_03,94,1.8,0.809572,0.812468,18,1
basigo_uni_corr,uni_corr_500_03,94.5,2,0.792134,0.794113,20,1
basigo_uni_corr,uni_corr_500_03,95,1.6,0.780578,0.783046,16,1
basigo_uni_corr,uni_corr_500_03,95.5,1.6,0.765511,0.768493,16,1
basigo_uni_corr,uni_corr_500_03,96,1.5,0.769865,0.772136,15,1
basigo_uni_corr,uni_corr_500_03,96.5,1.5,0.782046,0.7842,15,1
basigo_uni_corr,uni_corr_500_03,97,1.3,0.771738,0.77537,13,1
basigo_uni_corr,uni_corr_500_03,97.5,1.4,0.786834,0.788818,14,1
basigo_uni_corr,uni_corr_500_03,98,1.3,0.785876,0.789931,13,1
basigo_uni_corr,uni_corr_500_03,98.5,1.1,0.781121,0.783517,11,1
basigo_uni_corr,uni_corr_500_03,99,1.3,0.832195,0.834972,13,1
basigo_uni_corr,uni_corr_500_03,99.5,1.3,0.821567,0.826547,13,1
basigo_uni_corr,uni_corr_500_03,100,1.2,0.799303,0.801887,12,1
basigo_uni_corr,uni_corr_500_03,100.5,1.2,0.80998,0.812369,12,1
basigo_uni_corr,uni_corr_500_03,101,1.6,0.825078,0.828278,16,1
basigo_uni_corr,uni_corr_500_03,101.5,1.6,0.816297,0.821374,16,1
basigo_uni_corr,uni_corr_500_03,102,1.5,0.780381,0.787636,15,1
basigo_uni_corr,uni_corr_500_03,102.5,1.2,0.776153,0.78148,12,1
basigo_uni_corr,uni_corr_500_03,103,1.6,0.79876,0.801456,16,1
basigo_uni_corr,uni_corr_500_03,103.5,1.4,0.79701,0.807771,14,1
basigo_uni_corr,uni_corr_500_03,104,1.1,0.786899,0.799304,11,1
basigo_uni_corr,uni_corr_500_03,104.5,1.3,0.791208,0.79512,13,1
basigo_uni_corr,uni_corr_500_03,105,1.5,0.784123,0.788186,15,1
basigo_uni_corr,uni_corr_500_03,105.5,1.5,0.777947,0.78334,15,1
basigo_uni_corr,uni_corr_500_03,106,1.3,0.82605,0.830168,13,1
basigo_uni_corr,uni_corr_500_03,106.5,1.5,0.790299,0.796209,15,1
basigo_uni_corr,uni_corr_500_03,107,1.4,0.79263,0.794,14,1
basigo_uni_corr,uni_corr_500_03,107.5,1.8,0.801497,0.806427,18,1
basigo_uni_corr,uni_corr_500_03,108,2,0.78728,0.789419,20,1
basigo_uni_corr,uni_corr_500_03,108.5,1.7,0.803239,0.805735,17,1
basigo_uni_corr,uni_corr_500_03,109,1.7,0.764262,0.768793,17,1
basigo_uni_corr,uni_corr_500_03,109.5,1.7,0.788759,0.794795,17,1
basigo_uni_corr,uni_corr_500_03,110,1.6,0.783823,0.788099,16,1
basigo_uni_corr,uni_corr_500_03,110.5,1.9,0.763403,0.767805,19,1
basigo_uni_corr,uni_corr_500_03,111,1.8,0.77026,0.774951,18,1
basigo_uni_corr,uni_corr_500_03,111.5,1.8,0.77508,0.77777,18,1
basigo_uni_corr,uni_corr_500_03,112,1.7,0.763197,0.766507,17,1
basigo_uni_corr,uni_corr_500_03,112.5,1.3,0.751193,0.756813,13,1
basigo_uni_corr,uni_corr_500_03,113,1.2,0.745155,0.750919,12,1
basigo_uni_corr,uni_corr_500_03,113.5,1.3,0.758831,0.761635,13,1
basigo_uni_corr,uni_corr_500_03,114,1.3,0.760304,0.768277,13,1
basigo_uni_corr,uni_corr_500_03,114.5,1.3,0.775543,0.780496,13,1
basigo_uni_corr,uni_corr_500_03,115,1.3,0.753134,0.756211,13,1
basigo_uni_corr,uni_corr_500_03,115.5,1.2,0.731932,0.739217,12,1
basigo_uni_corr,uni_corr_500_03,116,1.3,0.764994,0.768091,13,1
basigo_uni_corr,uni_corr_500_03,116.5,1.3,0.767293,0.770374,13,1
basigo_uni_corr,uni_corr_500_03,117,1.4,0.761723,0.764311,14,1
basigo_uni_corr,uni_corr_500_03,117.5,1.6,0.756826,0.761555,16,1
basigo_uni_corr,uni_corr_500_03,118,1.7,0.768663,0.771935,17,1
basigo_uni_corr,uni_corr_500_03,118.5,1.7,0.757035,0.761112,17,1
basigo_uni_corr,uni_corr_500_03,119,1.6,0.736475,0.740666,16,1
basigo_uni_corr,uni_corr_500_03,119.5,1.9,0.753827,0.756399,19,1
basigo_uni_corr,uni_corr_500_03,120,1.7,0.753575,0.756138,17,1
basigo_uni_corr,uni_corr_500_03,120.5,1.5,0.713736,0.718154,15,1
basigo_uni_corr,uni_corr_500_03,121,1.6,0.736289,0.742029,16,1
basigo_uni_corr,uni_corr_500_03,121.5,1.5,0.74607,0.750806,15,1
basigo_uni_corr,uni_corr_500_03,122,1.6,0.722031,0.726091,16,1
basigo_uni_corr,uni_corr_500_03,122.5,1.4,0.726497,0.730614,14,1
basigo_uni_corr,uni_corr_500_03,123,1.7,0.73748,0.740877,17,1
basigo_uni_corr,uni_corr_500_03,123.5,1.8,0.729561,0.737382,18,1
basigo_uni_corr,uni_corr_500_03,124,1.8,0.70927,0.714926,18,1
basigo_uni_corr,uni_corr_500_03,124.5,2,0.704394,0.708683,20,1
basigo_uni_corr,uni_corr_500_03,125,2,0.716015,0.724482,20,1
basigo_uni_corr,uni_corr_500_03,125.5,1.8,0.749594,0.755557,18,1
basigo_uni_corr,uni_corr_500_03,126,1.8,0.760574,0.764369,18,1
basigo_uni_corr,uni_corr_500_03,126.5,2,0.748181,0.750465,20,1
basigo_uni_corr,uni_corr_500_03,127,1.9,0.752442,0.755102,19,1
basigo_uni_corr,uni_corr_500_03,127.5,1.9,0.729806,0.734619,19,1
basigo_uni_corr,uni_corr_500_03,128,1.9,0.729612,0.735673,19,1
basigo_uni_corr,uni_corr_500_03,128.5,1.9,0.720054,0.724886,19,1
basigo_uni_corr,uni_corr_500_03,129,1.7,0.707787,0.712164,17,1
basigo_uni_corr,uni_corr_500_03,129.5,2,0.71368,0.718433,20,1
basigo_uni_corr,uni_corr_500_03,130,1.8,0.713299,0.719372,18,1
basigo_uni_corr,uni_corr_500_03,130.5,1.8,0.729122,0.733992,18,1
basigo_uni_corr,uni_corr_500_03,131,1.9,0.738003,0.740422,19,1
basigo_uni_corr,uni_corr_500_03,131.5,1.7,0.732085,0.73814,17,1
basigo_uni_corr,uni_corr_500_03,132,1.8,0.768818,0.772928,18,1
basigo_uni_corr,uni_corr_500_03,132.5,1.7,0.74718,0.752359,17,1
basigo_uni_corr,uni_corr_500_03,133,1.6,0.760517,0.763762,16,1
basigo_uni_corr,uni_corr_500_03,133.5,1.6,0.760565,0.764119,16,1
basigo_uni_corr,uni_corr_500_03,134,1.6,0.723281,0.72945,16,1
basigo_uni_corr,uni_corr_500_03,134.5,1.7,0.732588,0.737303,17,1
basigo_uni_corr,uni_corr_500_03,135,1.5,0.769673,0.775361,15,1
basigo_uni_corr,uni_corr_500_03,135.5,1.6,0.747887,0.755784,16,1
basigo_uni_corr,uni_corr_500_03,136,1.7,0.772707,0.779659,17,1
basigo_uni_corr,uni_corr_500_03,136.5,1.9,0.779687,0.789761,19,1
basigo_uni_corr,uni_corr_500_03,137,1.5,0.764935,0.771342,15,1
basigo_uni_corr,uni_corr_500_03,137.5,1.6,0.782837,0.787264,16,1
basigo_uni_corr,uni_corr_500_03,138,1.7,0.749735,0.756721,17,1
basigo_uni_corr,uni_corr_500_03,138.5,1.3,0.760353,0.766313,13,1
basigo_uni_corr,uni_corr_500_03,139,1.3,0.750892,0.756526,13,1
basigo_uni_corr,uni_corr_500_03,139.5,1.5,0.759715,0.763221,15,1
basigo_uni_corr,uni_corr_500_03,140,1.1,0.74067,0.743892,11,1
basigo_uni_corr,uni_corr_500_03,140.5,1.4,0.770598,0.776958,14,1
basigo_uni_corr,uni_corr_500_03,141,1.2,0.801124,0.804303,12,1
basigo_uni_corr,uni_corr_500_03,141.5,1.1,0.801986,0.807907,11,1
basigo_uni_corr,uni_corr_500_03,142,1.1,0.800482,0.80356,11,1
basigo_uni_corr,uni_corr_500_03,142.5,1.1,0.796976,0.798635,11,0
basigo_uni_corr,uni_corr_500_03,143,1.2,0.806244,0.811214,12,0
basigo_uni_corr,uni_corr_500_03,143.5,1.3,0.791652,0.794958,13,0
basigo_uni_corr,uni_corr_500_03,144,1.3,0.757342,0.763908,13,0
basigo_uni_corr,uni_corr_500_03,144.5,1.1,0.79249,0.793654,11,0
basigo_uni_corr,uni_corr_500_03,145,1.5,0.785996,0.791027,15,0
basigo_uni_corr,uni_corr_500_03,145.5,1.1,0.789624,0.795709,11,0
basigo_uni_corr,uni_corr_500_03,146,1.4,0.777488,0.781856,14,0
basigo_uni_corr,uni_corr_500_03,146.5,1.3,0.799216,0.80259,13,0
basigo_uni_corr,uni_corr_500_03,147,1.2,0.813804,0.816765,12,0
basigo_uni_corr,uni_corr_500_03,147.5,1.2,0.812826,0.818382,12,0
basigo_uni_corr,uni_corr_500_03,148,1.2,0.834405,0.837692,12,0
basigo_uni_corr,uni_corr_500_03,148.5,0.9,0.842633,0.846685,9,0
basigo_uni_corr,uni_corr_500_03,149,1.1,0.879889,0.883503,11,0
basigo_uni_corr,uni_corr_500_03,149.5,1.3,0.866246,0.870294,13,0
basigo_uni_corr,uni_corr_500_03,150,1.2,0.830651,0.831906,12,0
basigo_uni_corr,uni_corr_500_03,150.5,1.2,0.822248,0.825808,12,0
basigo_uni_corr,uni_corr_500_03,151,1.5,0.859107,0.86242,15,0
basigo_uni_corr,uni_corr_500_03,151.5,1.1,0.866987,0.87049,11,0
basigo_uni_corr,uni_corr_500_03,152,1.2,0.945701,0.947604,12,0
basigo_uni_corr,uni_corr_500_03,152.5,1,0.858908,0.860338,10,0
basigo_uni_corr,uni_corr_500_03,153,0.8,0.850221,0.854717,8,0
basigo_uni_corr,uni_corr_500_03,153.5,0.7,0.865065,0.865616,7,0
basigo_uni_corr,uni_corr_500_03,154,1,0.83593,0.842171,10,0
basigo_uni_corr,uni_corr_500_03,154.5,0.7,0.835229,0.841448,7,0
basigo_uni_corr,uni_corr_500_03,155,0.6,0.89611,0.901381,6,0
basigo_uni_corr,uni_corr_500_03,155.5,0.8,0.855631,0.861199,8,0
basigo_uni_corr,uni_corr_500_03,156,0.5,0.832834,0.834185,5,0
basigo_uni_corr,uni_corr_500_03,156.5,0.3,0.872823,0.879138,3,0
basigo_uni_corr,uni_corr_500_03,157,0.2,0.860944,0.86491,2,0
basigo_uni_corr,uni_corr_500_03,157.5,0.2,0.79928,0.80096,2,0
basigo_uni_corr,uni_corr_500_04,6.125,0.1,1.52808,1.53117,1,0
basigo_uni_corr,uni_corr_500_04,6.625,0.3,1.4683,1.47233,3,0
basigo_uni_corr,uni_corr_500_04,7.125,0.6,1.51872,1.52165,6,0
basigo_uni_corr,uni_corr_500_04,7.625,0.6,1.51139,1.51385,6,0
basigo_uni_corr,uni_corr_500_04,8.125,1,1.41519,1.41707,10,0
basigo_uni_corr,uni_corr_500_04,8.625,0.9,1.39866,1.39982,9,0
basigo_uni_corr,uni_corr_500_04,9.125,1.4,1.3746,1.37607,14,0
basigo_uni_corr,uni_corr_500_04,9.625,0.9,1.31037,1.31177,9,0
basigo_uni_corr,uni_corr_500_04,10.125,1.3,1.30112,1.30245,13,0
basigo_uni_corr,uni_corr_500_04,10.625,0.9,1.28753,1.28918,9,0
basigo_uni_corr,uni_corr_500_04,11.125,1.4,1.29663,1.29852,14,0
basigo_uni_corr,uni_corr_500_04,11.625,1.4,1.29288,1.29639,14,0
basigo_uni_corr,uni_corr_500_04,12.125,1.5,1.28774,1.2901,15,0
basigo_uni_corr,uni_corr_500_04,12.625,1.1,1.25897,1.25962,11,0
basigo_uni_corr,uni_corr_500_04,13.125,1,1.23912,1.2401,10,0
basigo_uni_corr,uni_corr_500_04,13.625,1,1.26231,1.26357,10,0
basigo_uni_corr,uni_corr_500_04,14.125,1.1,1.22703,1.22953,11,0
basigo_uni_corr,uni_corr_500_04,14.625,1.2,1.20057,1.20247,12,0
basigo_uni_corr,uni_corr_500_04,15.125,0.8,1.11473,1.11712,8,0
basigo_uni_corr,uni_corr_500_04,15.625,1.1,1.13247,1.13353,11,0
basigo_uni_corr,uni_corr_500_04,16.125,1.2,1.10192,1.103,12,0
basigo_uni_corr,uni_corr_500_04,16.625,1.4,1.11127,1.11249,14,0
basigo_uni_corr,uni_corr_500_04,17.125,1.3,1.08639,1.08684,13,0
basigo_uni_corr,uni_corr_500_04,17.625,1.5,1.11386,1.11634,15,0
basigo_uni_corr,uni_corr_500_04,18.125,1.5,1.14949,1.15164,15,0
basigo_uni_corr,uni_corr_500_04,18.625,1.5,1.12073,1.12216,15,0
basigo_uni_corr,uni_corr_500_04,19.125,1.4,1.1021,1.10461,14,0
basigo_uni_corr,uni_corr_500_04,19.625,1.3,1.07383,1.07686,13,0
basigo_uni_corr,uni_corr_500_04,20.125,1.4,1.12249,1.12455,14,0
basigo_uni_corr,uni_corr_500_04,20.625,1.3,1.1134,1.11438,13,0
basigo_uni_corr,uni_corr_500_04,21.125,1.2,1.12326,1.12513,12,0
basigo_uni_corr,uni_corr_500_04,21.625,1.4,1.09334,1.09616,14,1
basigo_uni_corr,uni_corr_500_04,22.125,1.4,1.07979,1.08305,14,1
basigo_uni_corr,uni_corr_500_04,22.625,1.6,1.05727,1.06003,16,1
basigo_uni_corr,uni_corr_500_04,23.125,1.4,1.06088,1.06317,14,1
basigo_uni_corr,uni_corr_500_04,23.625,1.5,1.04511,1.04774,15,1
basigo_uni_corr,uni_corr_500_04,24.125,1.2,1.01649,1.01899,12,1
basigo_uni_corr,uni_corr_500_04,24.625,1.3,0.996044,1.00123,13,1
basigo_uni_corr,uni_corr_500_04,25.125,1.6,0.989057,0.994588,16,1
basigo_uni_corr,uni_corr_500_04,25.625,1.6,0.971086,0.973793,16,1
basigo_uni_corr,uni_corr_500_04,26.125,1.6,0.970826,0.974587,16,1
basigo_uni_corr,uni_corr_500_04,26.625,1.8,0.949839,0.952657,18,1
basigo_uni_corr,uni_corr_500_04,27.125,1.7,0.954112,0.9582,17,1
basigo_uni_corr,uni_corr_500_04,27.625,1.9,0.960015,0.965156,19,1
basigo_uni_corr,uni_corr_500_04,28.125,1.7,0.960075,0.961523,17,1
basigo_uni_corr,uni_corr_500_04,28.625,1.8,0.934804,0.937413,18,1
basigo_uni_corr,uni_corr_500_04,29.125,1.8,0.954574,0.956346,18,1
basigo_uni_corr,uni_corr_500_04,29.625,1.7,0.94927,0.953057,17,1
basigo_uni_corr,uni_corr_500_04,30.125,1.5,0.939602,0.942475,15,1
basigo_uni_corr,uni_corr_500_04,30.625,1.3,0.915516,0.918542,13,1
basigo_uni_corr,uni_corr_500_04,31.125,1.3,0.920465,0.922807,13,1
basigo_uni_corr,uni_corr_500_04,31.625,1.3,0.940551,0.943285,13,1
basigo_uni_corr,uni_corr_500_04,32.125,1.4,0.922419,0.92623,14,1
basigo_uni_corr,uni_corr_500_04,32.625,1.8,0.903782,0.906833,18,1
basigo_uni_corr,uni_corr_500_04,33.125,1.8,0.896131,0.899962,18,1
basigo_uni_corr,uni_corr_500_04,33.625,1.6,0.899543,0.901299,16,1
basigo_uni_corr,uni_corr_500_04,34.125,1.8,0.897957,0.900055,18,1
basigo_uni_corr,uni_corr_500_04,34.625,1.5,0.853807,0.856124,15,1
basigo_uni_corr,uni_corr_500_04,35.125,1.7,0.84662,0.851509,17,1
basigo_uni_corr,uni_corr_500_04,35.625,1.7,0.866538,0.867468,17,1
basigo_uni_corr,uni_corr_500_04,36.125,1.7,0.891717,0.89348,17,1
basigo_uni_corr,uni_corr_500_04,36.625,1.5,0.873258,0.874862,15,1
basigo_uni_corr,uni_corr_500_04,37.125,1.9,0.862082,0.865853,19,1
basigo_uni_corr,uni_corr_500_04,37.625,1.6,0.85646,0.858535,16,1
basigo_uni_corr,uni_corr_500_04,38.125,1.7,0.853912,0.856591,17,1
basigo_uni_corr,uni_corr_500_04,38.625,1.8,0.827792,0.830453,18,1
basigo_uni_corr,uni_corr_500_04,39.125,1.8,0.832682,0.834848,18,1
basigo_uni_corr,uni_corr_500_04,39.625,1.9,0.831902,0.835398,19,1
basigo_uni_corr,uni_corr_500_04,40.125,1.8,0.826373,0.829537,18,1
basigo_uni_corr,uni_corr_500_04,40.625,1.8,0.830849,0.83315,18,1
basigo_uni_corr,uni_corr_500_04,41.125,1.7,0.810191,0.812988,17,1
basigo_uni_corr,uni_corr_500_04,41.625,1.9,0.807405,0.810851,19,1
basigo_uni_corr,uni_corr_500_04,42.125,1.9,0.795549,0.798988,19,1
basigo_uni_corr,uni_corr_500_04,42.625,1.9,0.788434,0.791593,19,1
basigo_uni_corr,uni_corr_500_04,43.125,1.8,0.79582,0.799048,18,1
basigo_uni_corr,uni_corr_500_04,43.625,1.8,0.787795,0.794078,18,1
basigo_uni_corr,uni_corr_500_04,44.125,1.7,0.785322,0.78784,17,1
basigo_uni_corr,uni_corr_500_04,44.625,1.5,0.754901,0.760246,15,1
basigo_uni_corr,uni_corr_500_04,45.125,1.8,0.732098,0.738542,18,1
basigo_uni_corr,uni_corr_500_04,45.625,1.6,0.728391,0.734703,16,1
basigo_uni_corr,uni_corr_500_04,46.125,1.9,0.72185,0.726525,19,1
basigo_uni_corr,uni_corr_500_04,46.625,2,0.738954,0.74273,20,1
basigo_uni_corr,uni_corr_500_04,47.125,2.2,0.741196,0.743951,22,1
basigo_uni_corr,uni_corr_500_04,47.625,2.1,0.725825,0.731014,21,1
basigo_uni_corr,uni_corr_500_04,48.125,2.2,0.727591,0.731759,22,1
basigo_uni_corr,uni_corr_500_04,48.625,1.8,0.714501,0.71832,18,1
basigo_uni_corr,uni_corr_500_04,49.125,1.9,0.7212,0.72414,19,1
basigo_uni_corr,uni_corr_500_04,49.625,1.8,0.722677,0.72763,18,1
basigo_uni_corr,uni_corr_500_04,50.125,1.8,0.72591,0.729761,18,1
basigo_uni_corr,uni_corr_500_04,50.625,1.6,0.739678,0.743791,16,1
basigo_uni_corr,uni_corr_500_04,51.125,1.9,0.698965,0.704336,19,1
basigo_uni_corr,uni_corr_500_04,51.625,1.7,0.708033,0.714432,17,1
basigo_uni_corr,uni_corr_500_04,52.125,1.8,0.722866,0.728236,18,1
basigo_uni_corr,uni_corr_500_04,52.625,2.1,0.724482,0.727785,21,1
basigo_uni_corr,uni_corr_500_04,53.125,1.9,0.719138,0.723075,19,1
basigo_uni_corr,uni_corr_500_04,53.625,2,0.729633,0.733856,20,1
basigo_uni_corr,uni_corr_500_04,54.125,1.9,0.729739,0.732601,19,1
basigo_uni_corr,uni_corr_500_04,54.625,1.9,0.740771,0.744618,19,1
basigo_uni_corr,uni_corr_500_04,55.125,2,0.756489,0.762094,20,1
basigo_uni_corr,uni_corr_500_04,55.625,1.7,0.724127,0.728145,17,1
basigo_uni_corr,uni_corr_500_04,56.125,1.9,0.707061,0.711615,19,1
basigo_uni_corr,uni_corr_500_04,56.625,1.9,0.710248,0.71527,19,1
basigo_uni_corr,uni_corr_500_04,57.125,1.8,0.710813,0.714897,18,1
basigo_uni_corr,uni_corr_500_04,57.625,1.6,0.735651,0.737142,16,1
basigo_uni_corr,uni_corr_500_04,58.125,1.8,0.734929,0.738425,18,1
basigo_uni_corr,uni_corr_500_04,58.625,2.1,0.742738,0.744053,21,1
basigo_uni_corr,uni_corr_500_04,59.125,1.7,0.73412,0.735695,17,1
basigo_uni_corr,uni_corr_500_04,59.625,1.6,0.705908,0.709347,16,1
basigo_uni_corr,uni_corr_500_04,60.125,2,0.701915,0.704017,20,1
basigo_uni_corr,uni_corr_500_04,60.625,1.6,0.695183,0.699347,16,1
basigo_uni_corr,uni_corr_500_04,61.125,1.8,0.690876,0.693303,18,1
basigo_uni_corr,uni_corr_500_04,61.625,1.7,0.68599,0.688788,17,1
basigo_uni_corr,uni_corr_500_04,62.125,1.6,0.669867,0.676324,16,1
basigo_uni_corr,uni_corr_500_04,62.625,1.8,0.654467,0.659261,18,1
basigo_uni_corr,uni_corr_500_04,63.125,1.7,0.646634,0.654603,17,1
basigo_uni_corr,uni_corr_500_04,63.625,2,0.661028,0.668384,20,1
basigo_uni_corr,uni_corr_500_04,64.125,2,0.638709,0.646728,20,1
basigo_uni_corr,uni_corr_500_04,64.625,2,0.601022,0.604883,20,1
basigo_uni_corr,uni_corr_500_04,65.125,2.3,0.625172,0.628678,23,1
basigo_uni_corr,uni_corr_500_04,65.625,2.1,0.600734,0.605936,21,1
basigo_uni_corr,uni_corr_500_04,66.125,2.4,0.603586,0.612165,24,1
basigo_uni_corr,uni_corr_500_04,66.625,2.2,0.62199,0.627195,22,1
basigo_uni_corr,uni_corr_500_04,67.125,2.1,0.617981,0.625233,21,1
basigo_uni_corr,uni_corr_500_04,67.625,2.5,0.615535,0.623089,25,1
basigo_uni_corr,uni_corr_500_04,68.125,2.2,0.627064,0.634205,22,1
basigo_uni_corr,uni_corr_500_04,68.625,2.2,0.643485,0.649453,22,1
basigo_uni_corr,uni_corr_500_04,69.125,2.5,0.623798,0.629205,25,1
basigo_uni_corr,uni_corr_500_04,69.625,2.2,0.613558,0.617785,22,1
basigo_uni_corr,uni_corr_500_04,70.125,1.9,0.601127,0.605852,19,1
basigo_uni_corr,uni_corr_500_04,70.625,2.2,0.594669,0.600656,22,1
basigo_uni_corr,uni_corr_500_04,71.125,2,0.588361,0.591446,20,1
basigo_uni_corr,uni_corr_500_04,71.625,2.1,0.594337,0.601174,21,1
basigo_uni_corr,uni_corr_500_04,72.125,2.2,0.593904,0.600248,22,1
basigo_uni_corr,uni_corr_500_04,72.625,2.1,0.595832,0.599959,21,1
basigo_uni_corr,uni_corr_500_04,73.125,2,0.570506,0.576843,20,1
basigo_uni_corr,uni_corr_500_04,73.625,2,0.562897,0.569842,20,1
basigo_uni_corr,uni_corr_500_04,74.125,1.9,0.566435,0.571472,19,1
basigo_uni_corr,uni_corr_500_04,74.625,1.8,0.582733,0.591653,18,1
basigo_uni_corr,uni_corr_500_04,75.125,1.6,0.564433,0.569192,16,1
basigo_uni_corr,uni_corr_500_04,75.625,1.6,0.55017,0.557793,16,1
basigo_uni_corr,uni_corr_500_04,76.125,1.8,0.59343,0.601322,18,1
basigo_uni_corr,uni_corr_500_04,76.625,1.6,0.601938,0.608466,16,1
basigo_uni_corr,uni_corr_500_04,77.125,1.8,0.60681,0.617182,18,1
basigo_uni_corr,uni_corr_500_04,77.625,2.1,0.600491,0.60851,21,1
basigo_uni_corr,uni_corr_500_04,78.125,2.3,0.590045,0.59807,23,1
basigo_uni_corr,uni_corr_500_04,78.625,2.2,0.587394,0.59387,22,1
basigo_uni_corr,uni_corr_500_04,79.125,2.1,0.597889,0.601419,21,1
basigo_uni_corr,uni_corr_500_04,79.625,2.1,0.598032,0.603526,21,1
basigo_uni_corr,uni_corr_500_04,80.125,2.1,0.587347,0.594078,21,1
basigo_uni_corr,uni_corr_500_04,80.625,2.4,0.597386,0.604099,24,1
basigo_uni_corr,uni_corr_500_04,81.125,2.2,0.607006,0.611904,22,1
basigo_uni_corr,uni_corr_500_04,81.625,2.2,0.603402,0.608666,22,1
basigo_uni_corr,uni_corr_500_04,82.125,2.4,0.598044,0.603879,24,1
basigo_uni_corr,uni_corr_500_04,82.625,2.1,0.598312,0.603072,21,1
basigo_uni_corr,uni_corr_500_04,83.125,2.1,0.609901,0.616064,21,1
basigo_uni_corr,uni_corr_500_04,83.625,2.1,0.593004,0.597959,21,1
basigo_uni_corr,uni_corr_500_04,84.125,2.3,0.573774,0.58073,23,1
basigo_uni_corr,uni_corr_500_04,84.625,2.4,0.581221,0.590268,24,1
basigo_uni_corr,uni_corr_500_04,85.125,2.4,0.598199,0.603156,24,1
basigo_uni_corr,uni_corr_500_04,85.625,2.2,0.595235,0.599066,22,1
basigo_uni_corr,uni_corr_500_04,86.125,2.4,0.561339,0.565738,24,1
basigo_uni_corr,uni_corr_500_04,86.625,2.1,0.566256,0.572028,21,1
basigo_uni_corr,uni_corr_500_04,87.125,2.3,0.575217,0.581151,23,1
basigo_uni_corr,uni_corr_500_04,87.625,2.1,0.55612,0.559938,21,1
basigo_uni_corr,uni_corr_500_04,88.125,2,0.56127,0.565669,20,1
basigo_uni_corr,uni_corr_500_04,88.625,1.8,0.576001,0.581825,18,1
basigo_uni_corr,uni_corr_500_04,89.125,1.8,0.557217,0.563638,18,1
basigo_uni_corr,uni_corr_500_04,89.625,1.9,0.562974,0.569566,19,1
basigo_uni_corr,uni_corr_500_04,90.125,1.8,0.577038,0.583465,18,1
basigo_uni_corr,uni_corr_500_04,90.625,2,0.594213,0.601453,20,1
basigo_uni_corr,uni_corr_500_04,91.125,2,0.59469,0.598524,20,1
basigo_uni_corr,uni_corr_500_04,91.625,2,0.556332,0.562606,20,1
basigo_uni_corr,uni_corr_500_04,92.125,2,0.559315,0.566787,20,1
basigo_uni_corr,uni_corr_500_04,92.625,2,0.559237,0.566496,20,1
basigo_uni_corr,uni_corr_500_04,93.125,2.4,0.531401,0.537267,24,1
basigo_uni_corr,uni_corr_500_04,93.625,2.3,0.526783,0.535258,23,1
basigo_uni_corr,uni_corr_500_04,94.125,2.3,0.516168,0.521591,23,1
basigo_uni_corr,uni_corr_500_04,94.625,2.4,0.506502,0.509851,24,1
basigo_uni_corr,uni_corr_500_04,95.125,2.5,0.526912,0.536234,25,1
basigo_uni_corr,uni_corr_500_04,95.625,2.4,0.503377,0.512223,24,1
basigo_uni_corr,uni_corr_500_04,96.125,2.5,0.488649,0.50485,25,1
basigo_uni_corr,uni_corr_500_04,96.625,2.6,0.48141,0.490884,26,1
basigo_uni_corr,uni_corr_500_04,97.125,2.5,0.488332,0.499965,25,1
basigo_uni_corr,uni_corr_500_04,97.625,2.6,0.491914,0.503605,26,1
basigo_uni_corr,uni_corr_500_04,98.125,2.5,0.490421,0.49971,25,1
basigo_uni_corr,uni_corr_500_04,98.625,2.4,0.47982,0.487695,24,1
basigo_uni_corr,uni_corr_500_04,99.125,2.5,0.490119,0.504028,25,1
basigo_uni_corr,uni_corr_500_04,99.625,2.3,0.509591,0.515704,23,1
basigo_uni_corr,uni_corr_500_04,100.125,2.4,0.513044,0.521158,24,1
basigo_uni_corr,uni_corr_500_04,100.625,2.5,0.514792,0.521016,25,1
basigo_uni_corr,uni_corr_500_04,101.125,2.4,0.534433,0.544174,24,1
basigo_uni_corr,uni_corr_500_04,101.625,2.1,0.541065,0.546574,21,1
basigo_uni_corr,uni_corr_500_04,102.125,2.2,0.511199,0.51877,22,1
basigo_uni_corr,uni_corr_500_04,102.625,2.2,0.487369,0.495065,22,1
basigo_uni_corr,uni_corr_500_04,103.125,2.2,0.509849,0.51665,22,1
basigo_uni_corr,uni_corr_500_04,103.625,2.3,0.531182,0.544026,23,1
basigo_uni_corr,uni_corr_500_04,104.125,2.2,0.537,0.547138,22,1
basigo_uni_corr,uni_corr_500_04,104.625,2.2,0.521328,0.533223,22,1
basigo_uni_corr,uni_corr_500_04,105.125,2.4,0.520917,0.532326,24,1
basigo_uni_corr,uni_corr_500_04,105.625,2.3,0.527555,0.537015,23,1
basigo_uni_corr,uni_corr_500_04,106.125,2.3,0.539929,0.552956,23,1
basigo_uni_corr,uni_corr_500_04,106.625,2.1,0.533351,0.547026,21,1
basigo_uni_corr,uni_corr_500_04,107.125,2.2,0.536551,0.545203,22,1
basigo_uni_corr,uni_corr_500_04,107.625,1.8,0.539757,0.548212,18,1
basigo_uni_corr,uni_corr_500_04,108.125,1.8,0.543587,0.556113,18,1
basigo_uni_corr,uni_corr_500_04,108.625,1.5,0.523448,0.529861,15,1
basigo_uni_corr,uni_corr_500_04,109.125,1.7,0.527213,0.535275,17,1
basigo_uni_corr,uni_corr_500_04,109.625,1.7,0.547522,0.554812,17,1
basigo_uni_corr,uni_corr_500_04,110.125,1.9,0.554588,0.564198,19,1
basigo_uni_corr,uni_corr_500_04,110.625,1.7,0.575269,0.588147,17,1
basigo_uni_corr,uni_corr_500_04,111.125,1.9,0.548626,0.555452,19,1
basigo_uni_corr,uni_corr_500_04,111.625,2,0.58039,0.584466,20,1
basigo_uni_corr,uni_corr_500_04,112.125,2.2,0.60722,0.618906,22,1
basigo_uni_corr,uni_corr_500_04,112.625,2,0.59699,0.603904,20,1
basigo_uni_corr,uni_corr_500_04,113.125,1.8,0.597887,0.607012,18,1
basigo_uni_corr,uni_corr_500_04,113.625,2.2,0.596468,0.60283,22,1
basigo_uni_corr,uni_corr_500_04,114.125,2.2,0.575067,0.585899,22,1
basigo_uni_corr,uni_corr_500_04,114.625,2,0.57188,0.577337,20,1
basigo_uni_corr,uni_corr_500_04,115.125,1.8,0.548622,0.557609,18,1
basigo_uni_corr,uni_corr_500_04,115.625,1.8,0.567727,0.574306,18,1
basigo_uni_corr,uni_corr_500_04,116.125,1.9,0.578557,0.585214,19,1
basigo_uni_corr,uni_corr_500_04,116.625,1.7,0.540309,0.550187,17,1
basigo_uni_corr,uni_corr_500_04,117.125,2,0.498169,0.507998,20,1
basigo_uni_corr,uni_corr_500_04,117.625,1.9,0.531299,0.537958,19,1
basigo_uni_corr,uni_corr_500_04,118.125,1.9,0.564288,0.573653,19,1
basigo_uni_corr,uni_corr_500_04,118.625,2,0.563767,0.57575,20,1
basigo_uni_corr,uni_corr_500_04,119.125,1.8,0.529643,0.538528,18,1
basigo_uni_corr,uni_corr_500_04,119.625,1.9,0.522722,0.534999,19,1
basigo_uni_corr,uni_corr_500_04,120.125,1.9,0.559753,0.56603,19,1
basigo_uni_corr,uni_corr_500_04,120.625,2.2,0.55312,0.560711,22,1
basigo_uni_corr,uni_corr_500_04,121.125,1.9,0.564669,0.57354,19,1
basigo_uni_corr,uni_corr_500_04,121.625,2.1,0.578653,0.58549,21,1
basigo_uni_corr,uni_corr_500_04,122.125,2.1,0.553602,0.560833,21,1
basigo_uni_corr,uni_corr_500_04,122.625,2.2,0.538366,0.547274,22,1
basigo_uni_corr,uni_corr_500_04,123.125,2.2,0.52739,0.541118,22,1
basigo_uni_corr,uni_corr_500_04,123.625,2,0.544374,0.557227,20,1
basigo_uni_corr,uni_corr_500_04,124.125,2,0.548801,0.55496,20,1
basigo_uni_corr,uni_corr_500_04,124.625,1.8,0.555378,0.563729,18,1
basigo_uni_corr,uni_corr_500_04,125.125,1.9,0.609052,0.617198,19,1
basigo_uni_corr,uni_corr_500_04,125.625,1.8,0.591257,0.595069,18,1
basigo_uni_corr,uni_corr_500_04,126.125,1.8,0.595309,0.602115,18,1
basigo_uni_corr,uni_corr_500_04,126.625,1.8,0.580688,0.590253,18,1
basigo_uni_corr,uni_corr_500_04,127.125,1.7,0.584592,0.592906,17,1
basigo_uni_corr,uni_corr_500_04,127.625,1.7,0.563923,0.571753,17,1
basigo_uni_corr,uni_corr_500_04,128.125,1.7,0.531873,0.543237,17,1
basigo_uni_corr,uni_corr_500_04,128.625,1.9,0.554813,0.567641,19,1
basigo_uni_corr,uni_corr_500_04,129.125,1.8,0.557888,0.565638,18,1
basigo_uni_corr,uni_corr_500_04,129.625,1.7,0.554315,0.563946,17,1
basigo_uni_corr,uni_corr_500_04,130.125,1.8,0.541898,0.550263,18,1
basigo_uni_corr,uni_corr_500_04,130.625,1.7,0.545726,0.553801,17,1
basigo_uni_corr,uni_corr_500_04,131.125,1.8,0.548952,0.560336,18,1
basigo_uni_corr,uni_corr_500_04,131.625,1.8,0.522295,0.529834,18,1
basigo_uni_corr,uni_corr_500_04,132.125,1.7,0.500321,0.517543,17,1
basigo_uni_corr,uni_corr_500_04,132.625,1.8,0.489452,0.508892,18,1
basigo_uni_corr,uni_corr_500_04,133.125,1.9,0.500728,0.514555,19,1
basigo_uni_corr,uni_corr_500_04,133.625,2.1,0.495764,0.501896,21,1
basigo_uni_corr,uni_corr_500_04,134.125,2.1,0.475043,0.493492,21,1
basigo_uni_corr,uni_corr_500_04,134.625,2,0.477186,0.495553,20,1
basigo_uni_corr,uni_corr_500_04,135.125,2,0.484801,0.50212,20,1
basigo_uni_corr,uni_corr_500_04,135.625,2.2,0.479986,0.499994,22,1
basigo_uni_corr,uni_corr_500_04,136.125,2.3,0.485056,0.498244,23,1
basigo_uni_corr,uni_corr_500_04,136.625,2,0.477487,0.486437,20,1
basigo_uni_corr,uni_corr_500_04,137.125,2,0.504811,0.528871,20,1
basigo_uni_corr,uni_corr_500_04,137.625,2.1,0.528024,0.536484,21,1
basigo_uni_corr,uni_corr_500_04,138.125,2,0.53707,0.547309,20,1
basigo_uni_corr,uni_corr_500_04,138.625,2,0.524989,0.535692,20,1
basigo_uni_corr,uni_corr_500_04,139.125,1.9,0.530222,0.539466,19,1
basigo_uni_corr,uni_corr_500_04,139.625,1.6,0.524657,0.52982,16,1
basigo_uni_corr,uni_corr_500_04,140.125,1.8,0.518339,0.524288,18,1
basigo_uni_corr,uni_corr_500_04,140.625,1.8,0.520599,0.525729,18,1
basigo_uni_corr,uni_corr_500_04,141.125,1.7,0.529301,0.535071,17,1
basigo_uni_corr,uni_corr_500_04,141.625,1.7,0.526267,0.5328,17,1
basigo_uni_corr,uni_corr_500_04,142.125,2,0.529908,0.537769,20,1
basigo_uni_corr,uni_corr_500_04,142.625,2.2,0.538864,0.543738,22,1
basigo_uni_corr,uni_corr_500_04,143.125,2.2,0.507648,0.516495,22,1
basigo_uni_corr,uni_corr_500_04,143.625,2.2,0.490647,0.503461,22,1
basigo_uni_corr,uni_corr_500_04,144.125,2,0.491562,0.500702,20,1
basigo_uni_corr,uni_corr_500_04,144.625,2,0.488545,0.498963,20,0
basigo_uni_corr,uni_corr_500_04,145.125,2.1,0.488566,0.503345,21,0
basigo_uni_corr,uni_corr_500_04,145.625,1.8,0.498132,0.507492,18,0
basigo_uni_corr,uni_corr_500_04,146.125,1.7,0.522093,0.532046,17,0
basigo_uni_corr,uni_corr_500_04,146.625,1.4,0.479938,0.493372,14,0
basigo_uni_corr,uni_corr_500_04,147.125,1.8,0.519528,0.525707,18,0
basigo_uni_corr,uni_corr_500_04,147.625,1.5,0.518604,0.531342,15,0
basigo_uni_corr,uni_corr_500_04,148.125,1.5,0.500286,0.505541,15,0
basigo_uni_corr,uni_corr_500_04,148.625,1.7,0.502832,0.512529,17,0
basigo_uni_corr,uni_corr_500_04,149.125,1.7,0.504421,0.512502,17,0
basigo_uni_corr,uni_corr_500_04,149.625,1.6,0.504829,0.512831,16,0
basigo_uni_corr,uni_corr_500_04,150.125,1.5,0.495417,0.502433,15,0
basigo_uni_corr,uni_corr_500_04,150.625,1.5,0.496735,0.505442,15,0
basigo_uni_corr,uni_corr_500_04,151.125,1.2,0.494261,0.501411,12,0
basigo_uni_corr,uni_corr_500_04,151.625,1.2,0.487682,0.496754,12,0
basigo_uni_corr,uni_corr_500_04,152.125,1.5,0.475278,0.484493,15,0
basigo_uni_corr,uni_corr_500_04,152.625,1.1,0.456629,0.467073,11,0
basigo_uni_corr,uni_corr_500_04,153.125,1.2,0.523622,0.529688,12,0
basigo_uni_corr,uni_corr_500_04,153.625,1.2,0.571463,0.576922,12,0
basigo_uni_corr,uni_corr_500_04,154.125,1.3,0.609654,0.61576,13,0
basigo_uni_corr,uni_corr_500_04,154.625,1.2,0.611104,0.616787,12,0
basigo_uni_corr,uni_corr_500_04,155.125,1.1,0.585336,0.59606,11,0
basigo_uni_corr,uni_corr_500_04,155.625,0.6,0.591138,0.608005,6,0
basigo_uni_corr,uni_corr_500_04,156.125,0.5,0.571058,0.585384,5,0
basigo_uni_corr,uni_corr_500_04,156.625,0.4,0.575387,0.597321,4,0
basigo_uni_corr,uni_corr_500_04,157.125,0.2,0.48248,0.545425,2,0
basigo_uni_corr,uni_corr_500_04,157.625,0.2,0.513853,0.567181,2,0
basigo_uni_corr,uni_corr_500_04,158.125,0.1,0.466451,0.475954,1,0
basigo_uni_corr,uni_corr_500_04,158.625,0.1,0.546489,0.566807,1,0
basigo_uni_corr,uni_corr_500_04,159.125,0.1,0.548604,0.592067,1,0
basigo_uni_corr,uni_corr_500_04,159.625,0.1,0.533318,0.62931,1,0
basigo_uni_corr,uni_corr_500_05,5.188,0.1,1.65535,1.66401,1,0
basigo_uni_corr,uni_corr_500_05,5.688,0.2,1.56157,1.56248,2,0
basigo_uni_corr,uni_corr_500_05,6.188,0.6,1.5248,1.52549,6,0
basigo_uni_corr,uni_corr_500_05,6.688,1.1,1.42089,1.42605,11,0
basigo_uni_corr,uni_corr_500_05,7.188,1.3,1.39114,1.39384,13,0
basigo_uni_corr,uni_corr_500_05,7.688,1.4,1.30573,1.30694,14,0
basigo_uni_corr,uni_corr_500_05,8.188,1.7,1.29951,1.30056,17,0
basigo_uni_corr,uni_corr_500_05,8.688,1.2,1.23713,1.23877,12,0
basigo_uni_corr,uni_corr_500_05,9.188,1.6,1.22643,1.2281,16,0
basigo_uni_corr,uni_corr_500_05,9.688,1.3,1.22849,1.23035,13,0
basigo_uni_corr,uni_corr_500_05,10.188,1.6,1.21827,1.21955,16,0
basigo_uni_corr,uni_corr_500_05,10.688,1.4,1.21554,1.21738,14,0
basigo_uni_corr,uni_corr_500_05,11.188,1.3,1.19185,1.19321,13,0
basigo_uni_corr,uni_corr_500_05,11.688,1.3,1.17946,1.18029,13,0
basigo_uni_corr,uni_corr_500_05,12.188,1.4,1.13752,1.13923,14,0
basigo_uni_corr,uni_corr_500_05,12.688,1.5,1.12791,1.12921,15,0
basigo_uni_corr,uni_corr_500_05,13.188,1.5,1.09451,1.09755,15,0
basigo_uni_corr,uni_corr_500_05,13.688,1.8,1.07935,1.08198,18,0
basigo_uni_corr,uni_corr_500_05,14.188,1.4,1.07217,1.07611,14,0
basigo_uni_corr,uni_corr_500_05,14.688,1.8,1.04115,1.04482,18,0
basigo_uni_corr,uni_corr_500_05,15.188,1.9,1.0654,1.06836,19,0
basigo_uni_corr,uni_corr_500_05,15.688,1.6,1.0338,1.03806,16,0
basigo_uni_corr,uni_corr_500_05,16.188,1.7,1.03209,1.0342,17,0
basigo_uni_corr,uni_corr_500_05,16.688,1.6,0.997206,0.998741,16,0
basigo_uni_corr,uni_corr_500_05,17.188,1.7,0.942255,0.943797,17,0
basigo_uni_corr,uni_corr_500_05,17.688,2,0.895478,0.898905,20,0
basigo_uni_corr,uni_corr_500_05,18.188,2.1,0.892567,0.895153,21,0
basigo_uni_corr,uni_corr_500_05,18.688,2.2,0.899721,0.902781,22,0
basigo_uni_corr,uni_corr_500_05,19.188,2.1,0.943567,0.945461,21,0
basigo_uni_corr,uni_corr_500_05,19.688,1.8,0.910058,0.911941,18,0
basigo_uni_corr,uni_corr_500_05,20.188,1.5,0.92171,0.922736,15,0
basigo_uni_corr,uni_corr_500_05,20.688,1.3,0.880191,0.88199,13,0
basigo_uni_corr,uni_corr_500_05,21.188,1.3,0.858832,0.861954,13,0
basigo_uni_corr,uni_corr_500_05,21.688,1.4,0.883529,0.886299,14,1
basigo_uni_corr,uni_corr_500_05,22.188,1.3,0.908678,0.91046,13,1
basigo_uni_corr,uni_corr_500_05,22.688,1.5,0.937502,0.939738,15,1
basigo_uni_corr,uni_corr_500_05,23.188,1.5,0.892934,0.894892,15,1
basigo_uni_corr,uni_corr_500_05,23.688,1.4,0.91939,0.922128,14,1
basigo_uni_corr,uni_corr_500_05,24.188,1.6,0.904528,0.90933,16,1
basigo_uni_corr,uni_corr_500_05,24.688,1.7,0.895283,0.901579,17,1
basigo_uni_corr,uni_corr_500_05,25.188,2,0.92165,0.925893,20,1
basigo_uni_corr,uni_corr_500_05,25.688,1.8,0.886385,0.891339,18,1
basigo_uni_corr,uni_corr_500_05,26.188,1.6,0.866835,0.86923,16,1
basigo_uni_corr,uni_corr_500_05,26.688,1.8,0.830577,0.833352,18,1
basigo_uni_corr,uni_corr_500_05,27.188,1.4,0.819472,0.822763,14,1
basigo_uni_corr,uni_corr_500_05,27.688,1.7,0.809047,0.813372,17,1
basigo_uni_corr,uni_corr_500_05,28.188,1.6,0.795548,0.800131,16,1
basigo_uni_corr,uni_corr_500_05,28.688,1.9,0.816629,0.820035,19,1
basigo_uni_corr,uni_corr_500_05,29.188,1.9,0.830333,0.834954,19,1
basigo_uni_corr,uni_corr_500_05,29.688,1.8,0.803403,0.807225,18,1
basigo_uni_corr,uni_corr_500_05,30.188,1.9,0.805777,0.807795,19,1
basigo_uni_corr,uni_corr_500_05,30.688,2,0.787364,0.789309,20,1
basigo_uni_corr,uni_corr_500_05,31.188,1.9,0.788771,0.792018,19,1
basigo_uni_corr,uni_corr_500_05,31.688,1.8,0.762665,0.766515,18,1
basigo_uni_corr,uni_corr_500_05,32.188,1.8,0.767972,0.772105,18,1
basigo_uni_corr,uni_corr_500_05,32.688,1.7,0.740435,0.744597,17,1
basigo_uni_corr,uni_corr_500_05,33.188,1.7,0.713455,0.717301,17,1
basigo_uni_corr,uni_corr_500_05,33.688,1.6,0.724636,0.728642,16,1
basigo_uni_corr,uni_corr_500_05,34.188,1.5,0.735727,0.74104,15,1
basigo_uni_corr,uni_corr_500_05,34.688,2.1,0.734543,0.739586,21,1
basigo_uni_corr,uni_corr_500_05,35.188,1.7,0.716758,0.719591,17,1
basigo_uni_corr,uni_corr_500_05,35.688,1.9,0.723001,0.729978,19,1
basigo_uni_corr,uni_corr_500_05,36.188,2,0.711089,0.715266,20,1
basigo_uni_corr,uni_corr_500_05,36.688,1.9,0.720631,0.725242,19,1
basigo_uni_corr,uni_corr_500_05,37.188,2.3,0.716325,0.719901,23,1
basigo_uni_corr,uni_corr_500_05,37.688,2,0.709627,0.714337,20,1
basigo_uni_corr,uni_corr_500_05,38.188,2.3,0.715453,0.721477,23,1
basigo_uni_corr,uni_corr_500_05,38.688,2.3,0.726736,0.7299,23,1
basigo_uni_corr,uni_corr_500_05,39.188,2.1,0.726328,0.731417,21,1
basigo_uni_corr,uni_corr_500_05,39.688,2.1,0.731941,0.735987,21,1
basigo_uni_corr,uni_corr_500_05,40.188,2.1,0.740154,0.744749,21,1
basigo_uni_corr,uni_corr_500_05,40.688,1.7,0.704989,0.710606,17,1
basigo_uni_corr,uni_corr_500_05,41.188,1.9,0.706077,0.710649,19,1
basigo_uni_corr,uni_corr_500_05,41.688,1.9,0.714714,0.720384,19,1
basigo_uni_corr,uni_corr_500_05,42.188,2.1,0.687945,0.695118,21,1
basigo_uni_corr,uni_corr_500_05,42.688,1.7,0.685816,0.68915,17,1
basigo_uni_corr,uni_corr_500_05,43.188,1.6,0.677242,0.684411,16,1
basigo_uni_corr,uni_corr_500_05,43.688,1.9,0.668816,0.674755,19,1
basigo_uni_corr,uni_corr_500_05,44.188,1.8,0.650457,0.659701,18,1
basigo_uni_corr,uni_corr_500_05,44.688,1.8,0.647363,0.651305,18,1
basigo_uni_corr,uni_corr_500_05,45.188,1.7,0.636356,0.644457,17,1
basigo_uni_corr,uni_corr_500_05,45.688,1.9,0.639803,0.646614,19,1
basigo_uni_corr,uni_corr_500_05,46.188,2,0.674804,0.677557,20,1
basigo_uni_corr,uni_corr_500_05,46.688,1.9,0.681968,0.69031,19,1
basigo_uni_corr,uni_corr_500_05,47.188,1.8,0.678876,0.681234,18,1
basigo_uni_corr,uni_corr_500_05,47.688,1.9,0.694256,0.697411,19,1
basigo_uni_corr,uni_corr_500_05,48.188,2.1,0.69107,0.699013,21,1
basigo_uni_corr,uni_corr_500_05,48.688,2,0.683801,0.687593,20,1
basigo_uni_corr,uni_corr_500_05,49.188,2,0.683731,0.687102,20,1
basigo_uni_corr,uni_corr_500_05,49.688,2,0.68967,0.696758,20,1
basigo_uni_corr,uni_corr_500_05,50.188,1.7,0.665563,0.671865,17,1
basigo_uni_corr,uni_corr_500_05,50.688,1.8,0.634531,0.639186,18,1
basigo_uni_corr,uni_corr_500_05,51.188,1.8,0.631301,0.638113,18,1
basigo_uni_corr,uni_corr_500_05,51.688,1.8,0.638491,0.644518,18,1
basigo_uni_corr,uni_corr_500_05,52.188,1.8,0.63715,0.64284,18,1
basigo_uni_corr,uni_corr_500_05,52.688,1.7,0.652099,0.658406,17,1
basigo_uni_corr,uni_corr_500_05,53.188,1.7,0.660013,0.667943,17,1
basigo_uni_corr,uni_corr_500_05,53.688,1.9,0.615669,0.626649,19,1
basigo_uni_corr,uni_corr_500_05,54.188,1.8,0.613744,0.62288,18,1
basigo_uni_corr,uni_corr_500_05,54.688,2.1,0.605739,0.612751,21,1
basigo_uni_corr,uni_corr_500_05,55.188,2,0.619373,0.624388,20,1
basigo_uni_corr,uni_corr_500_05,55.688,2,0.602757,0.611505,20,1
basigo_uni_corr,uni_corr_500_05,56.188,2.2,0.593657,0.598619,22,1
basigo_uni_corr,uni_corr_500_05,56.688,2.3,0.611825,0.618296,23,1
basigo_uni_corr,uni_corr_500_05,57.188,2.3,0.617005,0.621579,23,1
basigo_uni_corr,uni_corr_500_05,57.688,2.6,0.616966,0.625393,26,1
basigo_uni_corr,uni_corr_500_05,58.188,2.1,0.630289,0.633031,21,1
basigo_uni_corr,uni_corr_500_05,58.688,2.2,0.612942,0.6206,22,1
basigo_uni_corr,uni_corr_500_05,59.188,2.3,0.618068,0.623111,23,1
basigo_uni_corr,uni_corr_500_05,59.688,2.2,0.656989,0.664769,22,1
basigo_uni_corr,uni_corr_500_05,60.188,1.9,0.647008,0.653293,19,1
basigo_uni_corr,uni_corr_500_05,60.688,2.2,0.618669,0.622728,22,1
basigo_uni_corr,uni_corr_500_05,61.188,2.2,0.613666,0.618368,22,1
basigo_uni_corr,uni_corr_500_05,61.688,2.2,0.601753,0.606425,22,1
basigo_uni_corr,uni_corr_500_05,62.188,2.2,0.606218,0.613867,22,1
basigo_uni_corr,uni_corr_500_05,62.688,2.3,0.625428,0.629707,23,1
basigo_uni_corr,uni_corr_500_05,63.188,2,0.606786,0.610806,20,1
basigo_uni_corr,uni_corr_500_05,63.688,2.2,0.634904,0.640462,22,1
basigo_uni_corr,uni_corr_500_05,64.188,2.1,0.634576,0.638836,21,1
basigo_uni_corr,uni_corr_500_05,64.688,2,0.618628,0.622943,20,1
basigo_uni_corr,uni_corr_500_05,65.188,2,0.635878,0.641891,20,1
basigo_uni_corr,uni_corr_500_05,65.688,1.9,0.635735,0.639371,19,1
basigo_uni_corr,uni_corr_500_05,66.188,2,0.598855,0.602829,20,1
basigo_uni_corr,uni_corr_500_05,66.688,1.8,0.605289,0.610958,18,1
basigo_uni_corr,uni_corr_500_05,67.188,1.9,0.615998,0.619243,19,1
basigo_uni_corr,uni_corr_500_05,67.688,1.8,0.614646,0.6186,18,1
basigo_uni_corr,uni_corr_500_05,68.188,2.2,0.625467,0.632016,22,1
basigo_uni_corr,uni_corr_500_05,68.688,2.3,0.621028,0.626283,23,1
basigo_uni_corr,uni_corr_500_05,69.188,1.9,0.599546,0.613524,19,1
basigo_uni_corr,uni_corr_500_05,69.688,2.1,0.601826,0.609587,21,1
basigo_uni_corr,uni_corr_500_05,70.188,2.1,0.591418,0.598319,21,1
basigo_uni_corr,uni_corr_500_05,70.688,2.1,0.590273,0.595886,21,1
basigo_uni_corr,uni_corr_500_05,71.188,2,0.594373,0.600238,20,1
basigo_uni_corr,uni_corr_500_05,71.688,2.1,0.571116,0.580468,21,1
basigo_uni_corr,uni_corr_500_05,72.188,1.9,0.587442,0.591474,19,1
basigo_uni_corr,uni_corr_500_05,72.688,2.1,0.599748,0.604624,21,1
basigo_uni_corr,uni_corr_500_05,73.188,2.4,0.573872,0.583855,24,1
basigo_uni_corr,uni_corr_500_05,73.688,2.1,0.596375,0.601122,21,1
basigo_uni_corr,uni_corr_500_05,74.188,2.1,0.588149,0.593057,21,1
basigo_uni_corr,uni_corr_500_05,74.688,2.3,0.558569,0.564641,23,1
basigo_uni_corr,uni_corr_500_05,75.188,2.5,0.555023,0.56034,25,1
basigo_uni_corr,uni_corr_500_05,75.688,2.1,0.563697,0.571422,21,1
basigo_uni_corr,uni_corr_500_05,76.188,2.2,0.583641,0.590015,22,1
basigo_uni_corr,uni_corr_500_05,76.688,2.1,0.572913,0.575346,21,1
basigo_uni_corr,uni_corr_500_05,77.188,1.9,0.562569,0.56832,19,1
basigo_uni_corr,uni_corr_500_05,77.688,2.6,0.563935,0.567732,26,1
basigo_uni_corr,uni_corr_500_05,78.188,2.4,0.564871,0.569709,24,1
basigo_uni_corr,uni_corr_500_05,78.688,2.5,0.579228,0.588943,25,1
basigo_uni_corr,uni_corr_500_05,79.188,2.2,0.54082,0.554292,22,1
basigo_uni_corr,uni_corr_500_05,79.688,2.5,0.522627,0.530493,25,1
basigo_uni_corr,uni_corr_500_05,80.188,2.6,0.530284,0.537956,26,1
basigo_uni_corr,uni_corr_500_05,80.688,2.3,0.525365,0.529805,23,1
basigo_uni_corr,uni_corr_500_05,81.188,2.2,0.555987,0.56149,22,1
basigo_uni_corr,uni_corr_500_05,81.688,2.2,0.577411,0.584893,22,1
basigo_uni_corr,uni_corr_500_05,82.188,2.3,0.598092,0.602769,23,1
basigo_uni_corr,uni_corr_500_05,82.688,2.2,0.568915,0.574912,22,1
basigo_uni_corr,uni_corr_500_05,83.188,2.4,0.576365,0.58498,24,1
basigo_uni_corr,uni_corr_500_05,83.688,2.3,0.573052,0.5785,23,1
basigo_uni_corr,uni_corr_500_05,84.188,2.4,0.57286,0.581644,24,1
basigo_uni_corr,uni_corr_500_05,84.688,2.3,0.548316,0.556601,23,1
basigo_uni_corr,uni_corr_500_05,85.188,2.5,0.54788,0.554432,25,1
basigo_uni_corr,uni_corr_500_05,85.688,2.4,0.560921,0.565674,24,1
basigo_uni_corr,uni_corr_500_05,86.188,2.2,0.559191,0.56433,22,1
basigo_uni_corr,uni_corr_500_05,86.688,2.4,0.56315,0.56823,24,1
basigo_uni_corr,uni_corr_500_05,87.188,2.2,0.574616,0.578607,22,1
basigo_uni_corr,uni_corr_500_05,87.688,2.4,0.585658,0.591962,24,1
basigo_uni_corr,uni_corr_500_05,88.188,2.5,0.5572,0.563087,25,1
basigo_uni_corr,uni_corr_500_05,88.688,2.4,0.555359,0.56144,24,1
basigo_uni_corr,uni_corr_500_05,89.188,2.3,0.54961,0.557438,23,1
basigo_uni_corr,uni_corr_500_05,89.688,2.7,0.560195,0.565635,27,1
basigo_uni_corr,uni_corr_500_05,90.188,2.4,0.55388,0.559878,24,1
basigo_uni_corr,uni_corr_500_05,90.688,2.6,0.550017,0.55634,26,1
basigo_uni_corr,uni_corr_500_05,91.188,2.6,0.547442,0.553448,26,1
basigo_uni_corr,uni_corr_500_05,91.688,2.5,0.552691,0.561257,25,1
basigo_uni_corr,uni_corr_500_05,92.188,2.5,0.542978,0.551127,25,1
basigo_uni_corr,uni_corr_500_05,92.688,2.5,0.543836,0.550952,25,1
basigo_uni_corr,uni_corr_500_05,93.188,2.5,0.532532,0.539482,25,1
basigo_uni_corr,uni_corr_500_05,93.688,2.4,0.532926,0.540345,24,1
basigo_uni_corr,uni_corr_500_05,94.188,2.3,0.538094,0.5459,23,1
basigo_uni_corr,uni_corr_500_05,94.688,2.4,0.517551,0.523202,24,1
basigo_uni_corr,uni_corr_500_05,95.188,2.2,0.511864,0.523056,22,1
basigo_uni_corr,uni_corr_500_05,95.688,2.1,0.490997,0.498569,21,1
basigo_uni_corr,uni_corr_500_05,96.188,2.2,0.490618,0.504171,22,1
basigo_uni_corr,uni_corr_500_05,96.688,2,0.479828,0.485925,20,1
basigo_uni_corr,uni_corr_500_05,97.188,2.1,0.474086,0.481589,21,1
basigo_uni_corr,uni_corr_500_05,97.688,2.5,0.47195,0.478867,25,1
basigo_uni_corr,uni_corr_500_05,98.188,2.2,0.454679,0.467678,22,1
basigo_uni_corr,uni_corr_500_05,98.688,2.1,0.463194,0.46905,21,1
basigo_uni_corr,uni_corr_500_05,99.188,2,0.462648,0.471309,20,1
basigo_uni_corr,uni_corr_500_05,99.688,2.4,0.460761,0.470066,24,1
basigo_uni_corr,uni_corr_500_05,100.188,2.3,0.462437,0.469284,23,1
basigo_uni_corr,uni_corr_500_05,100.688,2.2,0.45788,0.471131,22,1
basigo_uni_corr,uni_corr_500_05,101.188,2.3,0.476283,0.481834,23,1
basigo_uni_corr,uni_corr_500_05,101.688,2.1,0.484796,0.496631,21,1
basigo_uni_corr,uni_corr_500_05,102.188,2.2,0.454725,0.467812,22,1
basigo_uni_corr,uni_corr_500_05,102.688,2.1,0.436814,0.454339,21,1
basigo_uni_corr,uni_corr_500_05,103.188,2.1,0.448977,0.470924,21,1
basigo_uni_corr,uni_corr_500_05,103.688,2.2,0.460608,0.469343,22,1
basigo_uni_corr,uni_corr_500_05,104.188,2.5,0.462803,0.47198,25,1
basigo_uni_corr,uni_corr_500_05,104.688,2.3,0.465162,0.47292,23,1
basigo_uni_corr,uni_corr_500_05,105.188,2.3,0.473739,0.485894,23,1
basigo_uni_corr,uni_corr_500_05,105.688,2.6,0.469945,0.475134,26,1
basigo_uni_corr,uni_corr_500_05,106.188,2.3,0.440338,0.459155,23,1
basigo_uni_corr,uni_corr_500_05,106.688,2.3,0.433152,0.446706,23,1
basigo_uni_corr,uni_corr_500_05,107.188,2.4,0.450255,0.46391,24,1
basigo_uni_corr,uni_corr_500_05,107.688,2.6,0.468658,0.482944,26,1
basigo_uni_corr,uni_corr_500_05,108.188,2.5,0.481875,0.491297,25,1
basigo_uni_corr,uni_corr_500_05,108.688,2,0.481883,0.487452,20,1
basigo_uni_corr,uni_corr_500_05,109.188,2.4,0.483158,0.49318,24,1
basigo_uni_corr,uni_corr_500_05,109.688,2.2,0.472133,0.479714,22,1
basigo_uni_corr,uni_corr_500_05,110.188,2.1,0.462122,0.474516,21,1
basigo_uni_corr,uni_corr_500_05,110.688,2.3,0.482535,0.491807,23,1
basigo_uni_corr,uni_corr_500_05,111.188,2.2,0.495695,0.505468,22,1
basigo_uni_corr,uni_corr_500_05,111.688,2.3,0.482009,0.493376,23,1
basigo_uni_corr,uni_corr_500_05,112.188,2.3,0.450327,0.465214,23,1
basigo_uni_corr,uni_corr_500_05,112.688,2,0.45331,0.464496,20,1
basigo_uni_corr,uni_corr_500_05,113.188,2.3,0.492151,0.504572,23,1
basigo_uni_corr,uni_corr_500_05,113.688,2.1,0.500465,0.512579,21,1
basigo_uni_corr,uni_corr_500_05,114.188,2.2,0.516838,0.52903,22,1
basigo_uni_corr,uni_corr_500_05,114.688,2.2,0.544672,0.552126,22,1
basigo_uni_corr,uni_corr_500_05,115.188,2.1,0.544335,0.551587,21,1
basigo_uni_corr,uni_corr_500_05,115.688,2.1,0.548872,0.555401,21,1
basigo_uni_corr,uni_corr_500_05,116.188,2.3,0.544741,0.555266,23,1
basigo_uni_corr,uni_corr_500_05,116.688,2.2,0.53516,0.543226,22,1
basigo_uni_corr,uni_corr_500_05,117.188,2.2,0.54743,0.556503,22,1
basigo_uni_corr,uni_corr_500_05,117.688,2.3,0.527962,0.540351,23,1
basigo_uni_corr,uni_corr_500_05,118.188,2.4,0.503782,0.509381,24,1
basigo_uni_corr,uni_corr_500_05,118.688,2.1,0.508913,0.517643,21,1
basigo_uni_corr,uni_corr_500_05,119.188,2.3,0.51133,0.524267,23,1
basigo_uni_corr,uni_corr_500_05,119.688,2.2,0.473155,0.480641,22,1
basigo_uni_corr,uni_corr_500_05,120.188,2.3,0.464242,0.478248,23,1
basigo_uni_corr,uni_corr_500_05,120.688,2.2,0.486622,0.497412,22,1
basigo_uni_corr,uni_corr_500_05,121.188,2.2,0.510836,0.521948,22,1
basigo_uni_corr,uni_corr_500_05,121.688,2.5,0.513889,0.521142,25,1
basigo_uni_corr,uni_corr_500_05,122.188,2.1,0.500692,0.510665,21,1
basigo_uni_corr,uni_corr_500_05,122.688,2.3,0.519722,0.531079,23,1
basigo_uni_corr,uni_corr_500_05,123.188,2.5,0.530521,0.534326,25,1
basigo_uni_corr,uni_corr_500_05,123.688,2.4,0.544861,0.55094,24,1
basigo_uni_corr,uni_corr_500_05,124.188,2.4,0.520598,0.527492,24,1
basigo_uni_corr,uni_corr_500_05,124.688,2.3,0.514728,0.522675,23,1
basigo_uni_corr,uni_corr_500_05,125.188,2.6,0.525517,0.530988,26,1
basigo_uni_corr,uni_corr_500_05,125.688,2.5,0.517122,0.526332,25,1
basigo_uni_corr,uni_corr_500_05,126.188,2.3,0.513288,0.518539,23,1
basigo_uni_corr,uni_corr_500_05,126.688,2.3,0.503282,0.514301,23,1
basigo_uni_corr,uni_corr_500_05,127.188,2.2,0.489479,0.499732,22,1
basigo_uni_corr,uni_corr_500_05,127.688,2.3,0.473608,0.479683,23,1
basigo_uni_corr,uni_corr_500_05,128.188,2.6,0.479958,0.490409,26,1
basigo_uni_corr,uni_corr_500_05,128.688,2.4,0.474734,0.48135,24,1
basigo_uni_corr,uni_corr_500_05,129.188,2.4,0.484729,0.491025,24,1
basigo_uni_corr,uni_corr_500_05,129.688,2.5,0.494285,0.502445,25,1
basigo_uni_corr,uni_corr_500_05,130.188,2.3,0.490013,0.495813,23,1
basigo_uni_corr,uni_corr_500_05,130.688,2.7,0.4836,0.488354,27,1
basigo_uni_corr,uni_corr_500_05,131.188,2.6,0.479349,0.488917,26,1
basigo_uni_corr,uni_corr_500_05,131.688,2.6,0.485451,0.491007,26,1
basigo_uni_corr,uni_corr_500_05,132.188,2.4,0.49395,0.503225,24,1
basigo_uni_corr,uni_corr_500_05,132.688,2.5,0.513677,0.518164,25,1
basigo_uni_corr,uni_corr_500_05,133.188,2.6,0.51905,0.529464,26,1
basigo_uni_corr,uni_corr_500_05,133.688,2.3,0.531009,0.538652,23,1
basigo_uni_corr,uni_corr_500_05,134.188,2.2,0.53254,0.542861,22,1
basigo_uni_corr,uni_corr_500_05,134.688,1.8,0.54283,0.549417,18,1
basigo_uni_corr,uni_corr_500_05,135.188,1.9,0.540425,0.548124,19,1
basigo_uni_corr,uni_corr_500_05,135.688,1.8,0.558655,0.565882,18,1
basigo_uni_corr,uni_corr_500_05,136.188,1.7,0.549094,0.55751,17,1
basigo_uni_corr,uni_corr_500_05,136.688,1.6,0.539154,0.553344,16,1
basigo_uni_corr,uni_corr_500_05,137.188,1.7,0.578734,0.591166,17,1
basigo_uni_corr,uni_corr_500_05,137.688,1.8,0.550032,0.556716,18,1
basigo_uni_corr,uni_corr_500_05,138.188,1.9,0.520329,0.535172,19,1
basigo_uni_corr,uni_corr_500_05,138.688,2,0.492718,0.504938,20,1
basigo_uni_corr,uni_corr_500_05,139.188,1.9,0.467073,0.474723,19,1
basigo_uni_corr,uni_corr_500_05,139.688,2,0.471152,0.481323,20,1
basigo_uni_corr,uni_corr_500_05,140.188,2.1,0.491723,0.497827,21,1
basigo_uni_corr,uni_corr_500_05,140.688,1.6,0.490371,0.498273,16,1
basigo_uni_corr,uni_corr_500_05,141.188,1.9,0.496721,0.50932,19,1
basigo_uni_corr,uni_corr_500_05,141.688,1.9,0.52447,0.534114,19,1
basigo_uni_corr,uni_corr_500_05,142.188,1.9,0.506951,0.521031,19,1
basigo_uni_corr,uni_corr_500_05,142.688,1.6,0.496743,0.50463,16,1
basigo_uni_corr,uni_corr_500_05,143.188,2,0.50746,0.521855,20,1
basigo_uni_corr,uni_corr_500_05,143.688,1.9,0.497091,0.510785,19,1
basigo_uni_corr,uni_corr_500_05,144.188,1.7,0.499942,0.51635,17,1
basigo_uni_corr,uni_corr_500_05,144.688,1.5,0.522814,0.531667,15,1
basigo_uni_corr,uni_corr_500_05,145.188,1.6,0.34635,0.703421,16,1
basigo_uni_corr,uni_corr_500_05,145.688,1.5,0.521921,0.5306,15,1
basigo_uni_corr,uni_corr_500_05,146.188,1.4,0.522035,0.533385,14,1
basigo_uni_corr,uni_corr_500_05,146.688,1.3,0.560184,0.568281,13,1
basigo_uni_corr,uni_corr_500_05,147.188,1.1,0.574678,0.591395,11,1
basigo_uni_corr,uni_corr_500_05,147.688,1,0.548818,0.556581,10,1
basigo_uni_corr,uni_corr_500_05,148.188,1.1,0.527755,0.542548,11,1
basigo_uni_corr,uni_corr_500_05,148.688,1,0.504371,0.517843,10,1
basigo_uni_corr,uni_corr_500_05,149.188,1.3,0.506057,0.516771,13,1
basigo_uni_corr,uni_corr_500_05,149.688,1.1,0.506527,0.522979,11,1
basigo_uni_corr,uni_corr_500_05,150.188,1.2,0.473287,0.487864,12,1
basigo_uni_corr,uni_corr_500_05,150.688,1.1,0.457678,0.470854,11,1
basigo_uni_corr,uni_corr_500_05,151.188,0.9,0.45252,0.465848,9,0
basigo_uni_corr,uni_corr_500_05,151.688,0.9,0.48289,0.487371,9,0
basigo_uni_corr,uni_corr_500_05,152.188,0.7,0.549525,0.552819,7,0
basigo_uni_corr,uni_corr_500_05,152.688,0.4,0.545023,0.551562,4,0
basigo_uni_corr,uni_corr_500_05,153.188,0.2,0.592752,0.594082,2,0
basigo_uni_corr,uni_corr_500_05,165.688,0.1,-1.95023,4.62063,1,0
basigo_uni_corr,uni_corr_500_05,166.188,0.1,-0.171179,0.329264,1,0
basigo_uni_corr,uni_corr_500_05,166.688,0.1,-0.247101,0.47713,1,0
basigo_uni_corr,uni_corr_500_05,167.188,0.1,-1.72743,1.87942,1,0
basigo_uni_corr,uni_corr_500_06,4.875,0.2,1.64757,1.64829,2,0
basigo_uni_corr,uni_corr_500_06,5.375,0.4,1.64282,1.64445,4,0
basigo_uni_corr,uni_corr_500_06,5.875,0.6,1.62642,1.62822,6,0
basigo_uni_corr,uni_corr_500_06,6.375,0.5,1.56035,1.56385,5,0
basigo_uni_corr,uni_corr_500_06,6.875,0.6,1.47606,1.47902,6,0
basigo_uni_corr,uni_corr_500_06,7.375,0.6,1.4001,1.40221,6,0
basigo_uni_corr,uni_corr_500_06,7.875,1.1,1.36792,1.3706,11,0
basigo_uni_corr,uni_corr_500_06,8.375,1.1,1.3141,1.31499,11,0
basigo_uni_corr,uni_corr_500_06,8.875,1.3,1.33429,1.33536,13,0
basigo_uni_corr,uni_corr_500_06,9.375,1.4,1.28042,1.28201,14,0
basigo_uni_corr,uni_corr_500_06,9.875,1.3,1.24132,1.24295,13,0
basigo_uni_corr,uni_corr_500_06,10.375,1.6,1.25822,1.25976,16,0
basigo_uni_corr,uni_corr_500_06,10.875,1.4,1.2713,1.27301,14,0
basigo_uni_corr,uni_corr_500_06,11.375,1.3,1.24094,1.24276,13,0
basigo_uni_corr,uni_corr_500_06,11.875,1.4,1.21509,1.21685,14,0
basigo_uni_corr,uni_corr_500_06,12.375,1.5,1.16215,1.16334,15,0
basigo_uni_corr,uni_corr_500_06,12.875,1.7,1.14747,1.15017,17,0
basigo_uni_corr,uni_corr_500_06,13.375,1.8,1.13339,1.13565,18,0
basigo_uni_corr,uni_corr_500_06,13.875,1.5,1.13833,1.14069,15,0
basigo_uni_corr,uni_corr_500_06,14.375,1.1,1.08374,1.08628,11,0
basigo_uni_corr,uni_corr_500_06,14.875,1.4,1.10352,1.10595,14,0
basigo_uni_corr,uni_corr_500_06,15.375,1.2,1.08906,1.09249,12,0
basigo_uni_corr,uni_corr_500_06,15.875,1.2,1.07921,1.08056,12,0
basigo_uni_corr,uni_corr_500_06,16.375,1.4,1.03237,1.03499,14,0
basigo_uni_corr,uni_corr_500_06,16.875,1.4,1.01072,1.01428,14,0
basigo_uni_corr,uni_corr_500_06,17.375,1.3,1.01126,1.01392,13,0
basigo_uni_corr,uni_corr_500_06,17.875,1.8,1.03263,1.03419,18,0
basigo_uni_corr,uni_corr_500_06,18.375,1.5,1.00782,1.01029,15,0
basigo_uni_corr,uni_corr_500_06,18.875,2,1.00035,1.00139,20,0
basigo_uni_corr,uni_corr_500_06,19.375,1.7,0.974239,0.975097,17,0
basigo_uni_corr,uni_corr_500_06,19.875,1.7,0.96236,0.963812,17,0
basigo_uni_corr,uni_corr_500_06,20.375,1.9,0.931596,0.934834,19,0
basigo_uni_corr,uni_corr_500_06,20.875,1.7,0.94159,0.943012,17,0
basigo_uni_corr,uni_corr_500_06,21.375,1.9,0.913291,0.915423,19,1
basigo_uni_corr,uni_corr_500_06,21.875,2,0.900454,0.902263,20,1
basigo_uni_corr,uni_corr_500_06,22.375,1.8,0.878995,0.881452,18,1
basigo_uni_corr,uni_corr_500_06,22.875,1.7,0.876782,0.878813,17,1
basigo_uni_corr,uni_corr_500_06,23.375,1.8,0.868971,0.871312,18,1
basigo_uni_corr,uni_corr_500_06,23.875,1.7,0.848201,0.851655,17,1
basigo_uni_corr,uni_corr_500_06,24.375,1.7,0.85203,0.855445,17,1
basigo_uni_corr,uni_corr_500_06,24.875,1.5,0.827034,0.833782,15,1
basigo_uni_corr,uni_corr_500_06,25.375,1.5,0.844751,0.846092,15,1
basigo_uni_corr,uni_corr_500_06,25.875,1.7,0.799857,0.803252,17,1
basigo_uni_corr,uni_corr_500_06,26.375,1.8,0.801821,0.808427,18,1
basigo_uni_corr,uni_corr_500_06,26.875,2,0.785971,0.788902,20,1
basigo_uni_corr,uni_corr_500_06,27.375,2.1,0.735396,0.738381,21,1
basigo_uni_corr,uni_corr_500_06,27.875,1.9,0.738092,0.741995,19,1
basigo_uni_corr,uni_corr_500_06,28.375,1.9,0.75568,0.758163,19,1
basigo_uni_corr,uni_corr_500_06,28.875,1.6,0.738854,0.745553,16,1
basigo_uni_corr,uni_corr_500_06,29.375,1.7,0.747535,0.749669,17,1
basigo_uni_corr,uni_corr_500_06,29.875,1.5,0.757321,0.759957,15,1
basigo_uni_corr,uni_corr_500_06,30.375,1.7,0.730264,0.736487,17,1
basigo_uni_corr,uni_corr_500_06,30.875,1.4,0.733765,0.740052,14,1
basigo_uni_corr,uni_corr_500_06,31.375,1.4,0.685966,0.691146,14,1
basigo_uni_corr,uni_corr_500_06,31.875,1.5,0.718303,0.722724,15,1
basigo_uni_corr,uni_corr_500_06,32.375,1.6,0.715508,0.717939,16,1
basigo_uni_corr,uni_corr_500_06,32.875,1.7,0.689445,0.696489,17,1
basigo_uni_corr,uni_corr_500_06,33.375,1.7,0.691925,0.695289,17,1
basigo_uni_corr,uni_corr_500_06,33.875,1.9,0.670453,0.675731,19,1
basigo_uni_corr,uni_corr_500_06,34.375,1.9,0.646647,0.651601,19,1
basigo_uni_corr,uni_corr_500_06,34.875,1.7,0.628033,0.635962,17,1
basigo_uni_corr,uni_corr_500_06,35.375,2,0.624063,0.626836,20,1
basigo_uni_corr,uni_corr_500_06,35.875,1.9,0.605849,0.611177,19,1
basigo_uni_corr,uni_corr_500_06,36.375,2.1,0.605017,0.61257,21,1
basigo_uni_corr,uni_corr_500_06,36.875,2.2,0.598216,0.60267,22,1
basigo_uni_corr,uni_corr_500_06,37.375,2,0.602515,0.608935,20,1
basigo_uni_corr,uni_corr_500_06,37.875,2.1,0.60491,0.608548,21,1
basigo_uni_corr,uni_corr_500_06,38.375,2.3,0.590429,0.596945,23,1
basigo_uni_corr,uni_corr_500_06,38.875,1.9,0.575012,0.578773,19,1
basigo_uni_corr,uni_corr_500_06,39.375,2.1,0.562237,0.567814,21,1
basigo_uni_corr,uni_corr_500_06,39.875,1.9,0.573984,0.576932,19,1
basigo_uni_corr,uni_corr_500_06,40.375,2,0.561965,0.568753,20,1
basigo_uni_corr,uni_corr_500_06,40.875,1.9,0.568741,0.575102,19,1
basigo_uni_corr,uni_corr_500_06,41.375,2.4,0.565062,0.572898,24,1
basigo_uni_corr,uni_corr_500_06,41.875,2.2,0.547101,0.554022,22,1
basigo_uni_corr,uni_corr_500_06,42.375,2.3,0.557171,0.566034,23,1
basigo_uni_corr,uni_corr_500_06,42.875,2.4,0.553388,0.557723,24,1
basigo_uni_corr,uni_corr_500_06,43.375,2.5,0.55612,0.561973,25,1
basigo_uni_corr,uni_corr_500_06,43.875,2.7,0.524377,0.533059,27,1
basigo_uni_corr,uni_corr_500_06,44.375,2.5,0.514094,0.519063,25,1
basigo_uni_corr,uni_corr_500_06,44.875,2.4,0.532609,0.535994,24,1
basigo_uni_corr,uni_corr_500_06,45.375,2.4,0.52645,0.534061,24,1
basigo_uni_corr,uni_corr_500_06,45.875,2.4,0.535132,0.539842,24,1
basigo_uni_corr,uni_corr_500_06,46.375,2.2,0.520982,0.527507,22,1
basigo_uni_corr,uni_corr_500_06,46.875,2.1,0.514182,0.523065,21,1
basigo_uni_corr,uni_corr_500_06,47.375,2.1,0.515285,0.518278,21,1
basigo_uni_corr,uni_corr_500_06,47.875,2.4,0.52017,0.529915,24,1
basigo_uni_corr,uni_corr_500_06,48.375,2.1,0.511183,0.520771,21,1
basigo_uni_corr,uni_corr_500_06,48.875,2.4,0.521111,0.527994,24,1
basigo_uni_corr,uni_corr_500_06,49.375,2.1,0.517773,0.529239,21,1
basigo_uni_corr,uni_corr_500_06,49.875,2.2,0.520793,0.529979,22,1
basigo_uni_corr,uni_corr_500_06,50.375,2.5,0.528745,0.536906,25,1
basigo_uni_corr,uni_corr_500_06,50.875,2.5,0.513909,0.520991,25,1
basigo_uni_corr,uni_corr_500_06,51.375,2.6,0.509335,0.51638,26,1
basigo_uni_corr,uni_corr_500_06,51.875,2.3,0.520041,0.526029,23,1
basigo_uni_corr,uni_corr_500_06,52.375,2.6,0.524397,0.532148,26,1
basigo_uni_corr,uni_corr_500_06,52.875,2.5,0.526707,0.532133,25,1
basigo_uni_corr,uni_corr_500_06,53.375,2.5,0.515574,0.524427,25,1
basigo_uni_corr,uni_corr_500_06,53.875,2.6,0.522411,0.529603,26,1
basigo_uni_corr,uni_corr_500_06,54.375,2.4,0.530325,0.537054,24,1
basigo_uni_corr,uni_corr_500_06,54.875,2.4,0.502525,0.511627,24,1
basigo_uni_corr,uni_corr_500_06,55.375,2.4,0.489019,0.498443,24,1
basigo_uni_corr,uni_corr_500_06,55.875,2.2,0.472026,0.484048,22,1
basigo_uni_corr,uni_corr_500_06,56.375,2,0.488867,0.5006,20,1
basigo_uni_corr,uni_corr_500_06,56.875,2.2,0.487771,0.49385,22,1
basigo_uni_corr,uni_corr_500_06,57.375,1.9,0.489771,0.497973,19,1
basigo_uni_corr,uni_corr_500_06,57.875,2.1,0.463543,0.47562,21,1
basigo_uni_corr,uni_corr_500_06,58.375,2.3,0.477075,0.486364,23,1
basigo_uni_corr,uni_corr_500_06,58.875,2.4,0.477227,0.485499,24,1
basigo_uni_corr,uni_corr_500_06,59.375,2,0.473449,0.487726,20,1
basigo_uni_corr,uni_corr_500_06,59.875,2.4,0.480102,0.493568,24,1
basigo_uni_corr,uni_corr_500_06,60.375,2.4,0.492451,0.502461,24,1
basigo_uni_corr,uni_corr_500_06,60.875,2.2,0.48471,0.492153,22,1
basigo_uni_corr,uni_corr_500_06,61.375,2.3,0.48383,0.490981,23,1
basigo_uni_corr,uni_corr_500_06,61.875,1.9,0.48485,0.495506,19,1
basigo_uni_corr,uni_corr_500_06,62.375,2.4,0.497903,0.504021,24,1
basigo_uni_corr,uni_corr_500_06,62.875,2.6,0.498269,0.504379,26,1
basigo_uni_corr,uni_corr_500_06,63.375,2.4,0.50786,0.514759,24,1
basigo_uni_corr,uni_corr_500_06,63.875,2.5,0.500206,0.506247,25,1
basigo_uni_corr,uni_corr_500_06,64.375,2.6,0.517134,0.522389,26,1
basigo_uni_corr,uni_corr_500_06,64.875,2.2,0.530391,0.534751,22,1
basigo_uni_corr,uni_corr_500_06,65.375,2.5,0.512735,0.526996,25,1
basigo_uni_corr,uni_corr_500_06,65.875,2.3,0.507737,0.514044,23,1
basigo_uni_corr,uni_corr_500_06,66.375,2.1,0.525629,0.533634,21,1
basigo_uni_corr,uni_corr_500_06,66.875,2,0.509975,0.518667,20,1
basigo_uni_corr,uni_corr_500_06,67.375,1.9,0.487727,0.496728,19,1
basigo_uni_corr,uni_corr_500_06,67.875,2.1,0.485837,0.498269,21,1
basigo_uni_corr,uni_corr_500_06,68.375,1.9,0.495512,0.50744,19,1
basigo_uni_corr,uni_corr_500_06,68.875,2.1,0.473539,0.487003,21,1
basigo_uni_corr,uni_corr_500_06,69.375,2.1,0.471368,0.48862,21,1
basigo_uni_corr,uni_corr_500_06,69.875,2.1,0.47756,0.488935,21,1
basigo_uni_corr,uni_corr_500_06,70.375,2.5,0.473183,0.481095,25,1
basigo_uni_corr,uni_corr_500_06,70.875,2.5,0.472273,0.487715,25,1
basigo_uni_corr,uni_corr_500_06,71.375,2.5,0.481921,0.490799,25,1
basigo_uni_corr,uni_corr_500_06,71.875,2.7,0.483034,0.492993,27,1
basigo_uni_corr,uni_corr_500_06,72.375,2.3,0.478077,0.487434,23,1
basigo_uni_corr,uni_corr_500_06,72.875,2.3,0.463074,0.469691,23,1
basigo_uni_corr,uni_corr_500_06,73.375,2.4,0.462517,0.470754,24,1
basigo_uni_corr,uni_corr_500_06,73.875,2.5,0.46627,0.476547,25,1
basigo_uni_corr,uni_corr_500_06,74.375,2.3,0.453495,0.465054,23,1
basigo_uni_corr,uni_corr_500_06,74.875,2.3,0.465582,0.474323,23,1
basigo_uni_corr,uni_corr_500_06,75.375,2,0.455233,0.469889,20,1
basigo_uni_corr,uni_corr_500_06,75.875,2.2,0.453106,0.46094,22,1
basigo_uni_corr,uni_corr_500_06,76.375,2.2,0.447539,0.459181,22,1
basigo_uni_corr,uni_corr_500_06,76.875,2.2,0.458032,0.47095,22,1
basigo_uni_corr,uni_corr_500_06,77.375,2.3,0.485467,0.489882,23,1
basigo_uni_corr,uni_corr_500_06,77.875,2.1,0.473927,0.485789,21,1
basigo_uni_corr,uni_corr_500_06,78.375,2.2,0.465333,0.471422,22,1
basigo_uni_corr,uni_corr_500_06,78.875,2.5,0.459271,0.477058,25,1
basigo_uni_corr,uni_corr_500_06,79.375,2.3,0.462551,0.472608,23,1
basigo_uni_corr,uni_corr_500_06,79.875,2.3,0.466895,0.475448,23,1
basigo_uni_corr,uni_corr_500_06,80.375,2.3,0.453765,0.471061,23,1
basigo_uni_corr,uni_corr_500_06,80.875,2.5,0.461398,0.472897,25,1
basigo_uni_corr,uni_corr_500_06,81.375,2.2,0.471875,0.480956,22,1
basigo_uni_corr,uni_corr_500_06,81.875,2.5,0.455832,0.466772,25,1
basigo_uni_corr,uni_corr_500_06,82.375,2.4,0.44148,0.453368,24,1
basigo_uni_corr,uni_corr_500_06,82.875,2.4,0.434029,0.441134,24,1
basigo_uni_corr,uni_corr_500_06,83.375,2.6,0.439947,0.451709,26,1
basigo_uni_corr,uni_corr_500_06,83.875,2.5,0.449052,0.457613,25,1
basigo_uni_corr,uni_corr_500_06,84.375,2.6,0.445209,0.451989,26,1
basigo_uni_corr,uni_corr_500_06,84.875,2.7,0.432876,0.443133,27,1
basigo_uni_corr,uni_corr_500_06,85.375,2.4,0.429721,0.443042,24,1
basigo_uni_corr,uni_corr_500_06,85.875,2.5,0.457282,0.465034,25,1
basigo_uni_corr,uni_corr_500_06,86.375,2.3,0.455451,0.467769,23,1
basigo_uni_corr,uni_corr_500_06,86.875,2.3,0.446157,0.457734,23,1
basigo_uni_corr,uni_corr_500_06,87.375,2.3,0.445173,0.457661,23,1
basigo_uni_corr,uni_corr_500_06,87.875,2.2,0.445531,0.452965,22,1
basigo_uni_corr,uni_corr_500_06,88.375,2.1,0.446633,0.460539,21,1
basigo_uni_corr,uni_corr_500_06,88.875,2,0.43879,0.452381,20,1
basigo_uni_corr,uni_corr_500_06,89.375,1.7,0.433665,0.447019,17,1
basigo_uni_corr,uni_corr_500_06,89.875,2.1,0.447246,0.45857,21,1
basigo_uni_corr,uni_corr_500_06,90.375,2.2,0.458741,0.471091,22,1
basigo_uni_corr,uni_corr_500_06,90.875,2,0.465515,0.476448,20,1
basigo_uni_corr,uni_corr_500_06,91.375,2.1,0.458526,0.465255,21,1
basigo_uni_corr,uni_corr_500_06,91.875,2.1,0.436665,0.449916,21,1
basigo_uni_corr,uni_corr_500_06,92.375,2,0.437276,0.449859,20,1
basigo_uni_corr,uni_corr_500_06,92.875,2.5,0.454059,0.462859,25,1
basigo_uni_corr,uni_corr_500_06,93.375,2.2,0.449513,0.461773,22,1
basigo_uni_corr,uni_corr_500_06,93.875,2.4,0.45334,0.463186,24,1
basigo_uni_corr,uni_corr_500_06,94.375,2.5,0.442537,0.452916,25,1
basigo_uni_corr,uni_corr_500_06,94.875,2.3,0.446014,0.459902,23,1
basigo_uni_corr,uni_corr_500_06,95.375,2.3,0.463505,0.470649,23,1
basigo_uni_corr,uni_corr_500_06,95.875,2.5,0.477546,0.487074,25,1
basigo_uni_corr,uni_corr_500_06,96.375,2.6,0.484956,0.494036,26,1
basigo_uni_corr,uni_corr_500_06,96.875,2.2,0.495911,0.504244,22,1
basigo_uni_corr,uni_corr_500_06,97.375,2.2,0.494557,0.506037,22,1
basigo_uni_corr,uni_corr_500_06,97.875,2.2,0.48042,0.48931,22,1
basigo_uni_corr,uni_corr_500_06,98.375,2.5,0.483973,0.492488,25,1
basigo_uni_corr,uni_corr_500_06,98.875,2.3,0.47951,0.491459,23,1
basigo_uni_corr,uni_corr_500_06,99.375,2.2,0.467729,0.478314,22,1
basigo_uni_corr,uni_corr_500_06,99.875,2.2,0.481048,0.492319,22,1
basigo_uni_corr,uni_corr_500_06,100.375,2.2,0.465956,0.475453,22,1
basigo_uni_corr,uni_corr_500_06,100.875,2.3,0.466468,0.473454,23,1
basigo_uni_corr,uni_corr_500_06,101.375,2.4,0.473484,0.484364,24,1
basigo_uni_corr,uni_corr_500_06,101.875,2.5,0.463165,0.470224,25,1
basigo_uni_corr,uni_corr_500_06,102.375,2,0.447346,0.457046,20,1
basigo_uni_corr,uni_corr_500_06,102.875,2.2,0.431885,0.443488,22,1
basigo_uni_corr,uni_corr_500_06,103.375,2.2,0.421565,0.434857,22,1
basigo_uni_corr,uni_corr_500_06,103.875,2.3,0.402561,0.419098,23,1
basigo_uni_corr,uni_corr_500_06,104.375,2.4,0.41751,0.429127,24,1
basigo_uni_corr,uni_corr_500_06,104.875,2.1,0.405201,0.420434,21,1
basigo_uni_corr,uni_corr_500_06,105.375,2.1,0.396692,0.411985,21,1
basigo_uni_corr,uni_corr_500_06,105.875,2.4,0.390808,0.407256,24,1
basigo_uni_corr,uni_corr_500_06,106.375,2.3,0.398491,0.411938,23,1
basigo_uni_corr,uni_corr_500_06,106.875,2.2,0.402352,0.411894,22,1
basigo_uni_corr,uni_corr_500_06,107.375,2.4,0.410903,0.425939,24,1
basigo_uni_corr,uni_corr_500_06,107.875,2.2,0.417932,0.437272,22,1
basigo_uni_corr,uni_corr_500_06,108.375,2.5,0.424179,0.439036,25,1
basigo_uni_corr,uni_corr_500_06,108.875,2.4,0.401479,0.42069,24,1
basigo_uni_corr,uni_corr_500_06,109.375,2.4,0.39925,0.427473,24,1
basigo_uni_corr,uni_corr_500_06,109.875,2.5,0.439676,0.447717,25,1
basigo_uni_corr,uni_corr_500_06,110.375,2.3,0.449646,0.455618,23,1
basigo_uni_corr,uni_corr_500_06,110.875,2.5,0.441093,0.452048,25,1
basigo_uni_corr,uni_corr_500_06,111.375,2.6,0.432219,0.439585,26,1
basigo_uni_corr,uni_corr_500_06,111.875,2.4,0.439148,0.44716,24,1
basigo_uni_corr,uni_corr_500_06,112.375,2.7,0.451187,0.462696,27,1
basigo_uni_corr,uni_corr_500_06,112.875,2.6,0.445787,0.454759,26,1
basigo_uni_corr,uni_corr_500_06,113.375,2.6,0.453934,0.462581,26,1
basigo_uni_corr,uni_corr_500_06,113.875,2.4,0.448845,0.458423,24,1
basigo_uni_corr,uni_corr_500_06,114.375,2.6,0.451163,0.461125,26,1
basigo_uni_corr,uni_corr_500_06,114.875,2.7,0.476767,0.485557,27,1
basigo_uni_corr,uni_corr_500_06,115.375,2.3,0.473382,0.480764,23,1
basigo_uni_corr,uni_corr_500_06,115.875,2.4,0.451739,0.463192,24,1
basigo_uni_corr,uni_corr_500_06,116.375,2.6,0.463831,0.472779,26,1
basigo_uni_corr,uni_corr_500_06,116.875,2.7,0.470909,0.483053,27,1
basigo_uni_corr,uni_corr_500_06,117.375,2.1,0.47253,0.481343,21,1
basigo_uni_corr,uni_corr_500_06,117.875,2.6,0.47217,0.480279,26,1
basigo_uni_corr,uni_corr_500_06,118.375,2.4,0.478766,0.489635,24,1
basigo_uni_corr,uni_corr_500_06,118.875,2.2,0.462744,0.476445,22,1
basigo_uni_corr,uni_corr_500_06,119.375,2.4,0.470776,0.483116,24,1
basigo_uni_corr,uni_corr_500_06,119.875,2.1,0.474499,0.48853,21,1
basigo_uni_corr,uni_corr_500_06,120.375,1.9,0.474084,0.48906,19,1
basigo_uni_corr,uni_corr_500_06,120.875,2,0.464736,0.478773,20,1
basigo_uni_corr,uni_corr_500_06,121.375,2.2,0.476589,0.485099,22,1
basigo_uni_corr,uni_corr_500_06,121.875,2.1,0.470186,0.481321,21,1
basigo_uni_corr,uni_corr_500_06,122.375,2,0.468172,0.475384,20,1
basigo_uni_corr,uni_corr_500_06,122.875,1.9,0.466975,0.47758,19,1
basigo_uni_corr,uni_corr_500_06,123.375,1.9,0.462911,0.481322,19,1
basigo_uni_corr,uni_corr_500_06,123.875,2,0.467283,0.476269,20,1
basigo_uni_corr,uni_corr_500_06,124.375,2.3,0.439412,0.45499,23,1
basigo_uni_corr,uni_corr_500_06,124.875,2.5,0.418273,0.428381,25,1
basigo_uni_corr,uni_corr_500_06,125.375,2.1,0.425504,0.440909,21,1
basigo_uni_corr,uni_corr_500_06,125.875,2.2,0.423993,0.435001,22,1
basigo_uni_corr,uni_corr_500_06,126.375,2.2,0.423693,0.433176,22,1
basigo_uni_corr,uni_corr_500_06,126.875,2.1,0.433109,0.442623,21,1
basigo_uni_corr,uni_corr_500_06,127.375,2.4,0.44233,0.455147,24,1
basigo_uni_corr,uni_corr_500_06,127.875,2.4,0.41755,0.428597,24,1
basigo_uni_corr,uni_corr_500_06,128.375,2.3,0.424598,0.438029,23,1
basigo_uni_corr,uni_corr_500_06,128.875,2.6,0.429493,0.442294,26,1
basigo_uni_corr,uni_corr_500_06,129.375,2.3,0.433973,0.444604,23,1
basigo_uni_corr,uni_corr_500_06,129.875,2.4,0.440529,0.453678,24,1
basigo_uni_corr,uni_corr_500_06,130.375,2.5,0.447631,0.461263,25,1
basigo_uni_corr,uni_corr_500_06,130.875,2.5,0.441358,0.454319,25,1
basigo_uni_corr,uni_corr_500_06,131.375,2.5,0.43711,0.442157,25,1
basigo_uni_corr,uni_corr_500_06,131.875,2.5,0.425454,0.438935,25,1
basigo_uni_corr,uni_corr_500_06,132.375,2.5,0.412201,0.428183,25,1
basigo_uni_corr,uni_corr_500_06,132.875,2.3,0.424538,0.433363,23,1
basigo_uni_corr,uni_corr_500_06,133.375,2.2,0.43784,0.45197,22,1
basigo_uni_corr,uni_corr_500_06,133.875,2.5,0.432069,0.439465,25,1
basigo_uni_corr,uni_corr_500_06,134.375,2.2,0.449317,0.465204,22,1
basigo_uni_corr,uni_corr_500_06,134.875,2.3,0.43032,0.438327,23,1
basigo_uni_corr,uni_corr_500_06,135.375,2.3,0.419116,0.432232,23,1
basigo_uni_corr,uni_corr_500_06,135.875,2.5,0.433745,0.446548,25,1
basigo_uni_corr,uni_corr_500_06,136.375,2.3,0.408604,0.425694,23,1
basigo_uni_corr,uni_corr_500_06,136.875,2.7,0.407419,0.416253,27,1
basigo_uni_corr,uni_corr_500_06,137.375,2.6,0.433985,0.447222,26,1
basigo_uni_corr,uni_corr_500_06,137.875,2.6,0.42815,0.443188,26,1
basigo_uni_corr,uni_corr_500_06,138.375,2.2,0.41165,0.437757,22,1
basigo_uni_corr,uni_corr_500_06,138.875,2.4,0.43169,0.441991,24,1
basigo_uni_corr,uni_corr_500_06,139.375,2.3,0.420593,0.438715,23,1
basigo_uni_corr,uni_corr_500_06,139.875,2.1,0.429953,0.444674,21,1
basigo_uni_corr,uni_corr_500_06,140.375,2.2,0.460462,0.472191,22,1
basigo_uni_corr,uni_corr_500_06,140.875,2.2,0.458784,0.482278,22,1
basigo_uni_corr,uni_corr_500_06,141.375,2.1,0.438299,0.45146,21,1
basigo_uni_corr,uni_corr_500_06,141.875,1.8,0.451537,0.469124,18,1
basigo_uni_corr,uni_corr_500_06,142.375,2,0.434604,0.447531,20,1
basigo_uni_corr,uni_corr_500_06,142.875,1.7,0.425888,0.445069,17,1
basigo_uni_corr,uni_corr_500_06,143.375,2,0.430682,0.448969,20,1
basigo_uni_corr,uni_corr_500_06,143.875,2.1,0.423931,0.441605,21,1
basigo_uni_corr,uni_corr_500_06,144.375,2.1,0.424968,0.441992,21,1
basigo_uni_corr,uni_corr_500_06,144.875,2.1,0.432177,0.442195,21,1
basigo_uni_corr,uni_corr_500_06,145.375,2.3,0.413848,0.426665,23,1
basigo_uni_corr,uni_corr_500_06,145.875,2.2,0.41594,0.434627,22,1
basigo_uni_corr,uni_corr_500_06,146.375,2.2,0.40985,0.41712,22,1
basigo_uni_corr,uni_corr_500_06,146.875,2.2,0.401726,0.413871,22,1
basigo_uni_corr,uni_corr_500_06,147.375,2.4,0.414123,0.432841,24,1
basigo_uni_corr,uni_corr_500_06,147.875,2.4,0.415333,0.423518,24,1
basigo_uni_corr,uni_corr_500_06,148.375,2.4,0.395989,0.412402,24,1
basigo_uni_corr,uni_corr_500_06,148.875,2.3,0.395368,0.409011,23,1
basigo_uni_corr,uni_corr_500_06,149.375,2.2,0.405812,0.419521,22,1
basigo_uni_corr,uni_corr_500_06,149.875,2.3,0.398567,0.411502,23,1
basigo_uni_corr,uni_corr_500_06,150.375,2.4,0.401629,0.420043,24,1
basigo_uni_corr,uni_corr_500_06,150.875,2.5,0.407234,0.420144,25,0
basigo_uni_corr,uni_corr_500_06,151.375,2.5,0.420655,0.430514,25,0
basigo_uni_corr,uni_corr_500_06,151.875,2.2,0.408596,0.423042,22,0
basigo_uni_corr,uni_corr_500_06,152.375,2.1,0.400015,0.409056,21,0
basigo_uni_corr,uni_corr_500_06,152.875,2,0.407481,0.430915,20,0
basigo_uni_corr,uni_corr_500_06,153.375,2.2,0.431708,0.444968,22,0
basigo_uni_corr,uni_corr_500_06,153.875,2.1,0.416104,0.431565,21,0
basigo_uni_corr,uni_corr_500_06,154.375,2.1,0.420728,0.435583,21,0
basigo_uni_corr,uni_corr_500_06,154.875,2,0.433442,0.441325,20,0
basigo_uni_corr,uni_corr_500_06,155.375,2,0.424844,0.43551,20,0
basigo_uni_corr,uni_corr_500_06,155.875,1.7,0.443892,0.459129,17,0
basigo_uni_corr,uni_corr_500_06,156.375,1.8,0.437167,0.450014,18,0
basigo_uni_corr,uni_corr_500_06,156.875,1.9,0.436468,0.447331,19,0
basigo_uni_corr,uni_corr_500_06,157.375,2,0.441621,0.455272,20,0
basigo_uni_corr,uni_corr_500_06,157.875,1.9,0.458133,0.469489,19,0
basigo_uni_corr,uni_corr_500_06,158.375,2,0.4711,0.481778,20,0
basigo_uni_corr,uni_corr_500_06,158.875,1.8,0.483936,0.495312,18,0
basigo_uni_corr,uni_corr_500_06,159.375,1.6,0.496648,0.506943,16,0
basigo_uni_corr,uni_corr_500_06,159.875,1.4,0.486033,0.49824,14,0
basigo_uni_corr,uni_corr_500_06,160.375,1.5,0.472159,0.484498,15,0
basigo_uni_corr,uni_corr_500_06,160.875,1.5,0.486626,0.495857,15,0
basigo_uni_corr,uni_corr_500_06,161.375,1.5,0.464948,0.472705,15,0
basigo_uni_corr,uni_corr_500_06,161.875,1.2,0.464212,0.487318,12,0
basigo_uni_corr,uni_corr_500_06,162.375,1,0.488932,0.495318,10,0
basigo_uni_corr,uni_corr_500_06,162.875,0.8,0.510566,0.517299,8,0
basigo_uni_corr,uni_corr_500_06,163.375,0.7,0.4961,0.504846,7,0
basigo_uni_corr,uni_corr_500_06,163.875,0.6,0.482001,0.492149,6,0
basigo_uni_corr,uni_corr_500_06,164.375,0.4,0.446188,0.465778,4,0
basigo_uni_corr,uni_corr_500_06,164.875,0.2,0.347106,0.392083,2,0
basigo_uni_corr,uni_corr_500_06,165.375,0.2,0.485082,0.54518,2,0
basigo_uni_corr,uni_corr_500_06,165.875,0.1,0.525697,0.55372,1,0
basigo_uni_corr,uni_corr_500_06,166.375,0.1,0.480944,0.482063,1,0
basigo_uni_corr,uni_corr_500_06,166.875,0.1,0.372722,0.40627,1,0
basigo_uni_corr,uni_corr_500_07,5.5,0.1,1.58782,1.58804,1,0
basigo_uni_corr,uni_corr_500_07,6,0.2,1.57372,1.57396,2,0
basigo_uni_corr,uni_corr_500_07,6.5,0.5,1.43684,1.43867,5,0
basigo_uni_corr,uni_corr_500_07,7,1,1.36431,1.36721,10,0
basigo_uni_corr,uni_corr_500_07,7.5,1.2,1.31479,1.31849,12,0
basigo_uni_corr,uni_corr_500_07,8,1.7,1.28057,1.28377,17,0
basigo_uni_corr,uni_corr_500_07,8.5,1.4,1.24111,1.24471,14,0
basigo_uni_corr,uni_corr_500_07,9,1.3,1.20274,1.20601,13,0
basigo_uni_corr,uni_corr_500_07,9.5,1.2,1.17815,1.18043,12,0
basigo_uni_corr,uni_corr_500_07,10,1.1,1.18599,1.18915,11,0
basigo_uni_corr,uni_corr_500_07,10.5,1.2,1.18578,1.18993,12,0
basigo_uni_corr,uni_corr_500_07,11,1.3,1.16101,1.16363,13,0
basigo_uni_corr,uni_corr_500_07,11.5,1.4,1.15489,1.15728,14,0
basigo_uni_corr,uni_corr_500_07,12,1.5,1.12348,1.125,15,0
basigo_uni_corr,uni_corr_500_07,12.5,1.8,1.1187,1.1226,18,0
basigo_uni_corr,uni_corr_500_07,13,1.7,1.11416,1.11642,17,0
basigo_uni_corr,uni_corr_500_07,13.5,1.8,1.07349,1.07509,18,0
basigo_uni_corr,uni_corr_500_07,14,1.7,1.02766,1.02893,17,0
basigo_uni_corr,uni_corr_500_07,14.5,1.7,1.00763,1.00991,17,0
basigo_uni_corr,uni_corr_500_07,15,1.5,0.987012,0.989648,15,0
basigo_uni_corr,uni_corr_500_07,15.5,1.6,0.988629,0.989567,16,0
basigo_uni_corr,uni_corr_500_07,16,1.4,0.954827,0.95877,14,0
basigo_uni_corr,uni_corr_500_07,16.5,1.6,0.942074,0.94561,16,0
basigo_uni_corr,uni_corr_500_07,17,1.4,0.930017,0.932973,14,0
basigo_uni_corr,uni_corr_500_07,17.5,1.1,0.893663,0.895956,11,0
basigo_uni_corr,uni_corr_500_07,18,1.4,0.885897,0.887574,14,0
basigo_uni_corr,uni_corr_500_07,18.5,1.4,0.867386,0.870067,14,0
basigo_uni_corr,uni_corr_500_07,19,1.7,0.870842,0.873368,17,0
basigo_uni_corr,uni_corr_500_07,19.5,1.7,0.864149,0.866782,17,0
basigo_uni_corr,uni_corr_500_07,20,2,0.831782,0.835811,20,0
basigo_uni_corr,uni_corr_500_07,20.5,1.9,0.825261,0.827797,19,0
basigo_uni_corr,uni_corr_500_07,21,1.9,0.76212,0.766558,19,0
basigo_uni_corr,uni_corr_500_07,21.5,1.9,0.749649,0.75252,19,0
basigo_uni_corr,uni_corr_500_07,22,1.8,0.713052,0.715657,18,0
basigo_uni_corr,uni_corr_500_07,22.5,2.3,0.691738,0.695019,23,0
basigo_uni_corr,uni_corr_500_07,23,2,0.68269,0.688878,20,0
basigo_uni_corr,uni_corr_500_07,23.5,2.2,0.65332,0.66096,22,0
basigo_uni_corr,uni_corr_500_07,24,1.9,0.612017,0.61784,19,0
basigo_uni_corr,uni_corr_500_07,24.5,2.1,0.571893,0.58203,21,0
basigo_uni_corr,uni_corr_500_07,25,2.4,0.587115,0.59563,24,0
basigo_uni_corr,uni_corr_500_07,25.5,2.1,0.597917,0.607647,21,1
basigo_uni_corr,uni_corr_500_07,26,2.3,0.584761,0.59324,23,1
basigo_uni_corr,uni_corr_500_07,26.5,2.1,0.596747,0.606208,21,1
basigo_uni_corr,uni_corr_500_07,27,2,0.57766,0.585552,20,1
basigo_uni_corr,uni_corr_500_07,27.5,2,0.540407,0.547502,20,1
basigo_uni_corr,uni_corr_500_07,28,1.7,0.511,0.521616,17,1
basigo_uni_corr,uni_corr_500_07,28.5,1.8,0.533233,0.544559,18,1
basigo_uni_corr,uni_corr_500_07,29,1.8,0.51336,0.524296,18,1
basigo_uni_corr,uni_corr_500_07,29.5,2,0.506117,0.51419,20,1
basigo_uni_corr,uni_corr_500_07,30,1.9,0.479216,0.488985,19,1
basigo_uni_corr,uni_corr_500_07,30.5,1.8,0.465972,0.473425,18,1
basigo_uni_corr,uni_corr_500_07,31,1.8,0.481578,0.490506,18,1
basigo_uni_corr,uni_corr_500_07,31.5,1.7,0.467704,0.478346,17,1
basigo_uni_corr,uni_corr_500_07,32,2.1,0.465726,0.47842,21,1
basigo_uni_corr,uni_corr_500_07,32.5,2.2,0.46825,0.475243,22,1
basigo_uni_corr,uni_corr_500_07,33,2.3,0.469647,0.480976,23,1
basigo_uni_corr,uni_corr_500_07,33.5,2,0.447832,0.452906,20,1
basigo_uni_corr,uni_corr_500_07,34,1.9,0.43782,0.455917,19,1
basigo_uni_corr,uni_corr_500_07,34.5,2.2,0.444923,0.453195,22,1
basigo_uni_corr,uni_corr_500_07,35,2.4,0.426755,0.442807,24,1
basigo_uni_corr,uni_corr_500_07,35.5,2.5,0.409192,0.417277,25,1
basigo_uni_corr,uni_corr_500_07,36,2.2,0.413935,0.428763,22,1
basigo_uni_corr,uni_corr_500_07,36.5,2.5,0.41805,0.436601,25,1
basigo_uni_corr,uni_corr_500_07,37,2.5,0.398552,0.410381,25,1
basigo_uni_corr,uni_corr_500_07,37.5,2.5,0.406063,0.426996,25,1
basigo_uni_corr,uni_corr_500_07,38,2.6,0.412476,0.429494,26,1
basigo_uni_corr,uni_corr_500_07,38.5,2.7,0.405777,0.418763,27,1
basigo_uni_corr,uni_corr_500_07,39,2.4,0.399141,0.412707,24,1
basigo_uni_corr,uni_corr_500_07,39.5,2.7,0.391895,0.407518,27,1
basigo_uni_corr,uni_corr_500_07,40,2.5,0.402592,0.411811,25,1
basigo_uni_corr,uni_corr_500_07,40.5,2.2,0.375757,0.393594,22,1
basigo_uni_corr,uni_corr_500_07,41,2.2,0.36849,0.382194,22,1
basigo_uni_corr,uni_corr_500_07,41.5,2.7,0.371994,0.382978,27,1
basigo_uni_corr,uni_corr_500_07,42,2.6,0.356373,0.3741,26,1
basigo_uni_corr,uni_corr_500_07,42.5,2.4,0.334154,0.352173,24,1
basigo_uni_corr,uni_corr_500_07,43,2.5,0.348325,0.363856,25,1
basigo_uni_corr,uni_corr_500_07,43.5,2.7,0.376344,0.390789,27,1
basigo_uni_corr,uni_corr_500_07,44,2.6,0.387471,0.400537,26,1
basigo_uni_corr,uni_corr_500_07,44.5,2.6,0.380823,0.392256,26,1
basigo_uni_corr,uni_corr_500_07,45,2.5,0.373828,0.391033,25,1
basigo_uni_corr,uni_corr_500_07,45.5,2.6,0.380341,0.387249,26,1
basigo_uni_corr,uni_corr_500_07,46,2.7,0.397282,0.413422,27,1
basigo_uni_corr,uni_corr_500_07,46.5,2.8,0.383729,0.39677,28,1
basigo_uni_corr,uni_corr_500_07,47,2.8,0.390821,0.403027,28,1
basigo_uni_corr,uni_corr_500_07,47.5,2.6,0.408289,0.419833,26,1
basigo_uni_corr,uni_corr_500_07,48,2.5,0.395658,0.408557,25,1
basigo_uni_corr,uni_corr_500_07,48.5,2.5,0.36852,0.382767,25,1
basigo_uni_corr,uni_corr_500_07,49,2.5,0.374886,0.389447,25,1
basigo_uni_corr,uni_corr_500_07,49.5,2.5,0.383232,0.396891,25,1
basigo_uni_corr,uni_corr_500_07,50,2.4,0.41113,0.42283,24,1
basigo_uni_corr,uni_corr_500_07,50.5,2.3,0.408778,0.431066,23,1
basigo_uni_corr,uni_corr_500_07,51,2.3,0.413798,0.436578,23,1
basigo_uni_corr,uni_corr_500_07,51.5,2.4,0.422108,0.441487,24,1
basigo_uni_corr,uni_corr_500_07,52,2.4,0.446394,0.46691,24,1
basigo_uni_corr,uni_corr_500_07,52.5,2.5,0.424013,0.436323,25,1
basigo_uni_corr,uni_corr_500_07,53,2.4,0.415449,0.43394,24,1
basigo_uni_corr,uni_corr_500_07,53.5,2.4,0.424962,0.440826,24,1
basigo_uni_corr,uni_corr_500_07,54,2.4,0.380558,0.39745,24,1
basigo_uni_corr,uni_corr_500_07,54.5,2.4,0.37078,0.395872,24,1
basigo_uni_corr,uni_corr_500_07,55,2.3,0.377835,0.396144,23,1
basigo_uni_corr,uni_corr_500_07,55.5,2.4,0.383254,0.399287,24,1
basigo_uni_corr,uni_corr_500_07,56,2.5,0.389568,0.406077,25,1
basigo_uni_corr,uni_corr_500_07,56.5,2.8,0.381414,0.394031,28,1
basigo_uni_corr,uni_corr_500_07,57,2.7,0.392152,0.410697,27,1
basigo_uni_corr,uni_corr_500_07,57.5,2.5,0.3793,0.39794,25,1
basigo_uni_corr,uni_corr_500_07,58,2.4,0.36957,0.379195,24,1
basigo_uni_corr,uni_corr_500_07,58.5,2.6,0.365522,0.384475,26,1
basigo_uni_corr,uni_corr_500_07,59,2.7,0.357947,0.376344,27,1
basigo_uni_corr,uni_corr_500_07,59.5,2.7,0.338467,0.352742,27,1
basigo_uni_corr,uni_corr_500_07,60,2.5,0.345903,0.355896,25,1
basigo_uni_corr,uni_corr_500_07,60.5,2.6,0.359229,0.376056,26,1
basigo_uni_corr,uni_corr_500_07,61,2.5,0.355633,0.371166,25,1
basigo_uni_corr,uni_corr_500_07,61.5,2.5,0.339618,0.353077,25,1
basigo_uni_corr,uni_corr_500_07,62,2.7,0.325484,0.341616,27,1
basigo_uni_corr,uni_corr_500_07,62.5,2.8,0.333003,0.350867,28,1
basigo_uni_corr,uni_corr_500_07,63,2.4,0.318548,0.336085,24,1
basigo_uni_corr,uni_corr_500_07,63.5,2.5,0.329568,0.344094,25,1
basigo_uni_corr,uni_corr_500_07,64,2.8,0.345493,0.36006,28,1
basigo_uni_corr,uni_corr_500_07,64.5,2.7,0.344582,0.363577,27,1
basigo_uni_corr,uni_corr_500_07,65,2.5,0.34364,0.366534,25,1
basigo_uni_corr,uni_corr_500_07,65.5,2.7,0.3477,0.36063,27,1
basigo_uni_corr,uni_corr_500_07,66,2.8,0.343604,0.36456,28,1
basigo_uni_corr,uni_corr_500_07,66.5,2.7,0.338895,0.350217,27,1
basigo_uni_corr,uni_corr_500_07,67,2.8,0.341504,0.36087,28,1
basigo_uni_corr,uni_corr_500_07,67.5,2.9,0.343965,0.35588,29,1
basigo_uni_corr,uni_corr_500_07,68,3,0.350653,0.364972,30,1
basigo_uni_corr,uni_corr_500_07,68.5,2.9,0.351694,0.361774,29,1
basigo_uni_corr,uni_corr_500_07,69,2.8,0.347047,0.356956,28,1
basigo_uni_corr,uni_corr_500_07,69.5,2.7,0.336306,0.348647,27,1
basigo_uni_corr,uni_corr_500_07,70,2.8,0.323576,0.342336,28,1
basigo_uni_corr,uni_corr_500_07,70.5,2.9,0.325573,0.341545,29,1
basigo_uni_corr,uni_corr_500_07,71,2.9,0.32646,0.339863,29,1
basigo_uni_corr,uni_corr_500_07,71.5,2.9,0.334951,0.345144,29,1
basigo_uni_corr,uni_corr_500_07,72,2.8,0.335313,0.350729,28,1
basigo_uni_corr,uni_corr_500_07,72.5,2.7,0.323877,0.336862,27,1
basigo_uni_corr,uni_corr_500_07,73,2.7,0.322334,0.337398,27,1
basigo_uni_corr,uni_corr_500_07,73.5,3.1,0.32163,0.339608,31,1
basigo_uni_corr,uni_corr_500_07,74,2.9,0.327235,0.347083,29,1
basigo_uni_corr,uni_corr_500_07,74.5,2.9,0.329562,0.341341,29,1
basigo_uni_corr,uni_corr_500_07,75,2.9,0.343225,0.361702,29,1
basigo_uni_corr,uni_corr_500_07,75.5,2.9,0.340282,0.355996,29,1
basigo_uni_corr,uni_corr_500_07,76,3,0.336583,0.354125,30,1
basigo_uni_corr,uni_corr_500_07,76.5,2.7,0.336774,0.356542,27,1
basigo_uni_corr,uni_corr_500_07,77,2.8,0.357834,0.376873,28,1
basigo_uni_corr,uni_corr_500_07,77.5,2.8,0.340025,0.356404,28,1
basigo_uni_corr,uni_corr_500_07,78,2.9,0.336715,0.357424,29,1
basigo_uni_corr,uni_corr_500_07,78.5,2.9,0.327412,0.352014,29,1
basigo_uni_corr,uni_corr_500_07,79,2.7,0.332345,0.350979,27,1
basigo_uni_corr,uni_corr_500_07,79.5,2.4,0.334627,0.351117,24,1
basigo_uni_corr,uni_corr_500_07,80,2.6,0.342127,0.358664,26,1
basigo_uni_corr,uni_corr_500_07,80.5,2.4,0.318661,0.341709,24,1
basigo_uni_corr,uni_corr_500_07,81,2.4,0.339659,0.358185,24,1
basigo_uni_corr,uni_corr_500_07,81.5,2.3,0.344446,0.366582,23,1
basigo_uni_corr,uni_corr_500_07,82,2.5,0.319959,0.339637,25,1
basigo_uni_corr,uni_corr_500_07,82.5,2.3,0.329698,0.351406,23,1
basigo_uni_corr,uni_corr_500_07,83,2.6,0.34956,0.378212,26,1
basigo_uni_corr,uni_corr_500_07,83.5,2.5,0.360786,0.374689,25,1
basigo_uni_corr,uni_corr_500_07,84,2.5,0.342171,0.359831,25,1
basigo_uni_corr,uni_corr_500_07,84.5,2.6,0.338605,0.358717,26,1
basigo_uni_corr,uni_corr_500_07,85,2.7,0.360559,0.368747,27,1
basigo_uni_corr,uni_corr_500_07,85.5,2.6,0.356868,0.374168,26,1
basigo_uni_corr,uni_corr_500_07,86,2.3,0.342458,0.356325,23,1
basigo_uni_corr,uni_corr_500_07,86.5,2.6,0.34347,0.356425,26,1
basigo_uni_corr,uni_corr_500_07,87,2.7,0.354059,0.362626,27,1
basigo_uni_corr,uni_corr_500_07,87.5,2.6,0.367419,0.374164,26,1
basigo_uni_corr,uni_corr_500_07,88,2.7,0.348784,0.365206,27,1
basigo_uni_corr,uni_corr_500_07,88.5,2.8,0.34853,0.362292,28,1
basigo_uni_corr,uni_corr_500_07,89,2.9,0.370615,0.385555,29,1
basigo_uni_corr,uni_corr_500_07,89.5,2.7,0.366109,0.376923,27,1
basigo_uni_corr,uni_corr_500_07,90,2.7,0.355939,0.366431,27,1
basigo_uni_corr,uni_corr_500_07,90.5,2.7,0.354831,0.371666,27,1
basigo_uni_corr,uni_corr_500_07,91,2.7,0.358428,0.373674,27,1
basigo_uni_corr,uni_corr_500_07,91.5,2.6,0.371512,0.383587,26,1
basigo_uni_corr,uni_corr_500_07,92,2.6,0.374274,0.392415,26,1
basigo_uni_corr,uni_corr_500_07,92.5,2.7,0.370867,0.384092,27,1
basigo_uni_corr,uni_corr_500_07,93,2.7,0.357987,0.37306,27,1
basigo_uni_corr,uni_corr_500_07,93.5,2.5,0.345347,0.358479,25,1
basigo_uni_corr,uni_corr_500_07,94,2.8,0.328728,0.342441,28,1
basigo_uni_corr,uni_corr_500_07,94.5,2.6,0.330469,0.344536,26,1
basigo_uni_corr,uni_corr_500_07,95,2.5,0.338221,0.349363,25,1
basigo_uni_corr,uni_corr_500_07,95.5,2.6,0.337066,0.349317,26,1
basigo_uni_corr,uni_corr_500_07,96,2.7,0.352951,0.368569,27,1
basigo_uni_corr,uni_corr_500_07,96.5,2.4,0.359368,0.369063,24,1
basigo_uni_corr,uni_corr_500_07,97,2.6,0.360476,0.369819,26,1
basigo_uni_corr,uni_corr_500_07,97.5,2.7,0.369752,0.38171,27,1
basigo_uni_corr,uni_corr_500_07,98,2.4,0.358176,0.373036,24,1
basigo_uni_corr,uni_corr_500_07,98.5,2.7,0.361335,0.372535,27,1
basigo_uni_corr,uni_corr_500_07,99,2.6,0.381727,0.393161,26,1
basigo_uni_corr,uni_corr_500_07,99.5,2.3,0.381231,0.391902,23,1
basigo_uni_corr,uni_corr_500_07,100,2.5,0.360593,0.375303,25,1
basigo_uni_corr,uni_corr_500_07,100.5,2.6,0.360285,0.37156,26,1
basigo_uni_corr,uni_corr_500_07,101,2.3,0.366646,0.378791,23,1
basigo_uni_corr,uni_corr_500_07,101.5,2.4,0.374225,0.386012,24,1
basigo_uni_corr,uni_corr_500_07,102,2.4,0.368617,0.387643,24,1
basigo_uni_corr,uni_corr_500_07,102.5,2.3,0.379002,0.393791,23,1
basigo_uni_corr,uni_corr_500_07,103,2.1,0.370942,0.393297,21,1
basigo_uni_corr,uni_corr_500_07,103.5,2.3,0.374925,0.383738,23,1
basigo_uni_corr,uni_corr_500_07,104,2.3,0.377126,0.397524,23,1
basigo_uni_corr,uni_corr_500_07,104.5,2.2,0.377553,0.384397,22,1
basigo_uni_corr,uni_corr_500_07,105,2.3,0.376586,0.393959,23,1
basigo_uni_corr,uni_corr_500_07,105.5,2.5,0.371618,0.391001,25,1
basigo_uni_corr,uni_corr_500_07,106,2.3,0.3688,0.379963,23,1
basigo_uni_corr,uni_corr_500_07,106.5,2.5,0.372078,0.386289,25,1
basigo_uni_corr,uni_corr_500_07,107,2.4,0.376014,0.38785,24,1
basigo_uni_corr,uni_corr_500_07,107.5,2.2,0.369394,0.386096,22,1
basigo_uni_corr,uni_corr_500_07,108,2.3,0.370596,0.381651,23,1
basigo_uni_corr,uni_corr_500_07,108.5,2.5,0.363332,0.382906,25,1
basigo_uni_corr,uni_corr_500_07,109,2.6,0.362533,0.377342,26,1
basigo_uni_corr,uni_corr_500_07,109.5,2.5,0.36581,0.384046,25,1
basigo_uni_corr,uni_corr_500_07,110,2.4,0.361551,0.37566,24,1
basigo_uni_corr,uni_corr_500_07,110.5,2.7,0.364599,0.377381,27,1
basigo_uni_corr,uni_corr_500_07,111,2.5,0.344532,0.360668,25,1
basigo_uni_corr,uni_corr_500_07,111.5,2.6,0.346043,0.360468,26,1
basigo_uni_corr,uni_corr_500_07,112,2.6,0.350807,0.366057,26,1
basigo_uni_corr,uni_corr_500_07,112.5,2.6,0.348761,0.35727,26,1
basigo_uni_corr,uni_corr_500_07,113,2.8,0.332511,0.349977,28,1
basigo_uni_corr,uni_corr_500_07,113.5,2.8,0.331385,0.342846,28,1
basigo_uni_corr,uni_corr_500_07,114,2.8,0.344671,0.354323,28,1
basigo_uni_corr,uni_corr_500_07,114.5,2.8,0.333273,0.3498,28,1
basigo_uni_corr,uni_corr_500_07,115,2.7,0.333094,0.342893,27,1
basigo_uni_corr,uni_corr_500_07,115.5,3.2,0.340925,0.353931,32,1
basigo_uni_corr,uni_corr_500_07,116,2.8,0.358232,0.371463,28,1
basigo_uni_corr,uni_corr_500_07,116.5,2.7,0.359902,0.370179,27,1
basigo_uni_corr,uni_corr_500_07,117,2.7,0.34199,0.355164,27,1
basigo_uni_corr,uni_corr_500_07,117.5,2.7,0.341542,0.357395,27,1
basigo_uni_corr,uni_corr_500_07,118,2.8,0.341509,0.353199,28,1
basigo_uni_corr,uni_corr_500_07,118.5,2.9,0.335648,0.348822,29,1
basigo_uni_corr,uni_corr_500_07,119,2.7,0.337899,0.350179,27,1
basigo_uni_corr,uni_corr_500_07,119.5,2.8,0.341779,0.357993,28,1
basigo_uni_corr,uni_corr_500_07,120,2.5,0.351552,0.365181,25,1
basigo_uni_corr,uni_corr_500_07,120.5,2.5,0.3681,0.378912,25,1
basigo_uni_corr,uni_corr_500_07,121,2.5,0.372051,0.387796,25,1
basigo_uni_corr,uni_corr_500_07,121.5,2.5,0.372514,0.386529,25,1
basigo_uni_corr,uni_corr_500_07,122,2.3,0.364047,0.377076,23,1
basigo_uni_corr,uni_corr_500_07,122.5,2.6,0.375029,0.384065,26,1
basigo_uni_corr,uni_corr_500_07,123,2.6,0.369637,0.386211,26,1
basigo_uni_corr,uni_corr_500_07,123.5,2.4,0.356276,0.368828,24,1
basigo_uni_corr,uni_corr_500_07,124,2.4,0.378198,0.395318,24,1
basigo_uni_corr,uni_corr_500_07,124.5,2.5,0.400734,0.412515,25,1
basigo_uni_corr,uni_corr_500_07,125,2.6,0.398995,0.409994,26,1
basigo_uni_corr,uni_corr_500_07,125.5,2.6,0.399201,0.410174,26,1
basigo_uni_corr,uni_corr_500_07,126,2.5,0.399518,0.413655,25,1
basigo_uni_corr,uni_corr_500_07,126.5,2.4,0.392247,0.405646,24,1
basigo_uni_corr,uni_corr_500_07,127,2.5,0.387381,0.402549,25,1
basigo_uni_corr,uni_corr_500_07,127.5,2.5,0.394562,0.412248,25,1
basigo_uni_corr,uni_corr_500_07,128,2.5,0.39384,0.403367,25,1
basigo_uni_corr,uni_corr_500_07,128.5,2.4,0.386718,0.401079,24,1
basigo_uni_corr,uni_corr_500_07,129,2.4,0.377485,0.389422,24,1
basigo_uni_corr,uni_corr_500_07,129.5,2.6,0.369589,0.386578,26,1
basigo_uni_corr,uni_corr_500_07,130,2.5,0.375447,0.387375,25,1
basigo_uni_corr,uni_corr_500_07,130.5,2.5,0.385442,0.395328,25,1
basigo_uni_corr,uni_corr_500_07,131,2.5,0.372383,0.386041,25,1
basigo_uni_corr,uni_corr_500_07,131.5,2.5,0.380092,0.393603,25,1
basigo_uni_corr,uni_corr_500_07,132,2.7,0.379791,0.391572,27,1
basigo_uni_corr,uni_corr_500_07,132.5,2.5,0.380875,0.392127,25,1
basigo_uni_corr,uni_corr_500_07,133,2.4,0.370164,0.382373,24,1
basigo_uni_corr,uni_corr_500_07,133.5,2.3,0.361579,0.371894,23,1
basigo_uni_corr,uni_corr_500_07,134,2.4,0.365862,0.385753,24,1
basigo_uni_corr,uni_corr_500_07,134.5,2.2,0.369897,0.383684,22,1
basigo_uni_corr,uni_corr_500_07,135,2.3,0.370644,0.388875,23,1
basigo_uni_corr,uni_corr_500_07,135.5,2.1,0.363667,0.378042,21,1
basigo_uni_corr,uni_corr_500_07,136,2.2,0.355103,0.385747,22,1
basigo_uni_corr,uni_corr_500_07,136.5,2.2,0.342814,0.359058,22,1
basigo_uni_corr,uni_corr_500_07,137,2.4,0.325626,0.353234,24,1
basigo_uni_corr,uni_corr_500_07,137.5,2.4,0.329635,0.344719,24,1
basigo_uni_corr,uni_corr_500_07,138,2.3,0.342377,0.371436,23,1
basigo_uni_corr,uni_corr_500_07,138.5,2.3,0.337728,0.356317,23,1
basigo_uni_corr,uni_corr_500_07,139,2.6,0.341645,0.369236,26,1
basigo_uni_corr,uni_corr_500_07,139.5,2.6,0.356852,0.373693,26,1
basigo_uni_corr,uni_corr_500_07,140,2.5,0.355783,0.372785,25,1
basigo_uni_corr,uni_corr_500_07,140.5,2.6,0.336976,0.354391,26,1
basigo_uni_corr,uni_corr_500_07,141,2.6,0.349143,0.365703,26,1
basigo_uni_corr,uni_corr_500_07,141.5,2.4,0.349965,0.372804,24,1
basigo_uni_corr,uni_corr_500_07,142,2.6,0.357496,0.383786,26,1
basigo_uni_corr,uni_corr_500_07,142.5,2.6,0.353783,0.368467,26,1
basigo_uni_corr,uni_corr_500_07,143,2.4,0.358803,0.380618,24,1
basigo_uni_corr,uni_corr_500_07,143.5,2.4,0.347807,0.368337,24,1
basigo_uni_corr,uni_corr_500_07,144,2.6,0.340906,0.362743,26,1
basigo_uni_corr,uni_corr_500_07,144.5,2.6,0.366518,0.384055,26,1
basigo_uni_corr,uni_corr_500_07,145,2.7,0.35157,0.367946,27,1
basigo_uni_corr,uni_corr_500_07,145.5,2.5,0.331206,0.352536,25,1
basigo_uni_corr,uni_corr_500_07,146,2.7,0.331237,0.353735,27,1
basigo_uni_corr,uni_corr_500_07,146.5,2.4,0.343665,0.362202,24,1
basigo_uni_corr,uni_corr_500_07,147,2.3,0.358794,0.380945,23,1
basigo_uni_corr,uni_corr_500_07,147.5,2.3,0.361464,0.375829,23,1
basigo_uni_corr,uni_corr_500_07,148,2.6,0.363773,0.381417,26,1
basigo_uni_corr,uni_corr_500_07,148.5,2.6,0.353019,0.367935,26,1
basigo_uni_corr,uni_corr_500_07,149,2.3,0.344503,0.359695,23,1
basigo_uni_corr,uni_corr_500_07,149.5,2.2,0.349817,0.364156,22,1
basigo_uni_corr,uni_corr_500_07,150,2.5,0.374747,0.390063,25,1
basigo_uni_corr,uni_corr_500_07,150.5,2.3,0.369695,0.384704,23,1
basigo_uni_corr,uni_corr_500_07,151,2.3,0.358954,0.379864,23,1
basigo_uni_corr,uni_corr_500_07,151.5,2.6,0.356324,0.373903,26,1
basigo_uni_corr,uni_corr_500_07,152,2.4,0.340355,0.356916,24,1
basigo_uni_corr,uni_corr_500_07,152.5,2.6,0.348409,0.368557,26,1
basigo_uni_corr,uni_corr_500_07,153,2.4,0.352063,0.370111,24,1
basigo_uni_corr,uni_corr_500_07,153.5,2.3,0.347346,0.365481,23,1
basigo_uni_corr,uni_corr_500_07,154,2.3,0.358087,0.373585,23,1
basigo_uni_corr,uni_corr_500_07,154.5,2.3,0.369187,0.391946,23,1
basigo_uni_corr,uni_corr_500_07,155,1.9,0.368441,0.385126,19,1
basigo_uni_corr,uni_corr_500_07,155.5,2.2,0.340386,0.369638,22,1
basigo_uni_corr,uni_corr_500_07,156,2.3,0.350041,0.365828,23,1
basigo_uni_corr,uni_corr_500_07,156.5,2.3,0.362187,0.378207,23,1
basigo_uni_corr,uni_corr_500_07,157,2.2,0.352595,0.365371,22,1
basigo_uni_corr,uni_corr_500_07,157.5,2.5,0.352834,0.378626,25,1
basigo_uni_corr,uni_corr_500_07,158,2.3,0.353608,0.367764,23,1
basigo_uni_corr,uni_corr_500_07,158.5,2.3,0.362048,0.379294,23,1
basigo_uni_corr,uni_corr_500_07,159,2.4,0.352373,0.369939,24,1
basigo_uni_corr,uni_corr_500_07,159.5,2.7,0.359583,0.373557,27,1
basigo_uni_corr,uni_corr_500_07,160,2.5,0.371903,0.390999,25,1
basigo_uni_corr,uni_corr_500_07,160.5,2.6,0.346051,0.359446,26,1
basigo_uni_corr,uni_corr_500_07,161,2.6,0.317382,0.341454,26,1
basigo_uni_corr,uni_corr_500_07,161.5,2.4,0.332348,0.350485,24,1
basigo_uni_corr,uni_corr_500_07,162,2.5,0.366695,0.377257,25,1
basigo_uni_corr,uni_corr_500_07,162.5,2.7,0.364747,0.384231,27,1
basigo_uni_corr,uni_corr_500_07,163,2.4,0.369269,0.385147,24,1
basigo_uni_corr,uni_corr_500_07,163.5,2.4,0.38927,0.400882,24,1
basigo_uni_corr,uni_corr_500_07,164,2.6,0.398303,0.412164,26,1
basigo_uni_corr,uni_corr_500_07,164.5,2.5,0.375835,0.390256,25,1
basigo_uni_corr,uni_corr_500_07,165,2.4,0.38296,0.397812,24,1
basigo_uni_corr,uni_corr_500_07,165.5,2.5,0.406452,0.416131,25,1
basigo_uni_corr,uni_corr_500_07,166,2.3,0.384644,0.396778,23,1
basigo_uni_corr,uni_corr_500_07,166.5,2.2,0.36861,0.382048,22,1
basigo_uni_corr,uni_corr_500_07,167,2.4,0.363729,0.383387,24,1
basigo_uni_corr,uni_corr_500_07,167.5,2.3,0.38335,0.393325,23,1
basigo_uni_corr,uni_corr_500_07,168,2.4,0.388097,0.402142,24,1
basigo_uni_corr,uni_corr_500_07,168.5,2.3,0.38434,0.397076,23,1
basigo_uni_corr,uni_corr_500_07,169,1.9,0.390385,0.40402,19,1
basigo_uni_corr,uni_corr_500_07,169.5,2.2,0.38809,0.398956,22,1
basigo_uni_corr,uni_corr_500_07,170,2.5,0.373283,0.383511,25,1
basigo_uni_corr,uni_corr_500_07,170.5,2.4,0.367304,0.378474,24,1
basigo_uni_corr,uni_corr_500_07,171,2.3,0.367894,0.378058,23,1
basigo_uni_corr,uni_corr_500_07,171.5,2.2,0.365573,0.384101,22,1
basigo_uni_corr,uni_corr_500_07,172,2.3,0.375675,0.386284,23,1
basigo_uni_corr,uni_corr_500_07,172.5,2,0.36616,0.38732,20,1
basigo_uni_corr,uni_corr_500_07,173,2.1,0.35349,0.365243,21,1
basigo_uni_corr,uni_corr_500_07,173.5,2.2,0.363963,0.384683,22,1
basigo_uni_corr,uni_corr_500_07,174,2.1,0.37484,0.389182,21,1
basigo_uni_corr,uni_corr_500_07,174.5,2.3,0.354017,0.368736,23,1
basigo_uni_corr,uni_corr_500_07,175,2.3,0.365389,0.379205,23,1
basigo_uni_corr,uni_corr_500_07,175.5,2,0.37236,0.389419,20,1
basigo_uni_corr,uni_corr_500_07,176,2.2,0.380211,0.396264,22,1
basigo_uni_corr,uni_corr_500_07,176.5,2.2,0.373472,0.385772,22,1
basigo_uni_corr,uni_corr_500_07,177,2.4,0.367769,0.385894,24,1
basigo_uni_corr,uni_corr_500_07,177.5,2.2,0.360161,0.371821,22,1
basigo_uni_corr,uni_corr_500_07,178,2.2,0.346134,0.371292,22,1
basigo_uni_corr,uni_corr_500_07,178.5,2.1,0.363602,0.375288,21,1
basigo_uni_corr,uni_corr_500_07,179,2.2,0.362825,0.377174,22,1
basigo_uni_corr,uni_corr_500_07,179.5,2.3,0.345704,0.35576,23,1
basigo_uni_corr,uni_corr_500_07,180,2.2,0.350756,0.370685,22,1
basigo_uni_corr,uni_corr_500_07,180.5,2.3,0.363823,0.37994,23,1
basigo_uni_corr,uni_corr_500_07,181,2.3,0.377964,0.394713,23,1
basigo_uni_corr,uni_corr_500_07,181.5,2.4,0.372005,0.389913,24,1
basigo_uni_corr,uni_corr_500_07,182,2.3,0.355834,0.378504,23,0
basigo_uni_corr,uni_corr_500_07,182.5,2.1,0.353427,0.370082,21,0
basigo_uni_corr,uni_corr_500_07,183,2.3,0.327141,0.355174,23,0
basigo_uni_corr,uni_corr_500_07,183.5,2.3,0.337708,0.361389,23,0
basigo_uni_corr,uni_corr_500_07,184,2.2,0.359552,0.379148,22,0
basigo_uni_corr,uni_corr_500_07,184.5,2.1,0.358784,0.377409,21,0
basigo_uni_corr,uni_corr_500_07,185,1.9,0.365215,0.380258,19,0
basigo_uni_corr,uni_corr_500_07,185.5,2,0.360807,0.380372,20,0
basigo_uni_corr,uni_corr_500_07,186,1.9,0.394743,0.407683,19,0
basigo_uni_corr,uni_corr_500_07,186.5,2,0.390043,0.404473,20,0
basigo_uni_corr,uni_corr_500_07,187,1.9,0.369794,0.376719,19,0
basigo_uni_corr,uni_corr_500_07,187.5,2,0.36352,0.383716,20,0
basigo_uni_corr,uni_corr_500_07,188,2.1,0.357275,0.370082,21,0
basigo_uni_corr,uni_corr_500_07,188.5,2.2,0.357101,0.386083,22,0
basigo_uni_corr,uni_corr_500_07,189,1.9,0.325019,0.366902,19,0
basigo_uni_corr,uni_corr_500_07,189.5,1.9,0.330293,0.367081,19,0
basigo_uni_corr,uni_corr_500_07,190,2,0.347852,0.378424,20,0
basigo_uni_corr,uni_corr_500_07,190.5,1.7,0.358692,0.37515,17,0
basigo_uni_corr,uni_corr_500_07,191,1.6,0.346155,0.363873,16,0
basigo_uni_corr,uni_corr_500_07,191.5,1.5,0.337704,0.35002,15,0
basigo_uni_corr,uni_corr_500_07,192,1.8,0.357671,0.376757,18,0
basigo_uni_corr,uni_corr_500_07,192.5,1.5,0.384001,0.404041,15,0
basigo_uni_corr,uni_corr_500_07,193,1.3,0.393427,0.41893,13,0
basigo_uni_corr,uni_corr_500_07,193.5,1.1,0.388808,0.404857,11,0
basigo_uni_corr,uni_corr_500_07,194,1.2,0.394762,0.415145,12,0
basigo_uni_corr,uni_corr_500_07,194.5,1.2,0.428573,0.442048,12,0
basigo_uni_corr,uni_corr_500_07,195,1.2,0.406579,0.42831,12,0
basigo_uni_corr,uni_corr_500_07,195.5,1.1,0.388063,0.406624,11,0
basigo_uni_corr,uni_corr_500_07,196,1,0.390771,0.411382,10,0
basigo_uni_corr,uni_corr_500_07,196.5,1.1,0.367488,0.393558,11,0
basigo_uni_corr,uni_corr_500_07,197,0.8,0.342137,0.361604,8,0
basigo_uni_corr,uni_corr_500_07,197.5,0.7,0.327413,0.35591,7,0
basigo_uni_corr,uni_corr_500_07,198,0.7,0.317595,0.347773,7,0
basigo_uni_corr,uni_corr_500_07,198.5,0.7,0.327432,0.347123,7,0
basigo_uni_corr,uni_corr_500_07,199,0.6,0.3661,0.388745,6,0
basigo_uni_corr,uni_corr_500_07,199.5,0.5,0.379013,0.391287,5,0
basigo_uni_corr,uni_corr_500_07,200,0.3,0.370104,0.40765,3,0
basigo_uni_corr,uni_corr_500_07,200.5,0.2,0.348394,0.438798,2,0
basigo_uni_corr,uni_corr_500_07,201,0.2,0.346682,0.348173,2,0
basigo_uni_corr,uni_corr_500_07,201.5,0.1,0.364563,0.390927,1,0
basigo_uni_corr,uni_corr_500_08,4.75,0.1,1.61969,1.63009,1,0
basigo_uni_corr,uni_corr_500_08,5.25,0.1,1.66658,1.68362,1,0
basigo_uni_corr,uni_corr_500_08,5.75,0.4,1.47622,1.48122,4,0
basigo_uni_corr,uni_corr_500_08,6.25,0.5,1.38453,1.38984,5,0
basigo_uni_corr,uni_corr_500_08,6.75,1.1,1.3705,1.37905,11,0
basigo_uni_corr,uni_corr_500_08,7.25,1.3,1.36978,1.38011,13,0
basigo_uni_corr,uni_corr_500_08,7.75,1.3,1.30173,1.31198,13,0
basigo_uni_corr,uni_corr_500_08,8.25,1.2,1.25349,1.26138,12,0
basigo_uni_corr,uni_corr_500_08,8.75,1.1,1.22656,1.22925,11,0
basigo_uni_corr,uni_corr_500_08,9.25,1,1.19004,1.19236,10,0
basigo_uni_corr,uni_corr_500_08,9.75,1.2,1.13648,1.14136,12,0
basigo_uni_corr,uni_corr_500_08,10.25,1.2,1.0959,1.10161,12,0
basigo_uni_corr,uni_corr_500_08,10.75,1.3,1.05452,1.06086,13,0
basigo_uni_corr,uni_corr_500_08,11.25,1.6,0.983379,0.988076,16,0
basigo_uni_corr,uni_corr_500_08,11.75,1.9,0.96362,0.966172,19,0
basigo_uni_corr,uni_corr_500_08,12.25,1.5,0.926877,0.930534,15,0
basigo_uni_corr,uni_corr_500_08,12.75,1.7,0.912568,0.916086,17,0
basigo_uni_corr,uni_corr_500_08,13.25,1.5,0.886968,0.88968,15,0
basigo_uni_corr,uni_corr_500_08,13.75,1.7,0.886123,0.890099,17,0
basigo_uni_corr,uni_corr_500_08,14.25,1.8,0.900757,0.904399,18,0
basigo_uni_corr,uni_corr_500_08,14.75,1.8,0.857273,0.860867,18,0
basigo_uni_corr,uni_corr_500_08,15.25,2.2,0.800439,0.804242,22,0
basigo_uni_corr,uni_corr_500_08,15.75,2.4,0.757324,0.759741,24,0
basigo_uni_corr,uni_corr_500_08,16.25,2.5,0.734722,0.739328,25,0
basigo_uni_corr,uni_corr_500_08,16.75,2.5,0.70085,0.705774,25,0
basigo_uni_corr,uni_corr_500_08,17.25,2.9,0.643921,0.646381,29,0
basigo_uni_corr,uni_corr_500_08,17.75,2.8,0.613304,0.618775,28,0
basigo_uni_corr,uni_corr_500_08,18.25,2.9,0.511905,0.519499,29,0
basigo_uni_corr,uni_corr_500_08,18.75,3.1,0.452609,0.459399,31,0
basigo_uni_corr,uni_corr_500_08,19.25,2.8,0.431697,0.442046,28,0
basigo_uni_corr,uni_corr_500_08,19.75,2.7,0.392536,0.402088,27,0
basigo_uni_corr,uni_corr_500_08,20.25,2.6,0.387468,0.402596,26,0
basigo_uni_corr,uni_corr_500_08,20.75,2.7,0.347504,0.362884,27,0
basigo_uni_corr,uni_corr_500_08,21.25,2.6,0.350187,0.366481,26,0
basigo_uni_corr,uni_corr_500_08,21.75,2.8,0.379369,0.3935,28,0
basigo_uni_corr,uni_corr_500_08,22.25,2.8,0.374612,0.385925,28,0
basigo_uni_corr,uni_corr_500_08,22.75,2.6,0.362928,0.375433,26,0
basigo_uni_corr,uni_corr_500_08,23.25,2.6,0.355446,0.368068,26,0
basigo_uni_corr,uni_corr_500_08,23.75,2.8,0.355025,0.371259,28,0
basigo_uni_corr,uni_corr_500_08,24.25,2.8,0.357544,0.367212,28,0
basigo_uni_corr,uni_corr_500_08,24.75,2.8,0.339886,0.352741,28,0
basigo_uni_corr,uni_corr_500_08,25.25,2.6,0.321952,0.338781,26,0
basigo_uni_corr,uni_corr_500_08,25.75,3,0.321361,0.341957,30,1
basigo_uni_corr,uni_corr_500_08,26.25,3,0.32257,0.336588,30,1
basigo_uni_corr,uni_corr_500_08,26.75,3.1,0.325624,0.344871,31,1
basigo_uni_corr,uni_corr_500_08,27.25,2.8,0.311979,0.329229,28,1
basigo_uni_corr,uni_corr_500_08,27.75,3.1,0.325995,0.34054,31,1
basigo_uni_corr,uni_corr_500_08,28.25,2.8,0.32301,0.336695,28,1
basigo_uni_corr,uni_corr_500_08,28.75,2.9,0.304134,0.329864,29,1
basigo_uni_corr,uni_corr_500_08,29.25,3,0.306148,0.322644,30,1
basigo_uni_corr,uni_corr_500_08,29.75,2.7,0.320793,0.340008,27,1
basigo_uni_corr,uni_corr_500_08,30.25,2.9,0.300198,0.320762,29,1
basigo_uni_corr,uni_corr_500_08,30.75,3.1,0.283941,0.30836,31,1
basigo_uni_corr,uni_corr_500_08,31.25,3.1,0.309741,0.328961,31,1
basigo_uni_corr,uni_corr_500_08,31.75,2.9,0.318312,0.339743,29,1
basigo_uni_corr,uni_corr_500_08,32.25,3.1,0.305494,0.322341,31,1
basigo_uni_corr,uni_corr_500_08,32.75,3,0.298363,0.320927,30,1
basigo_uni_corr,uni_corr_500_08,33.25,2.9,0.298304,0.321019,29,1
basigo_uni_corr,uni_corr_500_08,33.75,2.9,0.295434,0.311568,29,1
basigo_uni_corr,uni_corr_500_08,34.25,2.7,0.273535,0.285956,27,1
basigo_uni_corr,uni_corr_500_08,34.75,3,0.27172,0.289019,30,1
basigo_uni_corr,uni_corr_500_08,35.25,3.1,0.279855,0.294982,31,1
basigo_uni_corr,uni_corr_500_08,35.75,2.9,0.239538,0.259667,29,1
basigo_uni_corr,uni_corr_500_08,36.25,2.9,0.232211,0.254884,29,1
basigo_uni_corr,uni_corr_500_08,36.75,3,0.231547,0.252492,30,1
basigo_uni_corr,uni_corr_500_08,37.25,3,0.23648,0.261148,30,1
basigo_uni_corr,uni_corr_500_08,37.75,3.1,0.233242,0.254473,31,1
basigo_uni_corr,uni_corr_500_08,38.25,3.1,0.24303,0.258752,31,1
basigo_uni_corr,uni_corr_500_08,38.75,3.1,0.239423,0.262828,31,1
basigo_uni_corr,uni_corr_500_08,39.25,2.8,0.234641,0.252412,28,1
basigo_uni_corr,uni_corr_500_08,39.75,3.2,0.229979,0.249908,32,1
basigo_uni_corr,uni_corr_500_08,40.25,3.3,0.2037,0.231642,33,1
basigo_uni_corr,uni_corr_500_08,40.75,3.5,0.205339,0.234437,35,1
basigo_uni_corr,uni_corr_500_08,41.25,3.1,0.213175,0.237426,31,1
basigo_uni_corr,uni_corr_500_08,41.75,3.1,0.223494,0.249322,31,1
basigo_uni_corr,uni_corr_500_08,42.25,3.1,0.24014,0.261124,31,1
basigo_uni_corr,uni_corr_500_08,42.75,3,0.243667,0.267979,30,1
basigo_uni_corr,uni_corr_500_08,43.25,3,0.2246,0.253523,30,1
basigo_uni_corr,uni_corr_500_08,43.75,3.1,0.223761,0.252768,31,1
basigo_uni_corr,uni_corr_500_08,44.25,3.1,0.228426,0.252032,31,1
basigo_uni_corr,uni_corr_500_08,44.75,3,0.214772,0.244548,30,1
basigo_uni_corr,uni_corr_500_08,45.25,2.7,0.207846,0.237422,27,1
basigo_uni_corr,uni_corr_500_08,45.75,3,0.229907,0.263574,30,1
basigo_uni_corr,uni_corr_500_08,46.25,3,0.22815,0.251239,30,1
basigo_uni_corr,uni_corr_500_08,46.75,3,0.236801,0.265389,30,1
basigo_uni_corr,uni_corr_500_08,47.25,2.9,0.227485,0.261667,29,1
basigo_uni_corr,uni_corr_500_08,47.75,2.7,0.215665,0.257003,27,1
basigo_uni_corr,uni_corr_500_08,48.25,2.8,0.230384,0.262384,28,1
basigo_uni_corr,uni_corr_500_08,48.75,2.6,0.247449,0.281849,26,1
basigo_uni_corr,uni_corr_500_08,49.25,2.7,0.240472,0.271113,27,1
basigo_uni_corr,uni_corr_500_08,49.75,2.7,0.238106,0.262272,27,1
basigo_uni_corr,uni_corr_500_08,50.25,2.5,0.248077,0.274767,25,1
basigo_uni_corr,uni_corr_500_08,50.75,2.5,0.277766,0.304247,25,1
basigo_uni_corr,uni_corr_500_08,51.25,2.5,0.275391,0.302708,25,1
basigo_uni_corr,uni_corr_500_08,51.75,2.6,0.251432,0.275372,26,1
basigo_uni_corr,uni_corr_500_08,52.25,2.6,0.240461,0.266153,26,1
basigo_uni_corr,uni_corr_500_08,52.75,2.6,0.241599,0.271667,26,1
basigo_uni_corr,uni_corr_500_08,53.25,2.6,0.24977,0.27251,26,1
basigo_uni_corr,uni_corr_500_08,53.75,2.9,0.255172,0.284139,29,1
basigo_uni_corr,uni_corr_500_08,54.25,2.7,0.231326,0.255039,27,1
basigo_uni_corr,uni_corr_500_08,54.75,2.7,0.224186,0.25787,27,1
basigo_uni_corr,uni_corr_500_08,55.25,2.8,0.238843,0.264231,28,1
basigo_uni_corr,uni_corr_500_08,55.75,2.7,0.246557,0.278776,27,1
basigo_uni_corr,uni_corr_500_08,56.25,2.7,0.239427,0.275426,27,1
basigo_uni_corr,uni_corr_500_08,56.75,2.9,0.249721,0.267301,29,1
basigo_uni_corr,uni_corr_500_08,57.25,2.9,0.255797,0.282141,29,1
basigo_uni_corr,uni_corr_500_08,57.75,2.8,0.255278,0.285421,28,1
basigo_uni_corr,uni_corr_500_08,58.25,2.9,0.255315,0.275885,29,1
basigo_uni_corr,uni_corr_500_08,58.75,3.2,0.265584,0.302786,32,1
basigo_uni_corr,uni_corr_500_08,59.25,2.9,0.25473,0.283835,29,1
basigo_uni_corr,uni_corr_500_08,59.75,3,0.253471,0.274434,30,1
basigo_uni_corr,uni_corr_500_08,60.25,3,0.24449,0.276241,30,1
basigo_uni_corr,uni_corr_500_08,60.75,3.1,0.256144,0.271203,31,1
basigo_uni_corr,uni_corr_500_08,61.25,3.1,0.272846,0.29353,31,1
basigo_uni_corr,uni_corr_500_08,61.75,3.2,0.269339,0.293625,32,1
basigo_uni_corr,uni_corr_500_08,62.25,3.2,0.253149,0.282205,32,1
basigo_uni_corr,uni_corr_500_08,62.75,3.1,0.271537,0.300868,31,1
basigo_uni_corr,uni_corr_500_08,63.25,3.3,0.282255,0.297361,33,1
basigo_uni_corr,uni_corr_500_08,63.75,3.2,0.270343,0.296926,32,1
basigo_uni_corr,uni_corr_500_08,64.25,3.2,0.260975,0.283226,32,1
basigo_uni_corr,uni_corr_500_08,64.75,3.1,0.280597,0.306163,31,1
basigo_uni_corr,uni_corr_500_08,65.25,3.1,0.287808,0.306436,31,1
basigo_uni_corr,uni_corr_500_08,65.75,3.2,0.281073,0.308008,32,1
basigo_uni_corr,uni_corr_500_08,66.25,3.1,0.260011,0.291581,31,1
basigo_uni_corr,uni_corr_500_08,66.75,3,0.249882,0.274378,30,1
basigo_uni_corr,uni_corr_500_08,67.25,3.3,0.259328,0.283918,33,1
basigo_uni_corr,uni_corr_500_08,67.75,3.3,0.263038,0.289624,33,1
basigo_uni_corr,uni_corr_500_08,68.25,3.4,0.264872,0.279584,34,1
basigo_uni_corr,uni_corr_500_08,68.75,3.3,0.255307,0.287411,33,1
basigo_uni_corr,uni_corr_500_08,69.25,3.1,0.247769,0.262147,31,1
basigo_uni_corr,uni_corr_500_08,69.75,3.2,0.260172,0.283355,32,1
basigo_uni_corr,uni_corr_500_08,70.25,3.1,0.275364,0.291453,31,1
basigo_uni_corr,uni_corr_500_08,70.75,3.2,0.264058,0.287107,32,1
basigo_uni_corr,uni_corr_500_08,71.25,3.2,0.258382,0.285706,32,1
basigo_uni_corr,uni_corr_500_08,71.75,3,0.266617,0.284008,30,1
basigo_uni_corr,uni_corr_500_08,72.25,2.7,0.258533,0.284745,27,1
basigo_uni_corr,uni_corr_500_08,72.75,3,0.257293,0.279813,30,1
basigo_uni_corr,uni_corr_500_08,73.25,2.8,0.251434,0.28086,28,1
basigo_uni_corr,uni_corr_500_08,73.75,3,0.262657,0.288268,30,1
basigo_uni_corr,uni_corr_500_08,74.25,3.1,0.254627,0.281601,31,1
basigo_uni_corr,uni_corr_500_08,74.75,2.9,0.237427,0.262099,29,1
basigo_uni_corr,uni_corr_500_08,75.25,2.9,0.244322,0.271065,29,1
basigo_uni_corr,uni_corr_500_08,75.75,2.8,0.256951,0.279979,28,1
basigo_uni_corr,uni_corr_500_08,76.25,3.2,0.254674,0.275661,32,1
basigo_uni_corr,uni_corr_500_08,76.75,2.9,0.242688,0.271456,29,1
basigo_uni_corr,uni_corr_500_08,77.25,3,0.233638,0.25253,30,1
basigo_uni_corr,uni_corr_500_08,77.75,3,0.244516,0.280843,30,1
basigo_uni_corr,uni_corr_500_08,78.25,3,0.21998,0.246019,30,1
basigo_uni_corr,uni_corr_500_08,78.75,3,0.199215,0.230508,30,1
basigo_uni_corr,uni_corr_500_08,79.25,3.2,0.201178,0.23217,32,1
basigo_uni_corr,uni_corr_500_08,79.75,3,0.18889,0.221893,30,1
basigo_uni_corr,uni_corr_500_08,80.25,3.1,0.193058,0.219785,31,1
basigo_uni_corr,uni_corr_500_08,80.75,3.1,0.198359,0.230565,31,1
basigo_uni_corr,uni_corr_500_08,81.25,3,0.200861,0.222095,30,1
basigo_uni_corr,uni_corr_500_08,81.75,3,0.220597,0.246437,30,1
basigo_uni_corr,uni_corr_500_08,82.25,3,0.227471,0.250384,30,1
basigo_uni_corr,uni_corr_500_08,82.75,3.3,0.234901,0.261597,33,1
basigo_uni_corr,uni_corr_500_08,83.25,3.2,0.249783,0.267516,32,1
basigo_uni_corr,uni_corr_500_08,83.75,2.9,0.255707,0.279403,29,1
basigo_uni_corr,uni_corr_500_08,84.25,3,0.250453,0.269924,30,1
basigo_uni_corr,uni_corr_500_08,84.75,2.9,0.251661,0.268422,29,1
basigo_uni_corr,uni_corr_500_08,85.25,3.2,0.249334,0.268254,32,1
basigo_uni_corr,uni_corr_500_08,85.75,3.2,0.24036,0.264095,32,1
basigo_uni_corr,uni_corr_500_08,86.25,3,0.234958,0.252091,30,1
basigo_uni_corr,uni_corr_500_08,86.75,2.9,0.239153,0.262726,29,1
basigo_uni_corr,uni_corr_500_08,87.25,2.8,0.234075,0.260987,28,1
basigo_uni_corr,uni_corr_500_08,87.75,3.1,0.245717,0.259175,31,1
basigo_uni_corr,uni_corr_500_08,88.25,3.1,0.246771,0.26945,31,1
basigo_uni_corr,uni_corr_500_08,88.75,3.3,0.239241,0.258279,33,1
basigo_uni_corr,uni_corr_500_08,89.25,2.9,0.225487,0.254706,29,1
basigo_uni_corr,uni_corr_500_08,89.75,2.9,0.210202,0.226567,29,1
basigo_uni_corr,uni_corr_500_08,90.25,3.2,0.2,0.227479,32,1
basigo_uni_corr,uni_corr_500_08,90.75,3.2,0.196961,0.222823,32,1
basigo_uni_corr,uni_corr_500_08,91.25,2.9,0.157294,0.176275,29,1
basigo_uni_corr,uni_corr_500_08,91.75,2.8,0.117086,0.141618,28,1
basigo_uni_corr,uni_corr_500_08,92.25,2.7,0.103632,0.123609,27,1
basigo_uni_corr,uni_corr_500_08,92.75,2.7,0.091045,0.12073,27,1
basigo_uni_corr,uni_corr_500_08,93.25,2.7,0.074381,0.0956564,27,1
basigo_uni_corr,uni_corr_500_08,93.75,2.7,0.0532282,0.0774672,27,1
basigo_uni_corr,uni_corr_500_08,94.25,2.8,0.0341522,0.0681901,28,1
basigo_uni_corr,uni_corr_500_08,94.75,2.8,0.014252,0.0570919,28,1
basigo_uni_corr,uni_corr_500_08,95.25,2.8,0.0049659,0.0385475,28,1
basigo_uni_corr,uni_corr_500_08,95.75,2.8,0.00520143,0.0379502,28,1
basigo_uni_corr,uni_corr_500_08,96.25,2.8,0.00585607,0.0310886,28,1
basigo_uni_corr,uni_corr_500_08,96.75,2.8,0.00368347,0.0407378,28,1
basigo_uni_corr,uni_corr_500_08,97.25,2.8,0.00213181,0.0335673,28,1
basigo_uni_corr,uni_corr_500_08,97.75,2.8,0.00288656,0.0273309,28,1
basigo_uni_corr,uni_corr_500_08,98.25,2.8,0.00166612,0.0296069,28,1
basigo_uni_corr,uni_corr_500_08,98.75,2.8,0.0001447,0.0298042,28,1
basigo_uni_corr,uni_corr_500_08,99.25,2.9,0.00750153,0.0357366,29,1
basigo_uni_corr,uni_corr_500_08,99.75,2.9,0.00935985,0.0314006,29,1
basigo_uni_corr,uni_corr_500_08,100.25,2.8,0.00676434,0.0244201,28,1
basigo_uni_corr,uni_corr_500_08,100.75,2.8,0.0049025,0.0203869,28,1
basigo_uni_corr,uni_corr_500_08,101.25,2.7,0.00152934,0.0247203,27,1
basigo_uni_corr,uni_corr_500_08,101.75,2.7,0.00323296,0.0258842,27,1
basigo_uni_corr,uni_corr_500_08,102.25,2.7,0.000440115,0.0208248,27,1
basigo_uni_corr,uni_corr_500_08,102.75,2.7,-0.00319167,0.0205209,27,1
basigo_uni_corr,uni_corr_500_08,103.25,2.7,-0.00462389,0.0164294,27,1
basigo_uni_corr,uni_corr_500_08,103.75,2.7,-0.00325236,0.0209686,27,1
basigo_uni_corr,uni_corr_500_08,104.25,2.7,0.000489063,0.0212898,27,1
basigo_uni_corr,uni_corr_500_08,104.75,2.7,-0.00154933,0.0177587,27,1
basigo_uni_corr,uni_corr_500_08,105.25,2.7,-0.00357267,0.0244695,27,1
basigo_uni_corr,uni_corr_500_08,105.75,2.7,-0.00206075,0.02853,27,1
basigo_uni_corr,uni_corr_500_08,106.25,2.7,-7.65737e-05,0.0209266,27,1
basigo_uni_corr,uni_corr_500_08,106.75,2.7,-0.0012893,0.0198569,27,1
basigo_uni_corr,uni_corr_500_08,107.25,2.7,-0.00742939,0.0207847,27,1
basigo_uni_corr,uni_corr_500_08,107.75,2.7,-0.00764344,0.0285846,27,1
basigo_uni_corr,uni_corr_500_08,108.25,2.7,0.00198559,0.0285031,27,1
basigo_uni_corr,uni_corr_500_08,108.75,2.7,0.00479741,0.0235578,27,1
basigo_uni_corr,uni_corr_500_08,109.25,2.7,0.00449915,0.0246847,27,1
basigo_uni_corr,uni_corr_500_08,109.75,2.7,0.006573,0.0257726,27,1
basigo_uni_corr,uni_corr_500_08,110.25,2.6,0.00486217,0.0154059,26,1
basigo_uni_corr,uni_corr_500_08,110.75,2.6,0.000354252,0.0154363,26,1
basigo_uni_corr,uni_corr_500_08,111.25,2.7,0.00126021,0.0197952,27,1
basigo_uni_corr,uni_corr_500_08,111.75,2.7,-0.000412789,0.0223191,27,1
basigo_uni_corr,uni_corr_500_08,112.25,2.8,0.00270697,0.0300357,28,1
basigo_uni_corr,uni_corr_500_08,112.75,2.8,0.00104901,0.0279502,28,1
basigo_uni_corr,uni_corr_500_08,113.25,2.8,-0.0022088,0.0253961,28,1
basigo_uni_corr,uni_corr_500_08,113.75,2.8,-0.00609248,0.0286029,28,1
basigo_uni_corr,uni_corr_500_08,114.25,2.8,0.0044604,0.046724,28,1
basigo_uni_corr,uni_corr_500_08,114.75,2.9,0.0325279,0.0701172,29,1
basigo_uni_corr,uni_corr_500_08,115.25,2.8,0.0770824,0.111035,28,1
basigo_uni_corr,uni_corr_500_08,115.75,3,0.131646,0.158569,30,1
basigo_uni_corr,uni_corr_500_08,116.25,2.9,0.206043,0.230695,29,1
basigo_uni_corr,uni_corr_500_08,116.75,2.8,0.274096,0.299947,28,1
basigo_uni_corr,uni_corr_500_08,117.25,2.6,0.331151,0.349121,26,1
basigo_uni_corr,uni_corr_500_08,117.75,2.6,0.393306,0.40706,26,1
basigo_uni_corr,uni_corr_500_08,118.25,2.8,0.465675,0.473983,28,1
basigo_uni_corr,uni_corr_500_08,118.75,2.6,0.505883,0.514115,26,1
basigo_uni_corr,uni_corr_500_08,119.25,2.6,0.508767,0.517694,26,1
basigo_uni_corr,uni_corr_500_08,119.75,2.7,0.529624,0.536665,27,1
basigo_uni_corr,uni_corr_500_08,120.25,2.8,0.582066,0.586914,28,1
basigo_uni_corr,uni_corr_500_08,120.75,2.4,0.615632,0.622459,24,1
basigo_uni_corr,uni_corr_500_08,121.25,2.6,0.621871,0.625557,26,1
basigo_uni_corr,uni_corr_500_08,121.75,2.6,0.615693,0.62094,26,1
basigo_uni_corr,uni_corr_500_08,122.25,2.5,0.654125,0.656737,25,1
basigo_uni_corr,uni_corr_500_08,122.75,2.6,0.653647,0.656776,26,1
basigo_uni_corr,uni_corr_500_08,123.25,2.5,0.675322,0.678877,25,1
basigo_uni_corr,uni_corr_500_08,123.75,2.5,0.680444,0.682805,25,1
basigo_uni_corr,uni_corr_500_08,124.25,2.2,0.710574,0.714144,22,1
basigo_uni_corr,uni_corr_500_08,124.75,2.2,0.689271,0.694217,22,1
basigo_uni_corr,uni_corr_500_08,125.25,2.2,0.687781,0.692939,22,1
basigo_uni_corr,uni_corr_500_08,125.75,2.1,0.68376,0.686497,21,1
basigo_uni_corr,uni_corr_500_08,126.25,2.2,0.70241,0.706855,22,1
basigo_uni_corr,uni_corr_500_08,126.75,1.7,0.714189,0.718728,17,1
basigo_uni_corr,uni_corr_500_08,127.25,2.1,0.682329,0.685762,21,1
basigo_uni_corr,uni_corr_500_08,127.75,1.8,0.666759,0.671207,18,1
basigo_uni_corr,uni_corr_500_08,128.25,1.7,0.668808,0.674404,17,1
basigo_uni_corr,uni_corr_500_08,128.75,2,0.702891,0.705423,20,1
basigo_uni_corr,uni_corr_500_08,129.25,1.9,0.687728,0.693771,19,1
basigo_uni_corr,uni_corr_500_08,129.75,2.2,0.676356,0.681067,22,1
basigo_uni_corr,uni_corr_500_08,130.25,2.2,0.68005,0.685501,22,1
basigo_uni_corr,uni_corr_500_08,130.75,2.2,0.680451,0.687918,22,1
basigo_uni_corr,uni_corr_500_08,131.25,2.3,0.679148,0.684094,23,1
basigo_uni_corr,uni_corr_500_08,131.75,2.2,0.671747,0.675717,22,1
basigo_uni_corr,uni_corr_500_08,132.25,2.1,0.665088,0.673641,21,1
basigo_uni_corr,uni_corr_500_08,132.75,2.2,0.665376,0.669072,22,1
basigo_uni_corr,uni_corr_500_08,133.25,2.3,0.658679,0.662681,23,1
basigo_uni_corr,uni_corr_500_08,133.75,2.2,0.654646,0.659551,22,1
basigo_uni_corr,uni_corr_500_08,134.25,1.9,0.647671,0.651321,19,1
basigo_uni_corr,uni_corr_500_08,134.75,2,0.643555,0.64839,20,1
basigo_uni_corr,uni_corr_500_08,135.25,1.8,0.652173,0.65818,18,1
basigo_uni_corr,uni_corr_500_08,135.75,1.8,0.665151,0.669927,18,1
basigo_uni_corr,uni_corr_500_08,136.25,1.9,0.64063,0.647486,19,1
basigo_uni_corr,uni_corr_500_08,136.75,2,0.63683,0.640279,20,1
basigo_uni_corr,uni_corr_500_08,137.25,2.2,0.631973,0.63766,22,1
basigo_uni_corr,uni_corr_500_08,137.75,2.2,0.632089,0.636737,22,1
basigo_uni_corr,uni_corr_500_08,138.25,2.2,0.64007,0.644314,22,1
basigo_uni_corr,uni_corr_500_08,138.75,2,0.64096,0.645662,20,1
basigo_uni_corr,uni_corr_500_08,139.25,2.4,0.623559,0.629572,24,1
basigo_uni_corr,uni_corr_500_08,139.75,1.8,0.628611,0.634496,18,1
basigo_uni_corr,uni_corr_500_08,140.25,1.9,0.611903,0.617446,19,1
basigo_uni_corr,uni_corr_500_08,140.75,2.1,0.623554,0.629341,21,1
basigo_uni_corr,uni_corr_500_08,141.25,2.2,0.609454,0.616601,22,1
basigo_uni_corr,uni_corr_500_08,141.75,2.4,0.612053,0.617515,24,1
basigo_uni_corr,uni_corr_500_08,142.25,2.4,0.616077,0.621949,24,1
basigo_uni_corr,uni_corr_500_08,142.75,2.3,0.582257,0.587724,23,1
basigo_uni_corr,uni_corr_500_08,143.25,2.2,0.581924,0.58989,22,1
basigo_uni_corr,uni_corr_500_08,143.75,2.2,0.606507,0.611876,22,1
basigo_uni_corr,uni_corr_500_08,144.25,2.1,0.625584,0.631545,21,1
basigo_uni_corr,uni_corr_500_08,144.75,2.1,0.589388,0.594233,21,1
basigo_uni_corr,uni_corr_500_08,145.25,1.8,0.600273,0.607665,18,1
basigo_uni_corr,uni_corr_500_08,145.75,1.8,0.615144,0.622149,18,1
basigo_uni_corr,uni_corr_500_08,146.25,2,0.623981,0.631713,20,1
basigo_uni_corr,uni_corr_500_08,146.75,1.6,0.616337,0.622315,16,1
basigo_uni_corr,uni_corr_500_08,147.25,1.9,0.607674,0.614245,19,1
basigo_uni_corr,uni_corr_500_08,147.75,1.5,0.589588,0.598075,15,1
basigo_uni_corr,uni_corr_500_08,148.25,2,0.600673,0.606139,20,1
basigo_uni_corr,uni_corr_500_08,148.75,1.8,0.599732,0.607077,18,1
basigo_uni_corr,uni_corr_500_08,149.25,1.9,0.578924,0.58612,19,1
basigo_uni_corr,uni_corr_500_08,149.75,2,0.592703,0.599815,20,1
basigo_uni_corr,uni_corr_500_08,150.25,2.3,0.596824,0.603373,23,1
basigo_uni_corr,uni_corr_500_08,150.75,2.1,0.575334,0.583296,21,1
basigo_uni_corr,uni_corr_500_08,151.25,2,0.572943,0.580753,20,1
basigo_uni_corr,uni_corr_500_08,151.75,2.1,0.560877,0.570458,21,1
basigo_uni_corr,uni_corr_500_08,152.25,2.3,0.569682,0.576879,23,1
basigo_uni_corr,uni_corr_500_08,152.75,2.3,0.5646,0.571358,23,1
basigo_uni_corr,uni_corr_500_08,153.25,2.2,0.573915,0.582387,22,1
basigo_uni_corr,uni_corr_500_08,153.75,2.4,0.574355,0.580807,24,1
basigo_uni_corr,uni_corr_500_08,154.25,2.3,0.545007,0.554644,23,1
basigo_uni_corr,uni_corr_500_08,154.75,2.2,0.539991,0.548095,22,1
basigo_uni_corr,uni_corr_500_08,155.25,2.3,0.515206,0.526968,23,1
basigo_uni_corr,uni_corr_500_08,155.75,2.3,0.516882,0.524207,23,1
basigo_uni_corr,uni_corr_500_08,156.25,2,0.52272,0.533599,20,1
basigo_uni_corr,uni_corr_500_08,156.75,2.3,0.520697,0.528432,23,1
basigo_uni_corr,uni_corr_500_08,157.25,2.2,0.524422,0.535612,22,1
basigo_uni_corr,uni_corr_500_08,157.75,2.3,0.54234,0.555016,23,1
basigo_uni_corr,uni_corr_500_08,158.25,2.5,0.49801,0.514285,25,1
basigo_uni_corr,uni_corr_500_08,158.75,2.6,0.458637,0.487387,26,1
basigo_uni_corr,uni_corr_500_08,159.25,2.5,0.462007,0.472532,25,1
basigo_uni_corr,uni_corr_500_08,159.75,2.4,0.457,0.478813,24,1
basigo_uni_corr,uni_corr_500_08,160.25,2.4,0.476711,0.492278,24,1
basigo_uni_corr,uni_corr_500_08,160.75,2.1,0.512676,0.52198,21,1
basigo_uni_corr,uni_corr_500_08,161.25,2.3,0.554786,0.562252,23,1
basigo_uni_corr,uni_corr_500_08,161.75,2.2,0.559009,0.565005,22,1
basigo_uni_corr,uni_corr_500_08,162.25,2.1,0.564521,0.571681,21,1
basigo_uni_corr,uni_corr_500_08,162.75,2.2,0.557388,0.566704,22,1
basigo_uni_corr,uni_corr_500_08,163.25,2.3,0.56143,0.566041,23,1
basigo_uni_corr,uni_corr_500_08,163.75,2.2,0.580648,0.588572,22,1
basigo_uni_corr,uni_corr_500_08,164.25,2.4,0.571365,0.580235,24,1
basigo_uni_corr,uni_corr_500_08,164.75,2,0.563212,0.569538,20,1
basigo_uni_corr,uni_corr_500_08,165.25,2.2,0.54591,0.553217,22,1
basigo_uni_corr,uni_corr_500_08,165.75,2.2,0.546229,0.552833,22,1
basigo_uni_corr,uni_corr_500_08,166.25,2.1,0.54631,0.555362,21,1
basigo_uni_corr,uni_corr_500_08,166.75,1.8,0.52511,0.533452,18,1
basigo_uni_corr,uni_corr_500_08,167.25,2,0.555664,0.559716,20,1
basigo_uni_corr,uni_corr_500_08,167.75,2,0.520604,0.526558,20,1
basigo_uni_corr,uni_corr_500_08,168.25,1.8,0.545486,0.552816,18,1
basigo_uni_corr,uni_corr_500_08,168.75,1.9,0.543238,0.552005,19,1
basigo_uni_corr,uni_corr_500_08,169.25,1.8,0.514965,0.521981,18,1
basigo_uni_corr,uni_corr_500_08,169.75,2,0.531143,0.547213,20,1
basigo_uni_corr,uni_corr_500_08,170.25,2,0.498024,0.504457,20,1
basigo_uni_corr,uni_corr_500_08,170.75,1.7,0.445604,0.46111,17,1
basigo_uni_corr,uni_corr_500_08,171.25,1.8,0.493974,0.504731,18,1
basigo_uni_corr,uni_corr_500_08,171.75,1.9,0.493286,0.500301,19,1
basigo_uni_corr,uni_corr_500_08,172.25,2,0.467906,0.479913,20,1
basigo_uni_corr,uni_corr_500_08,172.75,2.2,0.493436,0.503645,22,1
basigo_uni_corr,uni_corr_500_08,173.25,2.2,0.481764,0.490952,22,1
basigo_uni_corr,uni_corr_500_08,173.75,2.3,0.475908,0.48825,23,1
basigo_uni_corr,uni_corr_500_08,174.25,2.3,0.515623,0.522356,23,1
basigo_uni_corr,uni_corr_500_08,174.75,2.5,0.518886,0.535521,25,1
basigo_uni_corr,uni_corr_500_08,175.25,2.2,0.517355,0.522932,22,1
basigo_uni_corr,uni_corr_500_08,175.75,2.4,0.520864,0.532593,24,1
basigo_uni_corr,uni_corr_500_08,176.25,2.2,0.520465,0.528701,22,1
basigo_uni_corr,uni_corr_500_08,176.75,2.4,0.525145,0.53707,24,1
basigo_uni_corr,uni_corr_500_08,177.25,2.3,0.527773,0.534093,23,1
basigo_uni_corr,uni_corr_500_08,177.75,2.4,0.519276,0.527881,24,1
basigo_uni_corr,uni_corr_500_08,178.25,2.1,0.522823,0.53205,21,1
basigo_uni_corr,uni_corr_500_08,178.75,2.3,0.536207,0.543648,23,1
basigo_uni_corr,uni_corr_500_08,179.25,2.1,0.537803,0.545518,21,1
basigo_uni_corr,uni_corr_500_08,179.75,2.2,0.530322,0.536866,22,1
basigo_uni_corr,uni_corr_500_08,180.25,2.1,0.509226,0.518709,21,1
basigo_uni_corr,uni_corr_500_08,180.75,1.9,0.510861,0.518292,19,1
basigo_uni_corr,uni_corr_500_08,181.25,2.1,0.506731,0.512487,21,1
basigo_uni_corr,uni_corr_500_08,181.75,2,0.51676,0.525786,20,1
basigo_uni_corr,uni_corr_500_08,182.25,2,0.509245,0.517078,20,1
basigo_uni_corr,uni_corr_500_08,182.75,2,0.482331,0.496329,20,1
basigo_uni_corr,uni_corr_500_08,183.25,1.9,0.482901,0.490383,19,1
basigo_uni_corr,uni_corr_500_08,183.75,2,0.49468,0.509158,20,1
basigo_uni_corr,uni_corr_500_08,184.25,2.2,0.492802,0.502958,22,1
basigo_uni_corr,uni_corr_500_08,184.75,1.9,0.484927,0.491132,19,1
basigo_uni_corr,uni_corr_500_08,185.25,2,0.484294,0.500437,20,1
basigo_uni_corr,uni_corr_500_08,185.75,1.8,0.466554,0.475356,18,1
basigo_uni_corr,uni_corr_500_08,186.25,1.9,0.487643,0.501542,19,1
basigo_uni_corr,uni_corr_500_08,186.75,1.8,0.456986,0.464753,18,1
basigo_uni_corr,uni_corr_500_08,187.25,1.8,0.488338,0.498568,18,1
basigo_uni_corr,uni_corr_500_08,187.75,2.2,0.497946,0.508111,22,1
basigo_uni_corr,uni_corr_500_08,188.25,2.1,0.460238,0.469547,21,1
basigo_uni_corr,uni_corr_500_08,188.75,2.2,0.469936,0.482947,22,1
basigo_uni_corr,uni_corr_500_08,189.25,2,0.475399,0.484395,20,1
basigo_uni_corr,uni_corr_500_08,189.75,2.2,0.473269,0.481856,22,1
basigo_uni_corr,uni_corr_500_08,190.25,2,0.469824,0.47878,20,0
basigo_uni_corr,uni_corr_500_08,190.75,2.1,0.469544,0.484049,21,0
basigo_uni_corr,uni_corr_500_08,191.25,2,0.484486,0.495527,20,0
basigo_uni_corr,uni_corr_500_08,191.75,1.9,0.487187,0.496617,19,0
basigo_uni_corr,uni_corr_500_08,192.25,1.9,0.525913,0.539847,19,0
basigo_uni_corr,uni_corr_500_08,192.75,1.9,0.468566,0.48531,19,0
basigo_uni_corr,uni_corr_500_08,193.25,1.8,0.401626,0.496893,18,0
basigo_uni_corr,uni_corr_500_08,193.75,1.8,0.488583,0.502732,18,0
basigo_uni_corr,uni_corr_500_08,194.25,1.7,0.454558,0.469091,17,0
basigo_uni_corr,uni_corr_500_08,194.75,1.8,0.42982,0.450209,18,0
basigo_uni_corr,uni_corr_500_08,195.25,1.7,0.444462,0.458552,17,0
basigo_uni_corr,uni_corr_500_08,195.75,1.7,0.459213,0.476949,17,0
basigo_uni_corr,uni_corr_500_08,196.25,1.7,0.459932,0.468303,17,0
basigo_uni_corr,uni_corr_500_08,196.75,1.6,0.488207,0.512811,16,0
basigo_uni_corr,uni_corr_500_08,197.25,1.6,0.497765,0.507221,16,0
basigo_uni_corr,uni_corr_500_08,197.75,1.7,0.508521,0.524866,17,0
basigo_uni_corr,uni_corr_500_08,198.25,1.5,0.500276,0.513574,15,0
basigo_uni_corr,uni_corr_500_08,198.75,1.5,0.463945,0.480018,15,0
basigo_uni_corr,uni_corr_500_08,199.25,1.7,0.501846,0.517813,17,0
basigo_uni_corr,uni_corr_500_08,199.75,1.6,0.491672,0.502903,16,0
basigo_uni_corr,uni_corr_500_08,200.25,1.4,0.461594,0.474608,14,0
basigo_uni_corr,uni_corr_500_08,200.75,1.8,0.477363,0.485055,18,0
basigo_uni_corr,uni_corr_500_08,201.25,1.8,0.481089,0.486839,18,0
basigo_uni_corr,uni_corr_500_08,201.75,1.7,0.48582,0.496635,17,0
basigo_uni_corr,uni_corr_500_08,202.25,1.7,0.503946,0.510673,17,0
basigo_uni_corr,uni_corr_500_08,202.75,1.8,0.496323,0.50404,18,0
basigo_uni_corr,uni_corr_500_08,203.25,1.4,0.482534,0.493821,14,0
basigo_uni_corr,uni_corr_500_08,203.75,1.2,0.501032,0.509907,12,0
basigo_uni_corr,uni_corr_500_08,204.25,1.5,0.521014,0.543894,15,0
basigo_uni_corr,uni_corr_500_08,204.75,1.4,0.518323,0.530337,14,0
basigo_uni_corr,uni_corr_500_08,205.25,1.4,0.502501,0.522991,14,0
basigo_uni_corr,uni_corr_500_08,205.75,1.2,0.506692,0.51892,12,0
basigo_uni_corr,uni_corr_500_08,206.25,1.3,0.518425,0.531028,13,0
basigo_uni_corr,uni_corr_500_08,206.75,1.5,0.49509,0.514464,15,0
basigo_uni_corr,uni_corr_500_08,207.25,1.6,0.50708,0.521039,16,0
basigo_uni_corr,uni_corr_500_08,207.75,1.2,0.535138,0.543956,12,0
basigo_uni_corr,uni_corr_500_08,208.25,1.2,0.543994,0.551644,12,0
basigo_uni_corr,uni_corr_500_08,208.75,0.9,0.494655,0.50514,9,0
basigo_uni_corr,uni_corr_500_08,209.25,0.8,0.526679,0.532458,8,0
basigo_uni_corr,uni_corr_500_08,209.75,0.5,0.544085,0.547697,5,0
basigo_uni_corr,uni_corr_500_08,210.25,0.4,0.549171,0.551267,4,0
basigo_uni_corr,uni_corr_500_08,210.75,0.2,0.483847,0.511584,2,0
basigo_uni_corr,uni_corr_500_09,3.375,0.1,2.77037,2.79468,1,0
basigo_uni_corr,uni_corr_500_09,3.875,0.6,2.65513,2.67405,6,0
basigo_uni_corr,uni_corr_500_09,4.375,0.7,2.3756,2.39025,7,0
basigo_uni_corr,uni_corr_500_09,4.875,0.6,1.94466,1.95449,6,0
basigo_uni_corr,uni_corr_500_09,5.375,0.3,1.6243,1.62563,3,0
basigo_uni_corr,uni_corr_500_09,5.875,0.5,1.47058,1.47818,5,0
basigo_uni_corr,uni_corr_500_09,6.375,0.8,1.42984,1.44042,8,0
basigo_uni_corr,uni_corr_500_09,6.875,1,1.33867,1.35695,10,0
basigo_uni_corr,uni_corr_500_09,7.375,1.1,1.24025,1.25818,11,0
basigo_uni_corr,uni_corr_500_09,7.875,1.2,1.1773,1.19152,12,0
basigo_uni_corr,uni_corr_500_09,8.375,1,1.09816,1.1063,10,0
basigo_uni_corr,uni_corr_500_09,8.875,1.3,1.03974,1.04655,13,0
basigo_uni_corr,uni_corr_500_09,9.375,1.1,1.03044,1.03737,11,0
basigo_uni_corr,uni_corr_500_09,9.875,1.3,1.00077,1.00921,13,0
basigo_uni_corr,uni_corr_500_09,10.375,1.5,0.942179,0.947947,15,0
basigo_uni_corr,uni_corr_500_09,10.875,1.5,0.923721,0.927284,15,0
basigo_uni_corr,uni_corr_500_09,11.375,1.5,0.834699,0.837153,15,0
basigo_uni_corr,uni_corr_500_09,11.875,1.7,0.816225,0.822008,17,0
basigo_uni_corr,uni_corr_500_09,12.375,1.9,0.747265,0.751729,19,0
basigo_uni_corr,uni_corr_500_09,12.875,1.6,0.719769,0.72403,16,0
basigo_uni_corr,uni_corr_500_09,13.375,1.5,0.655051,0.669045,15,0
basigo_uni_corr,uni_corr_500_09,13.875,1.5,0.633619,0.638644,15,0
basigo_uni_corr,uni_corr_500_09,14.375,1.6,0.618907,0.627799,16,0
basigo_uni_corr,uni_corr_500_09,14.875,1.8,0.609863,0.620643,18,0
basigo_uni_corr,uni_corr_500_09,15.375,1.9,0.542267,0.547609,19,0
basigo_uni_corr,uni_corr_500_09,15.875,2.2,0.500961,0.510105,22,0
basigo_uni_corr,uni_corr_500_09,16.375,2.1,0.466272,0.471785,21,0
basigo_uni_corr,uni_corr_500_09,16.875,2.6,0.427968,0.443754,26,0
basigo_uni_corr,uni_corr_500_09,17.375,2.6,0.404703,0.418118,26,0
basigo_uni_corr,uni_corr_500_09,17.875,2.5,0.384221,0.398537,25,0
basigo_uni_corr,uni_corr_500_09,18.375,2.7,0.359334,0.372586,27,0
basigo_uni_corr,uni_corr_500_09,18.875,2.6,0.323871,0.333194,26,0
basigo_uni_corr,uni_corr_500_09,19.375,2.5,0.278977,0.297911,25,0
basigo_uni_corr,uni_corr_500_09,19.875,3,0.27925,0.296955,30,0
basigo_uni_corr,uni_corr_500_09,20.375,2.8,0.260909,0.284587,28,0
basigo_uni_corr,uni_corr_500_09,20.875,2.4,0.233854,0.249705,24,0
basigo_uni_corr,uni_corr_500_09,21.375,2.4,0.239106,0.26114,24,0
basigo_uni_corr,uni_corr_500_09,21.875,2.4,0.22531,0.25052,24,0
basigo_uni_corr,uni_corr_500_09,22.375,2.3,0.217866,0.241129,23,0
basigo_uni_corr,uni_corr_500_09,22.875,2.5,0.193436,0.225585,25,0
basigo_uni_corr,uni_corr_500_09,23.375,2.4,0.204358,0.248115,24,0
basigo_uni_corr,uni_corr_500_09,23.875,2.4,0.200334,0.228808,24,0
basigo_uni_corr,uni_corr_500_09,24.375,2.5,0.191628,0.224314,25,0
basigo_uni_corr,uni_corr_500_09,24.875,2.5,0.201337,0.230468,25,0
basigo_uni_corr,uni_corr_500_09,25.375,2.6,0.230608,0.259456,26,0
basigo_uni_corr,uni_corr_500_09,25.875,2.6,0.20275,0.241212,26,0
basigo_uni_corr,uni_corr_500_09,26.375,2.7,0.203201,0.237176,27,0
basigo_uni_corr,uni_corr_500_09,26.875,2.8,0.211167,0.256316,28,0
basigo_uni_corr,uni_corr_500_09,27.375,3.1,0.214778,0.247957,31,0
basigo_uni_corr,uni_corr_500_09,27.875,3,0.180413,0.219719,30,0
basigo_uni_corr,uni_corr_500_09,28.375,2.9,0.150582,0.180589,29,0
basigo_uni_corr,uni_corr_500_09,28.875,3,0.164169,0.191961,30,0
basigo_uni_corr,uni_corr_500_09,29.375,2.8,0.127984,0.163778,28,0
basigo_uni_corr,uni_corr_500_09,29.875,2.9,0.133321,0.170726,29,0
basigo_uni_corr,uni_corr_500_09,30.375,3,0.131087,0.177502,30,0
basigo_uni_corr,uni_corr_500_09,30.875,2.8,0.162501,0.199537,28,0
basigo_uni_corr,uni_corr_500_09,31.375,2.7,0.150361,0.188649,27,0
basigo_uni_corr,uni_corr_500_09,31.875,2.7,0.173749,0.205203,27,1
basigo_uni_corr,uni_corr_500_09,32.375,2.9,0.18867,0.221112,29,1
basigo_uni_corr,uni_corr_500_09,32.875,3,0.174292,0.205823,30,1
basigo_uni_corr,uni_corr_500_09,33.375,3.3,0.161122,0.189254,33,1
basigo_uni_corr,uni_corr_500_09,33.875,2.9,0.145492,0.200465,29,1
basigo_uni_corr,uni_corr_500_09,34.375,3,0.155588,0.194622,30,1
basigo_uni_corr,uni_corr_500_09,34.875,3.1,0.164075,0.191823,31,1
basigo_uni_corr,uni_corr_500_09,35.375,3.2,0.174223,0.214959,32,1
basigo_uni_corr,uni_corr_500_09,35.875,3.2,0.15818,0.191442,32,1
basigo_uni_corr,uni_corr_500_09,36.375,3.4,0.141533,0.182747,34,1
basigo_uni_corr,uni_corr_500_09,36.875,2.9,0.131831,0.165514,29,1
basigo_uni_corr,uni_corr_500_09,37.375,3,0.125035,0.15309,30,1
basigo_uni_corr,uni_corr_500_09,37.875,3.1,0.119217,0.1595,31,1
basigo_uni_corr,uni_corr_500_09,38.375,3.1,0.125813,0.161967,31,1
basigo_uni_corr,uni_corr_500_09,38.875,3.2,0.121291,0.163068,32,1
basigo_uni_corr,uni_corr_500_09,39.375,3.3,0.111388,0.15374,33,1
basigo_uni_corr,uni_corr_500_09,39.875,3.2,0.113724,0.152441,32,1
basigo_uni_corr,uni_corr_500_09,40.375,3.3,0.112131,0.158385,33,1
basigo_uni_corr,uni_corr_500_09,40.875,3.3,0.106455,0.15479,33,1
basigo_uni_corr,uni_corr_500_09,41.375,3.3,0.108859,0.151534,33,1
basigo_uni_corr,uni_corr_500_09,41.875,3.2,0.123771,0.166314,32,1
basigo_uni_corr,uni_corr_500_09,42.375,3.3,0.123607,0.148901,33,1
basigo_uni_corr,uni_corr_500_09,42.875,3.2,0.111707,0.160839,32,1
basigo_uni_corr,uni_corr_500_09,43.375,3.3,0.114103,0.164978,33,1
basigo_uni_corr,uni_corr_500_09,43.875,3.3,0.118817,0.156914,33,1
basigo_uni_corr,uni_corr_500_09,44.375,3.4,0.118034,0.15617,34,1
basigo_uni_corr,uni_corr_500_09,44.875,3.4,0.108786,0.144331,34,1
basigo_uni_corr,uni_corr_500_09,45.375,3.5,0.102291,0.139013,35,1
basigo_uni_corr,uni_corr_500_09,45.875,3.5,0.106067,0.154506,35,1
basigo_uni_corr,uni_corr_500_09,46.375,3.6,0.114018,0.150417,36,1
basigo_uni_corr,uni_corr_500_09,46.875,3.6,0.117073,0.145803,36,1
basigo_uni_corr,uni_corr_500_09,47.375,3.5,0.126352,0.170444,35,1
basigo_uni_corr,uni_corr_500_09,47.875,3.5,0.130149,0.165018,35,1
basigo_uni_corr,uni_corr_500_09,48.375,3.3,0.120101,0.162497,33,1
basigo_uni_corr,uni_corr_500_09,48.875,3.3,0.122792,0.15599,33,1
basigo_uni_corr,uni_corr_500_09,49.375,3.4,0.121994,0.163897,34,1
basigo_uni_corr,uni_corr_500_09,49.875,3.5,0.136678,0.177577,35,1
basigo_uni_corr,uni_corr_500_09,50.375,3.5,0.1514,0.175125,35,1
basigo_uni_corr,uni_corr_500_09,50.875,3.1,0.137601,0.168477,31,1
basigo_uni_corr,uni_corr_500_09,51.375,3.2,0.11682,0.154947,32,1
basigo_uni_corr,uni_corr_500_09,51.875,3.2,0.110965,0.157488,32,1
basigo_uni_corr,uni_corr_500_09,52.375,3.1,0.125434,0.154195,31,1
basigo_uni_corr,uni_corr_500_09,52.875,3.5,0.125896,0.167248,35,1
basigo_uni_corr,uni_corr_500_09,53.375,3.6,0.107944,0.156142,36,1
basigo_uni_corr,uni_corr_500_09,53.875,3.4,0.0959282,0.13944,34,1
basigo_uni_corr,uni_corr_500_09,54.375,3.5,0.110257,0.152641,35,1
basigo_uni_corr,uni_corr_500_09,54.875,3.3,0.123868,0.152015,33,1
basigo_uni_corr,uni_corr_500_09,55.375,3.3,0.107691,0.15498,33,1
basigo_uni_corr,uni_corr_500_09,55.875,3.3,0.0845495,0.126843,33,1
basigo_uni_corr,uni_corr_500_09,56.375,3.3,0.102933,0.151184,33,1
basigo_uni_corr,uni_corr_500_09,56.875,3.2,0.100066,0.131841,32,1
basigo_uni_corr,uni_corr_500_09,57.375,3.2,0.102039,0.175235,32,1
basigo_uni_corr,uni_corr_500_09,57.875,3.3,0.136265,0.170542,33,1
basigo_uni_corr,uni_corr_500_09,58.375,3,0.151063,0.187619,30,1
basigo_uni_corr,uni_corr_500_09,58.875,3,0.136996,0.184118,30,1
basigo_uni_corr,uni_corr_500_09,59.375,3.1,0.129266,0.17038,31,1
basigo_uni_corr,uni_corr_500_09,59.875,3.1,0.146057,0.187759,31,1
basigo_uni_corr,uni_corr_500_09,60.375,3.1,0.147236,0.178605,31,1
basigo_uni_corr,uni_corr_500_09,60.875,2.8,0.133552,0.181039,28,1
basigo_uni_corr,uni_corr_500_09,61.375,2.8,0.126064,0.156016,28,1
basigo_uni_corr,uni_corr_500_09,61.875,2.8,0.102696,0.148527,28,1
basigo_uni_corr,uni_corr_500_09,62.375,2.8,0.0955487,0.143369,28,1
basigo_uni_corr,uni_corr_500_09,62.875,2.7,0.105071,0.157803,27,1
basigo_uni_corr,uni_corr_500_09,63.375,2.9,0.105686,0.141017,29,1
basigo_uni_corr,uni_corr_500_09,63.875,2.7,0.104473,0.150705,27,1
basigo_uni_corr,uni_corr_500_09,64.375,2.9,0.108634,0.140555,29,1
basigo_uni_corr,uni_corr_500_09,64.875,2.7,0.0916494,0.137245,27,1
basigo_uni_corr,uni_corr_500_09,65.375,2.5,0.0672623,0.139168,25,1
basigo_uni_corr,uni_corr_500_09,65.875,2.4,0.0823669,0.138004,24,1
basigo_uni_corr,uni_corr_500_09,66.375,2.3,0.0998715,0.165714,23,1
basigo_uni_corr,uni_corr_500_09,66.875,2.3,0.115202,0.145451,23,1
basigo_uni_corr,uni_corr_500_09,67.375,2.4,0.122873,0.176993,24,1
basigo_uni_corr,uni_corr_500_09,67.875,2.5,0.120802,0.163597,25,1
basigo_uni_corr,uni_corr_500_09,68.375,2.4,0.10926,0.142467,24,1
basigo_uni_corr,uni_corr_500_09,68.875,2.3,0.106553,0.154399,23,1
basigo_uni_corr,uni_corr_500_09,69.375,2.3,0.104472,0.149313,23,1
basigo_uni_corr,uni_corr_500_09,69.875,2.4,0.106743,0.141171,24,1
basigo_uni_corr,uni_corr_500_09,70.375,2.3,0.1079,0.15752,23,1
basigo_uni_corr,uni_corr_500_09,70.875,2.3,0.0699052,0.107509,23,1
basigo_uni_corr,uni_corr_500_09,71.375,2.3,0.0513194,0.100268,23,1
basigo_uni_corr,uni_corr_500_09,71.875,2.3,0.0345875,0.0723838,23,1
basigo_uni_corr,uni_corr_500_09,72.375,2.4,0.00812795,0.0611908,24,1
basigo_uni_corr,uni_corr_500_09,72.875,2.4,-0.00586115,0.0551104,24,1
basigo_uni_corr,uni_corr_500_09,73.375,2.4,0.00472299,0.0469911,24,1
basigo_uni_corr,uni_corr_500_09,73.875,2.4,0.002208,0.0245359,24,1
basigo_uni_corr,uni_corr_500_09,74.375,2.4,0.00335896,0.0309646,24,1
basigo_uni_corr,uni_corr_500_09,74.875,2.3,-0.0044923,0.0286023,23,1
basigo_uni_corr,uni_corr_500_09,75.375,2.4,-0.00944454,0.0314786,24,1
basigo_uni_corr,uni_corr_500_09,75.875,2.4,-0.00490321,0.0377405,24,1
basigo_uni_corr,uni_corr_500_09,76.375,2.4,-0.00775396,0.0337115,24,1
basigo_uni_corr,uni_corr_500_09,76.875,2.4,-0.00546567,0.0271395,24,1
basigo_uni_corr,uni_corr_500_09,77.375,2.4,0.00411904,0.0191392,24,1
basigo_uni_corr,uni_corr_500_09,77.875,2.4,0.00720875,0.020069,24,1
basigo_uni_corr,uni_corr_500_09,78.375,2.4,0.00400292,0.0188823,24,1
basigo_uni_corr,uni_corr_500_09,78.875,2.4,0.00403882,0.0200316,24,1
basigo_uni_corr,uni_corr_500_09,79.375,2.4,0.00502501,0.0341873,24,1
basigo_uni_corr,uni_corr_500_09,79.875,2.4,0.00376725,0.0481738,24,1
basigo_uni_corr,uni_corr_500_09,80.375,2.4,-0.000362508,0.0495977,24,1
basigo_uni_corr,uni_corr_500_09,80.875,2.4,-0.00963989,0.0420486,24,1
basigo_uni_corr,uni_corr_500_09,81.375,2.4,-0.0046878,0.0448677,24,1
basigo_uni_corr,uni_corr_500_09,81.875,2.4,-0.00155609,0.0324522,24,1
basigo_uni_corr,uni_corr_500_09,82.375,2.4,-0.00594727,0.0328023,24,1
basigo_uni_corr,uni_corr_500_09,82.875,2.4,-0.00101779,0.0333546,24,1
basigo_uni_corr,uni_corr_500_09,83.375,2.4,-0.00153257,0.0354814,24,1
basigo_uni_corr,uni_corr_500_09,83.875,2.4,0.00102961,0.0397645,24,1
basigo_uni_corr,uni_corr_500_09,84.375,2.4,0.00510117,0.0475218,24,1
basigo_uni_corr,uni_corr_500_09,84.875,2.4,-0.0018857,0.0554842,24,1
basigo_uni_corr,uni_corr_500_09,85.375,2.4,-0.0017633,0.048741,24,1
basigo_uni_corr,uni_corr_500_09,85.875,2.4,0.00896876,0.041022,24,1
basigo_uni_corr,uni_corr_500_09,86.375,2.4,0.00923478,0.0434053,24,1
basigo_uni_corr,uni_corr_500_09,86.875,2.5,-0.0112468,0.053417,25,1
basigo_uni_corr,uni_corr_500_09,87.375,2.5,-0.0148292,0.0439815,25,1
basigo_uni_corr,uni_corr_500_09,87.875,2.5,-0.000187532,0.0387596,25,1
basigo_uni_corr,uni_corr_500_09,88.375,2.5,0.00549554,0.050104,25,1
basigo_uni_corr,uni_corr_500_09,88.875,2.5,0.0100503,0.0446168,25,1
basigo_uni_corr,uni_corr_500_09,89.375,2.5,0.00737997,0.0497473,25,1
basigo_uni_corr,uni_corr_500_09,89.875,2.5,0.00825501,0.0430595,25,1
basigo_uni_corr,uni_corr_500_09,90.375,2.5,0.0116994,0.0444683,25,1
basigo_uni_corr,uni_corr_500_09,90.875,2.6,0.00589912,0.0355179,26,1
basigo_uni_corr,uni_corr_500_09,91.375,2.6,-0.000242631,0.0332237,26,1
basigo_uni_corr,uni_corr_500_09,91.875,2.6,0.00115104,0.0403581,26,1
basigo_uni_corr,uni_corr_500_09,92.375,2.6,0.00557913,0.0501953,26,1
basigo_uni_corr,uni_corr_500_09,92.875,2.6,-0.00254291,0.0420321,26,1
basigo_uni_corr,uni_corr_500_09,93.375,2.6,-0.016006,0.037548,26,1
basigo_uni_corr,uni_corr_500_09,93.875,2.6,-0.0149979,0.0481543,26,1
basigo_uni_corr,uni_corr_500_09,94.375,2.6,-0.00353489,0.0429719,26,1
basigo_uni_corr,uni_corr_500_09,94.875,2.6,0.0026011,0.03765,26,1
basigo_uni_corr,uni_corr_500_09,95.375,2.6,-0.00660335,0.0465113,26,1
basigo_uni_corr,uni_corr_500_09,95.875,2.6,-0.0103586,0.0514051,26,1
basigo_uni_corr,uni_corr_500_09,96.375,2.6,0.000365938,0.0578177,26,1
basigo_uni_corr,uni_corr_500_09,96.875,2.6,0.00482684,0.0523671,26,1
basigo_uni_corr,uni_corr_500_09,97.375,2.6,0.00734407,0.0597698,26,1
basigo_uni_corr,uni_corr_500_09,97.875,2.6,0.00728425,0.0596754,26,1
basigo_uni_corr,uni_corr_500_09,98.375,2.6,0.0112306,0.055348,26,1
basigo_uni_corr,uni_corr_500_09,98.875,2.6,0.0209058,0.0469908,26,1
basigo_uni_corr,uni_corr_500_09,99.375,2.6,0.0132001,0.0498692,26,1
basigo_uni_corr,uni_corr_500_09,99.875,2.6,0.00151477,0.0459328,26,1
basigo_uni_corr,uni_corr_500_09,100.375,2.6,-0.000452535,0.0375214,26,1
basigo_uni_corr,uni_corr_500_09,100.875,2.6,-0.00539108,0.0306629,26,1
basigo_uni_corr,uni_corr_500_09,101.375,2.6,-0.0131356,0.0342919,26,1
basigo_uni_corr,uni_corr_500_09,101.875,2.6,-0.00558796,0.0326343,26,1
basigo_uni_corr,uni_corr_500_09,102.375,2.6,-0.00238011,0.03792,26,1
basigo_uni_corr,uni_corr_500_09,102.875,2.6,-0.00986119,0.0445024,26,1
basigo_uni_corr,uni_corr_500_09,103.375,2.6,0.0013936,0.0384874,26,1
basigo_uni_corr,uni_corr_500_09,103.875,2.7,0.0122427,0.038011,27,1
basigo_uni_corr,uni_corr_500_09,104.375,2.7,-0.00840347,0.0382927,27,1
basigo_uni_corr,uni_corr_500_09,104.875,2.7,-0.0198794,0.0430258,27,1
basigo_uni_corr,uni_corr_500_09,105.375,2.7,-0.0098619,0.0451839,27,1
basigo_uni_corr,uni_corr_500_09,105.875,2.7,0.00788104,0.0498797,27,1
basigo_uni_corr,uni_corr_500_09,106.375,2.6,0.014315,0.0500874,26,1
basigo_uni_corr,uni_corr_500_09,106.875,2.7,0.0082669,0.0413464,27,1
basigo_uni_corr,uni_corr_500_09,107.375,2.6,0.00511492,0.0515659,26,1
basigo_uni_corr,uni_corr_500_09,107.875,2.6,-0.00550443,0.03475,26,1
basigo_uni_corr,uni_corr_500_09,108.375,2.6,-0.0104485,0.0395032,26,1
basigo_uni_corr,uni_corr_500_09,108.875,2.6,-0.00270678,0.0382766,26,1
basigo_uni_corr,uni_corr_500_09,109.375,2.7,0.0163413,0.0494909,27,1
basigo_uni_corr,uni_corr_500_09,109.875,2.7,0.0249916,0.0510825,27,1
basigo_uni_corr,uni_corr_500_09,110.375,2.7,0.0149997,0.0467094,27,1
basigo_uni_corr,uni_corr_500_09,110.875,2.7,0.00170618,0.0392936,27,1
basigo_uni_corr,uni_corr_500_09,111.375,2.7,-0.0100106,0.0305994,27,1
basigo_uni_corr,uni_corr_500_09,111.875,2.8,-0.0149754,0.0339239,28,1
basigo_uni_corr,uni_corr_500_09,112.375,2.8,-0.00786793,0.0348031,28,1
basigo_uni_corr,uni_corr_500_09,112.875,2.8,0.00571088,0.0434969,28,1
basigo_uni_corr,uni_corr_500_09,113.375,2.7,0.00346442,0.0386158,27,1
basigo_uni_corr,uni_corr_500_09,113.875,2.8,-0.00401074,0.0384581,28,1
basigo_uni_corr,uni_corr_500_09,114.375,2.8,-0.00375698,0.0308813,28,1
basigo_uni_corr,uni_corr_500_09,114.875,2.8,-0.00051625,0.0313102,28,1
basigo_uni_corr,uni_corr_500_09,115.375,2.8,0.00675743,0.0362131,28,1
basigo_uni_corr,uni_corr_500_09,115.875,2.8,0.0054693,0.0388881,28,1
basigo_uni_corr,uni_corr_500_09,116.375,2.8,0.00480408,0.0426178,28,1
basigo_uni_corr,uni_corr_500_09,116.875,2.8,0.00206196,0.049416,28,1
basigo_uni_corr,uni_corr_500_09,117.375,2.8,0.00103208,0.0558265,28,1
basigo_uni_corr,uni_corr_500_09,117.875,2.7,-0.0126024,0.0522615,27,1
basigo_uni_corr,uni_corr_500_09,118.375,2.7,-0.0114023,0.0512489,27,1
basigo_uni_corr,uni_corr_500_09,118.875,2.8,-0.00120186,0.0467857,28,1
basigo_uni_corr,uni_corr_500_09,119.375,2.8,-0.00154911,0.051039,28,1
basigo_uni_corr,uni_corr_500_09,119.875,2.7,0.00019974,0.0546394,27,1
basigo_uni_corr,uni_corr_500_09,120.375,2.7,0.00413421,0.0451594,27,1
basigo_uni_corr,uni_corr_500_09,120.875,2.7,-0.0127913,0.0443492,27,1
basigo_uni_corr,uni_corr_500_09,121.375,2.7,-0.0233689,0.0554772,27,1
basigo_uni_corr,uni_corr_500_09,121.875,2.7,-0.000760643,0.0412804,27,1
basigo_uni_corr,uni_corr_500_09,122.375,2.7,0.013782,0.038519,27,1
basigo_uni_corr,uni_corr_500_09,122.875,2.7,0.0134763,0.0433723,27,1
basigo_uni_corr,uni_corr_500_09,123.375,2.7,0.00515514,0.0385411,27,1
basigo_uni_corr,uni_corr_500_09,123.875,2.7,-0.00697789,0.0348388,27,1
basigo_uni_corr,uni_corr_500_09,124.375,2.7,-0.00568193,0.0375984,27,1
basigo_uni_corr,uni_corr_500_09,124.875,2.7,-0.00160204,0.0368015,27,1
basigo_uni_corr,uni_corr_500_09,125.375,2.7,-0.00310907,0.037386,27,1
basigo_uni_corr,uni_corr_500_09,125.875,2.7,-0.00243027,0.0419552,27,1
basigo_uni_corr,uni_corr_500_09,126.375,2.7,-0.00211396,0.0268074,27,1
basigo_uni_corr,uni_corr_500_09,126.875,2.7,-0.00240206,0.0265647,27,1
basigo_uni_corr,uni_corr_500_09,127.375,2.7,-0.00101077,0.0284839,27,1
basigo_uni_corr,uni_corr_500_09,127.875,2.7,0.00119501,0.0289108,27,1
basigo_uni_corr,uni_corr_500_09,128.375,2.7,-0.0042758,0.0391624,27,1
basigo_uni_corr,uni_corr_500_09,128.875,2.7,-0.00459211,0.0347649,27,1
basigo_uni_corr,uni_corr_500_09,129.375,2.7,0.00913176,0.0382027,27,1
basigo_uni_corr,uni_corr_500_09,129.875,2.7,0.00906189,0.0373036,27,1
basigo_uni_corr,uni_corr_500_09,130.375,2.7,-0.00121024,0.0398367,27,1
basigo_uni_corr,uni_corr_500_09,130.875,2.7,0.0073508,0.044422,27,1
basigo_uni_corr,uni_corr_500_09,131.375,2.7,0.012761,0.0330558,27,1
basigo_uni_corr,uni_corr_500_09,131.875,2.7,0.0021978,0.0290222,27,1
basigo_uni_corr,uni_corr_500_09,132.375,2.7,-0.00753191,0.0299648,27,1
basigo_uni_corr,uni_corr_500_09,132.875,2.7,-0.0135962,0.0400657,27,1
basigo_uni_corr,uni_corr_500_09,133.375,2.8,-0.00242623,0.0403032,28,1
basigo_uni_corr,uni_corr_500_09,133.875,2.8,0.0136028,0.0511498,28,1
basigo_uni_corr,uni_corr_500_09,134.375,2.8,0.0116647,0.0455916,28,1
basigo_uni_corr,uni_corr_500_09,134.875,2.8,0.00204744,0.0444725,28,1
basigo_uni_corr,uni_corr_500_09,135.375,2.8,-0.00414948,0.0416447,28,1
basigo_uni_corr,uni_corr_500_09,135.875,2.8,-0.00357246,0.0369248,28,1
basigo_uni_corr,uni_corr_500_09,136.375,2.8,-0.00394058,0.0392394,28,1
basigo_uni_corr,uni_corr_500_09,136.875,2.8,-0.00631984,0.0422362,28,1
basigo_uni_corr,uni_corr_500_09,137.375,2.8,-0.00333452,0.0360597,28,1
basigo_uni_corr,uni_corr_500_09,137.875,2.8,0.00682746,0.0439615,28,1
basigo_uni_corr,uni_corr_500_09,138.375,2.8,0.00789479,0.0397979,28,1
basigo_uni_corr,uni_corr_500_09,138.875,2.7,-0.000101463,0.0511685,27,1
basigo_uni_corr,uni_corr_500_09,139.375,2.7,-0.00101853,0.0492152,27,1
basigo_uni_corr,uni_corr_500_09,139.875,2.8,-0.000116054,0.0546041,28,1
basigo_uni_corr,uni_corr_500_09,140.375,2.8,-0.00694978,0.0712583,28,1
basigo_uni_corr,uni_corr_500_09,140.875,2.9,-0.00110178,0.0750239,29,1
basigo_uni_corr,uni_corr_500_09,141.375,2.9,0.00336549,0.063195,29,1
basigo_uni_corr,uni_corr_500_09,141.875,2.9,-0.00460361,0.0704334,29,1
basigo_uni_corr,uni_corr_500_09,142.375,2.9,0.00155485,0.0699122,29,1
basigo_uni_corr,uni_corr_500_09,142.875,2.8,-0.00474838,0.051526,28,1
basigo_uni_corr,uni_corr_500_09,143.375,2.8,-0.001475,0.0480301,28,1
basigo_uni_corr,uni_corr_500_09,143.875,2.7,0.00429282,0.0521828,27,1
basigo_uni_corr,uni_corr_500_09,144.375,2.8,0.0045043,0.0388736,28,1
basigo_uni_corr,uni_corr_500_09,144.875,2.7,0.00774246,0.0337178,27,1
basigo_uni_corr,uni_corr_500_09,145.375,2.8,0.010482,0.0471613,28,1
basigo_uni_corr,uni_corr_500_09,145.875,2.9,0.0125698,0.0455221,29,1
basigo_uni_corr,uni_corr_500_09,146.375,2.9,0.00680583,0.032493,29,1
basigo_uni_corr,uni_corr_500_09,146.875,3,-0.0021037,0.0355403,30,1
basigo_uni_corr,uni_corr_500_09,147.375,3,0.00706392,0.0440633,30,1
basigo_uni_corr,uni_corr_500_09,147.875,3.1,0.00855813,0.0515491,31,1
basigo_uni_corr,uni_corr_500_09,148.375,3.1,0.00857015,0.0503244,31,1
basigo_uni_corr,uni_corr_500_09,148.875,3.2,0.0165888,0.0558175,32,1
basigo_uni_corr,uni_corr_500_09,149.375,3.2,0.00109842,0.0613695,32,1
basigo_uni_corr,uni_corr_500_09,149.875,3.1,-0.00643577,0.0494287,31,1
basigo_uni_corr,uni_corr_500_09,150.375,3.1,-0.0128239,0.0534461,31,1
basigo_uni_corr,uni_corr_500_09,150.875,3,-0.00773692,0.0601594,30,1
basigo_uni_corr,uni_corr_500_09,151.375,3.3,-0.00250346,0.0579809,33,1
basigo_uni_corr,uni_corr_500_09,151.875,3.3,-0.000795391,0.065453,33,1
basigo_uni_corr,uni_corr_500_09,152.375,3.3,0.00750365,0.0490392,33,1
basigo_uni_corr,uni_corr_500_09,152.875,3.3,0.0218735,0.0609668,33,1
basigo_uni_corr,uni_corr_500_09,153.375,3.2,0.0314934,0.0672043,32,1
basigo_uni_corr,uni_corr_500_09,153.875,3.2,0.0527859,0.0926596,32,1
basigo_uni_corr,uni_corr_500_09,154.375,3.2,0.0632377,0.106175,32,1
basigo_uni_corr,uni_corr_500_09,154.875,3.2,0.0726287,0.116657,32,1
basigo_uni_corr,uni_corr_500_09,155.375,3.2,0.0957051,0.152656,32,1
basigo_uni_corr,uni_corr_500_09,155.875,3,0.0957088,0.15235,30,1
basigo_uni_corr,uni_corr_500_09,156.375,2.9,0.111573,0.16906,29,1
basigo_uni_corr,uni_corr_500_09,156.875,2.7,0.140379,0.187296,27,1
basigo_uni_corr,uni_corr_500_09,157.375,2.9,0.160945,0.196369,29,1
basigo_uni_corr,uni_corr_500_09,157.875,2.8,0.160219,0.191185,28,1
basigo_uni_corr,uni_corr_500_09,158.375,2.8,0.149056,0.18999,28,1
basigo_uni_corr,uni_corr_500_09,158.875,2.7,0.114938,0.171256,27,1
basigo_uni_corr,uni_corr_500_09,159.375,3,0.126487,0.184926,30,1
basigo_uni_corr,uni_corr_500_09,159.875,3.1,0.138348,0.182434,31,1
basigo_uni_corr,uni_corr_500_09,160.375,3,0.115217,0.184518,30,1
basigo_uni_corr,uni_corr_500_09,160.875,3.1,0.108916,0.190672,31,1
basigo_uni_corr,uni_corr_500_09,161.375,3.1,0.129598,0.162225,31,1
basigo_uni_corr,uni_corr_500_09,161.875,3.2,0.123127,0.168561,32,1
basigo_uni_corr,uni_corr_500_09,162.375,3.2,0.0793558,0.139108,32,1
basigo_uni_corr,uni_corr_500_09,162.875,3.2,0.071642,0.119431,32,1
basigo_uni_corr,uni_corr_500_09,163.375,3.2,0.097703,0.147822,32,1
basigo_uni_corr,uni_corr_500_09,163.875,3.1,0.101965,0.137779,31,1
basigo_uni_corr,uni_corr_500_09,164.375,3,0.0779258,0.120139,30,1
basigo_uni_corr,uni_corr_500_09,164.875,3,0.0572577,0.103181,30,1
basigo_uni_corr,uni_corr_500_09,165.375,3.2,0.0591253,0.129682,32,1
basigo_uni_corr,uni_corr_500_09,165.875,3.2,0.0612629,0.120964,32,1
basigo_uni_corr,uni_corr_500_09,166.375,3.2,0.0797683,0.114749,32,1
basigo_uni_corr,uni_corr_500_09,166.875,3.1,0.076146,0.115952,31,1
basigo_uni_corr,uni_corr_500_09,167.375,3,0.0793898,0.138853,30,1
basigo_uni_corr,uni_corr_500_09,167.875,3,0.0747605,0.11576,30,1
basigo_uni_corr,uni_corr_500_09,168.375,3,0.0827164,0.104749,30,1
basigo_uni_corr,uni_corr_500_09,168.875,3,0.0612573,0.114389,30,1
basigo_uni_corr,uni_corr_500_09,169.375,3.1,0.0661476,0.129131,31,1
basigo_uni_corr,uni_corr_500_09,169.875,3.1,0.0858158,0.123024,31,1
basigo_uni_corr,uni_corr_500_09,170.375,3.1,0.0938525,0.140076,31,1
basigo_uni_corr,uni_corr_500_09,170.875,3,0.108221,0.149705,30,1
basigo_uni_corr,uni_corr_500_09,171.375,2.9,0.101972,0.150032,29,1
basigo_uni_corr,uni_corr_500_09,171.875,3,0.106904,0.157607,30,1
basigo_uni_corr,uni_corr_500_09,172.375,2.9,0.140536,0.182878,29,1
basigo_uni_corr,uni_corr_500_09,172.875,2.8,0.14414,0.179084,28,1
basigo_uni_corr,uni_corr_500_09,173.375,2.9,0.134577,0.167612,29,1
basigo_uni_corr,uni_corr_500_09,173.875,2.7,0.120287,0.174108,27,1
basigo_uni_corr,uni_corr_500_09,174.375,2.7,0.122341,0.156401,27,1
basigo_uni_corr,uni_corr_500_09,174.875,2.8,0.130303,0.173581,28,1
basigo_uni_corr,uni_corr_500_09,175.375,3,0.106912,0.15787,30,1
basigo_uni_corr,uni_corr_500_09,175.875,2.9,0.0878618,0.135128,29,1
basigo_uni_corr,uni_corr_500_09,176.375,3,0.0792066,0.131433,30,1
basigo_uni_corr,uni_corr_500_09,176.875,2.9,0.0687399,0.121279,29,1
basigo_uni_corr,uni_corr_500_09,177.375,2.9,0.0411721,0.100968,29,1
basigo_uni_corr,uni_corr_500_09,177.875,3.1,0.042464,0.0850162,31,1
basigo_uni_corr,uni_corr_500_09,178.375,3,0.0335201,0.107705,30,1
basigo_uni_corr,uni_corr_500_09,178.875,3,0.0296557,0.0887772,30,1
basigo_uni_corr,uni_corr_500_09,179.375,3,0.0341486,0.0773156,30,1
basigo_uni_corr,uni_corr_500_09,179.875,3.1,0.0442592,0.0946753,31,1
basigo_uni_corr,uni_corr_500_09,180.375,3.1,0.0365626,0.0872148,31,1
basigo_uni_corr,uni_corr_500_09,180.875,3.1,0.033056,0.0891653,31,1
basigo_uni_corr,uni_corr_500_09,181.375,3.1,0.0393989,0.0688561,31,1
basigo_uni_corr,uni_corr_500_09,181.875,3.1,0.0383737,0.0681522,31,1
basigo_uni_corr,uni_corr_500_09,182.375,3.1,0.0214119,0.0664569,31,1
basigo_uni_corr,uni_corr_500_09,182.875,3.1,0.0129684,0.0557657,31,1
basigo_uni_corr,uni_corr_500_09,183.375,3.1,0.0155091,0.0507783,31,1
basigo_uni_corr,uni_corr_500_09,183.875,3.2,0.00962561,0.0562579,32,1
basigo_uni_corr,uni_corr_500_09,184.375,3.2,-0.00578479,0.0549545,32,1
basigo_uni_corr,uni_corr_500_09,184.875,3.2,-0.00118117,0.0551292,32,1
basigo_uni_corr,uni_corr_500_09,185.375,3.2,0.013679,0.0480984,32,1
basigo_uni_corr,uni_corr_500_09,185.875,3.2,0.0150369,0.0517527,32,1
basigo_uni_corr,uni_corr_500_09,186.375,3.2,0.016024,0.0593208,32,1
basigo_uni_corr,uni_corr_500_09,186.875,3.2,0.0237975,0.0561309,32,1
basigo_uni_corr,uni_corr_500_09,187.375,3,0.0221723,0.0468731,30,1
basigo_uni_corr,uni_corr_500_09,187.875,3.1,0.0178515,0.0545951,31,1
basigo_uni_corr,uni_corr_500_09,188.375,3.1,0.0241175,0.0662154,31,1
basigo_uni_corr,uni_corr_500_09,188.875,3,0.0345309,0.0773,30,1
basigo_uni_corr,uni_corr_500_09,189.375,2.9,0.0173771,0.0702261,29,1
basigo_uni_corr,uni_corr_500_09,189.875,2.7,0.0278171,0.079256,27,1
basigo_uni_corr,uni_corr_500_09,190.375,2.8,0.0477663,0.0856723,28,1
basigo_uni_corr,uni_corr_500_09,190.875,2.7,0.057916,0.10078,27,1
basigo_uni_corr,uni_corr_500_09,191.375,2.7,0.0514309,0.0894756,27,1
basigo_uni_corr,uni_corr_500_09,191.875,2.9,0.0319295,0.0998942,29,1
basigo_uni_corr,uni_corr_500_09,192.375,3,0.0255539,0.0779792,30,1
basigo_uni_corr,uni_corr_500_09,192.875,3,0.0355752,0.0761057,30,1
basigo_uni_corr,uni_corr_500_09,193.375,3.1,0.031905,0.0858055,31,1
basigo_uni_corr,uni_corr_500_09,193.875,3.2,0.038633,0.0935136,32,1
basigo_uni_corr,uni_corr_500_09,194.375,3.1,0.0318244,0.0726399,31,1
basigo_uni_corr,uni_corr_500_09,194.875,3.1,0.0248123,0.0688569,31,1
basigo_uni_corr,uni_corr_500_09,195.375,3.1,0.0261129,0.0764309,31,1
basigo_uni_corr,uni_corr_500_09,195.875,2.9,0.0211627,0.0624008,29,1
basigo_uni_corr,uni_corr_500_09,196.375,2.9,0.0339565,0.0789617,29,1
basigo_uni_corr,uni_corr_500_09,196.875,2.9,0.0512064,0.0907333,29,1
basigo_uni_corr,uni_corr_500_09,197.375,2.9,0.0543087,0.105121,29,1
basigo_uni_corr,uni_corr_500_09,197.875,2.9,0.042473,0.096969,29,1
basigo_uni_corr,uni_corr_500_09,198.375,2.7,0.0533178,0.105821,27,1
basigo_uni_corr,uni_corr_500_09,198.875,2.8,0.0791027,0.118539,28,1
basigo_uni_corr,uni_corr_500_09,199.375,2.7,0.0672258,0.100178,27,1
basigo_uni_corr,uni_corr_500_09,199.875,2.7,0.0566536,0.102599,27,1
basigo_uni_corr,uni_corr_500_09,200.375,2.8,0.0506486,0.091781,28,1
basigo_uni_corr,uni_corr_500_09,200.875,2.7,0.0587155,0.105651,27,1
basigo_uni_corr,uni_corr_500_09,201.375,2.7,0.068293,0.105781,27,1
basigo_uni_corr,uni_corr_500_09,201.875,3,0.102412,0.148759,30,1
basigo_uni_corr,uni_corr_500_09,202.375,2.9,0.100224,0.149085,29,1
basigo_uni_corr,uni_corr_500_09,202.875,2.8,0.0725942,0.124303,28,1
basigo_uni_corr,uni_corr_500_09,203.375,2.9,0.0885412,0.129447,29,1
basigo_uni_corr,uni_corr_500_09,203.875,2.8,0.0938327,0.141131,28,1
basigo_uni_corr,uni_corr_500_09,204.375,2.7,0.0779697,0.141675,27,1
basigo_uni_corr,uni_corr_500_09,204.875,2.7,0.0677438,0.129499,27,1
basigo_uni_corr,uni_corr_500_09,205.375,2.7,0.0659738,0.11371,27,1
basigo_uni_corr,uni_corr_500_09,205.875,3,0.0648422,0.114407,30,1
basigo_uni_corr,uni_corr_500_09,206.375,3.1,0.0504291,0.114864,31,1
basigo_uni_corr,uni_corr_500_09,206.875,3,0.0398504,0.0942353,30,1
basigo_uni_corr,uni_corr_500_09,207.375,3.1,0.0293453,0.0909091,31,1
basigo_uni_corr,uni_corr_500_09,207.875,3.2,0.0463197,0.108112,32,1
basigo_uni_corr,uni_corr_500_09,208.375,3.3,0.0689956,0.111235,33,1
basigo_uni_corr,uni_corr_500_09,208.875,3.3,0.0687082,0.106535,33,1
basigo_uni_corr,uni_corr_500_09,209.375,3.3,0.0626144,0.113546,33,1
basigo_uni_corr,uni_corr_500_09,209.875,3.4,0.0658081,0.103626,34,1
basigo_uni_corr,uni_corr_500_09,210.375,3.3,0.0566592,0.100588,33,1
basigo_uni_corr,uni_corr_500_09,210.875,3.4,0.0520889,0.104091,34,1
basigo_uni_corr,uni_corr_500_09,211.375,3.3,0.0626773,0.107104,33,1
basigo_uni_corr,uni_corr_500_09,211.875,3.4,0.0755978,0.108499,34,1
basigo_uni_corr,uni_corr_500_09,212.375,3.3,0.0790292,0.115424,33,1
basigo_uni_corr,uni_corr_500_09,212.875,3.1,0.063656,0.113306,31,1
basigo_uni_corr,uni_corr_500_09,213.375,2.9,0.0698435,0.120487,29,1
basigo_uni_corr,uni_corr_500_09,213.875,3,0.0768527,0.134617,30,1
basigo_uni_corr,uni_corr_500_09,214.375,3,0.0796745,0.124295,30,1
basigo_uni_corr,uni_corr_500_09,214.875,3,0.0698608,0.113981,30,1
basigo_uni_corr,uni_corr_500_09,215.375,3.1,0.0866508,0.112679,31,1
basigo_uni_corr,uni_corr_500_09,215.875,3.2,0.11349,0.156875,32,1
basigo_uni_corr,uni_corr_500_09,216.375,3.1,0.098099,0.130285,31,1
basigo_uni_corr,uni_corr_500_09,216.875,3.1,0.0989489,0.144048,31,1
basigo_uni_corr,uni_corr_500_09,217.375,2.9,0.094987,0.143257,29,1
basigo_uni_corr,uni_corr_500_09,217.875,3,0.105364,0.150445,30,1
basigo_uni_corr,uni_corr_500_09,218.375,3.3,0.105009,0.146289,33,1
basigo_uni_corr,uni_corr_500_09,218.875,3.4,0.103261,0.150304,34,1
basigo_uni_corr,uni_corr_500_09,219.375,3.2,0.0864943,0.145587,32,1
basigo_uni_corr,uni_corr_500_09,219.875,3.3,0.0871841,0.119347,33,1
basigo_uni_corr,uni_corr_500_09,220.375,3.1,0.0815196,0.127723,31,1
basigo_uni_corr,uni_corr_500_09,220.875,3,0.087707,0.129699,30,1
basigo_uni_corr,uni_corr_500_09,221.375,3.3,0.0959923,0.141267,33,1
basigo_uni_corr,uni_corr_500_09,221.875,3.3,0.0965791,0.137764,33,1
basigo_uni_corr,uni_corr_500_09,222.375,3.3,0.097055,0.15902,33,1
basigo_uni_corr,uni_corr_500_09,222.875,3.3,0.0978159,0.162683,33,1
basigo_uni_corr,uni_corr_500_09,223.375,3.3,0.104933,0.141315,33,1
basigo_uni_corr,uni_corr_500_09,223.875,3.2,0.0910242,0.158888,32,1
basigo_uni_corr,uni_corr_500_09,224.375,3.4,0.0777731,0.132745,34,1
basigo_uni_corr,uni_corr_500_09,224.875,3.3,0.0588239,0.126304,33,1
basigo_uni_corr,uni_corr_500_09,225.375,3.2,0.0747524,0.126944,32,1
basigo_uni_corr,uni_corr_500_09,225.875,3.3,0.0983062,0.146439,33,1
basigo_uni_corr,uni_corr_500_09,226.375,3.3,0.0731221,0.119469,33,1
basigo_uni_corr,uni_corr_500_09,226.875,3.4,0.0613252,0.115436,34,1
basigo_uni_corr,uni_corr_500_09,227.375,3.3,0.0434248,0.0964657,33,1
basigo_uni_corr,uni_corr_500_09,227.875,3.4,0.0326824,0.101721,34,1
basigo_uni_corr,uni_corr_500_09,228.375,3.5,0.0248506,0.0980453,35,1
basigo_uni_corr,uni_corr_500_09,228.875,3.7,0.0250724,0.0794711,37,1
basigo_uni_corr,uni_corr_500_09,229.375,3.6,0.0340668,0.0853263,36,1
basigo_uni_corr,uni_corr_500_09,229.875,3.6,0.0414068,0.0981343,36,1
basigo_uni_corr,uni_corr_500_09,230.375,3.5,0.028539,0.0877103,35,1
basigo_uni_corr,uni_corr_500_09,230.875,3.5,0.0225164,0.0850073,35,1
basigo_uni_corr,uni_corr_500_09,231.375,3.6,0.0187497,0.0709321,36,1
basigo_uni_corr,uni_corr_500_09,231.875,3.6,0.0135606,0.0724207,36,1
basigo_uni_corr,uni_corr_500_09,232.375,3.4,0.0130182,0.0634336,34,1
basigo_uni_corr,uni_corr_500_09,232.875,3.4,0.0193668,0.0548593,34,1
basigo_uni_corr,uni_corr_500_09,233.375,3.6,0.0232003,0.0690446,36,1
basigo_uni_corr,uni_corr_500_09,233.875,3.5,0.0172432,0.0584351,35,1
basigo_uni_corr,uni_corr_500_09,234.375,3.5,0.0113521,0.0621463,35,1
basigo_uni_corr,uni_corr_500_09,234.875,3.5,0.0178391,0.0746155,35,1
basigo_uni_corr,uni_corr_500_09,235.375,3.4,0.0262844,0.0753412,34,1
basigo_uni_corr,uni_corr_500_09,235.875,3.4,0.0270401,0.0793433,34,1
basigo_uni_corr,uni_corr_500_09,236.375,3.5,0.0420248,0.0817203,35,1
basigo_uni_corr,uni_corr_500_09,236.875,3.5,0.0615898,0.0935671,35,1
basigo_uni_corr,uni_corr_500_09,237.375,3.6,0.0759573,0.113991,36,1
basigo_uni_corr,uni_corr_500_09,237.875,3.5,0.0846014,0.116034,35,1
basigo_uni_corr,uni_corr_500_09,238.375,3.5,0.0851553,0.123559,35,1
basigo_uni_corr,uni_corr_500_09,238.875,3.4,0.0726643,0.130926,34,1
basigo_uni_corr,uni_corr_500_09,239.375,3.4,0.0736512,0.136705,34,1
basigo_uni_corr,uni_corr_500_09,239.875,3.3,0.0834498,0.116327,33,1
basigo_uni_corr,uni_corr_500_09,240.375,3.3,0.0974099,0.126145,33,1
basigo_uni_corr,uni_corr_500_09,240.875,3.4,0.0974885,0.141442,34,1
basigo_uni_corr,uni_corr_500_09,241.375,3.3,0.0731721,0.115187,33,1
basigo_uni_corr,uni_corr_500_09,241.875,3.6,0.0844791,0.142697,36,1
basigo_uni_corr,uni_corr_500_09,242.375,3.5,0.0972313,0.140791,35,1
basigo_uni_corr,uni_corr_500_09,242.875,3.4,0.0824252,0.139446,34,1
basigo_uni_corr,uni_corr_500_09,243.375,3.4,0.0704883,0.134139,34,1
basigo_uni_corr,uni_corr_500_09,243.875,3.4,0.06247,0.120544,34,1
basigo_uni_corr,uni_corr_500_09,244.375,3.6,0.048166,0.111827,36,1
basigo_uni_corr,uni_corr_500_09,244.875,3.6,0.0448285,0.120719,36,1
basigo_uni_corr,uni_corr_500_09,245.375,3.6,0.0516572,0.103019,36,1
basigo_uni_corr,uni_corr_500_09,245.875,3.6,0.0547911,0.11632,36,1
basigo_uni_corr,uni_corr_500_09,246.375,3.7,0.0391624,0.113979,37,1
basigo_uni_corr,uni_corr_500_09,246.875,3.5,0.0309069,0.0935691,35,1
basigo_uni_corr,uni_corr_500_09,247.375,3.6,0.0407991,0.0945354,36,1
basigo_uni_corr,uni_corr_500_09,247.875,3.6,0.0416233,0.0950936,36,1
basigo_uni_corr,uni_corr_500_09,248.375,3.7,0.0378142,0.0956523,37,1
basigo_uni_corr,uni_corr_500_09,248.875,3.8,0.0494565,0.115558,38,1
basigo_uni_corr,uni_corr_500_09,249.375,3.7,0.0543986,0.0958676,37,1
basigo_uni_corr,uni_corr_500_09,249.875,3.7,0.0565159,0.118013,37,1
basigo_uni_corr,uni_corr_500_09,250.375,3.6,0.0496236,0.117811,36,1
basigo_uni_corr,uni_corr_500_09,250.875,3.3,0.0433851,0.0997882,33,1
basigo_uni_corr,uni_corr_500_09,251.375,3.3,0.0635456,0.129868,33,1
basigo_uni_corr,uni_corr_500_09,251.875,3.4,0.0803849,0.137264,34,1
basigo_uni_corr,uni_corr_500_09,252.375,3.5,0.084672,0.138676,35,1
basigo_uni_corr,uni_corr_500_09,252.875,3.6,0.0802664,0.156177,36,1
basigo_uni_corr,uni_corr_500_09,253.375,3.6,0.0894224,0.141858,36,1
basigo_uni_corr,uni_corr_500_09,253.875,3.6,0.0941192,0.163525,36,1
basigo_uni_corr,uni_corr_500_09,254.375,3.4,0.107816,0.150969,34,1
basigo_uni_corr,uni_corr_500_09,254.875,3.4,0.116546,0.176404,34,1
basigo_uni_corr,uni_corr_500_09,255.375,3.5,0.122669,0.163509,35,1
basigo_uni_corr,uni_corr_500_09,255.875,3.4,0.115821,0.183906,34,1
basigo_uni_corr,uni_corr_500_09,256.375,3.4,0.108579,0.164783,34,1
basigo_uni_corr,uni_corr_500_09,256.875,3.1,0.0912853,0.159865,31,1
basigo_uni_corr,uni_corr_500_09,257.375,3.2,0.122298,0.177047,32,1
basigo_uni_corr,uni_corr_500_09,257.875,3.3,0.133229,0.211688,33,1
basigo_uni_corr,uni_corr_500_09,258.375,3.2,0.11344,0.197464,32,1
basigo_uni_corr,uni_corr_500_09,258.875,3.2,0.104438,0.199401,32,1
basigo_uni_corr,uni_corr_500_09,259.375,3.1,0.118531,0.210552,31,0
basigo_uni_corr,uni_corr_500_09,259.875,3.2,0.117768,0.196529,32,0
basigo_uni_corr,uni_corr_500_09,260.375,3.4,0.0839521,0.210809,34,0
basigo_uni_corr,uni_corr_500_09,260.875,3.5,0.071536,0.209053,35,0
basigo_uni_corr,uni_corr_500_09,261.375,3.4,0.0668001,0.19063,34,0
basigo_uni_corr,uni_corr_500_09,261.875,3.3,0.0842028,0.200905,33,0
basigo_uni_corr,uni_corr_500_09,262.375,3.3,0.135076,0.236244,33,0
basigo_uni_corr,uni_corr_500_09,262.875,3.1,0.110297,0.210371,31,0
basigo_uni_corr,uni_corr_500_09,263.375,3.3,0.0817762,0.225408,33,0
basigo_uni_corr,uni_corr_500_09,263.875,3.3,0.107877,0.217121,33,0
basigo_uni_corr,uni_corr_500_09,264.375,3.3,0.117556,0.206809,33,0
basigo_uni_corr,uni_corr_500_09,264.875,3.4,0.103785,0.222131,34,0
basigo_uni_corr,uni_corr_500_09,265.375,3.4,0.125331,0.21665,34,0
basigo_uni_corr,uni_corr_500_09,265.875,3,0.115357,0.234671,30,0
basigo_uni_corr,uni_corr_500_09,266.375,2.7,0.0891122,0.244419,27,0
basigo_uni_corr,uni_corr_500_09,266.875,2.8,0.108717,0.252777,28,0
basigo_uni_corr,uni_corr_500_09,267.375,2.9,0.0755298,0.256722,29,0
basigo_uni_corr,uni_corr_500_09,267.875,2.8,0.100603,0.250959,28,0
basigo_uni_corr,uni_corr_500_09,268.375,2.9,0.0553273,0.242953,29,0
basigo_uni_corr,uni_corr_500_09,268.875,3,0.0450146,0.254206,30,0
basigo_uni_corr,uni_corr_500_09,269.375,3,0.0605933,0.297997,30,0
basigo_uni_corr,uni_corr_500_09,269.875,2.8,0.121934,0.282639,28,0
basigo_uni_corr,uni_corr_500_09,270.375,2.9,0.0896218,0.274891,29,0
basigo_uni_corr,uni_corr_500_09,270.875,2.7,0.0600591,0.274072,27,0
basigo_uni_corr,uni_corr_500_09,271.375,2.9,0.0991667,0.274968,29,0
basigo_uni_corr,uni_corr_500_09,271.875,3.1,0.115038,0.261496,31,0
basigo_uni_corr,uni_corr_500_09,272.375,2.9,0.0998583,0.254643,29,0
basigo_uni_corr,uni_corr_500_09,272.875,2.9,0.07799,0.257153,29,0
basigo_uni_corr,uni_corr_500_09,273.375,2.9,0.0837392,0.253377,29,0
basigo_uni_corr,uni_corr_500_09,273.875,2.9,0.112023,0.290373,29,0
basigo_uni_corr,uni_corr_500_09,274.375,2.5,0.0950663,0.314808,25,0
basigo_uni_corr,uni_corr_500_09,274.875,2.4,0.0803297,0.321468,24,0
basigo_uni_corr,uni_corr_500_09,275.375,2.5,0.0554806,0.317704,25,0
basigo_uni_corr,uni_corr_500_09,275.875,2.3,0.0421539,0.299789,23,0
basigo_uni_corr,uni_corr_500_09,276.375,2.3,0.0469631,0.317906,23,0
basigo_uni_corr,uni_corr_500_09,276.875,2.1,0.0215576,0.31763,21,0
basigo_uni_corr,uni_corr_500_09,277.375,1.9,-0.0105147,0.330404,19,0
basigo_uni_corr,uni_corr_500_09,277.875,2,0.00713661,0.343781,20,0
basigo_uni_corr,uni_corr_500_09,278.375,2,0.00111922,0.356357,20,0
basigo_uni_corr,uni_corr_500_09,278.875,1.9,-0.0181763,0.357542,19,0
basigo_uni_corr,uni_corr_500_09,279.375,1.9,-0.0286833,0.363569,19,0
basigo_uni_corr,uni_corr_500_09,279.875,1.8,-0.0274619,0.342024,18,0
basigo_uni_corr,uni_corr_500_09,280.375,1.4,-0.0497714,0.302555,14,0
basigo_uni_corr,uni_corr_500_09,280.875,1.4,-0.100994,0.386371,14,0
basigo_uni_corr,uni_corr_500_09,281.375,1.3,-0.0847394,0.441143,13,0
basigo_uni_corr,uni_corr_500_09,281.875,1.5,-0.186094,0.501647,15,0
basigo_uni_corr,uni_corr_500_09,282.375,1.1,-0.200029,0.55735,11,0
basigo_uni_corr,uni_corr_500_09,282.875,1,-0.179163,0.523877,10,0
basigo_uni_corr,uni_corr_500_09,283.375,1,-0.0837402,0.502062,10,0
basigo_uni_corr,uni_corr_500_09,283.875,1,-0.0218075,0.569361,10,0
basigo_uni_corr,uni_corr_500_09,284.375,0.9,-0.0878647,0.495503,9,0
basigo_uni_corr,uni_corr_500_09,284.875,0.7,-0.0853712,0.530502,7,0
basigo_uni_corr,uni_corr_500_09,285.375,0.6,-0.158898,0.544066,6,0
basigo_uni_corr,uni_corr_500_09,285.875,0.2,-0.0961325,0.622801,2,0
basigo_uni_corr,uni_corr_500_09,286.375,0.2,-0.143171,0.410783,2,0
basigo_uni_corr,uni_corr_500_09,286.875,0.3,-0.33341,0.642808,3,0
basigo_uni_corr,uni_corr_500_09,287.375,0.1,-0.27981,0.543135,1,0
